# WaveFront *.obj file (generated by Autodesk ATF)

mtllib middle.mtl

g middle

v 0.192010 65.660000 1.000000
v -0.890000 66.742010 1.000000
v -0.890000 66.742010 1.500000
v 0.192010 65.660000 1.500000
v 0.764163 65.660000 1.000000
v 0.764163 65.660000 1.500000
v 1.846173 66.742010 1.000000
v 1.846173 66.742010 1.500000
v 1.846173 69.757991 1.000000
v 1.846173 69.757991 1.500000
v 0.764163 70.840001 1.000000
v 0.764163 70.840001 1.500000
v 0.192010 70.840001 1.000000
v 0.192010 70.840001 1.500000
v -0.890000 69.757991 1.000000
v -0.890000 69.757991 1.500000
v -0.690800 45.399998 1.500000
v -0.690800 45.399998 2.300000
v 16.600000 45.399998 2.300000
v 16.600000 45.399998 1.500000
v -0.695911 45.266718 2.300000
v -0.698978 45.133375 2.300000
v -0.700000 45.000000 2.300000
v -0.700000 41.399998 2.300000
v 2.000000 41.399998 2.300000
v 4.000000 39.399998 2.300000
v 8.500000 39.399998 2.300000
v 9.167563 39.324782 2.300000
v 9.801651 39.102905 2.300000
v 10.370469 38.745493 2.300000
v 10.845494 38.270468 2.300000
v 11.202906 37.701650 2.300000
v 11.424784 37.067561 2.300000
v 11.500000 36.399998 2.300000
v 11.500000 20.600000 2.300000
v 11.424784 19.932437 2.300000
v 11.202906 19.298349 2.300000
v 10.845494 18.729531 2.300000
v 10.370469 18.254506 2.300000
v 9.801651 17.897093 2.300000
v 9.167563 17.675216 2.300000
v 8.500000 17.600000 2.300000
v 4.000000 17.600000 2.300000
v 2.000000 15.600000 2.300000
v -0.700000 15.600000 2.300000
v -0.700000 9.600000 2.300000
v 8.526577 9.600000 2.300000
v 9.257466 9.509605 2.300000
v 9.944309 9.243868 2.300000
v 10.545715 8.818802 2.300000
v 11.025441 8.260024 2.300000
v 11.354577 7.601208 2.300000
v 11.513288 6.882055 2.300000
v 11.672000 6.162902 2.300000
v 12.001136 5.504086 2.300000
v 12.480862 4.945308 2.300000
v 13.082268 4.520242 2.300000
v 13.769111 4.254505 2.300000
v 14.500000 4.164110 2.300000
v 22.922442 4.164110 2.300000
v 23.590005 4.088894 2.300000
v 24.224093 3.867017 2.300000
v 24.792911 3.509605 2.300000
v 25.267936 3.034579 2.300000
v 25.625349 2.465761 2.300000
v 25.847226 1.831673 2.300000
v 25.922442 1.164110 2.300000
v 25.922442 -0.696148 2.300000
v 45.000001 -0.696148 2.300000
v 45.000001 1.164110 2.300000
v 45.075217 1.831673 2.300000
v 45.297094 2.465761 2.300000
v 45.654506 3.034579 2.300000
v 46.129531 3.509605 2.300000
v 46.698349 3.867017 2.300000
v 47.332438 4.088894 2.300000
v 48.000001 4.164110 2.300000
v 81.000001 4.164110 2.300000
v 81.667564 4.239326 2.300000
v 82.301652 4.461203 2.300000
v 82.870471 4.818616 2.300000
v 83.345496 5.293641 2.300000
v 83.702908 5.862459 2.300000
v 83.924785 6.496547 2.300000
v 84.000001 7.164110 2.300000
v 84.000001 12.164110 2.300000
v 84.000001 45.835890 2.300000
v 83.924785 46.503453 2.300000
v 83.702908 47.137541 2.300000
v 83.345496 47.706359 2.300000
v 82.870471 48.181384 2.300000
v 82.301652 48.538796 2.300000
v 81.667564 48.760674 2.300000
v 81.000001 48.835890 2.300000
v 79.000001 48.835890 2.300000
v 78.332438 48.760674 2.300000
v 77.698350 48.538796 2.300000
v 77.129532 48.181384 2.300000
v 76.654507 47.706359 2.300000
v 76.297095 47.137541 2.300000
v 76.075217 46.503453 2.300000
v 76.000001 45.835890 2.300000
v 76.000001 15.164110 2.300000
v 75.924785 14.496547 2.300000
v 75.702908 13.862459 2.300000
v 75.345496 13.293641 2.300000
v 74.870471 12.818616 2.300000
v 74.301652 12.461203 2.300000
v 73.667564 12.239326 2.300000
v 73.000001 12.164110 2.300000
v 34.500000 12.164110 2.300000
v 33.832437 12.239326 2.300000
v 33.198349 12.461203 2.300000
v 32.629530 12.818616 2.300000
v 32.154505 13.293641 2.300000
v 31.797093 13.862459 2.300000
v 31.575216 14.496547 2.300000
v 31.500000 15.164110 2.300000
v 31.500000 24.000000 2.300000
v 31.424784 24.667563 2.300000
v 31.202906 25.301651 2.300000
v 30.845494 25.870469 2.300000
v 30.370469 26.345494 2.300000
v 29.801651 26.702907 2.300000
v 29.167563 26.924784 2.300000
v 28.500000 27.000000 2.300000
v 22.600000 27.000000 2.300000
v 21.932437 27.075216 2.300000
v 21.298349 27.297093 2.300000
v 20.729531 27.654506 2.300000
v 20.254506 28.129531 2.300000
v 19.897093 28.698349 2.300000
v 19.675216 29.332437 2.300000
v 19.600000 30.000000 2.300000
v 19.600000 42.399998 2.300000
v 19.524784 43.067561 2.300000
v 19.302907 43.701650 2.300000
v 18.945494 44.270468 2.300000
v 18.470469 44.745493 2.300000
v 17.901651 45.102905 2.300000
v 17.267563 45.324782 2.300000
v -0.700000 41.399998 1.000000
v 2.000000 41.399998 1.000000
v -0.700000 9.600000 1.500000
v 8.526577 9.600000 1.500000
v -0.700000 15.600000 1.000000
v -0.700000 45.000000 3.400000
v -0.700000 8.000000 3.400000
v -0.700000 8.000000 1.500000
v 9.450807 -0.700000 3.400000
v 9.450807 -0.700000 1.500000
v 8.000000 -0.700000 1.500000
v 8.000000 -0.700000 3.400000
v 6.700000 53.602325 3.400000
v 6.700000 53.602325 1.500000
v 6.700000 51.999999 1.500000
v 6.700000 51.999999 3.400000
v 2.000000 15.600000 1.000000
v 21.600000 55.000000 3.400000
v 21.600000 56.900000 1.500000
v 8.000000 56.900000 1.500000
v 8.000000 55.000000 3.400000
v -2.000000 51.324555 1.567840
v -1.985757 51.156472 1.668952
v -1.947340 51.004639 1.780827
v -1.806769 50.733695 2.040072
v -1.602272 50.526462 2.320962
v -1.361426 50.392340 2.596611
v -1.075150 50.327414 2.876711
v -0.922154 50.327716 3.008220
v -0.768196 50.351815 3.127555
v -0.613613 50.402379 3.232401
v -0.455100 50.486076 3.321024
v -0.306817 50.604130 3.379512
v -0.240656 50.674103 3.394786
v -0.181818 50.749596 3.400000
v 0.679339 51.812336 3.400000
v 1.677466 52.747617 3.400000
v 2.793888 53.537939 3.400000
v 4.007717 54.168516 3.400000
v 5.296242 54.627549 3.400000
v 6.635355 54.906450 3.400000
v 6.519466 56.807541 1.500000
v 5.061938 56.531600 1.500000
v 3.650066 56.076465 1.500000
v 2.305789 55.449209 1.500000
v 1.049996 54.659578 1.500000
v -0.097797 53.719844 1.500000
v -1.119756 52.644609 1.500000
v -2.000000 51.450581 1.500000
v -2.000000 51.324555 3.400000
v -1.968190 51.074339 3.400000
v -1.874783 50.840041 3.400000
v -1.725723 50.636568 3.400000
v -1.530492 50.476866 3.400000
v -1.301511 50.371093 3.400000
v -1.053348 50.325979 3.400000
v -0.801791 50.344396 3.400000
v -0.562844 50.425170 3.400000
v -0.351709 50.563163 3.400000
v 54.100000 62.000001 1.000000
v 51.600000 59.500001 1.000000
v 51.600000 59.500001 1.500000
v 54.100000 62.000001 1.500000
v 6.250000 -3.750000 1.000000
v 4.944738 -3.664449 1.000000
v 3.661810 -3.409258 1.000000
v 2.423166 -2.988795 1.000000
v 1.250000 -2.410254 1.000000
v 0.162386 -1.683533 1.000000
v -0.821068 -0.821068 1.000000
v -1.683533 0.162386 1.000000
v -2.410254 1.250000 1.000000
v -2.988795 2.423166 1.000000
v -3.409258 3.661810 1.000000
v -3.664449 4.944738 1.000000
v -3.750000 6.250000 1.000000
v -3.750000 105.750001 1.000000
v -3.681852 106.267639 1.000000
v -3.482051 106.750001 1.000000
v -3.164214 107.164214 1.000000
v -2.750000 107.482052 1.000000
v -2.267638 107.681852 1.000000
v -1.750000 107.750001 1.000000
v 109.750002 107.750001 1.000000
v 110.267640 107.681852 1.000000
v 110.750002 107.482052 1.000000
v 111.164215 107.164214 1.000000
v 111.482052 106.750001 1.000000
v 111.681853 106.267639 1.000000
v 111.750002 105.750001 1.000000
v 111.750002 6.250000 1.000000
v 111.664450 4.944738 1.000000
v 111.409260 3.661810 1.000000
v 110.988797 2.423166 1.000000
v 110.410256 1.250000 1.000000
v 109.683535 0.162386 1.000000
v 108.821069 -0.821068 1.000000
v 107.837616 -1.683533 1.000000
v 106.750002 -2.410254 1.000000
v 105.576836 -2.988795 1.000000
v 104.338192 -3.409258 1.000000
v 103.055264 -3.664449 1.000000
v 101.750002 -3.750000 1.000000
v 63.500000 62.000001 1.000000
v 64.500000 63.000001 1.000000
v 64.500000 100.500001 1.000000
v 63.500000 101.500001 1.000000
v 4.000000 101.500001 1.000000
v 3.000000 100.500001 1.000000
v 3.000000 92.486299 1.000000
v -2.000000 87.486299 1.000000
v -2.000000 76.013703 1.000000
v 3.000000 71.013703 1.000000
v 3.000000 63.000001 1.000000
v 4.000000 62.000001 1.000000
v 19.000000 62.000001 1.000000
v 21.600000 59.400001 1.000000
v 21.600000 48.000000 1.000000
v 22.600000 47.000000 1.000000
v 50.600000 47.000000 1.000000
v 51.600000 48.000000 1.000000
v 101.000002 57.000000 1.000000
v 101.000002 103.000001 1.000000
v 100.000002 104.000001 1.000000
v 76.250000 104.000001 1.000000
v 75.274548 103.903927 1.000000
v 74.336583 103.619398 1.000000
v 73.472149 103.157349 1.000000
v 72.714466 102.535535 1.000000
v 72.092652 101.777852 1.000000
v 71.630602 100.913418 1.000000
v 71.346074 99.975452 1.000000
v 71.250000 99.000001 1.000000
v 71.250000 67.000000 1.000000
v 71.335551 65.694738 1.000000
v 71.590742 64.411810 1.000000
v 72.011205 63.173166 1.000000
v 72.589746 62.000000 1.000000
v 73.316467 60.912386 1.000000
v 74.178932 59.928932 1.000000
v 75.162386 59.066467 1.000000
v 76.250000 58.339746 1.000000
v 77.423166 57.761205 1.000000
v 78.661810 57.340742 1.000000
v 79.944738 57.085551 1.000000
v 81.250000 57.000000 1.000000
v 103.800002 100.567158 1.000000
v 104.917159 99.450001 1.000000
v 107.832844 99.450001 1.000000
v 108.950002 100.567158 1.000000
v 108.950002 103.832844 1.000000
v 107.832844 104.950001 1.000000
v 104.917159 104.950001 1.000000
v 103.800002 103.832844 1.000000
v 70.200002 0.200000 1.000000
v 70.200002 2.200000 1.000000
v 59.200002 2.200000 1.000000
v 58.941183 2.234074 1.000000
v 58.700002 2.333975 1.000000
v 58.492895 2.492893 1.000000
v 58.333976 2.700000 1.000000
v 58.234076 2.941181 1.000000
v 58.200002 3.200000 1.000000
v 58.200002 4.164110 1.000000
v 56.300000 4.164110 1.000000
v 56.300000 0.764113 1.000000
v 56.419281 0.575120 1.000000
v 56.577556 0.417337 1.000000
v 56.766920 0.298645 1.000000
v 56.977914 0.224973 1.000000
v 57.200002 0.200000 1.000000
v 4.000000 17.600000 1.000000
v 4.000000 39.399998 1.000000
v 63.500000 62.000001 1.500000
v 21.600000 59.400001 1.500000
v 19.000000 62.000001 1.500000
v 51.600000 56.000000 1.500000
v 76.454168 56.000000 1.500000
v 75.080483 56.707427 1.500000
v 73.809086 57.585500 1.500000
v 72.661057 58.619663 1.500000
v 71.655429 59.792768 1.500000
v 70.808875 61.085366 1.500000
v 70.135430 62.476026 1.500000
v 69.646261 63.941692 1.500000
v 69.349478 65.458064 1.500000
v 69.250000 67.000000 1.500000
v 69.250000 99.000001 1.500000
v 69.332709 100.072886 1.500000
v 69.578881 101.120417 1.500000
v 69.982698 102.117841 1.500000
v 70.534619 103.041587 1.500000
v 71.221600 103.869826 1.500000
v 72.027408 104.582985 1.500000
v 72.933000 105.164213 1.500000
v 72.933000 106.000001 1.500000
v -1.750000 106.000001 1.500000
v -1.814705 105.991482 1.500000
v -1.875000 105.966507 1.500000
v -1.926777 105.926778 1.500000
v -1.966506 105.875001 1.500000
v -1.991481 105.814706 1.500000
v -2.000000 105.750001 1.500000
v -2.000000 87.486299 1.500000
v 3.000000 92.486299 1.500000
v 3.000000 100.500001 1.500000
v 4.000000 101.500001 1.500000
v 63.500000 101.500001 1.500000
v 64.500000 100.500001 1.500000
v 64.500000 63.000001 1.500000
v 67.000000 60.000001 1.500000
v 66.965926 59.741182 1.500000
v 66.866025 59.500001 1.500000
v 66.707107 59.292894 1.500000
v 66.500000 59.133975 1.500000
v 66.258819 59.034075 1.500000
v 66.000000 59.000001 1.500000
v 65.741181 59.034075 1.500000
v 65.500000 59.133975 1.500000
v 65.292893 59.292894 1.500000
v 65.133975 59.500001 1.500000
v 65.034074 59.741182 1.500000
v 65.000000 60.000001 1.500000
v 65.034074 60.258820 1.500000
v 65.133975 60.500001 1.500000
v 65.292893 60.707108 1.500000
v 65.500000 60.866026 1.500000
v 65.741181 60.965927 1.500000
v 66.000000 61.000001 1.500000
v 66.258819 60.965927 1.500000
v 66.500000 60.866026 1.500000
v 66.707107 60.707108 1.500000
v 66.866025 60.500001 1.500000
v 66.965926 60.258820 1.500000
v 51.600000 48.000000 1.500000
v 51.600000 53.338083 1.500000
v 51.600000 53.534702 1.765610
v 51.600000 53.657997 2.072214
v 51.600000 53.700000 2.400000
v 51.600000 53.700000 3.400000
v 51.600000 55.000000 3.400000
v 51.600000 55.000000 2.500000
v 21.600000 53.700000 3.400000
v 21.600000 53.700000 2.400000
v 21.600000 53.657997 2.072214
v 21.600000 53.534702 1.765610
v 21.600000 53.338083 1.500000
v 21.600000 48.000000 1.500000
v 4.000000 62.000001 1.500000
v 3.000000 63.000001 1.500000
v 3.000000 71.013703 1.500000
v -2.000000 76.013703 1.500000
v 104.582577 55.000000 1.500000
v 103.436933 55.218750 1.718750
v 102.291289 55.375000 1.875000
v 101.145646 55.468750 1.968750
v 100.000002 55.500000 2.000000
v 100.000002 55.000000 2.500000
v 101.364086 54.906527 2.500000
v 102.702669 54.627855 2.500000
v 103.990727 54.169194 2.500000
v 105.204179 53.539118 2.500000
v 106.320342 52.749407 2.500000
v 106.952376 53.524347 1.500000
v 106.205166 54.082727 1.500000
v 105.413335 54.575793 1.500000
v 72.933000 103.999752 2.500000
v 72.933000 104.558218 2.027267
v 70.250000 99.000001 2.500000
v 70.330676 99.980618 2.500000
v 70.570536 100.934864 2.500000
v 70.963129 101.837077 2.500000
v 71.497898 102.662995 2.500000
v 72.160461 103.390407 2.500000
v 70.250000 67.000000 2.500000
v 107.972463 54.986325 2.500000
v 106.972556 55.000000 1.500000
v 107.952282 53.510673 2.500000
v 77.653126 55.781250 1.718750
v 78.852084 55.625000 1.875000
v 80.051042 55.531250 1.968750
v 81.250000 55.500000 2.000000
v 81.250000 56.000000 2.500000
v 79.814212 56.094107 2.500000
v 78.402990 56.374816 2.500000
v 77.040482 56.837325 2.500000
v 75.750000 57.473721 2.500000
v 74.553624 58.273113 2.500000
v 73.471825 59.221825 2.500000
v 72.523113 60.303624 2.500000
v 71.723721 61.500000 2.500000
v 71.087325 62.790482 2.500000
v 70.624816 64.152991 2.500000
v 70.344106 65.564212 2.500000
v 106.972556 56.000000 2.500000
v 107.950026 55.211078 2.500000
v 107.877720 55.425063 2.500000
v 107.759236 55.617361 2.500000
v 107.600618 55.778164 2.500000
v 107.409957 55.899267 2.500000
v 107.196982 55.974491 2.500000
v 106.530836 52.617537 2.500000
v 106.767339 52.541616 2.500000
v 107.015258 52.526326 2.500000
v 107.259297 52.572612 2.500000
v 107.484400 52.677618 2.500000
v 107.676678 52.834865 2.500000
v 107.824269 53.034651 2.500000
v 107.918066 53.264651 2.500000
v 106.972556 56.000000 3.400000
v 81.250000 56.000000 3.400000
v 107.972463 54.986325 3.400000
v 107.950026 55.211078 3.400000
v 107.877720 55.425063 3.400000
v 107.759236 55.617361 3.400000
v 107.600618 55.778164 3.400000
v 107.409957 55.899267 3.400000
v 107.196982 55.974491 3.400000
v 107.952282 53.510673 3.400000
v 106.320342 52.749407 3.400000
v 106.530836 52.617537 3.400000
v 106.767339 52.541616 3.400000
v 107.015258 52.526326 3.400000
v 107.259297 52.572612 3.400000
v 107.484400 52.677618 3.400000
v 107.676678 52.834865 3.400000
v 107.824269 53.034651 3.400000
v 107.918066 53.264651 3.400000
v 100.000002 55.000000 3.400000
v 101.364086 54.906527 3.400000
v 102.702669 54.627855 3.400000
v 103.990727 54.169194 3.400000
v 105.204179 53.539118 3.400000
v 103.800002 100.567158 3.400000
v 104.917159 99.450001 3.400000
v 107.832844 99.450001 3.400000
v 108.950002 100.567158 3.400000
v 108.950002 103.832844 3.400000
v 107.832844 104.950001 3.400000
v 104.917159 104.950001 3.400000
v 103.800002 103.832844 3.400000
v 101.000002 103.000001 3.400000
v 100.000002 104.000001 3.400000
v 76.250000 104.000001 3.400000
v 72.933000 103.999752 3.400000
v 72.160461 103.390407 3.400000
v 71.497898 102.662995 3.400000
v 70.963129 101.837077 3.400000
v 70.570536 100.934864 3.400000
v 70.330676 99.980618 3.400000
v 70.250000 99.000001 3.400000
v 70.250000 67.000000 3.400000
v 70.344106 65.564212 3.400000
v 70.624816 64.152991 3.400000
v 71.087325 62.790482 3.400000
v 71.723721 61.500000 3.400000
v 72.523113 60.303624 3.400000
v 73.471825 59.221825 3.400000
v 74.553624 58.273113 3.400000
v 75.750000 57.473721 3.400000
v 77.040482 56.837325 3.400000
v 78.402990 56.374816 3.400000
v 79.814212 56.094107 3.400000
v 98.699998 53.700000 3.400000
v 98.699998 51.999999 3.400000
v 98.744296 51.663536 3.400000
v 98.874167 51.350001 3.400000
v 99.080761 51.080762 3.400000
v 99.350000 50.874167 3.400000
v 99.663535 50.744296 3.400000
v 100.000000 50.700000 3.400000
v 100.336465 50.744296 3.400000
v 100.650000 50.874167 3.400000
v 100.919239 51.080762 3.400000
v 101.125833 51.350001 3.400000
v 101.255704 51.663536 3.400000
v 101.299998 51.999999 3.400000
v 101.299998 53.602326 3.400000
v 102.505017 53.331560 3.400000
v 103.659553 52.892888 3.400000
v 104.740337 52.295150 3.400000
v 105.725589 51.550393 3.400000
v 106.595453 50.673625 3.400000
v 107.332399 49.682516 3.400000
v 107.921574 48.597040 3.400000
v 108.351105 47.439072 3.400000
v 108.612336 46.231950 3.400000
v 108.700002 45.000000 3.400000
v 108.700002 8.000000 3.400000
v 108.611448 6.761861 3.400000
v 108.347590 5.548927 3.400000
v 107.913800 4.385889 3.400000
v 107.318907 3.296425 3.400000
v 106.575023 2.302712 3.400000
v 105.697290 1.424979 3.400000
v 104.703577 0.681094 3.400000
v 103.614112 0.086202 3.400000
v 102.451075 -0.347589 3.400000
v 101.238141 -0.611447 3.400000
v 100.000002 -0.700000 3.400000
v 97.549193 -0.700000 3.400000
v 97.674038 -0.295970 3.400000
v 97.695296 0.126375 3.400000
v 97.611654 0.540899 3.400000
v 97.428286 0.921954 3.400000
v 97.156539 1.245961 3.400000
v 96.813227 1.492870 3.400000
v 96.419595 1.647404 3.400000
v 96.000000 1.700000 3.400000
v 95.580405 1.647404 3.400000
v 95.186773 1.492870 3.400000
v 94.843461 1.245961 3.400000
v 94.571714 0.921954 3.400000
v 94.388346 0.540899 3.400000
v 94.304704 0.126375 3.400000
v 94.325962 -0.295970 3.400000
v 94.450807 -0.700000 3.400000
v 12.549193 -0.700000 3.400000
v 12.674038 -0.295970 3.400000
v 12.695296 0.126375 3.400000
v 12.611654 0.540899 3.400000
v 12.428286 0.921954 3.400000
v 12.156539 1.245961 3.400000
v 11.813227 1.492870 3.400000
v 11.419595 1.647404 3.400000
v 11.000000 1.700000 3.400000
v 10.580405 1.647404 3.400000
v 10.186773 1.492870 3.400000
v 9.843461 1.245961 3.400000
v 9.571714 0.921954 3.400000
v 9.388346 0.540899 3.400000
v 9.304704 0.126375 3.400000
v 9.325962 -0.295970 3.400000
v 6.761861 -0.611447 3.400000
v 5.548927 -0.347589 3.400000
v 4.385889 0.086202 3.400000
v 3.296425 0.681094 3.400000
v 2.302712 1.424979 3.400000
v 1.424979 2.302712 3.400000
v 0.681094 3.296425 3.400000
v 0.086202 4.385889 3.400000
v -0.347589 5.548927 3.400000
v -0.611447 6.761861 3.400000
v -0.612334 46.231949 3.400000
v -0.351104 47.439071 3.400000
v 0.078427 48.597038 3.400000
v 0.667602 49.682514 3.400000
v 1.404547 50.673623 3.400000
v 2.274410 51.550391 3.400000
v 3.259662 52.295149 3.400000
v 4.340446 52.892887 3.400000
v 5.494981 53.331559 3.400000
v 6.744296 51.663536 3.400000
v 6.874167 51.350001 3.400000
v 7.080761 51.080762 3.400000
v 7.350000 50.874167 3.400000
v 7.663535 50.744296 3.400000
v 8.000000 50.700000 3.400000
v 8.336465 50.744296 3.400000
v 8.650000 50.874167 3.400000
v 8.919239 51.080762 3.400000
v 9.125833 51.350001 3.400000
v 9.255704 51.663536 3.400000
v 9.300000 51.999999 3.400000
v 9.300000 53.700000 3.400000
v -2.000000 8.000000 3.400000
v -1.914449 6.694738 3.400000
v -1.659258 5.411810 3.400000
v -1.238795 4.173166 3.400000
v -0.660254 3.000000 3.400000
v 0.066467 1.912386 3.400000
v 0.928932 0.928932 3.400000
v 1.912386 0.066467 3.400000
v 3.000000 -0.660254 3.400000
v 4.173166 -1.238795 3.400000
v 5.411810 -1.659258 3.400000
v 6.694738 -1.914449 3.400000
v 8.000000 -2.000000 3.400000
v 100.000002 -2.000000 3.400000
v 101.305264 -1.914449 3.400000
v 102.588192 -1.659258 3.400000
v 103.826836 -1.238795 3.400000
v 105.000002 -0.660254 3.400000
v 106.087616 0.066467 3.400000
v 107.071069 0.928932 3.400000
v 107.933535 1.912386 3.400000
v 108.660256 3.000000 3.400000
v 109.238797 4.173166 3.400000
v 109.659260 5.411810 3.400000
v 109.914450 6.694738 3.400000
v 110.000002 8.000000 3.400000
v 110.000002 105.750001 3.400000
v 109.991483 105.814706 3.400000
v 109.966508 105.875001 3.400000
v 109.926778 105.926778 3.400000
v 109.875002 105.966507 3.400000
v 109.814706 105.991482 3.400000
v 109.750002 106.000001 3.400000
v 72.933000 106.000001 3.400000
v 101.000002 57.000000 3.400000
v 81.250000 57.000000 3.400000
v 79.944738 57.085551 3.400000
v 78.661810 57.340742 3.400000
v 77.423166 57.761205 3.400000
v 76.250000 58.339746 3.400000
v 75.162386 59.066467 3.400000
v 74.178932 59.928932 3.400000
v 73.316467 60.912386 3.400000
v 72.589746 62.000000 3.400000
v 72.011205 63.173166 3.400000
v 71.590742 64.411810 3.400000
v 71.335551 65.694738 3.400000
v 71.250000 67.000000 3.400000
v 71.250000 99.000001 3.400000
v 71.346074 99.975452 3.400000
v 71.630602 100.913418 3.400000
v 72.092652 101.777852 3.400000
v 72.714466 102.535535 3.400000
v 73.472149 103.157349 3.400000
v 74.336583 103.619398 3.400000
v 75.274548 103.903927 3.400000
v 56.300000 0.764113 1.500000
v 56.419281 0.575120 1.500000
v 56.577556 0.417337 1.500000
v 56.766920 0.298645 1.500000
v 56.977914 0.224973 1.500000
v 57.200002 0.200000 1.500000
v 56.300000 4.164110 1.500000
v 58.200002 3.200000 1.500000
v 58.200002 4.164110 1.500000
v 59.200002 2.200000 1.500000
v 58.941183 2.234074 1.500000
v 58.700002 2.333975 1.500000
v 58.492895 2.492893 1.500000
v 58.333976 2.700000 1.500000
v 58.234076 2.941181 1.500000
v 70.200002 2.200000 1.500000
v 70.200002 0.200000 1.500000
v 4.000000 17.600000 1.500000
v 4.000000 39.399998 1.500000
v 109.750002 106.000001 5.800000
v -1.750000 106.000001 5.800000
v 110.000002 105.750001 5.800000
v 109.991483 105.814706 5.800000
v 109.966508 105.875001 5.800000
v 109.926778 105.926778 5.800000
v 109.875002 105.966507 5.800000
v 109.814706 105.991482 5.800000
v 109.814706 105.991482 4.600000
v 109.875002 105.966507 4.600000
v 109.926778 105.926778 4.600000
v 109.966508 105.875001 4.600000
v 109.991483 105.814706 4.600000
v 110.000002 8.000000 5.800000
v 19.600000 42.399998 1.500000
v 19.524784 43.067561 1.500000
v 19.302907 43.701650 1.500000
v 18.945494 44.270468 1.500000
v 18.470469 44.745493 1.500000
v 17.901651 45.102905 1.500000
v 17.267563 45.324782 1.500000
v 19.600000 30.000000 1.500000
v 9.257466 9.509605 1.500000
v 9.944309 9.243868 1.500000
v 10.545715 8.818802 1.500000
v 11.025441 8.260024 1.500000
v 11.354577 7.601208 1.500000
v 11.513288 6.882055 1.500000
v -0.611447 6.761861 1.500000
v -0.347589 5.548927 1.500000
v 0.086202 4.385889 1.500000
v 0.681094 3.296425 1.500000
v 1.424979 2.302712 1.500000
v 2.302712 1.424979 1.500000
v 3.296425 0.681094 1.500000
v 4.385889 0.086202 1.500000
v 5.548927 -0.347589 1.500000
v 6.761861 -0.611447 1.500000
v 9.325467 -0.293155 1.500000
v 9.305138 0.132074 1.500000
v 9.391095 0.549020 1.500000
v 9.577946 0.931538 1.500000
v 9.853975 1.255638 1.500000
v 10.201871 1.500997 1.500000
v 10.599819 1.652227 1.500000
v 11.022862 1.699846 1.500000
v 11.444471 1.640867 1.500000
v 11.838207 1.478989 1.500000
v 12.179379 1.224363 1.500000
v 12.446592 0.892957 1.500000
v 12.623089 0.505553 1.500000
v 12.697801 0.086445 1.500000
v 12.666043 -0.338083 1.500000
v 25.922442 -0.338083 1.500000
v 25.922442 1.164110 1.500000
v 25.847226 1.831673 1.500000
v 25.625349 2.465761 1.500000
v 25.267936 3.034579 1.500000
v 24.792911 3.509605 1.500000
v 24.224093 3.867017 1.500000
v 23.590005 4.088894 1.500000
v 22.922442 4.164110 1.500000
v 14.500000 4.164110 1.500000
v 13.769111 4.254505 1.500000
v 13.082268 4.520242 1.500000
v 12.480862 4.945308 1.500000
v 12.001136 5.504086 1.500000
v 11.672000 6.162902 1.500000
v 11.500000 20.600000 1.500000
v 11.424784 19.932437 1.500000
v 11.202906 19.298349 1.500000
v 10.845494 18.729531 1.500000
v 10.370469 18.254506 1.500000
v 9.801651 17.897093 1.500000
v 9.167563 17.675216 1.500000
v 8.500000 17.600000 1.500000
v 8.500000 39.399998 1.500000
v 9.167563 39.324782 1.500000
v 9.801651 39.102905 1.500000
v 10.370469 38.745493 1.500000
v 10.845494 38.270468 1.500000
v 11.202906 37.701650 1.500000
v 11.424784 37.067561 1.500000
v 11.500000 36.399998 1.500000
v 45.000001 1.164110 1.500000
v 45.075217 1.831673 1.500000
v 45.297094 2.465761 1.500000
v 45.654506 3.034579 1.500000
v 46.129531 3.509605 1.500000
v 46.698349 3.867017 1.500000
v 47.332438 4.088894 1.500000
v 48.000001 4.164110 1.500000
v 19.675216 29.332437 1.500000
v 19.897093 28.698349 1.500000
v 20.254506 28.129531 1.500000
v 20.729531 27.654506 1.500000
v 21.298349 27.297093 1.500000
v 21.932437 27.075216 1.500000
v 22.600000 27.000000 1.500000
v 28.500000 27.000000 1.500000
v 29.167563 26.924784 1.500000
v 29.801651 26.702907 1.500000
v 30.370469 26.345494 1.500000
v 30.845494 25.870469 1.500000
v 31.202906 25.301651 1.500000
v 31.424784 24.667563 1.500000
v 31.500000 24.000000 1.500000
v 31.500000 15.164110 1.500000
v 31.575216 14.496547 1.500000
v 31.797093 13.862459 1.500000
v 32.154505 13.293641 1.500000
v 32.629530 12.818616 1.500000
v 33.198349 12.461203 1.500000
v 33.832437 12.239326 1.500000
v 34.500000 12.164110 1.500000
v 73.000001 12.164110 1.500000
v 73.667564 12.239326 1.500000
v 74.301652 12.461203 1.500000
v 74.870471 12.818616 1.500000
v 75.345496 13.293641 1.500000
v 75.702908 13.862459 1.500000
v 75.924785 14.496547 1.500000
v 76.000001 15.164110 1.500000
v 76.000001 45.835890 1.500000
v 76.075217 46.503453 1.500000
v 76.297095 47.137541 1.500000
v 76.654507 47.706359 1.500000
v 77.129532 48.181384 1.500000
v 77.698350 48.538796 1.500000
v 78.332438 48.760674 1.500000
v 79.000001 48.835890 1.500000
v 81.000001 48.835890 1.500000
v 81.667564 48.760674 1.500000
v 82.301652 48.538796 1.500000
v 82.870471 48.181384 1.500000
v 83.345496 47.706359 1.500000
v 83.702908 47.137541 1.500000
v 83.924785 46.503453 1.500000
v 84.000001 45.835890 1.500000
v 84.000001 12.164110 1.500000
v 84.000001 7.164110 1.500000
v 83.924785 6.496547 1.500000
v 83.702908 5.862459 1.500000
v 83.345496 5.293641 1.500000
v 82.870471 4.818616 1.500000
v 82.301652 4.461203 1.500000
v 81.667564 4.239326 1.500000
v 81.000001 4.164110 1.500000
v 45.000001 -0.338083 1.500000
v 94.333957 -0.338083 1.500000
v 94.302369 0.089707 1.500000
v 94.378866 0.511785 1.500000
v 94.558579 0.901279 1.500000
v 94.830064 1.233390 1.500000
v 95.176038 1.486973 1.500000
v 95.574473 1.645882 1.500000
v 96.000000 1.700000 1.500000
v 96.425527 1.645882 1.500000
v 96.823962 1.486973 1.500000
v 97.169936 1.233390 1.500000
v 97.441421 0.901279 1.500000
v 97.621134 0.511785 1.500000
v 97.697631 0.089707 1.500000
v 97.666043 -0.338083 1.500000
v 100.000002 -0.338083 1.500000
v 101.186635 -0.253213 1.500000
v 102.349111 -0.000332 1.500000
v 103.463767 0.415413 1.500000
v 104.507910 0.985558 1.500000
v 105.460285 1.698497 1.500000
v 106.301504 2.539717 1.500000
v 107.014444 3.492092 1.500000
v 107.584589 4.536235 1.500000
v 108.000334 5.650891 1.500000
v 108.253215 6.813367 1.500000
v 108.338085 8.000000 1.500000
v 108.338085 45.000000 1.500000
v 108.254839 46.175284 1.500000
v 108.006763 47.327100 1.500000
v 107.598812 48.432450 1.500000
v 107.039130 49.469262 1.500000
v 106.338894 50.416833 1.500000
v 105.512085 51.256243 1.500000
v 104.575212 51.970730 1.500000
v 103.546984 52.546029 1.500000
v 102.447930 52.970651 1.500000
v 101.299998 53.236118 1.500000
v 101.299998 51.999999 1.500000
v 101.255704 51.663536 1.500000
v 101.125833 51.350001 1.500000
v 100.919239 51.080762 1.500000
v 100.650000 50.874167 1.500000
v 100.336465 50.744296 1.500000
v 100.000000 50.700000 1.500000
v 99.663535 50.744296 1.500000
v 99.350000 50.874167 1.500000
v 99.080761 51.080762 1.500000
v 98.874167 51.350001 1.500000
v 98.744296 51.663536 1.500000
v 98.699998 51.999999 1.500000
v 98.699998 53.338083 1.500000
v 50.600000 47.000000 1.500000
v 22.600000 47.000000 1.500000
v 9.300000 53.338083 1.500000
v 9.300000 51.999999 1.500000
v 9.255704 51.663536 1.500000
v 9.125833 51.350001 1.500000
v 8.919239 51.080762 1.500000
v 8.650000 50.874167 1.500000
v 8.336465 50.744296 1.500000
v 8.000000 50.700000 1.500000
v 7.663535 50.744296 1.500000
v 7.350000 50.874167 1.500000
v 7.080761 51.080762 1.500000
v 6.874167 51.350001 1.500000
v 6.744296 51.663536 1.500000
v 5.406174 53.304340 1.500000
v 4.172757 52.812952 1.500000
v 3.028475 52.139603 1.500000
v 1.999977 51.299978 1.500000
v 1.111216 50.313629 1.500000
v 0.382891 49.203528 1.500000
v -0.168035 47.995530 1.500000
v -0.528732 46.717767 1.500000
v 63.364575 20.750000 1.500000
v 63.403264 21.043870 1.500000
v 63.516693 21.317712 1.500000
v 63.697133 21.552867 1.500000
v 63.932288 21.733307 1.500000
v 64.206130 21.846736 1.500000
v 64.500000 21.885425 1.500000
v 64.793870 21.846736 1.500000
v 65.067712 21.733307 1.500000
v 65.302867 21.552867 1.500000
v 65.483307 21.317712 1.500000
v 65.596736 21.043870 1.500000
v 65.635425 20.750000 1.500000
v 65.596736 20.456130 1.500000
v 65.483307 20.182288 1.500000
v 65.302867 19.947133 1.500000
v 65.067712 19.766693 1.500000
v 64.793870 19.653264 1.500000
v 64.500000 19.614575 1.500000
v 64.206130 19.653264 1.500000
v 63.932288 19.766693 1.500000
v 63.697133 19.947133 1.500000
v 63.516693 20.182288 1.500000
v 63.403264 20.456130 1.500000
v 42.364575 39.500000 1.500000
v 42.403264 39.793870 1.500000
v 42.516693 40.067712 1.500000
v 42.697133 40.302867 1.500000
v 42.932288 40.483307 1.500000
v 43.206130 40.596736 1.500000
v 43.500000 40.635425 1.500000
v 43.793870 40.596736 1.500000
v 44.067712 40.483307 1.500000
v 44.302867 40.302867 1.500000
v 44.483307 40.067712 1.500000
v 44.596736 39.793870 1.500000
v 44.635425 39.500000 1.500000
v 44.596736 39.206130 1.500000
v 44.483307 38.932288 1.500000
v 44.302867 38.697133 1.500000
v 44.067712 38.516693 1.500000
v 43.793870 38.403264 1.500000
v 43.500000 38.364575 1.500000
v 43.206130 38.403264 1.500000
v 42.932288 38.516693 1.500000
v 42.697133 38.697133 1.500000
v 42.516693 38.932288 1.500000
v 42.403264 39.206130 1.500000
v 42.364575 20.750000 1.500000
v 42.403264 21.043870 1.500000
v 42.516693 21.317712 1.500000
v 42.697133 21.552867 1.500000
v 42.932288 21.733307 1.500000
v 43.206130 21.846736 1.500000
v 43.500000 21.885425 1.500000
v 43.793870 21.846736 1.500000
v 44.067712 21.733307 1.500000
v 44.302867 21.552867 1.500000
v 44.483307 21.317712 1.500000
v 44.596736 21.043870 1.500000
v 44.635425 20.750000 1.500000
v 44.596736 20.456130 1.500000
v 44.483307 20.182288 1.500000
v 44.302867 19.947133 1.500000
v 44.067712 19.766693 1.500000
v 43.793870 19.653264 1.500000
v 43.500000 19.614575 1.500000
v 43.206130 19.653264 1.500000
v 42.932288 19.766693 1.500000
v 42.697133 19.947133 1.500000
v 42.516693 20.182288 1.500000
v 42.403264 20.456130 1.500000
v 94.000001 11.164110 1.500000
v 94.000001 41.835890 1.500000
v 94.075217 42.503453 1.500000
v 94.297095 43.137541 1.500000
v 94.654507 43.706359 1.500000
v 95.129532 44.181384 1.500000
v 95.698350 44.538796 1.500000
v 96.332438 44.760674 1.500000
v 97.000001 44.835890 1.500000
v 99.000001 44.835890 1.500000
v 99.667564 44.760674 1.500000
v 100.301652 44.538796 1.500000
v 100.870471 44.181384 1.500000
v 101.345496 43.706359 1.500000
v 101.702908 43.137541 1.500000
v 101.924785 42.503453 1.500000
v 102.000001 41.835890 1.500000
v 102.000001 11.164110 1.500000
v 101.924785 10.496547 1.500000
v 101.702908 9.862459 1.500000
v 101.345496 9.293641 1.500000
v 100.870471 8.818616 1.500000
v 100.301652 8.461203 1.500000
v 99.667564 8.239326 1.500000
v 99.000001 8.164110 1.500000
v 97.000001 8.164110 1.500000
v 96.332438 8.239326 1.500000
v 95.698350 8.461203 1.500000
v 95.129532 8.818616 1.500000
v 94.654507 9.293641 1.500000
v 94.297095 9.862459 1.500000
v 94.075217 10.496547 1.500000
v 45.000001 -0.639521 2.008098
v 45.000001 -0.518048 1.736698
v 97.000001 8.164110 2.300000
v 96.332438 8.239326 2.300000
v 95.698350 8.461203 2.300000
v 95.129532 8.818616 2.300000
v 94.654507 9.293641 2.300000
v 94.297095 9.862459 2.300000
v 94.075217 10.496547 2.300000
v 94.000001 11.164110 2.300000
v 94.000001 41.835890 2.300000
v 99.000001 8.164110 2.300000
v 99.667564 8.239326 2.300000
v 100.301652 8.461203 2.300000
v 100.870471 8.818616 2.300000
v 101.345496 9.293641 2.300000
v 101.702908 9.862459 2.300000
v 101.924785 10.496547 2.300000
v 102.000001 11.164110 2.300000
v 102.000001 41.835890 2.300000
v 101.924785 42.503453 2.300000
v 101.702908 43.137541 2.300000
v 101.345496 43.706359 2.300000
v 100.870471 44.181384 2.300000
v 100.301652 44.538796 2.300000
v 99.667564 44.760674 2.300000
v 99.000001 44.835890 2.300000
v 97.000001 44.835890 2.300000
v 96.332438 44.760674 2.300000
v 95.698350 44.538796 2.300000
v 95.129532 44.181384 2.300000
v 94.654507 43.706359 2.300000
v 94.297095 43.137541 2.300000
v 94.075217 42.503453 2.300000
v 25.922442 -0.518048 1.736698
v 25.922442 -0.639521 2.008098
v 12.627568 -0.490726 1.692985
v 12.588250 -0.606228 1.915282
v 12.559845 -0.676500 2.155808
v 12.549193 -0.700000 2.400000
v 94.450807 -0.700000 2.400000
v 94.440155 -0.676500 2.155808
v 94.411750 -0.606228 1.915282
v 94.372432 -0.490726 1.692985
v 46.674866 -0.534702 1.765610
v 53.500000 -0.534702 1.765610
v 60.325134 -0.534702 1.765610
v 67.150269 -0.534702 1.765610
v 73.975403 -0.534702 1.765610
v 80.800538 -0.534702 1.765610
v 87.625672 -0.534702 1.765610
v 46.674866 -0.657997 2.072214
v 53.500000 -0.657997 2.072214
v 60.325134 -0.657997 2.072214
v 67.150269 -0.657997 2.072214
v 73.975403 -0.657997 2.072214
v 80.800538 -0.657997 2.072214
v 87.625672 -0.657997 2.072214
v 19.374328 -0.657997 2.072214
v 19.374328 -0.534702 1.765610
v -1.750000 107.750001 4.300000
v -1.750000 107.698890 4.688229
v -1.750000 107.549039 5.050000
v -1.750000 107.310661 5.360660
v -1.750000 107.000001 5.599038
v -1.750000 106.638229 5.748889
v -1.750000 106.250001 5.800000
v 109.750002 106.250001 5.800000
v 109.750002 106.638229 5.748889
v 109.750002 107.000001 5.599038
v 109.750002 107.310661 5.360660
v 109.750002 107.549039 5.050000
v 109.750002 107.698890 4.688229
v 109.750002 107.750001 4.300000
v 6.214286 107.698890 4.688229
v 14.178572 107.698890 4.688229
v 22.142857 107.698890 4.688229
v 30.107143 107.698890 4.688229
v 38.071429 107.698890 4.688229
v 46.035715 107.698890 4.688229
v 54.000001 107.698890 4.688229
v 61.964287 107.698890 4.688229
v 69.928572 107.698890 4.688229
v 77.892858 107.698890 4.688229
v 85.857144 107.698890 4.688229
v 93.821430 107.698890 4.688229
v 101.785716 107.698890 4.688229
v 6.214286 107.549039 5.050000
v 14.178572 107.549039 5.050000
v 22.142857 107.549039 5.050000
v 30.107143 107.549039 5.050000
v 38.071429 107.549039 5.050000
v 46.035715 107.549039 5.050000
v 54.000001 107.549039 5.050000
v 61.964287 107.549039 5.050000
v 69.928572 107.549039 5.050000
v 77.892858 107.549039 5.050000
v 85.857144 107.549039 5.050000
v 93.821430 107.549039 5.050000
v 101.785716 107.549039 5.050000
v 6.214286 107.310661 5.360660
v 14.178572 107.310661 5.360660
v 22.142857 107.310661 5.360660
v 30.107143 107.310661 5.360660
v 38.071429 107.310661 5.360660
v 46.035715 107.310661 5.360660
v 54.000001 107.310661 5.360660
v 61.964287 107.310661 5.360660
v 69.928572 107.310661 5.360660
v 77.892858 107.310661 5.360660
v 85.857144 107.310661 5.360660
v 93.821430 107.310661 5.360660
v 101.785716 107.310661 5.360660
v 6.214286 107.000001 5.599038
v 14.178572 107.000001 5.599038
v 22.142857 107.000001 5.599038
v 30.107143 107.000001 5.599038
v 38.071429 107.000001 5.599038
v 46.035715 107.000001 5.599038
v 54.000001 107.000001 5.599038
v 61.964287 107.000001 5.599038
v 69.928572 107.000001 5.599038
v 77.892858 107.000001 5.599038
v 85.857144 107.000001 5.599038
v 93.821430 107.000001 5.599038
v 101.785716 107.000001 5.599038
v 6.214286 106.638229 5.748889
v 14.178572 106.638229 5.748889
v 22.142857 106.638229 5.748889
v 30.107143 106.638229 5.748889
v 38.071429 106.638229 5.748889
v 46.035715 106.638229 5.748889
v 54.000001 106.638229 5.748889
v 61.964287 106.638229 5.748889
v 69.928572 106.638229 5.748889
v 77.892858 106.638229 5.748889
v 85.857144 106.638229 5.748889
v 93.821430 106.638229 5.748889
v 101.785716 106.638229 5.748889
v 110.250002 105.750001 5.800000
v 110.638230 105.750001 5.748889
v 111.000002 105.750001 5.599038
v 111.310662 105.750001 5.360660
v 111.549040 105.750001 5.050000
v 111.698890 105.750001 4.688229
v 111.750002 105.750001 4.300000
v 111.681853 106.267639 4.300000
v 111.482052 106.750001 4.300000
v 111.164215 107.164214 4.300000
v 110.750002 107.482052 4.300000
v 110.267640 107.681852 4.300000
v 109.879411 106.232964 5.800000
v 110.000002 106.183014 5.800000
v 110.103555 106.103554 5.800000
v 110.183014 106.000001 5.800000
v 110.232965 105.879410 5.800000
v 111.632484 106.254410 4.688229
v 111.487739 106.215626 5.050000
v 111.257484 106.153929 5.360660
v 110.957409 106.073525 5.599038
v 110.607965 105.979891 5.748889
v 111.437789 106.724445 4.688229
v 111.308014 106.649520 5.050000
v 111.101573 106.530331 5.360660
v 110.832533 106.375001 5.599038
v 110.519230 106.194115 5.748889
v 111.128074 107.128073 4.688229
v 111.022114 107.022113 5.050000
v 110.853555 106.853554 5.360660
v 110.633885 106.633884 5.599038
v 110.378074 106.378073 5.748889
v 110.724446 107.437788 4.688229
v 110.649521 107.308014 5.050000
v 110.530332 107.101572 5.360660
v 110.375002 106.832533 5.599038
v 110.194116 106.519229 5.748889
v 110.254411 107.632483 4.688229
v 110.215627 107.487738 5.050000
v 110.153930 107.257483 5.360660
v 110.073525 106.957408 5.599038
v 109.979892 106.607964 5.748889
v 110.250002 6.250000 5.800000
v 110.638230 6.250000 5.748889
v 111.000002 6.250000 5.599038
v 111.310662 6.250000 5.360660
v 111.549040 6.250000 5.050000
v 111.698890 6.250000 4.688229
v 111.750002 6.250000 4.300000
v 110.638230 14.541667 5.748889
v 110.638230 22.833333 5.748889
v 110.638230 31.125000 5.748889
v 110.638230 39.416667 5.748889
v 110.638230 47.708334 5.748889
v 110.638230 56.000000 5.748889
v 110.638230 64.291667 5.748889
v 110.638230 72.583334 5.748889
v 110.638230 80.875001 5.748889
v 110.638230 89.166667 5.748889
v 110.638230 97.458334 5.748889
v 111.000002 14.541667 5.599038
v 111.000002 22.833333 5.599038
v 111.000002 31.125000 5.599038
v 111.000002 39.416667 5.599038
v 111.000002 47.708334 5.599038
v 111.000002 56.000000 5.599038
v 111.000002 64.291667 5.599038
v 111.000002 72.583334 5.599038
v 111.000002 80.875001 5.599038
v 111.000002 89.166667 5.599038
v 111.000002 97.458334 5.599038
v 111.310662 14.541667 5.360660
v 111.310662 22.833333 5.360660
v 111.310662 31.125000 5.360660
v 111.310662 39.416667 5.360660
v 111.310662 47.708334 5.360660
v 111.310662 56.000000 5.360660
v 111.310662 64.291667 5.360660
v 111.310662 72.583334 5.360660
v 111.310662 80.875001 5.360660
v 111.310662 89.166667 5.360660
v 111.310662 97.458334 5.360660
v 111.549040 14.541667 5.050000
v 111.549040 22.833333 5.050000
v 111.549040 31.125000 5.050000
v 111.549040 39.416667 5.050000
v 111.549040 47.708334 5.050000
v 111.549040 56.000000 5.050000
v 111.549040 64.291667 5.050000
v 111.549040 72.583334 5.050000
v 111.549040 80.875001 5.050000
v 111.549040 89.166667 5.050000
v 111.549040 97.458334 5.050000
v 111.698890 14.541667 4.688229
v 111.698890 22.833333 4.688229
v 111.698890 31.125000 4.688229
v 111.698890 39.416667 4.688229
v 111.698890 47.708334 4.688229
v 111.698890 56.000000 4.688229
v 111.698890 64.291667 4.688229
v 111.698890 72.583334 4.688229
v 111.698890 80.875001 4.688229
v 111.698890 89.166667 4.688229
v 111.698890 97.458334 4.688229
v 101.750002 -2.250000 5.800000
v 101.750002 -2.638229 5.748889
v 101.750002 -3.000000 5.599038
v 101.750002 -3.310660 5.360660
v 101.750002 -3.549038 5.050000
v 101.750002 -3.698889 4.688229
v 101.750002 -3.750000 4.300000
v 103.055264 -3.664449 4.300000
v 104.338192 -3.409258 4.300000
v 105.576836 -2.988795 4.300000
v 106.750002 -2.410254 4.300000
v 107.837616 -1.683533 4.300000
v 108.821069 -0.821068 4.300000
v 109.683535 0.162386 4.300000
v 110.410256 1.250000 4.300000
v 110.988797 2.423166 4.300000
v 111.409260 3.661810 4.300000
v 111.664450 4.944738 4.300000
v 110.163484 5.040324 5.800000
v 109.905692 3.855273 5.800000
v 109.481874 2.718972 5.800000
v 108.900657 1.654553 5.800000
v 108.173873 0.683684 5.800000
v 107.316318 -0.173871 5.800000
v 106.345449 -0.900655 5.800000
v 105.281029 -1.481872 5.800000
v 104.144728 -1.905690 5.800000
v 102.959678 -2.163482 5.800000
v 103.165876 -3.597623 4.688229
v 103.144550 -3.449298 5.050000
v 103.110625 -3.213346 5.360660
v 103.066414 -2.905848 5.599038
v 103.014928 -2.547759 5.748889
v 104.552927 -3.295889 4.688229
v 104.510710 -3.152108 5.050000
v 104.443551 -2.923386 5.360660
v 104.356028 -2.625310 5.599038
v 104.254105 -2.278193 5.748889
v 105.882919 -2.799828 4.688229
v 105.820669 -2.663519 5.050000
v 105.721643 -2.446682 5.360660
v 105.592590 -2.164096 5.599038
v 105.442305 -1.835017 5.748889
v 107.128777 -2.119538 4.688229
v 107.047762 -1.993475 5.050000
v 106.918885 -1.792939 5.360660
v 106.750929 -1.531595 5.599038
v 106.555341 -1.227254 5.748889
v 108.265138 -1.268868 4.688229
v 108.167007 -1.155619 5.050000
v 108.010903 -0.975465 5.360660
v 107.807463 -0.740684 5.599038
v 107.570553 -0.467275 5.748889
v 109.268870 -0.265137 4.688229
v 109.155620 -0.167005 5.050000
v 108.975466 -0.010901 5.360660
v 108.740685 0.192538 5.599038
v 108.467277 0.429448 5.748889
v 110.119539 0.871225 4.688229
v 109.993477 0.952240 5.050000
v 109.792941 1.081117 5.360660
v 109.531597 1.249072 5.599038
v 109.227255 1.444661 5.748889
v 110.799829 2.117082 4.688229
v 110.663520 2.179332 5.050000
v 110.446684 2.278358 5.360660
v 110.164098 2.407411 5.599038
v 109.835019 2.557696 5.748889
v 111.295890 3.447074 4.688229
v 111.152110 3.489292 5.050000
v 110.923388 3.556451 5.360660
v 110.625312 3.643974 5.599038
v 110.278194 3.745897 5.748889
v 111.597625 4.834126 4.688229
v 111.449300 4.855451 5.050000
v 111.213348 4.889376 5.360660
v 110.905850 4.933588 5.599038
v 110.547761 4.985073 5.748889
v 6.250000 -2.250000 5.800000
v 6.250000 -2.638229 5.748889
v 6.250000 -3.000000 5.599038
v 6.250000 -3.310660 5.360660
v 6.250000 -3.549038 5.050000
v 6.250000 -3.698889 4.688229
v 6.250000 -3.750000 4.300000
v 14.208333 -2.638229 5.748889
v 22.166667 -2.638229 5.748889
v 30.125000 -2.638229 5.748889
v 38.083334 -2.638229 5.748889
v 46.041667 -2.638229 5.748889
v 54.000001 -2.638229 5.748889
v 61.958334 -2.638229 5.748889
v 69.916668 -2.638229 5.748889
v 77.875001 -2.638229 5.748889
v 85.833335 -2.638229 5.748889
v 93.791668 -2.638229 5.748889
v 14.208333 -3.000000 5.599038
v 22.166667 -3.000000 5.599038
v 30.125000 -3.000000 5.599038
v 38.083334 -3.000000 5.599038
v 46.041667 -3.000000 5.599038
v 54.000001 -3.000000 5.599038
v 61.958334 -3.000000 5.599038
v 69.916668 -3.000000 5.599038
v 77.875001 -3.000000 5.599038
v 85.833335 -3.000000 5.599038
v 93.791668 -3.000000 5.599038
v 14.208333 -3.310660 5.360660
v 22.166667 -3.310660 5.360660
v 30.125000 -3.310660 5.360660
v 38.083334 -3.310660 5.360660
v 46.041667 -3.310660 5.360660
v 54.000001 -3.310660 5.360660
v 61.958334 -3.310660 5.360660
v 69.916668 -3.310660 5.360660
v 77.875001 -3.310660 5.360660
v 85.833335 -3.310660 5.360660
v 93.791668 -3.310660 5.360660
v 14.208333 -3.549038 5.050000
v 22.166667 -3.549038 5.050000
v 30.125000 -3.549038 5.050000
v 38.083334 -3.549038 5.050000
v 46.041667 -3.549038 5.050000
v 54.000001 -3.549038 5.050000
v 61.958334 -3.549038 5.050000
v 69.916668 -3.549038 5.050000
v 77.875001 -3.549038 5.050000
v 85.833335 -3.549038 5.050000
v 93.791668 -3.549038 5.050000
v 14.208333 -3.698889 4.688229
v 22.166667 -3.698889 4.688229
v 30.125000 -3.698889 4.688229
v 38.083334 -3.698889 4.688229
v 46.041667 -3.698889 4.688229
v 54.000001 -3.698889 4.688229
v 61.958334 -3.698889 4.688229
v 69.916668 -3.698889 4.688229
v 77.875001 -3.698889 4.688229
v 85.833335 -3.698889 4.688229
v 93.791668 -3.698889 4.688229
v -2.250000 6.250000 5.800000
v -2.638229 6.250000 5.748889
v -3.000000 6.250000 5.599038
v -3.310660 6.250000 5.360660
v -3.549038 6.250000 5.050000
v -3.698889 6.250000 4.688229
v -3.750000 6.250000 4.300000
v -3.664449 4.944738 4.300000
v -3.409258 3.661810 4.300000
v -2.988795 2.423166 4.300000
v -2.410254 1.250000 4.300000
v -1.683533 0.162386 4.300000
v -0.821068 -0.821068 4.300000
v 0.162386 -1.683533 4.300000
v 1.250000 -2.410254 4.300000
v 2.423166 -2.988795 4.300000
v 3.661810 -3.409258 4.300000
v 4.944738 -3.664449 4.300000
v 5.040324 -2.163482 5.800000
v 3.855273 -1.905690 5.800000
v 2.718972 -1.481872 5.800000
v 1.654553 -0.900655 5.800000
v 0.683684 -0.173871 5.800000
v -0.173871 0.683684 5.800000
v -0.900655 1.654553 5.800000
v -1.481872 2.718972 5.800000
v -1.905690 3.855273 5.800000
v -2.163482 5.040324 5.800000
v -3.597623 4.834126 4.688229
v -3.449298 4.855451 5.050000
v -3.213346 4.889376 5.360660
v -2.905848 4.933588 5.599038
v -2.547759 4.985073 5.748889
v -3.295889 3.447074 4.688229
v -3.152108 3.489292 5.050000
v -2.923386 3.556451 5.360660
v -2.625310 3.643974 5.599038
v -2.278193 3.745897 5.748889
v -2.799828 2.117082 4.688229
v -2.663519 2.179332 5.050000
v -2.446682 2.278358 5.360660
v -2.164096 2.407411 5.599038
v -1.835017 2.557696 5.748889
v -2.119538 0.871225 4.688229
v -1.993475 0.952240 5.050000
v -1.792939 1.081117 5.360660
v -1.531595 1.249072 5.599038
v -1.227254 1.444661 5.748889
v -1.268868 -0.265137 4.688229
v -1.155619 -0.167005 5.050000
v -0.975465 -0.010901 5.360660
v -0.740684 0.192538 5.599038
v -0.467275 0.429448 5.748889
v -0.265137 -1.268868 4.688229
v -0.167005 -1.155619 5.050000
v -0.010901 -0.975465 5.360660
v 0.192538 -0.740684 5.599038
v 0.429448 -0.467275 5.748889
v 0.871225 -2.119538 4.688229
v 0.952240 -1.993475 5.050000
v 1.081117 -1.792939 5.360660
v 1.249072 -1.531595 5.599038
v 1.444661 -1.227254 5.748889
v 2.117082 -2.799828 4.688229
v 2.179332 -2.663519 5.050000
v 2.278358 -2.446682 5.360660
v 2.407411 -2.164096 5.599038
v 2.557696 -1.835017 5.748889
v 3.447074 -3.295889 4.688229
v 3.489292 -3.152108 5.050000
v 3.556451 -2.923386 5.360660
v 3.643974 -2.625310 5.599038
v 3.745897 -2.278193 5.748889
v 4.834126 -3.597623 4.688229
v 4.855451 -3.449298 5.050000
v 4.889376 -3.213346 5.360660
v 4.933588 -2.905848 5.599038
v 4.985073 -2.547759 5.748889
v -2.250000 105.750001 5.800000
v -2.638229 105.750001 5.748889
v -3.000000 105.750001 5.599038
v -3.310660 105.750001 5.360660
v -3.549038 105.750001 5.050000
v -3.698889 105.750001 4.688229
v -3.750000 105.750001 4.300000
v -2.638229 97.458334 5.748889
v -2.638229 89.166667 5.748889
v -2.638229 80.875001 5.748889
v -2.638229 72.583334 5.748889
v -2.638229 64.291667 5.748889
v -2.638229 56.000000 5.748889
v -2.638229 47.708334 5.748889
v -2.638229 39.416667 5.748889
v -2.638229 31.125000 5.748889
v -2.638229 22.833333 5.748889
v -2.638229 14.541667 5.748889
v -3.000000 97.458334 5.599038
v -3.000000 89.166667 5.599038
v -3.000000 80.875001 5.599038
v -3.000000 72.583334 5.599038
v -3.000000 64.291667 5.599038
v -3.000000 56.000000 5.599038
v -3.000000 47.708334 5.599038
v -3.000000 39.416667 5.599038
v -3.000000 31.125000 5.599038
v -3.000000 22.833333 5.599038
v -3.000000 14.541667 5.599038
v -3.310660 97.458334 5.360660
v -3.310660 89.166667 5.360660
v -3.310660 80.875001 5.360660
v -3.310660 72.583334 5.360660
v -3.310660 64.291667 5.360660
v -3.310660 56.000000 5.360660
v -3.310660 47.708334 5.360660
v -3.310660 39.416667 5.360660
v -3.310660 31.125000 5.360660
v -3.310660 22.833333 5.360660
v -3.310660 14.541667 5.360660
v -3.549038 97.458334 5.050000
v -3.549038 89.166667 5.050000
v -3.549038 80.875001 5.050000
v -3.549038 72.583334 5.050000
v -3.549038 64.291667 5.050000
v -3.549038 56.000000 5.050000
v -3.549038 47.708334 5.050000
v -3.549038 39.416667 5.050000
v -3.549038 31.125000 5.050000
v -3.549038 22.833333 5.050000
v -3.549038 14.541667 5.050000
v -3.698889 97.458334 4.688229
v -3.698889 89.166667 4.688229
v -3.698889 80.875001 4.688229
v -3.698889 72.583334 4.688229
v -3.698889 64.291667 4.688229
v -3.698889 56.000000 4.688229
v -3.698889 47.708334 4.688229
v -3.698889 39.416667 4.688229
v -3.698889 31.125000 4.688229
v -3.698889 22.833333 4.688229
v -3.698889 14.541667 4.688229
v -2.267638 107.681852 4.300000
v -2.750000 107.482052 4.300000
v -3.164214 107.164214 4.300000
v -3.482051 106.750001 4.300000
v -3.681852 106.267639 4.300000
v -2.232963 105.879410 5.800000
v -2.183013 106.000001 5.800000
v -2.103553 106.103554 5.800000
v -2.000000 106.183014 5.800000
v -1.879410 106.232964 5.800000
v -2.254410 107.632483 4.688229
v -2.215625 107.487738 5.050000
v -2.153929 107.257483 5.360660
v -2.073524 106.957408 5.599038
v -1.979890 106.607964 5.748889
v -2.724444 107.437788 4.688229
v -2.649519 107.308014 5.050000
v -2.530330 107.101572 5.360660
v -2.375000 106.832533 5.599038
v -2.194114 106.519229 5.748889
v -3.128072 107.128073 4.688229
v -3.022112 107.022113 5.050000
v -2.853553 106.853554 5.360660
v -2.633883 106.633884 5.599038
v -2.378072 106.378073 5.748889
v -3.437787 106.724445 4.688229
v -3.308013 106.649520 5.050000
v -3.101571 106.530331 5.360660
v -2.832532 106.375001 5.599038
v -2.519229 106.194115 5.748889
v -3.632482 106.254410 4.688229
v -3.487737 106.215626 5.050000
v -3.257482 106.153929 5.360660
v -2.957407 106.073525 5.599038
v -2.607963 105.979891 5.748889
v -2.000000 8.000000 5.800000
v -2.000000 105.750001 5.800000
v -1.991481 105.814706 5.800000
v -1.966506 105.875001 5.800000
v -1.926777 105.926778 5.800000
v -1.875000 105.966507 5.800000
v -1.814705 105.991482 5.800000
v 109.914450 6.694738 5.800000
v 109.659260 5.411810 5.800000
v 109.238797 4.173166 5.800000
v 108.660256 3.000000 5.800000
v 107.933535 1.912386 5.800000
v 107.071069 0.928932 5.800000
v 106.087616 0.066467 5.800000
v 105.000002 -0.660254 5.800000
v 103.826836 -1.238795 5.800000
v 102.588192 -1.659258 5.800000
v 101.305264 -1.914449 5.800000
v 100.000002 -2.000000 5.800000
v 8.000000 -2.000000 5.800000
v 6.694738 -1.914449 5.800000
v 5.411810 -1.659258 5.800000
v 4.173166 -1.238795 5.800000
v 3.000000 -0.660254 5.800000
v 1.912386 0.066467 5.800000
v 0.928932 0.928932 5.800000
v 0.066467 1.912386 5.800000
v -0.660254 3.000000 5.800000
v -1.238795 4.173166 5.800000
v -1.659258 5.411810 5.800000
v -1.914449 6.694738 5.800000
v -1.814705 105.991482 4.366667
v -1.814705 105.991482 2.933333
v -1.875000 105.966507 4.366667
v -1.875000 105.966507 2.933333
v -1.926777 105.926778 4.366667
v -1.926777 105.926778 2.933333
v -1.966506 105.875001 4.366667
v -1.966506 105.875001 2.933333
v -1.991481 105.814706 4.366667
v -1.991481 105.814706 2.933333
v 67.000000 60.000001 3.400000
v 66.965926 59.741182 3.400000
v 66.866025 59.500001 3.400000
v 66.707107 59.292894 3.400000
v 66.500000 59.133975 3.400000
v 66.258819 59.034075 3.400000
v 66.000000 59.000001 3.400000
v 65.741181 59.034075 3.400000
v 65.500000 59.133975 3.400000
v 65.292893 59.292894 3.400000
v 65.133975 59.500001 3.400000
v 65.034074 59.741182 3.400000
v 65.000000 60.000001 3.400000
v 65.034074 60.258820 3.400000
v 65.133975 60.500001 3.400000
v 65.292893 60.707108 3.400000
v 65.500000 60.866026 3.400000
v 65.741181 60.965927 3.400000
v 66.000000 61.000001 3.400000
v 66.258819 60.965927 3.400000
v 66.500000 60.866026 3.400000
v 66.707107 60.707108 3.400000
v 66.866025 60.500001 3.400000
v 66.965926 60.258820 3.400000
v 97.549193 -0.700000 2.400000
v 97.559845 -0.676500 2.155808
v 97.588250 -0.606228 1.915282
v 97.627568 -0.490726 1.692985
v 9.300000 53.534702 1.765610
v 9.300000 53.657997 2.072214
v 9.300000 53.700000 2.400000
v 15.450000 53.534702 1.765610
v 15.450000 53.657997 2.072214
v 108.534704 45.000000 1.765610
v 108.657999 45.000000 2.072214
v 108.700002 45.000000 2.400000
v 108.612336 46.231950 2.400000
v 108.351105 47.439072 2.400000
v 107.921574 48.597040 2.400000
v 107.332399 49.682516 2.400000
v 106.595453 50.673625 2.400000
v 105.725589 51.550393 2.400000
v 104.740337 52.295150 2.400000
v 103.659553 52.892888 2.400000
v 102.505017 53.331560 2.400000
v 101.299998 53.602326 2.400000
v 101.299998 53.576890 2.153269
v 101.299998 53.507095 1.914306
v 101.299998 53.391272 1.695950
v 102.457422 53.173263 1.765610
v 102.492923 53.291336 2.072214
v 103.590022 52.742926 1.765610
v 103.641885 52.854782 2.072214
v 104.650272 52.156544 1.765610
v 104.717451 52.259930 2.072214
v 105.616805 51.425937 1.765610
v 105.697947 51.518768 2.072214
v 106.470141 50.565827 1.765610
v 106.563611 50.646233 2.072214
v 107.193085 49.593549 1.765610
v 107.296998 49.659909 2.072214
v 107.771066 48.528697 1.765610
v 107.883329 48.579673 2.072214
v 108.194527 47.385561 1.765610
v 108.311848 47.423660 2.072214
v 108.449232 46.204847 1.765610
v 108.571024 46.224127 2.072214
v 108.534704 8.000000 1.765610
v 108.657999 8.000000 2.072214
v 108.700002 8.000000 2.400000
v 108.534704 14.166667 1.765610
v 108.534704 20.333333 1.765610
v 108.534704 26.500000 1.765610
v 108.534704 32.666667 1.765610
v 108.534704 38.833333 1.765610
v 108.657999 14.166667 2.072214
v 108.657999 20.333333 2.072214
v 108.657999 26.500000 2.072214
v 108.657999 32.666667 2.072214
v 108.657999 38.833333 2.072214
v 100.000002 -0.534702 1.765610
v 100.000002 -0.657997 2.072214
v 100.000002 -0.700000 2.400000
v 101.238141 -0.611447 2.400000
v 102.451075 -0.347589 2.400000
v 103.614112 0.086202 2.400000
v 104.703577 0.681094 2.400000
v 105.697290 1.424979 2.400000
v 106.575023 2.302712 2.400000
v 107.318907 3.296425 2.400000
v 107.913800 4.385889 2.400000
v 108.347590 5.548927 2.400000
v 108.611448 6.761861 2.400000
v 108.447833 6.785385 1.765610
v 108.569873 6.767839 2.072214
v 108.188988 5.595496 1.765610
v 108.307289 5.560760 2.072214
v 107.763440 4.454557 1.765610
v 107.875593 4.403338 2.072214
v 107.179850 3.385792 1.765610
v 107.283572 3.319133 2.072214
v 106.450099 2.410959 1.765610
v 106.543279 2.330218 2.072214
v 105.589043 1.549902 1.765610
v 105.669784 1.456722 2.072214
v 104.614210 0.820152 1.765610
v 104.680868 0.716429 2.072214
v 103.545445 0.236562 1.765610
v 103.596664 0.124409 2.072214
v 102.404505 -0.188987 1.765610
v 102.439241 -0.307287 2.072214
v 101.214616 -0.447831 1.765610
v 101.232163 -0.569871 2.072214
v 98.699998 53.534702 1.765610
v 98.699998 53.657997 2.072214
v 98.699998 53.700000 2.400000
v 91.971427 53.534702 1.765610
v 85.242856 53.534702 1.765610
v 78.514284 53.534702 1.765610
v 71.785713 53.534702 1.765610
v 65.057142 53.534702 1.765610
v 58.328571 53.534702 1.765610
v 91.971427 53.657997 2.072214
v 85.242856 53.657997 2.072214
v 78.514284 53.657997 2.072214
v 71.785713 53.657997 2.072214
v 65.057142 53.657997 2.072214
v 58.328571 53.657997 2.072214
v 65.500000 20.750000 3.200000
v 65.465926 21.008819 3.200000
v 65.366025 21.250000 3.200000
v 65.207107 21.457107 3.200000
v 65.000000 21.616025 3.200000
v 64.758819 21.715926 3.200000
v 64.500000 21.750000 3.200000
v 64.241181 21.715926 3.200000
v 64.000000 21.616025 3.200000
v 63.792893 21.457107 3.200000
v 63.633975 21.250000 3.200000
v 63.534074 21.008819 3.200000
v 63.500000 20.750000 3.200000
v 63.534074 20.491181 3.200000
v 63.633975 20.250000 3.200000
v 63.792893 20.042893 3.200000
v 64.000000 19.883975 3.200000
v 64.241181 19.784074 3.200000
v 64.500000 19.750000 3.200000
v 64.758819 19.784074 3.200000
v 65.000000 19.883975 3.200000
v 65.207107 20.042893 3.200000
v 65.366025 20.250000 3.200000
v 65.465926 20.491181 3.200000
v 65.300000 20.750000 3.400000
v 65.272741 20.542945 3.400000
v 65.192820 20.350000 3.400000
v 65.065685 20.184315 3.400000
v 64.900000 20.057180 3.400000
v 64.707055 19.977259 3.400000
v 64.500000 19.950000 3.400000
v 64.292945 19.977259 3.400000
v 64.100000 20.057180 3.400000
v 63.934315 20.184315 3.400000
v 63.807180 20.350000 3.400000
v 63.727259 20.542945 3.400000
v 63.700000 20.750000 3.400000
v 63.727259 20.957055 3.400000
v 63.807180 21.150000 3.400000
v 63.934315 21.315685 3.400000
v 64.100000 21.442820 3.400000
v 64.292945 21.522741 3.400000
v 64.500000 21.550000 3.400000
v 64.707055 21.522741 3.400000
v 64.900000 21.442820 3.400000
v 65.065685 21.315685 3.400000
v 65.192820 21.150000 3.400000
v 65.272741 20.957055 3.400000
v 65.500000 20.750000 1.800000
v 65.465926 21.008819 1.800000
v 65.366025 21.250000 1.800000
v 65.207107 21.457107 1.800000
v 65.000000 21.616025 1.800000
v 64.758819 21.715926 1.800000
v 64.500000 21.750000 1.800000
v 64.241181 21.715926 1.800000
v 64.000000 21.616025 1.800000
v 63.792893 21.457107 1.800000
v 63.633975 21.250000 1.800000
v 63.534074 21.008819 1.800000
v 63.500000 20.750000 1.800000
v 63.534074 20.491181 1.800000
v 63.633975 20.250000 1.800000
v 63.792893 20.042893 1.800000
v 64.000000 19.883975 1.800000
v 64.241181 19.784074 1.800000
v 64.500000 19.750000 1.800000
v 64.758819 19.784074 1.800000
v 65.000000 19.883975 1.800000
v 65.207107 20.042893 1.800000
v 65.366025 20.250000 1.800000
v 65.465926 20.491181 1.800000
v 44.500000 20.750000 3.200000
v 44.465926 21.008819 3.200000
v 44.366025 21.250000 3.200000
v 44.207107 21.457107 3.200000
v 44.000000 21.616025 3.200000
v 43.758819 21.715926 3.200000
v 43.500000 21.750000 3.200000
v 43.241181 21.715926 3.200000
v 43.000000 21.616025 3.200000
v 42.792893 21.457107 3.200000
v 42.633975 21.250000 3.200000
v 42.534074 21.008819 3.200000
v 42.500000 20.750000 3.200000
v 42.534074 20.491181 3.200000
v 42.633975 20.250000 3.200000
v 42.792893 20.042893 3.200000
v 43.000000 19.883975 3.200000
v 43.241181 19.784074 3.200000
v 43.500000 19.750000 3.200000
v 43.758819 19.784074 3.200000
v 44.000000 19.883975 3.200000
v 44.207107 20.042893 3.200000
v 44.366025 20.250000 3.200000
v 44.465926 20.491181 3.200000
v 44.300000 20.750000 3.400000
v 44.272741 20.542945 3.400000
v 44.192820 20.350000 3.400000
v 44.065685 20.184315 3.400000
v 43.900000 20.057180 3.400000
v 43.707055 19.977259 3.400000
v 43.500000 19.950000 3.400000
v 43.292945 19.977259 3.400000
v 43.100000 20.057180 3.400000
v 42.934315 20.184315 3.400000
v 42.807180 20.350000 3.400000
v 42.727259 20.542945 3.400000
v 42.700000 20.750000 3.400000
v 42.727259 20.957055 3.400000
v 42.807180 21.150000 3.400000
v 42.934315 21.315685 3.400000
v 43.100000 21.442820 3.400000
v 43.292945 21.522741 3.400000
v 43.500000 21.550000 3.400000
v 43.707055 21.522741 3.400000
v 43.900000 21.442820 3.400000
v 44.065685 21.315685 3.400000
v 44.192820 21.150000 3.400000
v 44.272741 20.957055 3.400000
v 44.500000 20.750000 1.800000
v 44.465926 21.008819 1.800000
v 44.366025 21.250000 1.800000
v 44.207107 21.457107 1.800000
v 44.000000 21.616025 1.800000
v 43.758819 21.715926 1.800000
v 43.500000 21.750000 1.800000
v 43.241181 21.715926 1.800000
v 43.000000 21.616025 1.800000
v 42.792893 21.457107 1.800000
v 42.633975 21.250000 1.800000
v 42.534074 21.008819 1.800000
v 42.500000 20.750000 1.800000
v 42.534074 20.491181 1.800000
v 42.633975 20.250000 1.800000
v 42.792893 20.042893 1.800000
v 43.000000 19.883975 1.800000
v 43.241181 19.784074 1.800000
v 43.500000 19.750000 1.800000
v 43.758819 19.784074 1.800000
v 44.000000 19.883975 1.800000
v 44.207107 20.042893 1.800000
v 44.366025 20.250000 1.800000
v 44.465926 20.491181 1.800000
v 44.500000 39.500000 3.200000
v 44.465926 39.758819 3.200000
v 44.366025 40.000000 3.200000
v 44.207107 40.207107 3.200000
v 44.000000 40.366025 3.200000
v 43.758819 40.465926 3.200000
v 43.500000 40.500000 3.200000
v 43.241181 40.465926 3.200000
v 43.000000 40.366025 3.200000
v 42.792893 40.207107 3.200000
v 42.633975 40.000000 3.200000
v 42.534074 39.758819 3.200000
v 42.500000 39.500000 3.200000
v 42.534074 39.241181 3.200000
v 42.633975 39.000000 3.200000
v 42.792893 38.792893 3.200000
v 43.000000 38.633975 3.200000
v 43.241181 38.534074 3.200000
v 43.500000 38.500000 3.200000
v 43.758819 38.534074 3.200000
v 44.000000 38.633975 3.200000
v 44.207107 38.792893 3.200000
v 44.366025 39.000000 3.200000
v 44.465926 39.241181 3.200000
v 44.300000 39.500000 3.400000
v 44.272741 39.292945 3.400000
v 44.192820 39.100000 3.400000
v 44.065685 38.934315 3.400000
v 43.900000 38.807180 3.400000
v 43.707055 38.727259 3.400000
v 43.500000 38.700000 3.400000
v 43.292945 38.727259 3.400000
v 43.100000 38.807180 3.400000
v 42.934315 38.934315 3.400000
v 42.807180 39.100000 3.400000
v 42.727259 39.292945 3.400000
v 42.700000 39.500000 3.400000
v 42.727259 39.707055 3.400000
v 42.807180 39.900000 3.400000
v 42.934315 40.065685 3.400000
v 43.100000 40.192820 3.400000
v 43.292945 40.272741 3.400000
v 43.500000 40.300000 3.400000
v 43.707055 40.272741 3.400000
v 43.900000 40.192820 3.400000
v 44.065685 40.065685 3.400000
v 44.192820 39.900000 3.400000
v 44.272741 39.707055 3.400000
v 44.500000 39.500000 1.800000
v 44.465926 39.758819 1.800000
v 44.366025 40.000000 1.800000
v 44.207107 40.207107 1.800000
v 44.000000 40.366025 1.800000
v 43.758819 40.465926 1.800000
v 43.500000 40.500000 1.800000
v 43.241181 40.465926 1.800000
v 43.000000 40.366025 1.800000
v 42.792893 40.207107 1.800000
v 42.633975 40.000000 1.800000
v 42.534074 39.758819 1.800000
v 42.500000 39.500000 1.800000
v 42.534074 39.241181 1.800000
v 42.633975 39.000000 1.800000
v 42.792893 38.792893 1.800000
v 43.000000 38.633975 1.800000
v 43.241181 38.534074 1.800000
v 43.500000 38.500000 1.800000
v 43.758819 38.534074 1.800000
v 44.000000 38.633975 1.800000
v 44.207107 38.792893 1.800000
v 44.366025 39.000000 1.800000
v 44.465926 39.241181 1.800000
v 63.491044 20.750000 1.715828
v 63.464575 20.750000 1.635425
v 63.421780 20.750000 1.562392
v 65.474577 20.488863 1.715828
v 65.500144 20.482012 1.635425
v 65.541480 20.470936 1.562392
v 65.578220 20.750000 1.562392
v 65.535425 20.750000 1.635425
v 65.508956 20.750000 1.715828
v 65.373782 20.245522 1.715828
v 65.396704 20.232288 1.635425
v 65.433766 20.210890 1.562392
v 65.213440 20.036560 1.715828
v 65.232156 20.017844 1.635425
v 65.262417 19.987583 1.562392
v 65.004478 19.876218 1.715828
v 65.017712 19.853296 1.635425
v 65.039110 19.816234 1.562392
v 64.761137 19.775423 1.715828
v 64.767988 19.749856 1.635425
v 64.779064 19.708520 1.562392
v 64.500000 19.741044 1.715828
v 64.500000 19.714575 1.635425
v 64.500000 19.671780 1.562392
v 64.238863 19.775423 1.715828
v 64.232012 19.749856 1.635425
v 64.220936 19.708520 1.562392
v 63.995522 19.876218 1.715828
v 63.982288 19.853296 1.635425
v 63.960890 19.816234 1.562392
v 63.786560 20.036560 1.715828
v 63.767844 20.017844 1.635425
v 63.737583 19.987583 1.562392
v 63.626218 20.245522 1.715828
v 63.603296 20.232288 1.635425
v 63.566234 20.210890 1.562392
v 63.525423 20.488863 1.715828
v 63.499856 20.482012 1.635425
v 63.458520 20.470936 1.562392
v 63.525423 21.011137 1.715828
v 63.499856 21.017988 1.635425
v 63.458520 21.029064 1.562392
v 63.626218 21.254478 1.715828
v 63.603296 21.267712 1.635425
v 63.566234 21.289110 1.562392
v 63.786560 21.463440 1.715828
v 63.767844 21.482156 1.635425
v 63.737583 21.512417 1.562392
v 63.995522 21.623782 1.715828
v 63.982288 21.646704 1.635425
v 63.960890 21.683766 1.562392
v 64.238863 21.724577 1.715828
v 64.232012 21.750144 1.635425
v 64.220936 21.791480 1.562392
v 64.500000 21.758956 1.715828
v 64.500000 21.785425 1.635425
v 64.500000 21.828220 1.562392
v 64.761137 21.724577 1.715828
v 64.767988 21.750144 1.635425
v 64.779064 21.791480 1.562392
v 65.004478 21.623782 1.715828
v 65.017712 21.646704 1.635425
v 65.039110 21.683766 1.562392
v 65.213440 21.463440 1.715828
v 65.232156 21.482156 1.635425
v 65.262417 21.512417 1.562392
v 65.373782 21.254478 1.715828
v 65.396704 21.267712 1.635425
v 65.433766 21.289110 1.562392
v 65.474577 21.011137 1.715828
v 65.500144 21.017988 1.635425
v 65.541480 21.029064 1.562392
v 42.491044 39.500000 1.715828
v 42.464575 39.500000 1.635425
v 42.421780 39.500000 1.562392
v 44.474577 39.238863 1.715828
v 44.500144 39.232012 1.635425
v 44.541480 39.220936 1.562392
v 44.578220 39.500000 1.562392
v 44.535425 39.500000 1.635425
v 44.508956 39.500000 1.715828
v 44.373782 38.995522 1.715828
v 44.396704 38.982288 1.635425
v 44.433766 38.960890 1.562392
v 44.213440 38.786560 1.715828
v 44.232156 38.767844 1.635425
v 44.262417 38.737583 1.562392
v 44.004478 38.626218 1.715828
v 44.017712 38.603296 1.635425
v 44.039110 38.566234 1.562392
v 43.761137 38.525423 1.715828
v 43.767988 38.499856 1.635425
v 43.779064 38.458520 1.562392
v 43.500000 38.491044 1.715828
v 43.500000 38.464575 1.635425
v 43.500000 38.421780 1.562392
v 43.238863 38.525423 1.715828
v 43.232012 38.499856 1.635425
v 43.220936 38.458520 1.562392
v 42.995522 38.626218 1.715828
v 42.982288 38.603296 1.635425
v 42.960890 38.566234 1.562392
v 42.786560 38.786560 1.715828
v 42.767844 38.767844 1.635425
v 42.737583 38.737583 1.562392
v 42.626218 38.995522 1.715828
v 42.603296 38.982288 1.635425
v 42.566234 38.960890 1.562392
v 42.525423 39.238863 1.715828
v 42.499856 39.232012 1.635425
v 42.458520 39.220936 1.562392
v 42.525423 39.761137 1.715828
v 42.499856 39.767988 1.635425
v 42.458520 39.779064 1.562392
v 42.626218 40.004478 1.715828
v 42.603296 40.017712 1.635425
v 42.566234 40.039110 1.562392
v 42.786560 40.213440 1.715828
v 42.767844 40.232156 1.635425
v 42.737583 40.262417 1.562392
v 42.995522 40.373782 1.715828
v 42.982288 40.396704 1.635425
v 42.960890 40.433766 1.562392
v 43.238863 40.474577 1.715828
v 43.232012 40.500144 1.635425
v 43.220936 40.541480 1.562392
v 43.500000 40.508956 1.715828
v 43.500000 40.535425 1.635425
v 43.500000 40.578220 1.562392
v 43.761137 40.474577 1.715828
v 43.767988 40.500144 1.635425
v 43.779064 40.541480 1.562392
v 44.004478 40.373782 1.715828
v 44.017712 40.396704 1.635425
v 44.039110 40.433766 1.562392
v 44.213440 40.213440 1.715828
v 44.232156 40.232156 1.635425
v 44.262417 40.262417 1.562392
v 44.373782 40.004478 1.715828
v 44.396704 40.017712 1.635425
v 44.433766 40.039110 1.562392
v 44.474577 39.761137 1.715828
v 44.500144 39.767988 1.635425
v 44.541480 39.779064 1.562392
v 42.491044 20.750000 1.715828
v 42.464575 20.750000 1.635425
v 42.421780 20.750000 1.562392
v 44.474577 20.488863 1.715828
v 44.500144 20.482012 1.635425
v 44.541480 20.470936 1.562392
v 44.578220 20.750000 1.562392
v 44.535425 20.750000 1.635425
v 44.508956 20.750000 1.715828
v 44.373782 20.245522 1.715828
v 44.396704 20.232288 1.635425
v 44.433766 20.210890 1.562392
v 44.213440 20.036560 1.715828
v 44.232156 20.017844 1.635425
v 44.262417 19.987583 1.562392
v 44.004478 19.876218 1.715828
v 44.017712 19.853296 1.635425
v 44.039110 19.816234 1.562392
v 43.761137 19.775423 1.715828
v 43.767988 19.749856 1.635425
v 43.779064 19.708520 1.562392
v 43.500000 19.741044 1.715828
v 43.500000 19.714575 1.635425
v 43.500000 19.671780 1.562392
v 43.238863 19.775423 1.715828
v 43.232012 19.749856 1.635425
v 43.220936 19.708520 1.562392
v 42.995522 19.876218 1.715828
v 42.982288 19.853296 1.635425
v 42.960890 19.816234 1.562392
v 42.786560 20.036560 1.715828
v 42.767844 20.017844 1.635425
v 42.737583 19.987583 1.562392
v 42.626218 20.245522 1.715828
v 42.603296 20.232288 1.635425
v 42.566234 20.210890 1.562392
v 42.525423 20.488863 1.715828
v 42.499856 20.482012 1.635425
v 42.458520 20.470936 1.562392
v 42.525423 21.011137 1.715828
v 42.499856 21.017988 1.635425
v 42.458520 21.029064 1.562392
v 42.626218 21.254478 1.715828
v 42.603296 21.267712 1.635425
v 42.566234 21.289110 1.562392
v 42.786560 21.463440 1.715828
v 42.767844 21.482156 1.635425
v 42.737583 21.512417 1.562392
v 42.995522 21.623782 1.715828
v 42.982288 21.646704 1.635425
v 42.960890 21.683766 1.562392
v 43.238863 21.724577 1.715828
v 43.232012 21.750144 1.635425
v 43.220936 21.791480 1.562392
v 43.500000 21.758956 1.715828
v 43.500000 21.785425 1.635425
v 43.500000 21.828220 1.562392
v 43.761137 21.724577 1.715828
v 43.767988 21.750144 1.635425
v 43.779064 21.791480 1.562392
v 44.004478 21.623782 1.715828
v 44.017712 21.646704 1.635425
v 44.039110 21.683766 1.562392
v 44.213440 21.463440 1.715828
v 44.232156 21.482156 1.635425
v 44.262417 21.512417 1.562392
v 44.373782 21.254478 1.715828
v 44.396704 21.267712 1.635425
v 44.433766 21.289110 1.562392
v 44.474577 21.011137 1.715828
v 44.500144 21.017988 1.635425
v 44.541480 21.029064 1.562392
vt 0.005799 0.050000 0.000000
vt -0.147220 0.050000 0.000000
vt 0.005799 0.000000 0.000000
vt -0.147220 0.000000 0.000000
vt 0.005799 0.050000 0.000000
vt -0.051416 0.050000 0.000000
vt 0.005799 0.000000 0.000000
vt -0.051416 0.000000 0.000000
vt 0.005799 0.050000 0.000000
vt -0.147220 0.050000 0.000000
vt 0.005799 0.000000 0.000000
vt -0.147220 0.000000 0.000000
vt 0.005799 0.050000 0.000000
vt -0.295799 0.050000 0.000000
vt 0.005799 0.000000 0.000000
vt -0.295799 0.000000 0.000000
vt 0.005799 0.050000 0.000000
vt -0.147220 0.050000 0.000000
vt 0.005799 0.000000 0.000000
vt -0.147220 0.000000 0.000000
vt 0.005799 0.050000 0.000000
vt -0.051416 0.050000 0.000000
vt 0.005799 0.000000 0.000000
vt -0.051416 0.000000 0.000000
vt 0.005799 0.050000 0.000000
vt -0.147220 0.050000 0.000000
vt 0.005799 -0.000000 0.000000
vt -0.147220 0.000000 0.000000
vt 0.005799 0.050000 0.000000
vt -0.295799 0.050000 0.000000
vt 0.005799 0.000000 0.000000
vt -0.295799 0.000000 0.000000
vt 2.029080 0.080000 0.000000
vt 0.300000 0.080000 0.000000
vt 2.029080 0.000000 0.000000
vt 0.300000 0.000000 0.000000
vt -4.249080 2.118205 0.000000
vt -4.249591 2.104877 0.000000
vt -2.520000 2.118205 0.000000
vt -4.249898 2.091543 0.000000
vt -3.980000 1.718205 0.000000
vt -4.250000 2.078206 0.000000
vt -4.250000 1.718205 0.000000
vt -3.780000 1.518205 0.000000
vt -3.330000 1.518205 0.000000
vt -3.263244 1.510684 0.000000
vt -3.199835 1.488496 0.000000
vt -2.220000 1.818205 0.000000
vt -3.142953 1.452755 0.000000
vt -3.095451 1.405252 0.000000
vt -3.059709 1.348370 0.000000
vt -3.037522 1.284962 0.000000
vt -3.030000 1.218205 0.000000
vt -3.030000 -0.361794 0.000000
vt -2.212478 0.511449 0.000000
vt -2.220000 0.578206 0.000000
vt -3.037522 -0.428551 0.000000
vt -1.030000 -0.021794 0.000000
vt -1.920000 0.278206 0.000000
vt -1.986756 0.285727 0.000000
vt -1.030000 -0.905383 0.000000
vt -3.059709 -0.491960 0.000000
vt -3.095451 -0.548841 0.000000
vt -3.142953 -0.596344 0.000000
vt -1.022478 -0.972140 0.000000
vt -3.185569 -1.497408 0.000000
vt -3.125429 -1.539914 0.000000
vt -3.199835 -0.632085 0.000000
vt -3.254253 -1.470834 0.000000
vt -3.263244 -0.654273 0.000000
vt -3.327342 -1.461794 0.000000
vt -3.330000 -0.661794 0.000000
vt -3.980000 -0.861794 0.000000
vt -3.780000 -0.661794 0.000000
vt -4.250000 -0.861794 0.000000
vt -4.250000 -1.461794 0.000000
vt -1.000291 -1.035549 0.000000
vt -3.077456 -1.595792 0.000000
vt -0.964550 -1.092430 0.000000
vt -1.887756 -2.005383 0.000000
vt -0.917047 -1.139933 0.000000
vt -1.821000 -2.012905 0.000000
vt -0.860165 -1.175674 0.000000
vt -1.757591 -2.035093 0.000000
vt -0.796756 -1.197862 0.000000
vt -1.700709 -2.070834 0.000000
vt -0.730000 -1.205383 0.000000
vt -1.653206 -2.118337 0.000000
vt 0.385451 -2.118337 0.000000
vt 0.349709 -2.175218 0.000000
vt -1.617465 -2.175218 0.000000
vt 0.327522 -2.238627 0.000000
vt -1.595277 -2.238627 0.000000
vt 0.320000 -2.305383 0.000000
vt -1.587756 -2.305383 0.000000
vt 0.320000 -2.491409 0.000000
vt -1.587756 -2.491409 0.000000
vt -3.044542 -1.661674 0.000000
vt -3.028671 -1.733589 0.000000
vt -2.730000 -2.005383 0.000000
vt -3.012800 -1.805504 0.000000
vt -2.979886 -1.871386 0.000000
vt -2.931914 -1.927264 0.000000
vt -2.871773 -1.969770 0.000000
vt -2.803089 -1.996344 0.000000
vt 0.432953 -2.070834 0.000000
vt 0.489835 -2.035093 0.000000
vt 0.553244 -2.012905 0.000000
vt 0.620000 -2.005383 0.000000
vt 3.120000 -1.205383 0.000000
vt 3.920000 -2.005383 0.000000
vt 3.186756 -1.197862 0.000000
vt 4.220000 -1.705383 0.000000
vt 3.250165 -1.175674 0.000000
vt 4.220000 -1.205383 0.000000
vt 3.307047 -1.139933 0.000000
vt 3.354549 -1.092430 0.000000
vt 3.390291 -1.035549 0.000000
vt 3.412478 -0.972140 0.000000
vt 3.420000 -0.905383 0.000000
vt 4.220000 2.161794 0.000000
vt 3.420000 2.161794 0.000000
vt 3.427522 2.228551 0.000000
vt 4.212478 2.228551 0.000000
vt 3.449709 2.291960 0.000000
vt 4.190291 2.291960 0.000000
vt 3.485451 2.348841 0.000000
vt 4.154549 2.348841 0.000000
vt 3.720000 2.461794 0.000000
vt 3.920000 2.461794 0.000000
vt 4.107047 2.396344 0.000000
vt 4.050165 2.432085 0.000000
vt 3.986756 -1.997862 0.000000
vt 4.050165 -1.975674 0.000000
vt 4.107047 -1.939933 0.000000
vt 4.154550 -1.892430 0.000000
vt 4.190291 -1.835549 0.000000
vt 4.212478 -1.772140 0.000000
vt 3.986756 2.454273 0.000000
vt 3.653244 2.454273 0.000000
vt 3.589835 2.432085 0.000000
vt 3.532953 2.396344 0.000000
vt -1.330000 0.278206 0.000000
vt -1.037522 0.044962 0.000000
vt -1.059709 0.108371 0.000000
vt -1.095451 0.165252 0.000000
vt -1.142953 0.212755 0.000000
vt -1.199835 0.248496 0.000000
vt -1.263244 0.270684 0.000000
vt -2.050165 0.307915 0.000000
vt -2.107047 0.343656 0.000000
vt -2.154550 0.391159 0.000000
vt -2.190291 0.448040 0.000000
vt -2.227522 1.884962 0.000000
vt -2.249709 1.948370 0.000000
vt -2.285451 2.005252 0.000000
vt -2.332953 2.052755 0.000000
vt -2.389835 2.088496 0.000000
vt -2.453244 2.110684 0.000000
vt -0.240000 0.110000 0.000000
vt 0.030000 0.110000 0.000000
vt -0.240000 0.240000 0.000000
vt 0.030000 0.240000 0.000000
vt 0.892658 0.080000 0.000000
vt -0.030000 0.080000 0.000000
vt 0.892658 0.000000 0.000000
vt -0.030000 0.000000 0.000000
vt 0.760000 0.130000 0.000000
vt -0.000000 0.240000 0.000000
vt 0.160000 0.130000 0.000000
vt -0.000000 0.050000 0.000000
vt 0.160000 0.050000 0.000000
vt 0.760000 0.000000 0.000000
vt 3.340000 0.000000 0.000000
vt 3.340000 0.130000 0.000000
vt 3.700000 0.240000 0.000000
vt 3.700000 0.130000 0.000000
vt -0.041040 0.050000 0.000000
vt 0.104041 0.050000 0.000000
vt -0.041040 0.240000 0.000000
vt 0.104041 0.240000 0.000000
vt -0.033734 0.050000 0.000000
vt 0.126499 0.050000 0.000000
vt -0.033734 0.240000 0.000000
vt 0.126499 0.240000 0.000000
vt -0.200000 0.240000 0.000000
vt -0.470000 0.240000 0.000000
vt -0.200000 0.110000 0.000000
vt -0.470000 0.110000 0.000000
vt -5.540000 0.134350 0.000000
vt -6.900000 0.134350 0.000000
vt -5.540000 -0.134350 0.000000
vt -6.900000 -0.134350 0.000000
vt 0.110457 1.115054 0.000000
vt -0.110648 1.106632 0.000000
vt 0.124756 1.102505 0.000000
vt -0.123181 1.089778 0.000000
vt 0.134350 1.092704 0.000000
vt -0.131455 1.070135 0.000000
vt -0.133614 1.059737 0.000000
vt -0.095820 1.119954 0.000000
vt 0.094636 1.125334 0.000000
vt -0.078943 1.130574 0.000000
vt 0.057973 1.140691 0.000000
vt -0.060346 1.138763 0.000000
vt -0.020733 1.147777 0.000000
vt 0.018250 1.148172 0.000000
vt -0.134350 1.049275 0.000000
vt 0.134350 0.956116 0.000000
vt -0.134350 0.899378 0.000000
vt 0.134350 0.819528 0.000000
vt -0.134350 0.749482 0.000000
vt 0.134350 0.682940 0.000000
vt -0.134350 0.599585 0.000000
vt 0.134350 0.546352 0.000000
vt -0.134350 0.449689 0.000000
vt 0.134350 0.409764 0.000000
vt -0.134350 0.299793 0.000000
vt 0.134350 0.273176 0.000000
vt -0.134350 0.149896 0.000000
vt 0.134350 0.136588 0.000000
vt -0.134350 -0.000000 0.000000
vt 0.134350 -0.000000 0.000000
vt 0.240000 0.126452 0.000000
vt 0.239479 0.116876 0.000000
vt 0.240000 0.101162 0.000000
vt 0.237951 0.107241 0.000000
vt 0.232102 0.088256 0.000000
vt 0.240000 0.075871 0.000000
vt 0.223240 0.070305 0.000000
vt 0.240000 0.050581 0.000000
vt 0.212755 0.054021 0.000000
vt 0.200822 0.038421 0.000000
vt 0.240000 0.025290 0.000000
vt 0.187671 0.023105 0.000000
vt 0.240000 0.000000 0.000000
vt 0.159661 -0.006359 0.000000
vt 0.240000 -0.025290 0.000000
vt 0.132096 -0.034019 0.000000
vt 0.240000 -0.050581 0.000000
vt 0.104007 -0.063239 0.000000
vt 0.240000 -0.075871 0.000000
vt 0.078083 -0.093884 0.000000
vt 0.240000 -0.101162 0.000000
vt 0.066895 -0.109563 0.000000
vt 0.240000 -0.126452 0.000000
vt 0.056784 -0.126452 0.000000
vt -0.340000 -0.176777 0.000000
vt -0.290000 -0.176777 0.000000
vt -0.340000 0.176777 0.000000
vt -0.290000 0.176777 0.000000
vt 5.380799 1.366000 0.000000
vt 5.470000 -1.060000 0.000000
vt 5.489000 1.474201 0.000000
vt 5.600000 2.401370 0.000000
vt 5.489000 1.775799 0.000000
vt 5.380799 1.884000 0.000000
vt 5.323584 1.884000 0.000000
vt 5.100000 1.901370 0.000000
vt 5.215383 1.775799 0.000000
vt 5.215383 1.474201 0.000000
vt 5.100000 1.100000 0.000000
vt 5.323584 1.366000 0.000000
vt 4.905526 -5.566445 0.000000
vt 5.200000 -3.640000 0.000000
vt 4.775000 -5.575000 0.000000
vt 5.000000 -3.440000 0.000000
vt -0.230000 -4.783589 0.000000
vt 3.140000 -0.500000 0.000000
vt 0.340000 -0.500000 0.000000
vt 5.033819 -5.540926 0.000000
vt 5.157684 -5.498880 0.000000
vt 5.275000 -5.441025 0.000000
vt 5.383762 -5.368353 0.000000
vt 5.482107 -5.282107 0.000000
vt 5.568353 -5.183761 0.000000
vt 5.641025 -5.075000 0.000000
vt 5.698880 -4.957683 0.000000
vt 5.740926 -4.833819 0.000000
vt 5.766445 -4.705526 0.000000
vt 5.775000 -4.575000 0.000000
vt 5.470000 -3.640000 0.000000
vt 5.775000 5.375000 0.000000
vt 5.600000 3.548630 0.000000
vt 5.100000 4.048630 0.000000
vt 5.100000 4.850000 0.000000
vt 5.575000 5.575000 0.000000
vt 5.000000 4.950000 0.000000
vt -0.950000 4.950000 0.000000
vt -2.127455 5.190393 0.000000
vt -2.033658 5.161940 0.000000
vt 5.768185 5.426764 0.000000
vt 5.748205 5.475000 0.000000
vt 5.716421 5.516421 0.000000
vt 5.675000 5.548205 0.000000
vt 5.626764 5.568185 0.000000
vt -2.225000 5.200000 0.000000
vt -5.575000 5.575000 0.000000
vt -4.600000 5.200000 0.000000
vt -5.091716 5.295000 0.000000
vt -4.980000 5.183284 0.000000
vt -5.383284 5.295000 0.000000
vt -5.626764 5.568185 0.000000
vt -5.675000 5.548205 0.000000
vt -5.716421 5.516421 0.000000
vt -5.748205 5.475000 0.000000
vt -5.768185 5.426764 0.000000
vt -5.775000 5.375000 0.000000
vt -5.495000 5.183284 0.000000
vt -5.495000 4.856716 0.000000
vt -4.700000 0.500000 0.000000
vt -5.383284 4.745000 0.000000
vt -5.091716 4.745000 0.000000
vt -4.980000 4.856716 0.000000
vt -4.700000 5.100000 0.000000
vt -5.775000 -4.575000 0.000000
vt -2.725000 0.500000 0.000000
vt -1.620000 -4.980000 0.000000
vt -2.594474 0.508555 0.000000
vt 0.240000 -0.400000 0.000000
vt -2.466181 0.534074 0.000000
vt -2.342316 0.576120 0.000000
vt -2.225000 0.633975 0.000000
vt -2.116238 0.706647 0.000000
vt -0.950000 1.000000 0.000000
vt -2.017893 0.792893 0.000000
vt -1.931647 0.891239 0.000000
vt -1.858975 1.000000 0.000000
vt -1.050000 1.100000 0.000000
vt -1.801120 1.117317 0.000000
vt -1.759074 1.241181 0.000000
vt -1.733555 1.369474 0.000000
vt -1.725000 1.500000 0.000000
vt -1.050000 4.850000 0.000000
vt -1.725000 4.700000 0.000000
vt -1.734607 4.797545 0.000000
vt -1.763060 4.891342 0.000000
vt -1.809265 4.977785 0.000000
vt -1.871447 5.053553 0.000000
vt -1.947215 5.115735 0.000000
vt -4.775000 -5.575000 0.000000
vt -5.766445 -4.705526 0.000000
vt -5.740926 -4.833819 0.000000
vt -5.698880 -4.957683 0.000000
vt -5.641025 -5.075000 0.000000
vt -5.568353 -5.183761 0.000000
vt -5.482107 -5.282107 0.000000
vt -5.383762 -5.368353 0.000000
vt -5.275000 -5.441025 0.000000
vt -5.157684 -5.498880 0.000000
vt -5.033819 -5.540926 0.000000
vt -4.905526 -5.566445 0.000000
vt -0.320000 -5.180000 0.000000
vt -1.620000 -5.180000 0.000000
vt -0.010000 1.000000 0.000000
vt 0.240000 0.750000 0.000000
vt 5.000000 1.000000 0.000000
vt 5.200000 -1.060000 0.000000
vt 3.240000 -0.400000 0.000000
vt 5.000000 -1.260000 0.000000
vt 3.500000 1.000000 0.000000
vt 3.240000 0.740000 0.000000
vt -0.420000 -4.783589 0.000000
vt -0.520000 -4.980000 0.000000
vt -0.420000 -4.880000 0.000000
vt -0.423407 -4.905882 0.000000
vt -0.433398 -4.930000 0.000000
vt -0.449289 -4.950711 0.000000
vt -0.470000 -4.966603 0.000000
vt -0.494118 -4.976593 0.000000
vt -0.230000 -5.123589 0.000000
vt -0.241928 -5.142488 0.000000
vt -0.257755 -5.158266 0.000000
vt -0.276692 -5.170135 0.000000
vt -0.297791 -5.177503 0.000000
vt -1.040000 0.390000 0.000000
vt -0.100000 0.390000 0.000000
vt -1.040000 0.440000 0.000000
vt -0.100000 0.440000 0.000000
vt 0.390000 -0.261630 0.000000
vt 0.440000 -0.261630 0.000000
vt 0.390000 0.106066 0.000000
vt 0.440000 0.106066 0.000000
vt 0.950000 1.000000 0.000000
vt 0.010000 1.000000 0.000000
vt 1.103407 0.774118 0.000000
vt -0.240000 0.750000 0.000000
vt 1.113397 0.750000 0.000000
vt -0.240000 0.400000 0.000000
vt 1.129289 0.729289 0.000000
vt 1.150000 0.713398 0.000000
vt 1.174118 0.703407 0.000000
vt 1.200000 0.700000 0.000000
vt 2.108048 0.470743 0.000000
vt 1.980909 0.558550 0.000000
vt 2.245417 0.400000 0.000000
vt 1.225882 0.703407 0.000000
vt 1.866106 0.661966 0.000000
vt 1.250000 0.713398 0.000000
vt 1.270711 0.729289 0.000000
vt 1.765543 0.779277 0.000000
vt 1.286602 0.750000 0.000000
vt 1.296592 0.774118 0.000000
vt 1.300000 0.800000 0.000000
vt 1.680887 0.908537 0.000000
vt 1.296592 0.825882 0.000000
vt 1.286602 0.850000 0.000000
vt 1.270711 0.870711 0.000000
vt 1.613543 1.047603 0.000000
vt 1.250000 0.886603 0.000000
vt 1.225882 0.896593 0.000000
vt 1.050000 1.100000 0.000000
vt 1.200000 0.900000 0.000000
vt 1.174118 0.896593 0.000000
vt 1.150000 0.886603 0.000000
vt 1.129289 0.870711 0.000000
vt 1.113397 0.850000 0.000000
vt 1.103407 0.825882 0.000000
vt 1.100000 0.800000 0.000000
vt 1.564626 1.194169 0.000000
vt 1.534948 1.345806 0.000000
vt 1.525000 1.500000 0.000000
vt 1.050000 4.850000 0.000000
vt 1.525000 4.700000 0.000000
vt 1.533271 4.807289 0.000000
vt 1.557888 4.912042 0.000000
vt 0.950000 4.950000 0.000000
vt 1.598270 5.011784 0.000000
vt 1.653462 5.104159 0.000000
vt 1.722160 5.186983 0.000000
vt 1.893300 5.400000 0.000000
vt -5.575000 5.400000 0.000000
vt 1.802741 5.258298 0.000000
vt 1.893300 5.316421 0.000000
vt -5.581471 5.399148 0.000000
vt -5.587500 5.396651 0.000000
vt -5.592678 5.392678 0.000000
vt -5.596651 5.387500 0.000000
vt -5.599148 5.381471 0.000000
vt -5.600000 5.375000 0.000000
vt -5.000000 4.950000 0.000000
vt -5.100000 4.850000 0.000000
vt -5.600000 3.548630 0.000000
vt -5.100000 4.048630 0.000000
vt 0.450000 0.190000 0.000000
vt 0.450000 0.240000 0.000000
vt 0.100000 0.190000 0.000000
vt -0.166192 0.190000 0.000000
vt -0.146530 0.163439 0.000000
vt -0.700000 0.240000 0.000000
vt -0.700000 0.190000 0.000000
vt -0.134200 0.132779 0.000000
vt -0.000000 0.090000 0.000000
vt -0.130000 0.100000 0.000000
vt -0.130000 0.000000 0.000000
vt -0.000000 0.000000 0.000000
vt -1.240000 0.190000 0.000000
vt -0.990000 0.190000 0.000000
vt -1.240000 0.240000 0.000000
vt -0.633808 0.190000 0.000000
vt -0.100000 0.240000 0.000000
vt -0.100000 0.190000 0.000000
vt -0.800000 0.000000 0.000000
vt -0.670000 0.100000 0.000000
vt -0.665800 0.132779 0.000000
vt -0.653470 0.163439 0.000000
vt -0.670000 0.000000 0.000000
vt -5.489000 1.474201 0.000000
vt -5.409780 0.171984 0.000000
vt -5.380799 1.366000 0.000000
vt -5.295000 0.265958 0.000000
vt -5.100000 1.100000 0.000000
vt -5.169421 0.344921 0.000000
vt -5.000000 1.000000 0.000000
vt -5.034994 0.407646 0.000000
vt -4.893806 0.453160 0.000000
vt -5.489000 1.775799 0.000000
vt -5.600000 2.401370 0.000000
vt -5.600000 -0.054942 0.000000
vt -5.511976 0.064461 0.000000
vt -5.380799 1.884000 0.000000
vt -5.323584 1.884000 0.000000
vt -5.100000 1.901370 0.000000
vt -5.215383 1.775799 0.000000
vt -5.215383 1.474201 0.000000
vt -5.323584 1.366000 0.000000
vt -3.240000 0.490000 0.000000
vt -3.500000 1.000000 0.000000
vt -4.600000 0.490000 0.000000
vt -4.748054 0.480754 0.000000
vt -3.240000 0.740000 0.000000
vt 0.070711 1.109085 0.000000
vt 0.070711 1.198151 0.000000
vt -0.070711 1.218306 0.000000
vt 0.039775 1.308663 0.000000
vt -0.070711 1.361983 0.000000
vt 0.017678 1.421110 0.000000
vt -0.070711 1.505659 0.000000
vt 0.004419 1.534885 0.000000
vt -0.070711 1.649336 0.000000
vt 0.000000 1.649336 0.000000
vt -0.070711 1.074629 0.000000
vt 0.070711 1.020019 0.000000
vt -0.070711 0.930952 0.000000
vt 0.070711 0.930952 0.000000
vt 0.070711 -0.487457 0.000000
vt 0.070711 -0.380744 0.000000
vt -0.070711 -0.420902 0.000000
vt 0.003856 -0.349729 0.000000
vt -0.070711 -0.320883 0.000000
vt -0.070711 -0.520921 0.000000
vt 0.070711 -0.594169 0.000000
vt -0.070711 -0.620941 0.000000
vt 0.070711 -0.700881 0.000000
vt -0.070711 -0.720960 0.000000
vt 0.070711 -0.807593 0.000000
vt -0.070711 -0.820979 0.000000
vt 0.070711 -0.914305 0.000000
vt -0.070711 -0.920998 0.000000
vt 0.070711 -1.021018 0.000000
vt -0.070711 -1.021018 0.000000
vt 0.070711 2.350000 0.000000
vt -0.070711 2.350000 0.000000
vt 0.070711 -0.850000 0.000000
vt -0.070711 -0.850000 0.000000
vt 0.071534 0.084824 0.000000
vt -0.069880 0.086191 0.000000
vt 0.070107 -0.062748 0.000000
vt -0.071308 -0.061381 0.000000
vt -0.039775 -1.449618 0.000000
vt 0.070711 -1.354812 0.000000
vt -0.070711 -1.333607 0.000000
vt 0.070711 -1.204277 0.000000
vt -0.070711 -1.185429 0.000000
vt 0.070711 -1.053743 0.000000
vt -0.070711 -1.037250 0.000000
vt 0.070711 -0.903208 0.000000
vt -0.070711 -0.889071 0.000000
vt 0.070711 -0.752673 0.000000
vt -0.070711 -0.740893 0.000000
vt 0.070711 -0.602139 0.000000
vt -0.070711 -0.592714 0.000000
vt 0.070711 -0.451604 0.000000
vt -0.070711 -0.444536 0.000000
vt 0.070711 -0.301069 0.000000
vt -0.070711 -0.296357 0.000000
vt 0.070711 -0.150535 0.000000
vt -0.070711 -0.148179 0.000000
vt 0.070711 0.000000 0.000000
vt -0.070711 0.000000 0.000000
vt 0.070711 -1.505346 0.000000
vt -0.017678 -1.567487 0.000000
vt 0.070711 -1.655881 0.000000
vt -0.004419 -1.686628 0.000000
vt 0.070711 -1.806416 0.000000
vt -0.000000 -1.806416 0.000000
vt -0.000000 0.039612 0.000000
vt -0.141421 0.039612 0.000000
vt 0.000000 0.028294 0.000000
vt 0.000000 -0.039612 0.000000
vt -0.000000 -0.028294 0.000000
vt -0.141421 -0.039612 0.000000
vt 0.000000 -0.016976 0.000000
vt -0.141421 -0.026408 0.000000
vt -0.000000 -0.005659 0.000000
vt -0.141421 -0.013204 0.000000
vt 0.000000 0.005659 0.000000
vt -0.141421 0.000000 0.000000
vt 0.000000 0.016976 0.000000
vt -0.141421 0.013204 0.000000
vt -0.141421 0.026408 0.000000
vt 0.000000 0.056032 0.000000
vt -0.141421 0.056032 0.000000
vt -0.000000 0.043581 0.000000
vt 0.000000 -0.056032 0.000000
vt 0.000000 -0.043581 0.000000
vt -0.141421 -0.043581 0.000000
vt -0.000000 -0.031129 0.000000
vt -0.141421 -0.031129 0.000000
vt 0.000000 -0.018677 0.000000
vt -0.141421 -0.018677 0.000000
vt 0.000000 -0.006226 0.000000
vt -0.141421 -0.006226 0.000000
vt 0.000000 0.006226 0.000000
vt -0.141421 0.006226 0.000000
vt 0.000000 0.018677 0.000000
vt -0.141421 0.018677 0.000000
vt 0.000000 0.031129 0.000000
vt -0.141421 0.031129 0.000000
vt -0.141421 0.043581 0.000000
vt 0.305104 0.004419 0.000000
vt -2.540000 -0.070711 0.000000
vt 0.425000 0.000000 0.000000
vt 2.300000 -0.070711 0.000000
vt 2.300000 0.000000 0.000000
vt 0.185208 0.017678 0.000000
vt -2.540000 0.070711 0.000000
vt 0.065313 0.039775 0.000000
vt -0.054583 0.070711 0.000000
vt 3.352065 -0.004419 0.000000
vt 3.934756 0.070711 0.000000
vt 3.237500 -0.000000 0.000000
vt 1.362500 0.070711 0.000000
vt 1.362500 -0.000000 0.000000
vt 3.466629 -0.017678 0.000000
vt 3.581193 -0.039775 0.000000
vt 3.934756 -0.070711 0.000000
vt 3.695758 -0.070711 0.000000
vt 0.000000 0.100000 0.000000
vt 2.572256 0.100000 0.000000
vt 0.000000 0.190000 0.000000
vt 2.572256 0.190000 0.000000
vt -0.190000 -0.079224 0.000000
vt -0.100000 -0.079224 0.000000
vt -0.190000 -0.056588 0.000000
vt -0.100000 -0.056588 0.000000
vt -0.100000 -0.033953 0.000000
vt -0.190000 -0.033953 0.000000
vt -0.100000 -0.011318 0.000000
vt -0.190000 -0.011318 0.000000
vt -0.100000 0.011318 0.000000
vt -0.190000 0.011318 0.000000
vt -0.100000 0.033953 0.000000
vt -0.190000 0.033953 0.000000
vt -0.100000 0.056588 0.000000
vt -0.190000 0.056588 0.000000
vt -0.190000 0.079224 0.000000
vt -0.100000 0.079224 0.000000
vt 0.201386 0.100000 0.000000
vt 0.348965 0.100000 0.000000
vt 0.201386 0.190000 0.000000
vt 0.348965 0.190000 0.000000
vt -0.240000 -0.112065 0.000000
vt -0.150000 -0.112065 0.000000
vt -0.240000 -0.087162 0.000000
vt -0.150000 -0.087162 0.000000
vt -0.240000 -0.062258 0.000000
vt -0.150000 -0.062258 0.000000
vt -0.240000 -0.037355 0.000000
vt -0.150000 -0.037355 0.000000
vt -0.240000 -0.012452 0.000000
vt -0.150000 -0.012452 0.000000
vt -0.240000 0.012452 0.000000
vt -0.150000 0.012452 0.000000
vt -0.240000 0.037355 0.000000
vt -0.150000 0.037355 0.000000
vt -0.240000 0.062258 0.000000
vt -0.150000 0.062258 0.000000
vt -0.240000 0.087162 0.000000
vt -0.150000 0.087162 0.000000
vt -0.240000 0.112065 0.000000
vt -0.150000 0.112065 0.000000
vt -0.240000 0.886621 0.000000
vt -0.150000 0.886621 0.000000
vt -0.240000 1.023456 0.000000
vt -0.150000 1.023456 0.000000
vt -0.240000 1.160291 0.000000
vt -0.150000 1.160291 0.000000
vt -0.240000 1.297126 0.000000
vt -0.150000 1.297126 0.000000
vt -0.240000 1.433961 0.000000
vt -0.150000 1.433961 0.000000
vt -0.240000 1.570796 0.000000
vt -0.150000 1.570796 0.000000
vt -0.000000 0.150000 0.000000
vt 4.840000 0.150000 0.000000
vt -0.000000 0.240000 0.000000
vt 4.840000 0.240000 0.000000
vt 5.058258 0.300000 0.000000
vt 5.141333 0.257579 0.000000
vt 5.297256 0.300000 0.000000
vt 5.220517 0.208273 0.000000
vt 5.295237 0.152435 0.000000
vt 0.008284 0.240000 0.000000
vt -0.149706 0.240000 0.000000
vt 0.008284 0.000000 0.000000
vt -0.149706 0.000000 0.000000
vt 0.008284 0.240000 0.000000
vt -0.283284 0.240000 0.000000
vt 0.008284 0.000000 0.000000
vt -0.283284 0.000000 0.000000
vt 0.008284 0.240000 0.000000
vt -0.149706 0.240000 0.000000
vt 0.008284 0.000000 0.000000
vt -0.149706 -0.000000 0.000000
vt 0.008284 0.240000 0.000000
vt -0.318284 0.240000 0.000000
vt 0.008284 0.000000 0.000000
vt -0.318284 0.000000 0.000000
vt 0.008284 0.240000 0.000000
vt -0.149706 0.240000 0.000000
vt 0.008284 0.000000 0.000000
vt -0.149706 0.000000 0.000000
vt 0.008284 0.240000 0.000000
vt -0.283284 0.240000 0.000000
vt 0.008284 0.000000 0.000000
vt -0.283284 0.000000 0.000000
vt 0.008284 0.240000 0.000000
vt -0.149706 0.240000 0.000000
vt 0.008284 -0.000000 0.000000
vt -0.149706 0.000000 0.000000
vt 0.008284 0.240000 0.000000
vt -0.318284 0.240000 0.000000
vt 0.008284 0.000000 0.000000
vt -0.318284 0.000000 0.000000
vt 0.190000 0.070711 0.000000
vt -0.050000 0.070711 0.000000
vt 0.190000 -0.070711 0.000000
vt -0.050000 -0.070711 0.000000
vt -2.975000 -0.190000 0.000000
vt -0.600000 -0.190000 0.000000
vt -2.975000 0.050000 0.000000
vt -0.600000 0.050000 0.000000
vt -9.983284 -4.745000 0.000000
vt -9.691716 -4.745000 0.000000
vt -9.300000 -0.500000 0.000000
vt -9.580000 -4.856716 0.000000
vt -9.300000 -5.100000 0.000000
vt -9.580000 -5.183284 0.000000
vt -9.200000 -5.200000 0.000000
vt -9.691716 -5.295000 0.000000
vt -6.493300 -5.400000 0.000000
vt -10.175000 -5.400000 0.000000
vt -9.983284 -5.295000 0.000000
vt -10.200000 -5.375000 0.000000
vt -10.095000 -5.183284 0.000000
vt -10.095000 -4.856716 0.000000
vt -9.975924 -0.361736 0.000000
vt -9.987772 -0.342506 0.000000
vt -9.995003 -0.321108 0.000000
vt -6.416046 -5.139041 0.000000
vt -6.547215 -5.115735 0.000000
vt -6.493300 -5.199975 0.000000
vt -6.633658 -5.161940 0.000000
vt -6.727455 -5.190393 0.000000
vt -6.825000 -5.200000 0.000000
vt -6.471447 -5.053553 0.000000
vt -6.349790 -5.066299 0.000000
vt -6.409265 -4.977785 0.000000
vt -6.296313 -4.983708 0.000000
vt -6.363060 -4.891342 0.000000
vt -6.257054 -4.893486 0.000000
vt -6.334607 -4.797545 0.000000
vt -6.233068 -4.798062 0.000000
vt -6.325000 -4.700000 0.000000
vt -6.225000 -4.700000 0.000000
vt -6.325000 -1.500000 0.000000
vt -6.225000 -1.500000 0.000000
vt -6.333555 -1.369474 0.000000
vt -6.234411 -1.356421 0.000000
vt -6.359074 -1.241181 0.000000
vt -6.262482 -1.215299 0.000000
vt -6.401120 -1.117317 0.000000
vt -6.308733 -1.079048 0.000000
vt -6.458975 -1.000000 0.000000
vt -6.372372 -0.950000 0.000000
vt -6.531647 -0.891239 0.000000
vt -6.452311 -0.830362 0.000000
vt -6.617893 -0.792893 0.000000
vt -6.547183 -0.722183 0.000000
vt -6.716239 -0.706647 0.000000
vt -6.655362 -0.627311 0.000000
vt -6.825000 -0.633975 0.000000
vt -6.775000 -0.547372 0.000000
vt -6.942317 -0.576120 0.000000
vt -6.904048 -0.483733 0.000000
vt -7.066181 -0.534074 0.000000
vt -7.040299 -0.437482 0.000000
vt -7.194474 -0.508555 0.000000
vt -7.181421 -0.409411 0.000000
vt -7.325000 -0.500000 0.000000
vt -7.325000 -0.400000 0.000000
vt -9.897256 -0.400000 0.000000
vt -9.919698 -0.397449 0.000000
vt -9.940996 -0.389927 0.000000
vt -9.960062 -0.377816 0.000000
vt -9.997246 -0.298633 0.000000
vt -10.061234 0.576805 0.000000
vt -9.995228 -0.151067 0.000000
vt -10.035111 0.456093 0.000000
vt -9.991807 -0.126465 0.000000
vt -9.992157 0.340296 0.000000
vt -9.982427 -0.103465 0.000000
vt -9.933240 0.231748 0.000000
vt -9.967668 -0.083487 0.000000
vt -9.948440 -0.067762 0.000000
vt -9.859545 0.132638 0.000000
vt -9.925930 -0.057261 0.000000
vt -9.901526 -0.052633 0.000000
vt -9.876734 -0.054162 0.000000
vt -9.772559 0.044961 0.000000
vt -9.853084 -0.061754 0.000000
vt -9.832034 -0.074941 0.000000
vt -9.674034 -0.029515 0.000000
vt -9.720418 -0.153912 0.000000
vt -9.565955 -0.089289 0.000000
vt -9.599073 -0.216919 0.000000
vt -9.450502 -0.133156 0.000000
vt -9.470267 -0.262785 0.000000
vt -9.330000 -0.160233 0.000000
vt -9.336409 -0.290653 0.000000
vt -9.200000 -0.300000 0.000000
vt -9.070000 -0.170000 0.000000
vt -4.360000 -0.300000 0.000000
vt -4.360000 -0.170000 0.000000
vt -9.070000 0.000000 0.000000
vt -9.330000 0.000000 0.000000
vt -9.074430 0.033646 0.000000
vt -9.325570 0.033646 0.000000
vt -9.312583 0.065000 0.000000
vt -9.087417 0.065000 0.000000
vt -9.291924 0.091924 0.000000
vt -9.108076 0.091924 0.000000
vt -9.265000 0.112583 0.000000
vt -9.135000 0.112583 0.000000
vt -9.233646 0.125570 0.000000
vt -9.166354 0.125570 0.000000
vt -9.200000 0.130000 0.000000
vt -10.070000 0.700000 0.000000
vt -10.200000 4.400000 0.000000
vt -10.070000 4.400000 0.000000
vt -10.191445 4.530526 0.000000
vt -10.061145 4.523814 0.000000
vt -10.165926 4.658819 0.000000
vt -10.034759 4.645107 0.000000
vt -10.123880 4.782683 0.000000
vt -9.991380 4.761411 0.000000
vt -10.066026 4.900000 0.000000
vt -9.931891 4.870358 0.000000
vt -9.993354 5.008761 0.000000
vt -9.857502 4.969729 0.000000
vt -9.907107 5.107107 0.000000
vt -9.769729 5.057502 0.000000
vt -9.808762 5.193353 0.000000
vt -9.670358 5.131891 0.000000
vt -9.700000 5.266025 0.000000
vt -9.561411 5.191380 0.000000
vt -9.582684 5.323880 0.000000
vt -9.445107 5.234759 0.000000
vt -9.458819 5.365926 0.000000
vt -9.323814 5.261145 0.000000
vt -9.330526 5.391445 0.000000
vt -9.200000 5.270000 0.000000
vt -9.200000 5.400000 0.000000
vt -8.954919 5.270000 0.000000
vt -8.645081 5.270000 0.000000
vt -8.632596 5.229597 0.000000
vt -8.967404 5.229597 0.000000
vt -8.630470 5.187363 0.000000
vt -8.969530 5.187363 0.000000
vt -8.638835 5.145910 0.000000
vt -8.961165 5.145910 0.000000
vt -8.657171 5.107805 0.000000
vt -8.942829 5.107805 0.000000
vt -8.684346 5.075404 0.000000
vt -8.915654 5.075404 0.000000
vt -8.718677 5.050713 0.000000
vt -8.881323 5.050713 0.000000
vt -8.758040 5.035260 0.000000
vt -8.841960 5.035260 0.000000
vt -8.800000 5.030000 0.000000
vt -0.000000 5.400000 0.000000
vt -0.454919 5.270000 0.000000
vt -0.145081 5.270000 0.000000
vt -0.132596 5.229597 0.000000
vt -0.467404 5.229597 0.000000
vt -0.130470 5.187363 0.000000
vt -0.469530 5.187363 0.000000
vt -0.138835 5.145910 0.000000
vt -0.461165 5.145910 0.000000
vt -0.157171 5.107805 0.000000
vt -0.442829 5.107805 0.000000
vt -0.184346 5.075404 0.000000
vt -0.415654 5.075404 0.000000
vt -0.218677 5.050713 0.000000
vt -0.381323 5.050713 0.000000
vt -0.258040 5.035260 0.000000
vt -0.341960 5.035260 0.000000
vt -0.300000 5.030000 0.000000
vt -0.000000 5.270000 0.000000
vt 0.130526 5.391445 0.000000
vt 0.123814 5.261145 0.000000
vt 0.258819 5.365926 0.000000
vt 0.245107 5.234759 0.000000
vt 0.382683 5.323880 0.000000
vt 0.361411 5.191380 0.000000
vt 0.500000 5.266025 0.000000
vt 0.470358 5.131891 0.000000
vt 0.608761 5.193353 0.000000
vt 0.569729 5.057502 0.000000
vt 0.707107 5.107107 0.000000
vt 0.657502 4.969729 0.000000
vt 0.793353 5.008761 0.000000
vt 0.731891 4.870358 0.000000
vt 0.866025 4.900000 0.000000
vt 0.791380 4.761411 0.000000
vt 0.923880 4.782683 0.000000
vt 0.834759 4.645107 0.000000
vt 0.965926 4.658819 0.000000
vt 0.861145 4.523814 0.000000
vt 0.991445 4.530526 0.000000
vt 0.870000 4.400000 0.000000
vt 1.000000 4.400000 0.000000
vt 0.870000 0.700000 0.000000
vt 0.996819 0.092566 0.000000
vt 0.987478 0.115996 0.000000
vt 0.861233 0.576805 0.000000
vt 0.972572 0.136343 0.000000
vt 0.835110 0.456093 0.000000
vt 0.953049 0.152313 0.000000
vt 0.930151 0.162891 0.000000
vt 0.792157 0.340296 0.000000
vt 0.905335 0.167402 0.000000
vt 0.880179 0.165560 0.000000
vt 0.856284 0.157483 0.000000
vt 0.733240 0.231749 0.000000
vt 0.835171 0.143684 0.000000
vt 0.818182 0.125040 0.000000
vt 0.659545 0.132638 0.000000
vt 0.732066 0.018766 0.000000
vt 0.572559 0.044961 0.000000
vt 0.632253 -0.074762 0.000000
vt 0.474034 -0.029515 0.000000
vt 0.520611 -0.153794 0.000000
vt 0.365955 -0.089289 0.000000
vt 0.399228 -0.216852 0.000000
vt 0.250502 -0.133156 0.000000
vt 0.270376 -0.262755 0.000000
vt 0.130000 -0.160233 0.000000
vt 0.136465 -0.290645 0.000000
vt -0.000000 -0.300000 0.000000
vt -0.130000 -0.170000 0.000000
vt -1.360000 -0.300000 0.000000
vt -1.360000 -0.170000 0.000000
vt -0.130000 0.000000 0.000000
vt 0.130000 0.000000 0.000000
vt 0.125570 0.033646 0.000000
vt 0.112583 0.065000 0.000000
vt -0.112583 0.065000 0.000000
vt -0.125570 0.033646 0.000000
vt -0.091924 0.091924 0.000000
vt 0.091924 0.091924 0.000000
vt -0.065000 0.112583 0.000000
vt 0.065000 0.112583 0.000000
vt -0.033646 0.125570 0.000000
vt 0.033646 0.125570 0.000000
vt -0.000000 0.130000 0.000000
vt 1.000000 0.067544 0.000000
vt -10.199148 -5.381471 0.000000
vt -10.196651 -5.387500 0.000000
vt -10.192678 -5.392678 0.000000
vt -10.187500 -5.396651 0.000000
vt -10.181471 -5.399148 0.000000
vt -0.100000 0.050000 0.000000
vt -4.700000 0.050000 0.000000
vt -0.100000 -0.190000 0.000000
vt -4.700000 -0.190000 0.000000
vt -0.190000 0.000000 0.000000
vt -0.100000 0.000000 0.000000
vt -0.190000 0.143990 0.000000
vt -0.100000 0.143990 0.000000
vt -0.190000 0.287979 0.000000
vt -0.100000 0.287979 0.000000
vt -0.190000 0.431969 0.000000
vt -0.100000 0.431969 0.000000
vt -0.190000 0.575959 0.000000
vt -0.100000 0.575959 0.000000
vt -0.190000 0.719948 0.000000
vt -0.100000 0.719948 0.000000
vt -0.190000 0.863938 0.000000
vt -0.100000 0.863938 0.000000
vt -0.190000 1.007928 0.000000
vt -0.100000 1.007928 0.000000
vt -0.190000 1.151917 0.000000
vt -0.100000 1.151917 0.000000
vt -0.190000 1.295907 0.000000
vt -0.100000 1.295907 0.000000
vt -0.190000 1.439897 0.000000
vt -0.100000 1.439897 0.000000
vt -0.190000 1.583886 0.000000
vt -0.100000 1.583886 0.000000
vt -0.190000 1.727876 0.000000
vt -0.100000 1.727876 0.000000
vt 0.000000 0.100000 0.000000
vt 3.200000 0.100000 0.000000
vt 0.000000 0.190000 0.000000
vt 3.200000 0.190000 0.000000
vt -0.190000 0.351456 0.000000
vt -0.100000 0.351456 0.000000
vt -0.190000 0.449960 0.000000
vt -0.100000 0.449960 0.000000
vt -0.190000 0.548464 0.000000
vt -0.100000 0.548464 0.000000
vt -0.190000 0.646967 0.000000
vt -0.100000 0.646967 0.000000
vt -0.190000 0.745471 0.000000
vt -0.100000 0.745471 0.000000
vt -0.190000 0.843974 0.000000
vt -0.100000 0.843974 0.000000
vt -0.190000 0.942478 0.000000
vt -0.100000 0.942478 0.000000
vt -0.010000 0.000000 0.000000
vt 0.040000 0.000000 0.000000
vt -0.010000 0.022395 0.000000
vt 0.040000 0.022395 0.000000
vt -0.010000 0.044791 0.000000
vt 0.040000 0.044791 0.000000
vt -0.010000 0.067186 0.000000
vt 0.040000 0.067186 0.000000
vt -0.010000 0.089582 0.000000
vt 0.040000 0.089582 0.000000
vt -0.010000 0.111977 0.000000
vt 0.040000 0.111977 0.000000
vt -0.000000 0.040000 0.000000
vt -0.340000 0.040000 0.000000
vt -0.000000 -0.010000 0.000000
vt -0.340000 -0.010000 0.000000
vt -0.000000 0.040000 0.000000
vt -0.096411 0.040000 0.000000
vt -0.000000 -0.010000 0.000000
vt -0.096411 -0.010000 0.000000
vt 0.010000 0.157080 0.000000
vt -0.040000 0.157080 0.000000
vt 0.010000 0.130900 0.000000
vt -0.040000 0.130900 0.000000
vt 0.010000 0.104720 0.000000
vt -0.040000 0.104720 0.000000
vt 0.010000 0.078540 0.000000
vt -0.040000 0.078540 0.000000
vt 0.010000 0.052360 0.000000
vt -0.040000 0.052360 0.000000
vt 0.010000 0.026180 0.000000
vt -0.040000 0.026180 0.000000
vt 0.010000 0.000000 0.000000
vt -0.040000 0.000000 0.000000
vt -0.000000 0.040000 0.000000
vt -1.100000 0.040000 0.000000
vt 0.000000 -0.010000 0.000000
vt -1.100000 -0.010000 0.000000
vt -0.000000 0.040000 0.000000
vt -0.200000 0.040000 0.000000
vt -0.000000 -0.010000 0.000000
vt -0.200000 -0.010000 0.000000
vt -0.000000 0.040000 0.000000
vt -1.300000 0.040000 0.000000
vt -0.000000 -0.010000 0.000000
vt -1.300000 -0.010000 0.000000
vt -0.200000 -0.392699 0.000000
vt 0.040000 -0.392699 0.000000
vt -0.200000 -0.294524 0.000000
vt 0.040000 -0.294524 0.000000
vt -0.200000 -0.196350 0.000000
vt 0.040000 -0.196350 0.000000
vt -0.200000 -0.098175 0.000000
vt 0.040000 -0.098175 0.000000
vt -0.200000 0.000000 0.000000
vt 0.040000 -0.000000 0.000000
vt -0.200000 0.098175 0.000000
vt 0.040000 0.098175 0.000000
vt -0.200000 0.196350 0.000000
vt 0.040000 0.196350 0.000000
vt -0.200000 0.294524 0.000000
vt 0.040000 0.294524 0.000000
vt -0.200000 0.392699 0.000000
vt 0.040000 0.392699 0.000000
vt 0.030000 1.850000 0.000000
vt -0.210000 1.850000 0.000000
vt 0.030000 -1.350000 0.000000
vt -0.210000 -1.350000 0.000000
vt 0.200000 0.785398 0.000000
vt -0.040000 0.785398 0.000000
vt 0.200000 0.654498 0.000000
vt -0.040000 0.654498 0.000000
vt -0.040000 0.523599 0.000000
vt 0.200000 0.523599 0.000000
vt -0.040000 0.392699 0.000000
vt 0.200000 0.392699 0.000000
vt -0.040000 0.261799 0.000000
vt 0.200000 0.261799 0.000000
vt -0.040000 0.130900 0.000000
vt 0.200000 0.130900 0.000000
vt -0.040000 0.000000 0.000000
vt 0.200000 0.000000 0.000000
vt -0.040000 -0.130900 0.000000
vt 0.200000 -0.130900 0.000000
vt -0.040000 -0.261799 0.000000
vt 0.200000 -0.261799 0.000000
vt -0.040000 -0.392699 0.000000
vt 0.200000 -0.392699 0.000000
vt -0.040000 -0.523599 0.000000
vt 0.200000 -0.523599 0.000000
vt -0.040000 -0.654498 0.000000
vt 0.200000 -0.654498 0.000000
vt 0.200000 -0.785398 0.000000
vt -0.040000 -0.785398 0.000000
vt -0.110000 0.141421 0.000000
vt -0.190000 0.141421 0.000000
vt -0.110000 -0.141421 0.000000
vt -0.240000 -0.141421 0.000000
vt -0.240000 0.141421 0.000000
vt -2.380000 0.240000 0.000000
vt -2.380000 0.190000 0.000000
vt -0.200000 0.240000 0.000000
vt -0.200000 0.190000 0.000000
vt -0.110000 -0.141421 0.000000
vt -0.110000 0.141421 0.000000
vt -0.190000 -0.141421 0.000000
vt -0.240000 0.141421 0.000000
vt -0.240000 -0.141421 0.000000
vt -2.675000 -0.190000 0.000000
vt -0.700000 -0.190000 0.000000
vt -2.675000 0.050000 0.000000
vt -0.700000 0.050000 0.000000
vt -0.000000 0.000000 0.000000
vt 0.083579 0.000000 0.000000
vt -0.000000 0.190000 0.000000
vt 0.144178 0.052727 0.000000
vt 0.200025 0.100000 0.000000
vt 0.200025 0.190000 0.000000
vt 7.468300 0.000000 0.000000
vt 7.468300 0.190000 0.000000
vt 0.000000 0.000000 0.000000
vt 0.000000 0.430000 0.000000
vt 11.150000 0.430000 0.000000
vt 11.150000 0.190000 0.000000
vt 0.430000 0.039270 0.000000
vt 0.190000 0.039270 0.000000
vt 0.310000 0.032725 0.000000
vt 0.190000 0.032725 0.000000
vt 0.310000 0.026180 0.000000
vt 0.190000 0.026180 0.000000
vt 0.310000 0.019635 0.000000
vt 0.190000 0.019635 0.000000
vt 0.310000 0.013090 0.000000
vt 0.190000 0.013090 0.000000
vt 0.310000 0.006545 0.000000
vt 0.190000 0.006545 0.000000
vt 0.190000 0.000000 0.000000
vt 0.430000 0.000000 0.000000
vt 0.430000 0.006545 0.000000
vt 0.430000 0.013090 0.000000
vt 0.430000 0.019635 0.000000
vt 0.430000 0.026180 0.000000
vt 0.430000 0.032725 0.000000
vt 0.000000 0.190000 0.000000
vt 9.775000 0.190000 0.000000
vt 0.000000 0.430000 0.000000
vt 9.775000 0.430000 0.000000
vt -0.000000 0.235619 0.000000
vt -0.080000 0.235619 0.000000
vt -0.000000 0.168300 0.000000
vt -0.080000 0.168300 0.000000
vt -0.080000 0.100980 0.000000
vt -0.000000 0.100980 0.000000
vt -0.080000 0.033660 0.000000
vt -0.000000 0.033660 0.000000
vt -0.080000 -0.033660 0.000000
vt -0.000000 -0.033660 0.000000
vt -0.080000 -0.100980 0.000000
vt -0.000000 -0.100980 0.000000
vt -0.080000 -0.168300 0.000000
vt -0.000000 -0.168300 0.000000
vt -0.000000 -0.235619 0.000000
vt -0.080000 -0.235619 0.000000
vt 1.540000 0.080000 0.000000
vt 0.300000 0.080000 0.000000
vt 1.540000 0.000000 0.000000
vt 0.300000 0.000000 0.000000
vt -0.080000 -0.942478 0.000000
vt -0.000000 -0.942478 0.000000
vt -0.080000 -0.868646 0.000000
vt -0.000000 -0.868646 0.000000
vt -0.080000 -0.794814 0.000000
vt -0.000000 -0.794814 0.000000
vt -0.080000 -0.720982 0.000000
vt -0.000000 -0.720982 0.000000
vt -0.080000 -0.647150 0.000000
vt -0.000000 -0.647150 0.000000
vt -0.080000 -0.573318 0.000000
vt 0.000000 -0.573318 0.000000
vt -0.080000 -0.499486 0.000000
vt 0.000000 -0.499486 0.000000
vt -4.264542 -4.439879 0.000000
vt -5.461145 -4.523814 0.000000
vt -4.248671 -4.511795 0.000000
vt -5.434759 -4.645107 0.000000
vt -4.232800 -4.583710 0.000000
vt -4.199886 -4.649591 0.000000
vt -5.391380 -4.761411 0.000000
vt -4.151914 -4.705469 0.000000
vt -5.331891 -4.870358 0.000000
vt -4.340018 -5.034777 0.000000
vt -5.257502 -4.969729 0.000000
vt -4.379813 -5.049900 0.000000
vt -5.169729 -5.057502 0.000000
vt -4.414603 -5.074436 0.000000
vt -5.070358 -5.131891 0.000000
vt -4.442205 -5.106846 0.000000
vt -4.961411 -5.191380 0.000000
vt -4.460891 -5.145098 0.000000
vt -4.845107 -5.234759 0.000000
vt -4.469486 -5.186793 0.000000
vt -4.723814 -5.261145 0.000000
vt -4.600000 -5.270000 0.000000
vt -5.470000 -4.400000 0.000000
vt -4.297456 -4.373998 0.000000
vt -4.547342 -4.240000 0.000000
vt -4.345429 -4.318120 0.000000
vt -4.405569 -4.275613 0.000000
vt -4.474253 -4.249040 0.000000
vt -5.470000 -4.240000 0.000000
vt -4.454919 -5.270000 0.000000
vt -4.467453 -5.229316 0.000000
vt -4.091773 -4.747976 0.000000
vt -4.297714 -5.030015 0.000000
vt -4.023089 -4.774550 0.000000
vt -4.255553 -5.035913 0.000000
vt -3.950000 -4.783589 0.000000
vt -4.216179 -5.052101 0.000000
vt -4.182062 -5.077564 0.000000
vt -4.155341 -5.110704 0.000000
vt -2.837465 -4.953424 0.000000
vt -3.107756 -4.783589 0.000000
vt -4.137691 -5.149445 0.000000
vt -2.807756 -5.083589 0.000000
vt -2.815278 -5.016833 0.000000
vt -4.130220 -5.191356 0.000000
vt -2.807756 -5.233808 0.000000
vt -4.133396 -5.233808 0.000000
vt -2.873206 -4.896542 0.000000
vt -2.920709 -4.849040 0.000000
vt -2.977591 -4.813298 0.000000
vt -3.041000 -4.791111 0.000000
vt 0.080000 0.235619 0.000000
vt -0.000000 0.235619 0.000000
vt 0.080000 0.168300 0.000000
vt 0.000000 0.168300 0.000000
vt -0.000000 0.100980 0.000000
vt 0.080000 0.100980 0.000000
vt 0.000000 0.033660 0.000000
vt 0.080000 0.033660 0.000000
vt 0.000000 -0.033660 0.000000
vt 0.080000 -0.033660 0.000000
vt 0.000000 -0.100980 0.000000
vt 0.080000 -0.100980 0.000000
vt 0.000000 -0.168300 0.000000
vt 0.080000 -0.168300 0.000000
vt 0.080000 -0.235619 0.000000
vt -0.000000 -0.235619 0.000000
vt 0.750000 0.080000 0.000000
vt 0.300000 0.080000 0.000000
vt 0.750000 0.000000 0.000000
vt 0.300000 0.000000 0.000000
vt 0.080000 0.235619 0.000000
vt 0.000000 0.235619 0.000000
vt 0.080000 0.168300 0.000000
vt -0.000000 0.168300 0.000000
vt 0.000000 0.100980 0.000000
vt 0.080000 0.100980 0.000000
vt -0.000000 0.033660 0.000000
vt 0.080000 0.033660 0.000000
vt 0.000000 -0.033660 0.000000
vt 0.080000 -0.033660 0.000000
vt 0.000000 -0.100980 0.000000
vt 0.080000 -0.100980 0.000000
vt 0.000000 -0.168300 0.000000
vt 0.080000 -0.168300 0.000000
vt 0.080000 -0.235619 0.000000
vt -0.000000 -0.235619 0.000000
vt -5.000000 -1.260000 0.000000
vt -5.000000 -3.440000 0.000000
vt -4.550000 -1.260000 0.000000
vt -4.550000 -3.440000 0.000000
vt -4.483244 -3.432478 0.000000
vt -4.419835 -3.410291 0.000000
vt -4.250000 -3.140000 0.000000
vt -4.483244 -1.267522 0.000000
vt -4.362953 -3.374549 0.000000
vt -4.315451 -3.327047 0.000000
vt -4.279709 -3.270165 0.000000
vt -4.257522 -3.206756 0.000000
vt -4.250000 -1.560000 0.000000
vt -4.419835 -1.289710 0.000000
vt -4.362953 -1.325451 0.000000
vt -4.315451 -1.372953 0.000000
vt -4.279709 -1.429835 0.000000
vt -4.257522 -1.493244 0.000000
vt 0.440000 0.000000 0.000000
vt 0.890000 0.000000 0.000000
vt 0.440000 0.080000 0.000000
vt 0.890000 0.080000 0.000000
vt -0.080000 -0.207372 0.000000
vt -0.000000 -0.207372 0.000000
vt -0.080000 -0.133540 0.000000
vt -0.000000 -0.133540 0.000000
vt -0.080000 -0.059708 0.000000
vt -0.000000 -0.059708 0.000000
vt -0.080000 0.014124 0.000000
vt -0.000000 0.014124 0.000000
vt -0.080000 0.087956 0.000000
vt -0.000000 0.087956 0.000000
vt -0.080000 0.161788 0.000000
vt -0.000000 0.161788 0.000000
vt -0.080000 0.235619 0.000000
vt -0.000000 0.235619 0.000000
vt 0.300000 0.000000 0.000000
vt 1.142244 0.000000 0.000000
vt 0.300000 0.080000 0.000000
vt 1.142244 0.080000 0.000000
vt 0.080000 0.235619 0.000000
vt -0.000000 0.235619 0.000000
vt 0.080000 0.168300 0.000000
vt -0.000000 0.168300 0.000000
vt 0.000000 0.100980 0.000000
vt 0.080000 0.100980 0.000000
vt 0.000000 0.033660 0.000000
vt 0.080000 0.033660 0.000000
vt 0.000000 -0.033660 0.000000
vt 0.080000 -0.033660 0.000000
vt 0.000000 -0.100980 0.000000
vt 0.080000 -0.100980 0.000000
vt -0.000000 -0.168300 0.000000
vt 0.080000 -0.168300 0.000000
vt 0.080000 -0.235619 0.000000
vt -0.000000 -0.235619 0.000000
vt -5.469080 -0.660000 0.000000
vt -3.740000 -0.660000 0.000000
vt -5.452873 -0.528223 0.000000
vt -4.600000 -0.130000 0.000000
vt -5.416804 -0.400447 0.000000
vt -4.633647 -0.125570 0.000000
vt -5.361711 -0.279647 0.000000
vt -5.288879 -0.168637 0.000000
vt -4.665000 -0.112583 0.000000
vt -4.691924 -0.091924 0.000000
vt -3.673244 -0.667522 0.000000
vt -3.240000 -0.400000 0.000000
vt -4.535000 -0.112583 0.000000
vt -4.566354 -0.125570 0.000000
vt -3.140000 -0.500000 0.000000
vt -3.609835 -0.689710 0.000000
vt -3.552953 -0.725451 0.000000
vt -3.505451 -0.772953 0.000000
vt -3.469709 -0.829835 0.000000
vt -3.447522 -0.893244 0.000000
vt -3.440000 -0.960000 0.000000
vt -1.130287 -1.169713 0.000000
vt -1.106771 -1.151669 0.000000
vt -3.440000 -2.200000 0.000000
vt -1.148331 -1.306771 0.000000
vt -1.159674 -1.279387 0.000000
vt -1.163543 -1.250000 0.000000
vt -3.432478 -2.266756 0.000000
vt -2.550000 -2.500000 0.000000
vt -1.106771 -1.348331 0.000000
vt -1.130287 -1.330287 0.000000
vt -3.410291 -2.330165 0.000000
vt -3.140000 -2.500000 0.000000
vt -3.374550 -2.387047 0.000000
vt -3.327047 -2.434549 0.000000
vt -3.270165 -2.470291 0.000000
vt -3.206756 -2.492478 0.000000
vt -2.483244 -2.507522 0.000000
vt -1.079387 -1.359674 0.000000
vt -2.419835 -2.529709 0.000000
vt -1.050000 -1.363543 0.000000
vt -2.362953 -2.565451 0.000000
vt -1.050000 -3.011458 0.000000
vt -2.315451 -2.612953 0.000000
vt -2.279709 -2.669835 0.000000
vt -1.079387 -3.015326 0.000000
vt -2.257522 -2.733244 0.000000
vt -2.250000 -2.800000 0.000000
vt -2.250000 -3.683589 0.000000
vt -1.159674 -3.154387 0.000000
vt -1.163543 -3.125000 0.000000
vt -1.159674 -3.095613 0.000000
vt -2.242478 -3.750345 0.000000
vt -1.950000 -3.983589 0.000000
vt -1.079387 -3.234674 0.000000
vt -1.106771 -3.223331 0.000000
vt -2.220291 -3.813754 0.000000
vt -2.184550 -3.870636 0.000000
vt -2.137047 -3.918138 0.000000
vt -2.080165 -3.953880 0.000000
vt -2.016756 -3.976067 0.000000
vt 1.900000 -3.983589 0.000000
vt -1.020613 -3.234674 0.000000
vt -1.050000 -3.238543 0.000000
vt 1.966756 -3.976067 0.000000
vt 2.030165 -3.953880 0.000000
vt 2.087047 -3.918138 0.000000
vt 2.134549 -3.870636 0.000000
vt 2.170291 -3.813754 0.000000
vt 2.192478 -3.750345 0.000000
vt 2.200000 -3.683589 0.000000
vt 2.200000 -0.616411 0.000000
vt 1.130287 -3.044713 0.000000
vt 1.148331 -3.068229 0.000000
vt 1.159674 -3.095613 0.000000
vt 2.207522 -0.549655 0.000000
vt -0.240000 -0.400000 0.000000
vt -0.340000 -0.500000 0.000000
vt -0.940326 -1.220613 0.000000
vt -0.951669 -1.193229 0.000000
vt -0.969713 -1.169713 0.000000
vt -0.993229 -1.151669 0.000000
vt -1.020613 -1.140326 0.000000
vt -1.050000 -1.136458 0.000000
vt -1.079387 -1.140326 0.000000
vt 2.229709 -0.486246 0.000000
vt 2.265451 -0.429364 0.000000
vt -0.240000 0.133808 0.000000
vt 2.312953 -0.381862 0.000000
vt 2.369835 -0.346120 0.000000
vt 2.433244 -0.323933 0.000000
vt 2.500000 -0.316411 0.000000
vt 4.470000 0.133808 0.000000
vt 2.700000 -0.316411 0.000000
vt 2.766756 -0.323933 0.000000
vt 2.830165 -0.346120 0.000000
vt 4.470000 -0.000000 0.000000
vt 4.474430 -0.033646 0.000000
vt 2.887047 -0.381862 0.000000
vt 4.487417 -0.065000 0.000000
vt 2.934549 -0.429364 0.000000
vt 4.508076 -0.091924 0.000000
vt 2.970291 -0.486246 0.000000
vt 4.535000 -0.112583 0.000000
vt 4.233244 -0.723933 0.000000
vt 4.566353 -0.125570 0.000000
vt 4.300000 -0.716411 0.000000
vt 4.500000 -0.716411 0.000000
vt 4.169835 -0.746120 0.000000
vt 2.992478 -0.549655 0.000000
vt 3.000000 -0.616411 0.000000
vt 3.000000 -3.983589 0.000000
vt 4.000000 -1.016411 0.000000
vt 4.007522 -0.949655 0.000000
vt 4.029709 -0.886246 0.000000
vt 3.000000 -4.483589 0.000000
vt 4.007522 -4.150345 0.000000
vt 4.000000 -4.083589 0.000000
vt 2.992478 -4.550345 0.000000
vt 4.169835 -4.353880 0.000000
vt 4.112953 -4.318138 0.000000
vt 4.065451 -4.270636 0.000000
vt 2.970291 -4.613754 0.000000
vt 4.233244 -4.376067 0.000000
vt 4.157447 -5.035412 0.000000
vt 4.200000 -5.030000 0.000000
vt 2.934549 -4.670636 0.000000
vt 4.117604 -5.051303 0.000000
vt 2.887047 -4.718138 0.000000
vt 4.083006 -5.076661 0.000000
vt 2.830165 -4.753880 0.000000
vt 4.055858 -5.109872 0.000000
vt 4.037887 -5.148822 0.000000
vt 2.766756 -4.776067 0.000000
vt 4.030237 -5.191029 0.000000
vt 4.033396 -5.233808 0.000000
vt 2.700000 -4.783589 0.000000
vt 1.620000 -5.180000 0.000000
vt 1.620000 -4.980000 0.000000
vt 0.420000 -4.783589 0.000000
vt 0.520000 -4.980000 0.000000
vt 0.420000 -4.880000 0.000000
vt 0.423407 -4.905882 0.000000
vt 0.433398 -4.930000 0.000000
vt 0.449289 -4.950711 0.000000
vt 0.470000 -4.966603 0.000000
vt 0.494118 -4.976593 0.000000
vt -0.900000 -5.233808 0.000000
vt 0.320000 -5.180000 0.000000
vt 0.297791 -5.177503 0.000000
vt 0.276692 -5.170135 0.000000
vt 0.257755 -5.158266 0.000000
vt 0.241928 -5.142488 0.000000
vt 0.230000 -5.123589 0.000000
vt -0.900000 -5.083589 0.000000
vt -0.892478 -5.016833 0.000000
vt -0.870291 -4.953424 0.000000
vt -0.600000 -4.783589 0.000000
vt -0.834549 -4.896542 0.000000
vt -0.787047 -4.849040 0.000000
vt -0.730165 -4.813298 0.000000
vt -0.666756 -4.791111 0.000000
vt 0.230000 -4.783589 0.000000
vt 4.300000 -4.383589 0.000000
vt 4.242553 -5.035412 0.000000
vt 4.500000 -4.383589 0.000000
vt 5.301444 -4.850791 0.000000
vt 5.358459 -4.746377 0.000000
vt 5.230150 -4.946028 0.000000
vt 4.282396 -5.051303 0.000000
vt 5.146028 -5.030150 0.000000
vt 4.316993 -5.076661 0.000000
vt 5.050791 -5.101444 0.000000
vt 4.946377 -5.158459 0.000000
vt 4.344142 -5.109872 0.000000
vt 4.834911 -5.200033 0.000000
vt 4.718663 -5.225321 0.000000
vt 4.362113 -5.148822 0.000000
vt 4.600000 -5.233808 0.000000
vt 4.369763 -5.191029 0.000000
vt 4.366604 -5.233808 0.000000
vt 4.566756 -4.376067 0.000000
vt 5.400033 -4.634911 0.000000
vt 4.630165 -4.353880 0.000000
vt 5.425321 -4.518663 0.000000
vt 4.687047 -4.318138 0.000000
vt 5.433808 -4.400000 0.000000
vt 4.734549 -4.270636 0.000000
vt 4.770291 -4.213754 0.000000
vt 4.792478 -4.150345 0.000000
vt 4.800000 -4.083589 0.000000
vt 4.800000 -1.016411 0.000000
vt 5.433808 -0.700000 0.000000
vt 4.792478 -0.949655 0.000000
vt 4.770291 -0.886246 0.000000
vt 4.734549 -0.829364 0.000000
vt 4.687047 -0.781862 0.000000
vt 5.425484 -0.582472 0.000000
vt 4.630165 -0.746120 0.000000
vt 5.400676 -0.467290 0.000000
vt 4.566756 -0.723933 0.000000
vt 5.359881 -0.356755 0.000000
vt 4.600000 -0.130000 0.000000
vt 4.633646 -0.125570 0.000000
vt 5.303913 -0.253074 0.000000
vt 5.233889 -0.158317 0.000000
vt 5.151208 -0.074376 0.000000
vt 4.691924 -0.091924 0.000000
vt 4.665000 -0.112583 0.000000
vt 4.712583 -0.065000 0.000000
vt 5.057521 -0.002927 0.000000
vt 4.725570 -0.033646 0.000000
vt 4.730000 -0.000000 0.000000
vt 4.954698 0.054603 0.000000
vt 4.844793 0.097065 0.000000
vt 4.730000 0.123612 0.000000
vt -3.240000 0.133808 0.000000
vt -4.487417 -0.065000 0.000000
vt -4.508076 -0.091924 0.000000
vt -4.470000 0.133808 0.000000
vt -4.470000 -0.000000 0.000000
vt -4.474430 -0.033646 0.000000
vt -5.200002 -0.070002 0.000000
vt -4.712583 -0.065000 0.000000
vt -5.097153 0.013960 0.000000
vt -4.725570 -0.033646 0.000000
vt -4.730000 -0.000000 0.000000
vt -4.730000 0.160232 0.000000
vt -4.859383 0.130434 0.000000
vt -4.982724 0.081295 0.000000
vt 0.940326 -3.095613 0.000000
vt -0.940326 -3.095613 0.000000
vt 0.936457 -3.125000 0.000000
vt -0.936458 -3.125000 0.000000
vt 0.940326 -3.154387 0.000000
vt -0.940326 -3.154387 0.000000
vt 0.951669 -3.181771 0.000000
vt -0.951669 -3.181771 0.000000
vt 0.969713 -3.205287 0.000000
vt -0.969713 -3.205287 0.000000
vt 0.993229 -3.223331 0.000000
vt -0.993229 -3.223331 0.000000
vt 1.020613 -3.234674 0.000000
vt -0.951669 -3.068229 0.000000
vt 0.951669 -3.068229 0.000000
vt -0.969713 -3.044713 0.000000
vt 0.969713 -3.044713 0.000000
vt -0.993229 -3.026669 0.000000
vt 0.993229 -3.026669 0.000000
vt -1.020613 -3.015326 0.000000
vt 1.020613 -3.015326 0.000000
vt -1.020613 -1.359674 0.000000
vt -0.993229 -1.348331 0.000000
vt 1.050000 -3.011458 0.000000
vt -0.969713 -1.330287 0.000000
vt -0.951669 -1.306771 0.000000
vt -0.940326 -1.279387 0.000000
vt -0.936458 -1.250000 0.000000
vt 1.079387 -3.015326 0.000000
vt 1.106771 -3.026669 0.000000
vt 1.163542 -3.125000 0.000000
vt 1.159674 -3.154387 0.000000
vt 1.148331 -3.181771 0.000000
vt 1.130287 -3.205287 0.000000
vt 1.106771 -3.223331 0.000000
vt 1.079387 -3.234674 0.000000
vt 1.050000 -3.238543 0.000000
vt -1.159674 -1.220613 0.000000
vt -1.148331 -1.193229 0.000000
vt -1.148331 -3.068229 0.000000
vt -1.130287 -3.044713 0.000000
vt -1.106771 -3.026669 0.000000
vt -1.130287 -3.205287 0.000000
vt -1.148331 -3.181771 0.000000
vt 4.065451 -0.829364 0.000000
vt 4.112953 -0.781862 0.000000
vt 4.029709 -4.213754 0.000000
vt 0.006192 0.000000 0.000000
vt 0.156411 0.000000 0.000000
vt -0.011805 0.023670 0.000000
vt 0.156411 0.080000 0.000000
vt -0.023952 0.050810 0.000000
vt -0.029615 0.080000 0.000000
vt 0.080000 0.235619 0.000000
vt 0.000000 0.235619 0.000000
vt 0.080000 0.168300 0.000000
vt 0.000000 0.168300 0.000000
vt 0.000000 0.100980 0.000000
vt 0.080000 0.100980 0.000000
vt 0.000000 0.033660 0.000000
vt 0.080000 0.033660 0.000000
vt 0.000000 -0.033660 0.000000
vt 0.080000 -0.033660 0.000000
vt 0.000000 -0.100980 0.000000
vt 0.080000 -0.100980 0.000000
vt -0.000000 -0.168300 0.000000
vt 0.080000 -0.168300 0.000000
vt 0.080000 -0.235619 0.000000
vt 0.000000 -0.235619 0.000000
vt 0.080000 0.235619 0.000000
vt 0.000000 0.235619 0.000000
vt 0.080000 0.168300 0.000000
vt 0.000000 0.168300 0.000000
vt -0.000000 0.100980 0.000000
vt 0.080000 0.100980 0.000000
vt 0.000000 0.033660 0.000000
vt 0.080000 0.033660 0.000000
vt 0.000000 -0.033660 0.000000
vt 0.080000 -0.033660 0.000000
vt -0.000000 -0.100980 0.000000
vt 0.080000 -0.100980 0.000000
vt 0.000000 -0.168300 0.000000
vt 0.080000 -0.168300 0.000000
vt 0.080000 -0.235619 0.000000
vt -0.000000 -0.235619 0.000000
vt 0.890000 0.080000 0.000000
vt 0.300000 0.080000 0.000000
vt 0.890000 0.000000 0.000000
vt 0.300000 0.000000 0.000000
vt -0.000000 0.235619 0.000000
vt -0.080000 0.235619 0.000000
vt -0.000000 0.168300 0.000000
vt -0.080000 0.168300 0.000000
vt -0.080000 0.100980 0.000000
vt -0.000000 0.100980 0.000000
vt -0.080000 0.033660 0.000000
vt -0.000000 0.033660 0.000000
vt -0.080000 -0.033660 0.000000
vt -0.000000 -0.033660 0.000000
vt -0.080000 -0.100980 0.000000
vt -0.000000 -0.100980 0.000000
vt -0.080000 -0.168300 0.000000
vt -0.000000 -0.168300 0.000000
vt -0.000000 -0.235619 0.000000
vt -0.080000 -0.235619 0.000000
vt 1.183589 0.080000 0.000000
vt 0.300000 0.080000 0.000000
vt 1.183589 0.000000 0.000000
vt 0.300000 0.000000 0.000000
vt 0.080000 0.235619 0.000000
vt -0.000000 0.235619 0.000000
vt 0.080000 0.168300 0.000000
vt -0.000000 0.168300 0.000000
vt 0.000000 0.100980 0.000000
vt 0.080000 0.100980 0.000000
vt 0.000000 0.033660 0.000000
vt 0.080000 0.033660 0.000000
vt 0.000000 -0.033660 0.000000
vt 0.080000 -0.033660 0.000000
vt 0.000000 -0.100980 0.000000
vt 0.080000 -0.100980 0.000000
vt -0.000000 -0.168300 0.000000
vt 0.080000 -0.168300 0.000000
vt 0.080000 -0.235619 0.000000
vt -0.000000 -0.235619 0.000000
vt 3.367178 0.080000 0.000000
vt 0.300000 0.080000 0.000000
vt 3.367178 0.000000 0.000000
vt 0.300000 0.000000 0.000000
vt 0.080000 0.235619 0.000000
vt -0.000000 0.235619 0.000000
vt 0.080000 0.168300 0.000000
vt 0.000000 0.168300 0.000000
vt -0.000000 0.100980 0.000000
vt 0.080000 0.100980 0.000000
vt -0.000000 0.033660 0.000000
vt 0.080000 0.033660 0.000000
vt 0.000000 -0.033660 0.000000
vt 0.080000 -0.033660 0.000000
vt -0.000000 -0.100980 0.000000
vt 0.080000 -0.100980 0.000000
vt 0.000000 -0.168300 0.000000
vt 0.080000 -0.168300 0.000000
vt 0.080000 -0.235619 0.000000
vt -0.000000 -0.235619 0.000000
vt 0.300000 0.000000 0.000000
vt 4.150000 0.000000 0.000000
vt 0.300000 0.080000 0.000000
vt 4.150000 0.080000 0.000000
vt -0.000000 0.235619 0.000000
vt -0.080000 0.235619 0.000000
vt -0.000000 0.168300 0.000000
vt -0.080000 0.168300 0.000000
vt -0.080000 0.100980 0.000000
vt -0.000000 0.100980 0.000000
vt -0.080000 0.033660 0.000000
vt -0.000000 0.033660 0.000000
vt -0.080000 -0.033660 0.000000
vt -0.000000 -0.033660 0.000000
vt -0.080000 -0.100980 0.000000
vt -0.000000 -0.100980 0.000000
vt -0.080000 -0.168300 0.000000
vt -0.000000 -0.168300 0.000000
vt -0.000000 -0.235619 0.000000
vt -0.080000 -0.235619 0.000000
vt 3.367178 0.080000 0.000000
vt 0.300000 0.080000 0.000000
vt 3.367178 0.000000 0.000000
vt 0.300000 0.000000 0.000000
vt -0.392478 -1.600345 0.000000
vt -0.370291 -1.663754 0.000000
vt -0.400000 -1.533589 0.000000
vt -0.334549 -1.720636 0.000000
vt -0.287047 -1.768138 0.000000
vt -0.230165 -1.803880 0.000000
vt -0.230165 1.803880 0.000000
vt -0.400000 1.533589 0.000000
vt -0.287047 1.768138 0.000000
vt -0.334549 1.720636 0.000000
vt -0.166756 1.826067 0.000000
vt -0.166756 -1.826067 0.000000
vt -0.100000 1.833589 0.000000
vt -0.100000 -1.833589 0.000000
vt 0.100000 -1.833589 0.000000
vt 0.100000 1.833589 0.000000
vt 0.166756 -1.826067 0.000000
vt 0.166756 1.826067 0.000000
vt 0.230165 -1.803880 0.000000
vt 0.230165 1.803880 0.000000
vt 0.400000 -1.533589 0.000000
vt 0.400000 1.533589 0.000000
vt 0.287047 -1.768138 0.000000
vt 0.334549 -1.720636 0.000000
vt 0.370291 -1.663754 0.000000
vt 0.392478 -1.600345 0.000000
vt 0.392478 1.600345 0.000000
vt 0.370291 1.663754 0.000000
vt 0.334549 1.720636 0.000000
vt 0.287047 1.768138 0.000000
vt -0.370291 1.663754 0.000000
vt -0.392478 1.600345 0.000000
vt -0.000000 0.235619 0.000000
vt -0.080000 0.235619 0.000000
vt -0.000000 0.168300 0.000000
vt -0.080000 0.168300 0.000000
vt -0.080000 0.100980 0.000000
vt -0.000000 0.100980 0.000000
vt -0.080000 0.033660 0.000000
vt -0.000000 0.033660 0.000000
vt -0.080000 -0.033660 0.000000
vt -0.000000 -0.033660 0.000000
vt -0.080000 -0.100980 0.000000
vt -0.000000 -0.100980 0.000000
vt -0.080000 -0.168300 0.000000
vt -0.000000 -0.168300 0.000000
vt -0.000000 -0.235619 0.000000
vt -0.080000 -0.235619 0.000000
vt 0.300000 0.000000 0.000000
vt 3.367178 0.000000 0.000000
vt 0.300000 0.080000 0.000000
vt 3.367178 0.080000 0.000000
vt -0.000000 0.235619 0.000000
vt -0.080000 0.235619 0.000000
vt -0.000000 0.168300 0.000000
vt -0.080000 0.168300 0.000000
vt -0.080000 0.100980 0.000000
vt -0.000000 0.100980 0.000000
vt -0.080000 0.033660 0.000000
vt -0.000000 0.033660 0.000000
vt -0.080000 -0.033660 0.000000
vt -0.000000 -0.033660 0.000000
vt -0.080000 -0.100980 0.000000
vt -0.000000 -0.100980 0.000000
vt -0.080000 -0.168300 0.000000
vt -0.000000 -0.168300 0.000000
vt -0.000000 -0.235619 0.000000
vt -0.080000 -0.235619 0.000000
vt -0.000000 0.235619 0.000000
vt -0.080000 0.235619 0.000000
vt -0.000000 0.168300 0.000000
vt -0.080000 0.168300 0.000000
vt -0.080000 0.100980 0.000000
vt -0.000000 0.100980 0.000000
vt -0.080000 0.033660 0.000000
vt -0.000000 0.033660 0.000000
vt -0.080000 -0.033660 0.000000
vt -0.000000 -0.033660 0.000000
vt -0.080000 -0.100980 0.000000
vt -0.000000 -0.100980 0.000000
vt -0.080000 -0.168300 0.000000
vt -0.000000 -0.168300 0.000000
vt -0.000000 -0.235619 0.000000
vt -0.080000 -0.235619 0.000000
vt 0.300000 0.000000 0.000000
vt 0.500000 0.000000 0.000000
vt 0.300000 0.080000 0.000000
vt 0.500000 0.080000 0.000000
vt -0.000000 0.235619 0.000000
vt -0.080000 0.235619 0.000000
vt -0.000000 0.168300 0.000000
vt -0.080000 0.168300 0.000000
vt -0.080000 0.100980 0.000000
vt -0.000000 0.100980 0.000000
vt -0.080000 0.033660 0.000000
vt -0.000000 0.033660 0.000000
vt -0.080000 -0.033660 0.000000
vt -0.000000 -0.033660 0.000000
vt -0.080000 -0.100980 0.000000
vt -0.000000 -0.100980 0.000000
vt -0.080000 -0.168300 0.000000
vt -0.000000 -0.168300 0.000000
vt -0.000000 -0.235619 0.000000
vt -0.080000 -0.235619 0.000000
vt -0.000000 0.235619 0.000000
vt -0.080000 0.235619 0.000000
vt -0.000000 0.168300 0.000000
vt -0.080000 0.168300 0.000000
vt -0.080000 0.100980 0.000000
vt -0.000000 0.100980 0.000000
vt -0.080000 0.033660 0.000000
vt -0.000000 0.033660 0.000000
vt -0.080000 -0.033660 0.000000
vt -0.000000 -0.033660 0.000000
vt -0.080000 -0.100980 0.000000
vt -0.000000 -0.100980 0.000000
vt -0.080000 -0.168300 0.000000
vt -0.000000 -0.168300 0.000000
vt -0.000000 -0.235619 0.000000
vt -0.080000 -0.235619 0.000000
vt -0.000000 0.235619 0.000000
vt -0.080000 0.235619 0.000000
vt -0.000000 0.168300 0.000000
vt -0.080000 0.168300 0.000000
vt -0.080000 0.100980 0.000000
vt -0.000000 0.100980 0.000000
vt -0.080000 0.033660 0.000000
vt -0.000000 0.033660 0.000000
vt -0.080000 -0.033660 0.000000
vt -0.000000 -0.033660 0.000000
vt -0.080000 -0.100980 0.000000
vt -0.000000 -0.100980 0.000000
vt -0.080000 -0.168300 0.000000
vt -0.000000 -0.168300 0.000000
vt -0.000000 -0.235619 0.000000
vt -0.080000 -0.235619 0.000000
vt 0.300000 0.000000 0.000000
vt 0.800000 0.000000 0.000000
vt 0.300000 0.080000 0.000000
vt 0.800000 0.080000 0.000000
vt 3.367178 0.080000 0.000000
vt 0.000000 0.080000 0.000000
vt 3.367178 0.000000 0.000000
vt 0.000000 0.000000 0.000000
vt 3.600000 0.000000 0.000000
vt 3.600000 0.080000 0.000000
vt 1.320000 0.000000 0.000000
vt 0.300000 0.080000 0.000000
vt 1.130000 0.000000 0.000000
vt 0.300000 0.000000 0.000000
vt 1.130000 -0.050000 0.000000
vt 1.320000 -0.050000 0.000000
vt 0.300000 0.000000 0.000000
vt 0.468216 0.023670 0.000000
vt 0.300000 0.080000 0.000000
vt 0.480363 0.050810 0.000000
vt 0.486026 0.080000 0.000000
vt 0.450219 0.000000 0.000000
vt 1.880000 0.080000 0.000000
vt 0.300000 0.080000 0.000000
vt 1.880000 0.000000 0.000000
vt 0.300000 0.000000 0.000000
vt 2.902020 0.032493 0.000000
vt 2.734534 0.035829 0.000000
vt 2.902020 0.002693 0.000000
vt 2.052020 0.035829 0.000000
vt 1.369507 0.035829 0.000000
vt 1.369507 0.068966 0.000000
vt 0.686994 0.068966 0.000000
vt 2.902020 0.092092 0.000000
vt -2.043060 0.102102 0.000000
vt 6.147101 0.102102 0.000000
vt 4.809776 0.092092 0.000000
vt 6.146036 0.077530 0.000000
vt 5.464588 0.068966 0.000000
vt 6.143195 0.052429 0.000000
vt 5.464588 0.035829 0.000000
vt 6.139264 0.027337 0.000000
vt 6.135416 0.002693 0.000000
vt 4.809776 0.032493 0.000000
vt 4.809776 0.002693 0.000000
vt 2.902020 0.062292 0.000000
vt 2.734534 0.068966 0.000000
vt 2.052020 0.068966 0.000000
vt 4.809776 0.062292 0.000000
vt -2.041995 0.077530 0.000000
vt -1.360547 0.068966 0.000000
vt -0.678033 0.068966 0.000000
vt 0.004480 0.068966 0.000000
vt 0.004480 0.035829 0.000000
vt 0.686994 0.035829 0.000000
vt -2.039155 0.052429 0.000000
vt -1.360547 0.035829 0.000000
vt -0.678033 0.035829 0.000000
vt -2.035223 0.027337 0.000000
vt -2.031375 0.002693 0.000000
vt 0.300000 0.000000 0.000000
vt 0.500000 0.000000 0.000000
vt 0.300000 0.080000 0.000000
vt 0.500000 0.080000 0.000000
vt 0.300000 0.000000 0.000000
vt 0.500000 0.000000 0.000000
vt 0.300000 0.080000 0.000000
vt 0.500000 0.080000 0.000000
vt 8.462500 -0.078540 0.000000
vt 7.666072 -0.078540 0.000000
vt 8.462500 -0.117810 0.000000
vt 6.869643 -0.078540 0.000000
vt 6.073214 -0.078540 0.000000
vt 6.073214 -0.039270 0.000000
vt 5.276786 -0.039270 0.000000
vt 5.276786 -0.000000 0.000000
vt 4.480357 -0.000000 0.000000
vt 4.480357 0.039270 0.000000
vt 3.683929 0.039270 0.000000
vt 3.683929 0.078540 0.000000
vt 2.887500 0.078540 0.000000
vt 8.462500 0.117810 0.000000
vt -2.687500 0.117810 0.000000
vt 7.666072 -0.039270 0.000000
vt 8.462500 -0.039270 0.000000
vt 7.666072 -0.000000 0.000000
vt 8.462500 -0.000000 0.000000
vt 7.666072 0.039270 0.000000
vt 8.462500 0.039270 0.000000
vt 7.666072 0.078540 0.000000
vt 8.462500 0.078540 0.000000
vt -2.687500 0.078540 0.000000
vt -1.891071 0.078540 0.000000
vt -1.094643 0.078540 0.000000
vt -0.298214 0.078540 0.000000
vt -0.298214 0.039270 0.000000
vt 0.498214 0.039270 0.000000
vt 0.498214 -0.000000 0.000000
vt 1.294643 -0.000000 0.000000
vt 1.294643 -0.039270 0.000000
vt 2.091071 -0.039270 0.000000
vt 2.091071 -0.078540 0.000000
vt 2.887500 -0.078540 0.000000
vt -2.687500 -0.117810 0.000000
vt -1.891071 0.039270 0.000000
vt -2.687500 0.039270 0.000000
vt -1.891071 -0.000000 0.000000
vt -2.687500 -0.000000 0.000000
vt -1.891071 -0.039270 0.000000
vt -2.687500 -0.039270 0.000000
vt -1.891071 -0.078540 0.000000
vt -2.687500 -0.078540 0.000000
vt 6.869643 -0.039270 0.000000
vt 6.869643 -0.000000 0.000000
vt 6.869643 0.039270 0.000000
vt 6.869643 0.078540 0.000000
vt 5.276786 -0.078540 0.000000
vt 4.480357 -0.078540 0.000000
vt 3.683929 -0.078540 0.000000
vt 3.683929 -0.039270 0.000000
vt 2.887500 -0.039270 0.000000
vt 2.887500 -0.000000 0.000000
vt 2.091071 -0.000000 0.000000
vt 2.091071 0.039270 0.000000
vt 1.294643 0.039270 0.000000
vt 1.294643 0.078540 0.000000
vt 0.498214 0.078540 0.000000
vt 4.480357 -0.039270 0.000000
vt 1.294643 -0.078540 0.000000
vt 0.498214 -0.078540 0.000000
vt -0.298214 -0.078540 0.000000
vt -0.298214 -0.039270 0.000000
vt -1.094643 -0.039270 0.000000
vt -1.094643 -0.000000 0.000000
vt 0.498214 -0.039270 0.000000
vt -1.094643 -0.078540 0.000000
vt 6.073214 -0.000000 0.000000
vt 5.276786 0.039270 0.000000
vt 4.480357 0.078540 0.000000
vt 3.683929 -0.000000 0.000000
vt -0.298214 -0.000000 0.000000
vt 6.073214 0.039270 0.000000
vt 6.073214 0.078540 0.000000
vt 2.887500 0.039270 0.000000
vt -1.094643 0.039270 0.000000
vt 5.276786 0.078540 0.000000
vt 2.091071 0.078540 0.000000
vt 0.235619 -0.490296 0.000000
vt 0.196350 -0.490296 0.000000
vt 0.235619 -0.531154 0.000000
vt 0.196350 -0.531154 0.000000
vt 0.235619 -0.572012 0.000000
vt 0.196350 -0.572012 0.000000
vt 0.235619 -0.612870 0.000000
vt 0.196350 -0.612870 0.000000
vt 0.235619 -0.653728 0.000000
vt 0.196350 -0.653728 0.000000
vt 0.235619 -0.694586 0.000000
vt 0.196350 -0.694586 0.000000
vt 0.235619 -0.735444 0.000000
vt 0.196350 -0.735444 0.000000
vt 0.157080 -0.694586 0.000000
vt 0.157080 -0.735444 0.000000
vt 0.117810 -0.694586 0.000000
vt 0.117810 -0.735444 0.000000
vt 0.078540 -0.694586 0.000000
vt 0.078540 -0.735444 0.000000
vt 0.039270 -0.694586 0.000000
vt 0.039270 -0.735444 0.000000
vt 0.000000 -0.694586 0.000000
vt 0.000000 -0.735444 0.000000
vt 0.157080 -0.490296 0.000000
vt 0.157080 -0.531154 0.000000
vt 0.157080 -0.572012 0.000000
vt 0.157080 -0.612870 0.000000
vt 0.157080 -0.653728 0.000000
vt 0.117810 -0.490296 0.000000
vt 0.117810 -0.531154 0.000000
vt 0.117810 -0.572012 0.000000
vt 0.117810 -0.612870 0.000000
vt 0.117810 -0.653728 0.000000
vt 0.078540 -0.490296 0.000000
vt 0.078540 -0.531154 0.000000
vt 0.078540 -0.572012 0.000000
vt 0.078540 -0.612870 0.000000
vt 0.078540 -0.653728 0.000000
vt 0.039270 -0.490296 0.000000
vt 0.039270 -0.531154 0.000000
vt 0.039270 -0.572012 0.000000
vt 0.039270 -0.612870 0.000000
vt 0.039270 -0.653728 0.000000
vt 0.000000 -0.490296 0.000000
vt 0.000000 -0.531154 0.000000
vt 0.000000 -0.572012 0.000000
vt 0.000000 -0.612870 0.000000
vt 0.000000 -0.653728 0.000000
vt 0.662500 0.078540 0.000000
vt 1.491667 0.078540 0.000000
vt 0.662500 0.117810 0.000000
vt 2.320833 0.078540 0.000000
vt 3.150000 0.078540 0.000000
vt 3.150000 0.039270 0.000000
vt 3.979167 0.039270 0.000000
vt 3.979167 -0.000000 0.000000
vt 4.808333 -0.000000 0.000000
vt 4.808333 -0.039270 0.000000
vt 5.637500 -0.039270 0.000000
vt 5.637500 -0.078540 0.000000
vt 6.466667 -0.078540 0.000000
vt 10.612500 -0.117810 0.000000
vt 7.295833 -0.078540 0.000000
vt 8.125000 -0.078540 0.000000
vt 7.295833 -0.039270 0.000000
vt 8.125000 -0.039270 0.000000
vt 7.295833 -0.000000 0.000000
vt 8.125000 -0.000000 0.000000
vt 7.295833 0.039270 0.000000
vt 8.125000 0.039270 0.000000
vt 7.295833 0.078540 0.000000
vt 8.125000 0.078540 0.000000
vt 10.612500 0.117810 0.000000
vt 8.954167 0.078540 0.000000
vt 9.783333 0.078540 0.000000
vt 9.783333 0.039270 0.000000
vt 10.612500 0.039270 0.000000
vt 10.612500 -0.000000 0.000000
vt 9.783333 -0.000000 0.000000
vt 10.612500 -0.039270 0.000000
vt 9.783333 -0.039270 0.000000
vt 10.612500 -0.078540 0.000000
vt 9.783333 -0.078540 0.000000
vt 8.954167 -0.078540 0.000000
vt 1.491667 0.039270 0.000000
vt 0.662500 0.039270 0.000000
vt 1.491667 -0.000000 0.000000
vt 0.662500 -0.000000 0.000000
vt 1.491667 -0.039270 0.000000
vt 0.662500 -0.039270 0.000000
vt 1.491667 -0.078540 0.000000
vt 0.662500 -0.078540 0.000000
vt 0.662500 -0.117810 0.000000
vt 4.808333 -0.078540 0.000000
vt 3.979167 -0.078540 0.000000
vt 3.979167 -0.039270 0.000000
vt 3.150000 -0.039270 0.000000
vt 3.150000 -0.000000 0.000000
vt 2.320833 -0.000000 0.000000
vt 2.320833 0.039270 0.000000
vt 10.612500 0.078540 0.000000
vt 5.637500 0.078540 0.000000
vt 6.466667 0.078540 0.000000
vt 3.979167 0.078540 0.000000
vt 4.808333 0.078540 0.000000
vt 5.637500 0.039270 0.000000
vt 6.466667 0.039270 0.000000
vt 6.466667 -0.000000 0.000000
vt 4.808333 0.039270 0.000000
vt 8.954167 0.039270 0.000000
vt 8.954167 -0.000000 0.000000
vt 8.954167 -0.039270 0.000000
vt 5.637500 -0.000000 0.000000
vt 2.320833 -0.039270 0.000000
vt 2.320833 -0.078540 0.000000
vt 6.466667 -0.039270 0.000000
vt 3.150000 -0.078540 0.000000
vt 0.235619 -1.501785 0.000000
vt 0.196350 -1.501785 0.000000
vt 0.235619 -1.638311 0.000000
vt 0.196350 -1.638311 0.000000
vt 0.235619 -1.774837 0.000000
vt 0.196350 -1.774837 0.000000
vt 0.235619 -1.911363 0.000000
vt 0.196350 -1.911363 0.000000
vt 0.235619 -2.047889 0.000000
vt 0.196350 -2.047889 0.000000
vt 0.235619 -2.184415 0.000000
vt 0.196350 -2.184415 0.000000
vt 0.235619 -2.320940 0.000000
vt 0.196350 -2.320940 0.000000
vt 0.235619 -2.457466 0.000000
vt 0.196350 -2.457466 0.000000
vt 0.235619 -2.593992 0.000000
vt 0.196350 -2.593992 0.000000
vt 0.235619 -2.730518 0.000000
vt 0.196350 -2.730518 0.000000
vt 0.235619 -2.867044 0.000000
vt 0.196350 -2.867044 0.000000
vt 0.235619 -3.003570 0.000000
vt 0.196350 -3.003570 0.000000
vt 0.157080 -2.867044 0.000000
vt 0.157080 -3.003570 0.000000
vt 0.117810 -2.867044 0.000000
vt 0.117810 -3.003570 0.000000
vt 0.078540 -2.867044 0.000000
vt 0.078540 -3.003570 0.000000
vt 0.039270 -2.867044 0.000000
vt 0.039270 -3.003570 0.000000
vt -0.000000 -2.878421 0.000000
vt 0.000000 -3.003570 0.000000
vt 0.157080 -1.501785 0.000000
vt 0.157080 -1.638311 0.000000
vt 0.157080 -1.774837 0.000000
vt 0.157080 -1.911363 0.000000
vt 0.157080 -2.047889 0.000000
vt 0.157080 -2.184415 0.000000
vt 0.157080 -2.320940 0.000000
vt 0.157080 -2.457466 0.000000
vt 0.157080 -2.593992 0.000000
vt 0.157080 -2.730518 0.000000
vt 0.117810 -1.501785 0.000000
vt 0.117810 -1.638311 0.000000
vt 0.117810 -1.774837 0.000000
vt 0.117810 -1.911363 0.000000
vt 0.117810 -2.047889 0.000000
vt 0.117810 -2.184415 0.000000
vt 0.117810 -2.320940 0.000000
vt 0.117810 -2.457466 0.000000
vt 0.117810 -2.593992 0.000000
vt 0.117810 -2.730518 0.000000
vt 0.078540 -1.501785 0.000000
vt 0.078540 -1.638311 0.000000
vt 0.078540 -1.774837 0.000000
vt 0.078540 -1.911363 0.000000
vt 0.078540 -2.047889 0.000000
vt 0.078540 -2.184415 0.000000
vt 0.078540 -2.320940 0.000000
vt 0.078540 -2.457466 0.000000
vt 0.078540 -2.593992 0.000000
vt 0.078540 -2.730518 0.000000
vt 0.039270 -1.501785 0.000000
vt 0.039270 -1.638311 0.000000
vt 0.039270 -1.774837 0.000000
vt 0.039270 -1.911363 0.000000
vt 0.039270 -2.047889 0.000000
vt 0.039270 -2.184415 0.000000
vt 0.039270 -2.320940 0.000000
vt 0.039270 -2.457466 0.000000
vt 0.039270 -2.593992 0.000000
vt 0.039270 -2.730518 0.000000
vt -0.000000 -1.501785 0.000000
vt -0.000000 -1.626934 0.000000
vt -0.000000 -1.752082 0.000000
vt -0.000000 -1.877231 0.000000
vt -0.000000 -2.002380 0.000000
vt -0.000000 -2.127529 0.000000
vt -0.000000 -2.252677 0.000000
vt -0.000000 -2.377826 0.000000
vt -0.000000 -2.502975 0.000000
vt -0.000000 -2.628124 0.000000
vt -0.000000 -2.753272 0.000000
vt -1.887500 0.078540 0.000000
vt -1.091667 0.078540 0.000000
vt -1.887500 0.117810 0.000000
vt -0.295833 0.078540 0.000000
vt 0.500000 0.078540 0.000000
vt 0.500000 0.039270 0.000000
vt 1.295833 0.039270 0.000000
vt 1.295833 0.000000 0.000000
vt 2.091667 0.000000 0.000000
vt 2.091667 -0.039270 0.000000
vt 2.887500 -0.039270 0.000000
vt 2.887500 -0.078540 0.000000
vt 3.683333 -0.078540 0.000000
vt 7.662500 -0.117810 0.000000
vt 4.479167 -0.078540 0.000000
vt 5.275000 -0.078540 0.000000
vt 4.479167 -0.039270 0.000000
vt 5.275000 -0.039270 0.000000
vt 4.479167 0.000000 0.000000
vt 5.275000 0.000000 0.000000
vt 4.479167 0.039270 0.000000
vt 5.275000 0.039270 0.000000
vt 4.479167 0.078540 0.000000
vt 5.275000 0.078540 0.000000
vt 7.662500 0.117810 0.000000
vt 6.070833 0.078540 0.000000
vt 6.866667 0.078540 0.000000
vt 6.866667 0.039270 0.000000
vt 7.662500 0.039270 0.000000
vt 7.662500 0.000000 0.000000
vt 6.866667 0.000000 0.000000
vt 7.662500 -0.039270 0.000000
vt 6.866667 -0.039270 0.000000
vt 7.662500 -0.078540 0.000000
vt 6.866667 -0.078540 0.000000
vt 6.070833 -0.078540 0.000000
vt -1.091667 0.039270 0.000000
vt -1.887500 0.039270 0.000000
vt -1.091667 0.000000 0.000000
vt -1.887500 0.000000 0.000000
vt -1.091667 -0.039270 0.000000
vt -1.887500 -0.039270 0.000000
vt -1.091667 -0.078540 0.000000
vt -1.887500 -0.078540 0.000000
vt -1.887500 -0.117810 0.000000
vt 2.091667 -0.078540 0.000000
vt 1.295833 -0.078540 0.000000
vt 1.295833 -0.039270 0.000000
vt 0.500000 -0.039270 0.000000
vt 0.500000 0.000000 0.000000
vt -0.295833 0.000000 0.000000
vt -0.295833 0.039270 0.000000
vt 7.662500 0.078540 0.000000
vt 2.887500 0.078540 0.000000
vt 3.683333 0.078540 0.000000
vt 1.295833 0.078540 0.000000
vt 2.091667 0.078540 0.000000
vt 2.887500 0.039270 0.000000
vt 3.683333 0.039270 0.000000
vt 3.683333 0.000000 0.000000
vt 2.091667 0.039270 0.000000
vt 6.070833 0.039270 0.000000
vt 6.070833 0.000000 0.000000
vt 6.070833 -0.039270 0.000000
vt 2.887500 0.000000 0.000000
vt -0.295833 -0.039270 0.000000
vt -0.295833 -0.078540 0.000000
vt 3.683333 -0.039270 0.000000
vt 0.500000 -0.078540 0.000000
vt 0.235619 0.000000 0.000000
vt 0.196350 0.000000 0.000000
vt 0.235619 -0.136526 0.000000
vt 0.196350 -0.136526 0.000000
vt 0.235619 -0.273052 0.000000
vt 0.196350 -0.273052 0.000000
vt 0.235619 -0.409578 0.000000
vt 0.196350 -0.409578 0.000000
vt 0.235619 -0.546104 0.000000
vt 0.196350 -0.546104 0.000000
vt 0.235619 -0.682630 0.000000
vt 0.196350 -0.682630 0.000000
vt 0.235619 -0.819155 0.000000
vt 0.196350 -0.819155 0.000000
vt 0.235619 -0.955681 0.000000
vt 0.196350 -0.955681 0.000000
vt 0.235619 -1.092207 0.000000
vt 0.196350 -1.092207 0.000000
vt 0.235619 -1.228733 0.000000
vt 0.196350 -1.228733 0.000000
vt 0.235619 -1.365259 0.000000
vt 0.196350 -1.365259 0.000000
vt 0.235619 -1.501785 0.000000
vt 0.196350 -1.501785 0.000000
vt 0.157080 -1.365259 0.000000
vt 0.157080 -1.501785 0.000000
vt 0.117810 -1.365259 0.000000
vt 0.117810 -1.501785 0.000000
vt 0.078540 -1.365259 0.000000
vt 0.078540 -1.501785 0.000000
vt 0.039270 -1.365259 0.000000
vt 0.039270 -1.501785 0.000000
vt -0.000000 -1.376636 0.000000
vt -0.000000 -1.501785 0.000000
vt 0.157080 0.000000 0.000000
vt 0.157080 -0.136526 0.000000
vt 0.157080 -0.273052 0.000000
vt 0.157080 -0.409578 0.000000
vt 0.157080 -0.546104 0.000000
vt 0.157080 -0.682630 0.000000
vt 0.157080 -0.819155 0.000000
vt 0.157080 -0.955681 0.000000
vt 0.157080 -1.092207 0.000000
vt 0.157080 -1.228733 0.000000
vt 0.117810 0.000000 0.000000
vt 0.117810 -0.136526 0.000000
vt 0.117810 -0.273052 0.000000
vt 0.117810 -0.409578 0.000000
vt 0.117810 -0.546104 0.000000
vt 0.117810 -0.682630 0.000000
vt 0.117810 -0.819155 0.000000
vt 0.117810 -0.955681 0.000000
vt 0.117810 -1.092207 0.000000
vt 0.117810 -1.228733 0.000000
vt 0.078540 0.000000 0.000000
vt 0.078540 -0.136526 0.000000
vt 0.078540 -0.273052 0.000000
vt 0.078540 -0.409578 0.000000
vt 0.078540 -0.546104 0.000000
vt 0.078540 -0.682630 0.000000
vt 0.078540 -0.819155 0.000000
vt 0.078540 -0.955681 0.000000
vt 0.078540 -1.092207 0.000000
vt 0.078540 -1.228733 0.000000
vt 0.039270 0.000000 0.000000
vt 0.039270 -0.136526 0.000000
vt 0.039270 -0.273052 0.000000
vt 0.039270 -0.409578 0.000000
vt 0.039270 -0.546104 0.000000
vt 0.039270 -0.682630 0.000000
vt 0.039270 -0.819155 0.000000
vt 0.039270 -0.955681 0.000000
vt 0.039270 -1.092207 0.000000
vt 0.039270 -1.228733 0.000000
vt -0.000000 0.000000 0.000000
vt -0.000000 -0.125149 0.000000
vt -0.000000 -0.250297 0.000000
vt -0.000000 -0.375446 0.000000
vt -0.000000 -0.500595 0.000000
vt -0.000000 -0.625744 0.000000
vt -0.000000 -0.750892 0.000000
vt -0.000000 -0.876041 0.000000
vt -0.000000 -1.001190 0.000000
vt -0.000000 -1.126339 0.000000
vt -0.000000 -1.251487 0.000000
vt -5.037500 0.078540 0.000000
vt -4.208333 0.078540 0.000000
vt -5.037500 0.117810 0.000000
vt -3.379167 0.078540 0.000000
vt -2.550000 0.078540 0.000000
vt -2.550000 0.039270 0.000000
vt -1.720833 0.039270 0.000000
vt -1.720833 0.000000 0.000000
vt -0.891667 0.000000 0.000000
vt -0.891667 -0.039270 0.000000
vt -0.062500 -0.039270 0.000000
vt -0.062500 -0.078540 0.000000
vt 0.766667 -0.078540 0.000000
vt 4.912500 -0.117810 0.000000
vt 1.595833 -0.078540 0.000000
vt 2.425000 -0.078540 0.000000
vt 1.595833 -0.039270 0.000000
vt 2.425000 -0.039270 0.000000
vt 1.595833 0.000000 0.000000
vt 2.425000 0.000000 0.000000
vt 1.595833 0.039270 0.000000
vt 2.425000 0.039270 0.000000
vt 1.595833 0.078540 0.000000
vt 2.425000 0.078540 0.000000
vt 4.912500 0.117810 0.000000
vt 3.254167 0.078540 0.000000
vt 4.083333 0.078540 0.000000
vt 4.083333 0.039270 0.000000
vt 4.912500 0.039270 0.000000
vt 4.912500 -0.000000 0.000000
vt 4.083333 -0.000000 0.000000
vt 4.912500 -0.039270 0.000000
vt 4.083333 -0.039270 0.000000
vt 4.912500 -0.078540 0.000000
vt 4.083333 -0.078540 0.000000
vt 3.254167 -0.078540 0.000000
vt -4.208333 0.039270 0.000000
vt -5.037500 0.039270 0.000000
vt -4.208333 0.000000 0.000000
vt -5.037500 0.000000 0.000000
vt -4.208333 -0.039270 0.000000
vt -5.037500 -0.039270 0.000000
vt -4.208333 -0.078540 0.000000
vt -5.037500 -0.078540 0.000000
vt -5.037500 -0.117810 0.000000
vt -0.891667 -0.078540 0.000000
vt -1.720833 -0.078540 0.000000
vt -1.720833 -0.039270 0.000000
vt -2.550000 -0.039270 0.000000
vt -2.550000 0.000000 0.000000
vt -3.379167 0.000000 0.000000
vt -3.379167 0.039270 0.000000
vt 4.912500 0.078540 0.000000
vt -0.062500 0.078540 0.000000
vt 0.766667 0.078540 0.000000
vt -1.720833 0.078540 0.000000
vt -0.891667 0.078540 0.000000
vt -0.062500 0.039270 0.000000
vt 0.766667 0.039270 0.000000
vt 0.766667 0.000000 0.000000
vt -0.891667 0.039270 0.000000
vt 3.254167 0.039270 0.000000
vt 3.254167 -0.000000 0.000000
vt 3.254167 -0.039270 0.000000
vt -0.062500 0.000000 0.000000
vt -3.379167 -0.039270 0.000000
vt -3.379167 -0.078540 0.000000
vt 0.766667 -0.039270 0.000000
vt -2.550000 -0.078540 0.000000
vt 0.235619 0.245148 0.000000
vt 0.196350 0.245148 0.000000
vt 0.235619 0.204290 0.000000
vt 0.196350 0.204290 0.000000
vt 0.235619 0.163432 0.000000
vt 0.196350 0.163432 0.000000
vt 0.235619 0.122574 0.000000
vt 0.196350 0.122574 0.000000
vt 0.235619 0.081716 0.000000
vt 0.196350 0.081716 0.000000
vt 0.235619 0.040858 0.000000
vt 0.196350 0.040858 0.000000
vt 0.235619 0.000000 0.000000
vt 0.196350 0.000000 0.000000
vt 0.157080 0.040858 0.000000
vt 0.157080 0.000000 0.000000
vt 0.117810 0.040858 0.000000
vt 0.117810 0.000000 0.000000
vt 0.078540 0.040858 0.000000
vt 0.078540 0.000000 0.000000
vt 0.039270 0.040858 0.000000
vt 0.039270 0.000000 0.000000
vt -0.000000 0.040858 0.000000
vt -0.000000 0.000000 0.000000
vt 0.157080 0.245148 0.000000
vt 0.157080 0.204290 0.000000
vt 0.157080 0.163432 0.000000
vt 0.157080 0.122574 0.000000
vt 0.157080 0.081716 0.000000
vt 0.117810 0.245148 0.000000
vt 0.117810 0.204290 0.000000
vt 0.117810 0.163432 0.000000
vt 0.117810 0.122574 0.000000
vt 0.117810 0.081716 0.000000
vt 0.078540 0.245148 0.000000
vt 0.078540 0.204290 0.000000
vt 0.078540 0.163432 0.000000
vt 0.078540 0.122574 0.000000
vt 0.078540 0.081716 0.000000
vt 0.039270 0.245148 0.000000
vt 0.039270 0.204290 0.000000
vt 0.039270 0.163432 0.000000
vt 0.039270 0.122574 0.000000
vt 0.039270 0.081716 0.000000
vt 0.000000 0.245148 0.000000
vt -0.000000 0.204290 0.000000
vt -0.000000 0.163432 0.000000
vt -0.000000 0.122574 0.000000
vt -0.000000 0.081716 0.000000
vt 0.010000 0.785398 0.000000
vt -0.320000 0.785398 0.000000
vt 0.010000 0.654498 0.000000
vt -0.320000 0.654498 0.000000
vt -0.320000 0.523599 0.000000
vt 0.010000 0.523599 0.000000
vt -0.320000 0.392699 0.000000
vt 0.010000 0.392699 0.000000
vt -0.320000 0.261799 0.000000
vt 0.010000 0.261799 0.000000
vt -0.320000 0.130900 0.000000
vt 0.010000 0.130900 0.000000
vt -0.320000 0.000000 0.000000
vt 0.010000 0.000000 0.000000
vt -0.320000 -0.130900 0.000000
vt 0.010000 -0.130900 0.000000
vt -0.320000 -0.261799 0.000000
vt 0.010000 -0.261799 0.000000
vt -0.320000 -0.392699 0.000000
vt 0.010000 -0.392699 0.000000
vt -0.320000 -0.523599 0.000000
vt 0.010000 -0.523599 0.000000
vt -0.320000 -0.654498 0.000000
vt 0.010000 -0.654498 0.000000
vt 0.010000 -0.785398 0.000000
vt -0.320000 -0.785398 0.000000
vt 10.150000 0.320000 0.000000
vt 0.200000 0.320000 0.000000
vt 10.150000 -0.010000 0.000000
vt 0.200000 -0.010000 0.000000
vt 0.010000 0.157080 0.000000
vt -0.320000 0.157080 0.000000
vt 0.010000 0.104720 0.000000
vt -0.320000 0.104720 0.000000
vt 0.010000 0.052360 0.000000
vt -0.320000 0.052360 0.000000
vt 0.010000 -0.000000 0.000000
vt -0.320000 0.000000 0.000000
vt 0.010000 -0.052360 0.000000
vt -0.320000 -0.052360 0.000000
vt 0.010000 -0.104720 0.000000
vt -0.320000 -0.104720 0.000000
vt 0.010000 -0.157080 0.000000
vt -0.320000 -0.157080 0.000000
vt 11.350000 0.320000 0.000000
vt 0.200000 0.320000 0.000000
vt 11.350000 -0.010000 0.000000
vt 0.200000 -0.010000 0.000000
vt -5.600000 10.275000 0.000000
vt -5.625000 10.275000 0.000000
vt -5.600000 0.500000 0.000000
vt -5.625000 0.325000 0.000000
vt -5.591445 0.369474 0.000000
vt -5.565926 0.241181 0.000000
vt -5.616348 0.204032 0.000000
vt -5.523880 0.117317 0.000000
vt -5.590569 0.085527 0.000000
vt -5.466025 -0.000000 0.000000
vt -5.548187 -0.028103 0.000000
vt -5.490066 -0.134545 0.000000
vt -5.599148 10.281471 0.000000
vt -5.623296 10.287941 0.000000
vt -5.596651 10.287500 0.000000
vt -5.618301 10.300000 0.000000
vt -5.592678 10.292678 0.000000
vt -5.610355 10.310355 0.000000
vt -5.587500 10.296651 0.000000
vt -5.600000 10.318301 0.000000
vt -5.581471 10.299148 0.000000
vt -5.587941 10.323296 0.000000
vt -5.575000 10.300000 0.000000
vt -5.575000 10.325000 0.000000
vt 5.575000 10.300000 0.000000
vt 5.575000 10.325000 0.000000
vt 5.587941 10.323296 0.000000
vt 5.581471 10.299148 0.000000
vt 5.600000 10.318301 0.000000
vt 5.587500 10.296651 0.000000
vt 5.610355 10.310355 0.000000
vt 5.592678 10.292678 0.000000
vt 5.618301 10.300000 0.000000
vt 5.596651 10.287500 0.000000
vt 5.623296 10.287941 0.000000
vt 5.599148 10.281471 0.000000
vt 5.625000 10.275000 0.000000
vt 5.600000 10.275000 0.000000
vt 5.600000 0.500000 0.000000
vt 5.625000 0.325000 0.000000
vt 5.591445 0.369474 0.000000
vt 5.565926 0.241181 0.000000
vt 5.616348 0.204032 0.000000
vt 5.523880 0.117317 0.000000
vt 5.590569 0.085527 0.000000
vt 5.466025 0.000000 0.000000
vt 5.548187 -0.028103 0.000000
vt 5.490066 -0.134545 0.000000
vt 5.393353 -0.108761 0.000000
vt 5.417387 -0.231632 0.000000
vt 5.307107 -0.207107 0.000000
vt 5.331632 -0.317387 0.000000
vt 5.208762 -0.293353 0.000000
vt 5.234545 -0.390066 0.000000
vt 5.100000 -0.366025 0.000000
vt 5.128103 -0.448187 0.000000
vt 4.982684 -0.423880 0.000000
vt 5.014473 -0.490569 0.000000
vt 4.895968 -0.516348 0.000000
vt 4.858819 -0.465926 0.000000
vt 4.775000 -0.525000 0.000000
vt 4.730526 -0.491445 0.000000
vt 4.600000 -0.500000 0.000000
vt -4.600000 -0.500000 0.000000
vt -4.775000 -0.525000 0.000000
vt -4.730526 -0.491445 0.000000
vt -4.858819 -0.465926 0.000000
vt -4.895968 -0.516348 0.000000
vt -4.982684 -0.423880 0.000000
vt -5.014473 -0.490569 0.000000
vt -5.128103 -0.448187 0.000000
vt -5.100000 -0.366025 0.000000
vt -5.234545 -0.390066 0.000000
vt -5.208762 -0.293353 0.000000
vt -5.331632 -0.317387 0.000000
vt -5.307107 -0.207107 0.000000
vt -5.417387 -0.231632 0.000000
vt -5.393353 -0.108761 0.000000
vt 9.375000 0.430000 0.000000
vt 0.175000 0.430000 0.000000
vt 9.375000 0.190000 0.000000
vt 0.175000 0.190000 0.000000
vt 0.390000 -0.070711 0.000000
vt 0.440000 -0.070711 0.000000
vt 0.390000 0.070711 0.000000
vt 0.440000 0.070711 0.000000
vt -0.801370 0.390000 0.000000
vt 0.000000 0.390000 0.000000
vt -0.801370 0.440000 0.000000
vt 0.000000 0.440000 0.000000
vt 0.390000 -0.070711 0.000000
vt 0.440000 -0.070711 0.000000
vt 0.390000 0.070711 0.000000
vt 0.440000 0.070711 0.000000
vt -1.650000 0.390000 0.000000
vt -0.150000 0.390000 0.000000
vt -1.650000 0.440000 0.000000
vt -0.150000 0.440000 0.000000
vt -0.390000 0.070711 0.000000
vt -0.440000 0.070711 0.000000
vt -0.390000 -0.070711 0.000000
vt -0.440000 -0.070711 0.000000
vt -3.850000 0.390000 0.000000
vt -0.100000 0.390000 0.000000
vt -3.850000 0.440000 0.000000
vt -0.100000 0.440000 0.000000
vt -0.390000 0.070711 0.000000
vt -0.440000 0.070711 0.000000
vt -0.390000 -0.070711 0.000000
vt -0.440000 -0.070711 0.000000
vt -0.100000 0.440000 0.000000
vt -6.050000 0.440000 0.000000
vt -0.100000 0.390000 0.000000
vt -6.050000 0.390000 0.000000
vt 0.390000 -0.459619 0.000000
vt 0.440000 -0.459619 0.000000
vt 0.390000 0.247487 0.000000
vt 0.440000 0.247487 0.000000
vt 1.956312 0.390000 0.000000
vt -0.500000 0.390000 0.000000
vt 1.968915 0.383216 0.000000
vt 1.968915 0.200000 0.000000
vt -1.647260 0.390000 0.000000
vt -3.473630 -0.040000 0.000000
vt -3.473630 0.390000 0.000000
vt -0.500000 0.440000 0.000000
vt -1.647260 0.440000 0.000000
vt 6.301370 -0.040000 0.000000
vt 6.301370 0.200000 0.000000
vt 0.390000 -0.247487 0.000000
vt 0.440000 -0.247487 0.000000
vt 0.390000 0.459619 0.000000
vt 0.440000 0.459619 0.000000
vt -0.100000 0.440000 0.000000
vt -0.901370 0.440000 0.000000
vt -0.100000 0.390000 0.000000
vt -0.901370 0.390000 0.000000
vt 0.430000 0.006545 0.000000
vt 0.286667 0.006545 0.000000
vt 0.430000 0.000000 0.000000
vt 0.143333 0.006545 0.000000
vt 0.000000 0.000000 0.000000
vt 0.000000 0.006545 0.000000
vt 0.000000 0.013090 0.000000
vt 0.143333 0.013090 0.000000
vt -0.000000 0.019635 0.000000
vt 0.143333 0.019635 0.000000
vt 0.000000 0.026180 0.000000
vt 0.143333 0.026180 0.000000
vt 0.000000 0.032725 0.000000
vt 0.143333 0.032725 0.000000
vt 0.000000 0.039270 0.000000
vt 0.286667 0.032725 0.000000
vt 0.430000 0.039270 0.000000
vt 0.430000 0.032725 0.000000
vt 0.430000 0.026180 0.000000
vt 0.286667 0.026180 0.000000
vt 0.430000 0.019635 0.000000
vt 0.286667 0.019635 0.000000
vt 0.430000 0.013090 0.000000
vt 0.286667 0.013090 0.000000
vt 0.090000 -0.287979 0.000000
vt -0.100000 -0.287979 0.000000
vt 0.090000 -0.314159 0.000000
vt -0.100000 -0.314159 0.000000
vt 0.090000 0.314159 0.000000
vt -0.100000 0.314159 0.000000
vt 0.090000 0.287979 0.000000
vt -0.100000 0.287979 0.000000
vt 0.090000 0.261799 0.000000
vt -0.100000 0.261799 0.000000
vt 0.090000 0.235619 0.000000
vt -0.100000 0.235619 0.000000
vt 0.090000 0.209440 0.000000
vt -0.100000 0.209440 0.000000
vt 0.090000 0.183260 0.000000
vt -0.100000 0.183260 0.000000
vt 0.090000 0.157080 0.000000
vt -0.100000 0.157080 0.000000
vt 0.090000 0.130900 0.000000
vt -0.100000 0.130900 0.000000
vt 0.090000 0.104720 0.000000
vt -0.100000 0.104720 0.000000
vt 0.090000 0.078540 0.000000
vt -0.100000 0.078540 0.000000
vt 0.090000 0.052360 0.000000
vt -0.100000 0.052360 0.000000
vt 0.090000 0.026180 0.000000
vt -0.100000 0.026180 0.000000
vt 0.090000 -0.000000 0.000000
vt -0.100000 0.000000 0.000000
vt 0.090000 -0.026180 0.000000
vt -0.100000 -0.026180 0.000000
vt 0.090000 -0.052360 0.000000
vt -0.100000 -0.052360 0.000000
vt 0.090000 -0.078540 0.000000
vt -0.100000 -0.078540 0.000000
vt 0.090000 -0.104720 0.000000
vt -0.100000 -0.104720 0.000000
vt 0.090000 -0.130900 0.000000
vt -0.100000 -0.130900 0.000000
vt 0.090000 -0.157080 0.000000
vt -0.100000 -0.157080 0.000000
vt 0.090000 -0.183260 0.000000
vt -0.100000 -0.183260 0.000000
vt 0.090000 -0.209440 0.000000
vt -0.100000 -0.209440 0.000000
vt 0.090000 -0.235619 0.000000
vt -0.100000 -0.235619 0.000000
vt 0.090000 -0.261799 0.000000
vt -0.100000 -0.261799 0.000000
vt -0.096593 -0.025882 0.000000
vt 0.096593 -0.025882 0.000000
vt -0.100000 0.000000 0.000000
vt 0.100000 0.000000 0.000000
vt -0.096593 0.025882 0.000000
vt 0.096593 0.025882 0.000000
vt -0.086603 0.050000 0.000000
vt 0.086603 0.050000 0.000000
vt -0.070711 0.070711 0.000000
vt 0.070711 0.070711 0.000000
vt -0.050000 0.086603 0.000000
vt 0.050000 0.086603 0.000000
vt -0.025882 0.096593 0.000000
vt 0.025882 0.096593 0.000000
vt 0.000000 0.100000 0.000000
vt 0.086603 -0.050000 0.000000
vt -0.086603 -0.050000 0.000000
vt 0.070711 -0.070711 0.000000
vt -0.070711 -0.070711 0.000000
vt 0.050000 -0.086603 0.000000
vt -0.050000 -0.086603 0.000000
vt 0.025882 -0.096593 0.000000
vt -0.025882 -0.096593 0.000000
vt 0.000000 -0.100000 0.000000
vt 0.010000 0.785398 0.000000
vt -0.320000 0.785398 0.000000
vt 0.010000 0.654498 0.000000
vt -0.320000 0.654498 0.000000
vt -0.320000 0.523599 0.000000
vt 0.010000 0.523599 0.000000
vt -0.320000 0.392699 0.000000
vt 0.010000 0.392699 0.000000
vt -0.320000 0.261799 0.000000
vt 0.010000 0.261799 0.000000
vt -0.320000 0.130900 0.000000
vt 0.010000 0.130900 0.000000
vt -0.320000 0.000000 0.000000
vt 0.010000 0.000000 0.000000
vt -0.320000 -0.130900 0.000000
vt 0.010000 -0.130900 0.000000
vt -0.320000 -0.261799 0.000000
vt 0.010000 -0.261799 0.000000
vt -0.320000 -0.392699 0.000000
vt 0.010000 -0.392699 0.000000
vt -0.320000 -0.523599 0.000000
vt 0.010000 -0.523599 0.000000
vt -0.320000 -0.654498 0.000000
vt 0.010000 -0.654498 0.000000
vt 0.010000 -0.785398 0.000000
vt -0.320000 -0.785398 0.000000
vt 10.950000 0.320000 0.000000
vt 1.000000 0.320000 0.000000
vt 10.950000 -0.010000 0.000000
vt 1.000000 -0.010000 0.000000
vt 0.010000 0.157080 0.000000
vt -0.320000 0.157080 0.000000
vt 0.010000 0.104720 0.000000
vt -0.320000 0.104720 0.000000
vt 0.010000 0.052360 0.000000
vt -0.320000 0.052360 0.000000
vt 0.010000 0.000000 0.000000
vt -0.320000 0.000000 0.000000
vt 0.010000 -0.052360 0.000000
vt -0.320000 -0.052360 0.000000
vt 0.010000 -0.104720 0.000000
vt -0.320000 -0.104720 0.000000
vt 0.010000 -0.157080 0.000000
vt -0.320000 -0.157080 0.000000
vt 10.550000 0.320000 0.000000
vt 1.000000 0.320000 0.000000
vt 10.550000 -0.010000 0.000000
vt 1.000000 -0.010000 0.000000
vt -0.069299 0.484288 0.000000
vt -0.050000 0.500036 0.000000
vt -0.240000 0.504322 0.000000
vt -0.050000 0.543046 0.000000
vt -0.240000 0.546720 0.000000
vt -0.050000 0.586056 0.000000
vt -0.240000 0.589118 0.000000
vt -0.050000 0.629066 0.000000
vt -0.240000 0.631515 0.000000
vt -0.050000 0.672076 0.000000
vt -0.240000 0.673913 0.000000
vt -0.050000 0.715086 0.000000
vt -0.240000 0.716311 0.000000
vt -0.050000 0.758096 0.000000
vt -0.240000 0.758708 0.000000
vt -0.050000 0.801106 0.000000
vt -0.240000 0.801106 0.000000
vt -0.240000 0.843504 0.000000
vt -0.050000 0.844116 0.000000
vt -0.240000 0.885902 0.000000
vt -0.050000 0.887126 0.000000
vt -0.240000 0.928299 0.000000
vt -0.050000 0.930136 0.000000
vt -0.240000 0.970697 0.000000
vt -0.050000 0.973146 0.000000
vt -0.240000 1.013095 0.000000
vt -0.050000 1.016157 0.000000
vt -0.240000 1.055492 0.000000
vt -0.050000 1.059167 0.000000
vt -0.240000 1.097890 0.000000
vt -0.050000 1.102177 0.000000
vt -0.069299 1.117924 0.000000
vt -0.091528 1.130128 0.000000
vt -0.240000 1.140288 0.000000
vt -0.115581 1.137708 0.000000
vt -0.140000 1.140288 0.000000
vt -0.240000 0.461925 0.000000
vt -0.091528 0.472084 0.000000
vt -0.115581 0.464504 0.000000
vt -0.140000 0.461925 0.000000
vt -0.240000 0.072146 0.000000
vt -0.240000 0.029749 0.000000
vt -0.050000 0.072146 0.000000
vt -0.050000 0.029463 0.000000
vt -0.240000 -0.012649 0.000000
vt -0.050000 -0.013221 0.000000
vt -0.240000 -0.055047 0.000000
vt -0.050000 -0.055904 0.000000
vt -0.240000 -0.097445 0.000000
vt -0.050000 -0.098588 0.000000
vt -0.240000 -0.139842 0.000000
vt -0.050000 -0.141271 0.000000
vt -0.240000 -0.182240 0.000000
vt -0.050000 -0.183955 0.000000
vt -0.240000 -0.224638 0.000000
vt -0.050000 -0.226638 0.000000
vt -0.240000 -0.267035 0.000000
vt -0.050000 -0.269322 0.000000
vt -0.240000 -0.309433 0.000000
vt -0.050000 -0.312005 0.000000
vt -0.240000 -0.351831 0.000000
vt -0.050000 -0.354689 0.000000
vt -0.240000 -0.394228 0.000000
vt -0.050000 -0.397372 0.000000
vt -0.240000 -0.436626 0.000000
vt -0.050000 -0.440056 0.000000
vt -0.240000 -0.479024 0.000000
vt -0.050000 -0.482739 0.000000
vt -0.240000 -0.521422 0.000000
vt -0.050000 -0.525423 0.000000
vt -0.240000 -0.563819 0.000000
vt -0.050000 -0.568106 0.000000
vt -0.069299 -0.583854 0.000000
vt -0.240000 -0.606217 0.000000
vt -0.091528 -0.596058 0.000000
vt -0.115581 -0.603637 0.000000
vt -0.140000 -0.606217 0.000000
vt -0.240000 0.000000 0.000000
vt -0.050000 0.000000 0.000000
vt -0.240000 0.034034 0.000000
vt -0.050000 0.034034 0.000000
vt -0.240000 0.068068 0.000000
vt -0.050000 0.068068 0.000000
vt -0.240000 0.102102 0.000000
vt -0.050000 0.102102 0.000000
vt -0.240000 0.136136 0.000000
vt -0.050000 0.136136 0.000000
vt -0.240000 0.170170 0.000000
vt -0.050000 0.170170 0.000000
vt -0.240000 0.204204 0.000000
vt -0.050000 0.204204 0.000000
vt -0.240000 0.238237 0.000000
vt -0.050000 0.238237 0.000000
vt -0.240000 0.272271 0.000000
vt -0.050000 0.272271 0.000000
vt -0.240000 0.306305 0.000000
vt -0.050000 0.306305 0.000000
vt -0.240000 0.340339 0.000000
vt -0.050000 0.340339 0.000000
vt -0.240000 0.374373 0.000000
vt -0.050000 0.374373 0.000000
vt -0.240000 0.408407 0.000000
vt -0.050000 0.408407 0.000000
vt 0.133808 0.050000 0.000000
vt 0.153470 0.076561 0.000000
vt 0.000000 0.050000 0.000000
vt 0.165800 0.107221 0.000000
vt 0.170000 0.140000 0.000000
vt 0.170000 0.240000 0.000000
vt 0.000000 0.240000 0.000000
vt -2.245000 0.035829 0.000000
vt -2.245000 0.002693 0.000000
vt -1.630000 0.035829 0.000000
vt -1.015000 0.002693 0.000000
vt -1.015000 0.035829 0.000000
vt -1.630000 0.068966 0.000000
vt -1.015000 0.068966 0.000000
vt -1.015000 0.102102 0.000000
vt -2.245000 0.102102 0.000000
vt -2.245000 0.068966 0.000000
vt -0.190000 0.070711 0.000000
vt -0.240000 0.070711 0.000000
vt -0.190000 -0.070711 0.000000
vt -0.240000 -0.070711 0.000000
vt 0.190000 -0.070711 0.000000
vt 0.240000 -0.070711 0.000000
vt 0.190000 0.070711 0.000000
vt 0.240000 0.070711 0.000000
vt -0.100000 0.240000 0.000000
vt -2.900000 0.240000 0.000000
vt -0.100000 0.190000 0.000000
vt -2.900000 0.190000 0.000000
vt 0.099409 1.486576 0.000000
vt 0.099409 1.608288 0.000000
vt 0.074480 1.484125 0.000000
vt 0.066272 1.603205 0.000000
vt 0.049777 1.482351 0.000000
vt 0.033136 1.603205 0.000000
vt 0.024853 1.481305 0.000000
vt -0.000000 1.603205 0.000000
vt -0.000000 1.480928 0.000000
vt 0.066272 1.725482 0.000000
vt 0.099409 1.730000 0.000000
vt 0.066272 1.847759 0.000000
vt 0.099409 1.851712 0.000000
vt 0.066272 1.970035 0.000000
vt 0.099409 1.973424 0.000000
vt 0.066272 2.092312 0.000000
vt 0.099409 2.095136 0.000000
vt 0.066272 2.214589 0.000000
vt 0.099409 2.216848 0.000000
vt 0.066272 2.336866 0.000000
vt 0.099409 2.338560 0.000000
vt 0.066272 2.459896 0.000000
vt 0.099409 2.460272 0.000000
vt 0.066272 2.581796 0.000000
vt 0.099409 2.581984 0.000000
vt 0.066272 2.703696 0.000000
vt 0.099409 2.703696 0.000000
vt 0.033136 2.703696 0.000000
vt 0.033136 2.581608 0.000000
vt 0.033136 2.459519 0.000000
vt 0.033136 2.336866 0.000000
vt 0.033136 2.214589 0.000000
vt 0.033136 2.092312 0.000000
vt 0.033136 1.970035 0.000000
vt 0.033136 1.847759 0.000000
vt 0.033136 1.725482 0.000000
vt -0.000000 2.703696 0.000000
vt -0.000000 2.581419 0.000000
vt -0.000000 2.459143 0.000000
vt -0.000000 2.336866 0.000000
vt -0.000000 2.214589 0.000000
vt -0.000000 2.092312 0.000000
vt -0.000000 1.970035 0.000000
vt -0.000000 1.847759 0.000000
vt -0.000000 1.725482 0.000000
vt 2.775000 0.002693 0.000000
vt 0.925000 0.035829 0.000000
vt -0.925000 0.002693 0.000000
vt 0.308333 0.035829 0.000000
vt -0.308333 0.035829 0.000000
vt -0.308333 0.068966 0.000000
vt -0.925000 0.068966 0.000000
vt -0.925000 0.102102 0.000000
vt 0.308333 0.068966 0.000000
vt 0.925000 0.068966 0.000000
vt 1.541667 0.035829 0.000000
vt 2.158333 0.035829 0.000000
vt 2.775000 0.035829 0.000000
vt 2.158333 0.068966 0.000000
vt 2.775000 0.068966 0.000000
vt 2.775000 0.102102 0.000000
vt 1.541667 0.068966 0.000000
vt -0.925000 0.035829 0.000000
vt 0.066272 -2.703696 0.000000
vt 0.099409 -2.703696 0.000000
vt 0.066272 -2.580801 0.000000
vt 0.099409 -2.580801 0.000000
vt 0.066272 -2.457906 0.000000
vt 0.099409 -2.457906 0.000000
vt 0.066272 -2.335010 0.000000
vt 0.099409 -2.335010 0.000000
vt 0.066272 -2.212115 0.000000
vt 0.099409 -2.212115 0.000000
vt 0.066272 -2.089220 0.000000
vt 0.099409 -2.089220 0.000000
vt 0.066272 -1.966324 0.000000
vt 0.099409 -1.966324 0.000000
vt 0.066272 -1.843429 0.000000
vt 0.099409 -1.843429 0.000000
vt 0.066272 -1.720534 0.000000
vt 0.099409 -1.720534 0.000000
vt 0.066272 -1.597639 0.000000
vt 0.099409 -1.597639 0.000000
vt 0.066272 -1.474743 0.000000
vt 0.099409 -1.474743 0.000000
vt 0.066272 -1.351848 0.000000
vt 0.099409 -1.351848 0.000000
vt 0.033136 -1.351848 0.000000
vt 0.033136 -1.474743 0.000000
vt 0.033136 -1.597639 0.000000
vt 0.033136 -1.720534 0.000000
vt 0.033136 -1.843429 0.000000
vt 0.033136 -1.966324 0.000000
vt 0.033136 -2.089220 0.000000
vt 0.033136 -2.212115 0.000000
vt 0.033136 -2.335010 0.000000
vt 0.033136 -2.457906 0.000000
vt 0.033136 -2.580801 0.000000
vt 0.033136 -2.703696 0.000000
vt 0.000000 -2.580801 0.000000
vt 0.000000 -2.703696 0.000000
vt 0.000000 -1.351848 0.000000
vt 0.000000 -1.474743 0.000000
vt 0.000000 -1.597639 0.000000
vt 0.000000 -1.720534 0.000000
vt 0.000000 -1.843429 0.000000
vt 0.000000 -1.966324 0.000000
vt 0.000000 -2.089220 0.000000
vt 0.000000 -2.212115 0.000000
vt 0.000000 -2.335010 0.000000
vt 0.000000 -2.457906 0.000000
vt -2.066604 0.002693 0.000000
vt -2.062757 0.027337 0.000000
vt -2.300000 0.002693 0.000000
vt -2.300000 0.035829 0.000000
vt -2.058825 0.052429 0.000000
vt -2.300000 0.068966 0.000000
vt -2.055984 0.077530 0.000000
vt -2.300000 0.102102 0.000000
vt -2.054919 0.102102 0.000000
vt 0.123612 0.050000 0.000000
vt 0.139127 0.069595 0.000000
vt 0.000000 0.050000 0.000000
vt 0.150710 0.091431 0.000000
vt 0.157689 0.115327 0.000000
vt 0.160233 0.140000 0.000000
vt 0.000000 0.240000 0.000000
vt 0.160233 0.240000 0.000000
vt 0.240000 1.236104 0.000000
vt 0.140000 1.236104 0.000000
vt 0.240000 1.112494 0.000000
vt 0.140000 1.112494 0.000000
vt 0.240000 0.988884 0.000000
vt 0.140000 0.988884 0.000000
vt 0.240000 0.865273 0.000000
vt 0.140000 0.865273 0.000000
vt 0.240000 0.741663 0.000000
vt 0.140000 0.741663 0.000000
vt 0.240000 0.618052 0.000000
vt 0.140000 0.618052 0.000000
vt 0.240000 0.494442 0.000000
vt 0.140000 0.494442 0.000000
vt 0.240000 0.370831 0.000000
vt 0.140000 0.370831 0.000000
vt 0.240000 0.247221 0.000000
vt 0.140000 0.247221 0.000000
vt 0.240000 0.123610 0.000000
vt 0.140000 0.123610 0.000000
vt 0.240000 0.000000 0.000000
vt 0.140000 0.000000 0.000000
vt 0.000000 0.140000 0.000000
vt 3.700000 0.140000 0.000000
vt 0.000000 0.240000 0.000000
vt 3.700000 0.240000 0.000000
vt 0.240000 1.366593 0.000000
vt 0.140000 1.366593 0.000000
vt 0.240000 1.242357 0.000000
vt 0.140000 1.242357 0.000000
vt 0.240000 1.118121 0.000000
vt 0.140000 1.118121 0.000000
vt 0.240000 0.993886 0.000000
vt 0.140000 0.993886 0.000000
vt 0.240000 0.869650 0.000000
vt 0.140000 0.869650 0.000000
vt 0.240000 0.745414 0.000000
vt 0.140000 0.745414 0.000000
vt 0.240000 0.621179 0.000000
vt 0.140000 0.621179 0.000000
vt 0.240000 0.496943 0.000000
vt 0.140000 0.496943 0.000000
vt 0.240000 0.372707 0.000000
vt 0.140000 0.372707 0.000000
vt 0.240000 0.248471 0.000000
vt 0.140000 0.248471 0.000000
vt 0.240000 0.124236 0.000000
vt 0.140000 0.124236 0.000000
vt 0.240000 0.000000 0.000000
vt 0.140000 0.000000 0.000000
vt 0.000000 0.140000 0.000000
vt 0.245081 0.140000 0.000000
vt 0.000000 0.240000 0.000000
vt 0.245081 0.240000 0.000000
vt -0.041040 0.140000 0.000000
vt 8.149121 0.140000 0.000000
vt -0.041040 0.240000 0.000000
vt 8.149121 0.240000 0.000000
vt -0.020000 0.140000 0.000000
vt 1.210000 0.140000 0.000000
vt -0.020000 0.240000 0.000000
vt 1.210000 0.240000 0.000000
vt 6.695000 0.002693 0.000000
vt 4.003571 0.035829 0.000000
vt 1.985000 0.002693 0.000000
vt 3.330714 0.035829 0.000000
vt 2.657857 0.035829 0.000000
vt 2.657857 0.068966 0.000000
vt 1.985000 0.068966 0.000000
vt 1.985000 0.102102 0.000000
vt 3.330714 0.068966 0.000000
vt 4.003571 0.068966 0.000000
vt 4.676428 0.035829 0.000000
vt 5.349286 0.035829 0.000000
vt 6.022143 0.035829 0.000000
vt 5.349286 0.068966 0.000000
vt 6.022143 0.068966 0.000000
vt 6.695000 0.102102 0.000000
vt 6.695000 0.068966 0.000000
vt 6.695000 0.035829 0.000000
vt 4.676428 0.068966 0.000000
vt 1.985000 0.035829 0.000000
vt 0.006192 0.050000 0.000000
vt 0.140000 0.050000 0.000000
vt -0.013470 0.076561 0.000000
vt -0.025800 0.107221 0.000000
vt -0.030000 0.140000 0.000000
vt 0.140000 0.240000 0.000000
vt -0.030000 0.240000 0.000000
vt 0.014142 -0.259181 0.000000
vt -0.014142 -0.259181 0.000000
vt 0.014142 -0.282743 0.000000
vt -0.014142 -0.282743 0.000000
vt 0.014142 0.282743 0.000000
vt -0.014142 0.282743 0.000000
vt 0.014142 0.259181 0.000000
vt -0.014142 0.259181 0.000000
vt 0.014142 0.235619 0.000000
vt -0.014142 0.235619 0.000000
vt 0.014142 0.212058 0.000000
vt -0.014142 0.212058 0.000000
vt 0.014142 0.188496 0.000000
vt -0.014142 0.188496 0.000000
vt 0.014142 0.164934 0.000000
vt -0.014142 0.164934 0.000000
vt 0.014142 0.141372 0.000000
vt -0.014142 0.141372 0.000000
vt 0.014142 0.117810 0.000000
vt -0.014142 0.117810 0.000000
vt 0.014142 0.094248 0.000000
vt -0.014142 0.094248 0.000000
vt 0.014142 0.070686 0.000000
vt -0.014142 0.070686 0.000000
vt 0.014142 0.047124 0.000000
vt -0.014142 0.047124 0.000000
vt 0.014142 0.023562 0.000000
vt -0.014142 0.023562 0.000000
vt 0.014142 -0.000000 0.000000
vt -0.014142 0.000000 0.000000
vt 0.014142 -0.023562 0.000000
vt -0.014142 -0.023562 0.000000
vt 0.014142 -0.047124 0.000000
vt -0.014142 -0.047124 0.000000
vt 0.014142 -0.070686 0.000000
vt -0.014142 -0.070686 0.000000
vt 0.014142 -0.094248 0.000000
vt -0.014142 -0.094248 0.000000
vt 0.014142 -0.117810 0.000000
vt -0.014142 -0.117810 0.000000
vt 0.014142 -0.141372 0.000000
vt -0.014142 -0.141372 0.000000
vt 0.014142 -0.164934 0.000000
vt -0.014142 -0.164934 0.000000
vt 0.014142 -0.188496 0.000000
vt -0.014142 -0.188496 0.000000
vt 0.014142 -0.212058 0.000000
vt -0.014142 -0.212058 0.000000
vt 0.014142 -0.235619 0.000000
vt -0.014142 -0.235619 0.000000
vt -0.080000 -0.287979 0.000000
vt -0.220000 -0.287979 0.000000
vt -0.080000 -0.314159 0.000000
vt -0.220000 -0.314159 0.000000
vt -0.080000 0.314159 0.000000
vt -0.220000 0.314159 0.000000
vt -0.080000 0.287979 0.000000
vt -0.220000 0.287979 0.000000
vt -0.080000 0.261799 0.000000
vt -0.220000 0.261799 0.000000
vt -0.080000 0.235619 0.000000
vt -0.220000 0.235619 0.000000
vt -0.080000 0.209440 0.000000
vt -0.220000 0.209440 0.000000
vt -0.080000 0.183260 0.000000
vt -0.220000 0.183260 0.000000
vt -0.080000 0.157080 0.000000
vt -0.220000 0.157080 0.000000
vt -0.080000 0.130900 0.000000
vt -0.220000 0.130900 0.000000
vt -0.080000 0.104720 0.000000
vt -0.220000 0.104720 0.000000
vt -0.080000 0.078540 0.000000
vt -0.220000 0.078540 0.000000
vt -0.080000 0.052360 0.000000
vt -0.220000 0.052360 0.000000
vt -0.080000 0.026180 0.000000
vt -0.220000 0.026180 0.000000
vt -0.080000 0.000000 0.000000
vt -0.220000 0.000000 0.000000
vt -0.080000 -0.026180 0.000000
vt -0.220000 -0.026180 0.000000
vt -0.080000 -0.052360 0.000000
vt -0.220000 -0.052360 0.000000
vt -0.080000 -0.078540 0.000000
vt -0.220000 -0.078540 0.000000
vt -0.080000 -0.104720 0.000000
vt -0.220000 -0.104720 0.000000
vt -0.080000 -0.130900 0.000000
vt -0.220000 -0.130900 0.000000
vt -0.080000 -0.157080 0.000000
vt -0.220000 -0.157080 0.000000
vt -0.080000 -0.183260 0.000000
vt -0.220000 -0.183260 0.000000
vt -0.080000 -0.209440 0.000000
vt -0.220000 -0.209440 0.000000
vt -0.080000 -0.235619 0.000000
vt -0.220000 -0.235619 0.000000
vt -0.080000 -0.261799 0.000000
vt -0.220000 -0.261799 0.000000
vt -0.077274 -0.020706 0.000000
vt 0.077274 -0.020706 0.000000
vt -0.080000 0.000000 0.000000
vt 0.080000 0.000000 0.000000
vt -0.077274 0.020706 0.000000
vt 0.077274 0.020706 0.000000
vt -0.069282 0.040000 0.000000
vt 0.069282 0.040000 0.000000
vt -0.056569 0.056569 0.000000
vt 0.056569 0.056569 0.000000
vt -0.040000 0.069282 0.000000
vt 0.040000 0.069282 0.000000
vt -0.020706 0.077274 0.000000
vt 0.020706 0.077274 0.000000
vt 0.000000 0.080000 0.000000
vt 0.069282 -0.040000 0.000000
vt -0.069282 -0.040000 0.000000
vt 0.056569 -0.056569 0.000000
vt -0.056569 -0.056569 0.000000
vt 0.040000 -0.069282 0.000000
vt -0.040000 -0.069282 0.000000
vt 0.020706 -0.077274 0.000000
vt -0.020706 -0.077274 0.000000
vt 0.000000 -0.080000 0.000000
vt 0.014142 -0.259181 0.000000
vt -0.014142 -0.259181 0.000000
vt 0.014142 -0.282743 0.000000
vt -0.014142 -0.282743 0.000000
vt 0.014142 0.282743 0.000000
vt -0.014142 0.282743 0.000000
vt 0.014142 0.259181 0.000000
vt -0.014142 0.259181 0.000000
vt 0.014142 0.235619 0.000000
vt -0.014142 0.235619 0.000000
vt 0.014142 0.212058 0.000000
vt -0.014142 0.212058 0.000000
vt 0.014142 0.188496 0.000000
vt -0.014142 0.188496 0.000000
vt 0.014142 0.164934 0.000000
vt -0.014142 0.164934 0.000000
vt 0.014142 0.141372 0.000000
vt -0.014142 0.141372 0.000000
vt 0.014142 0.117810 0.000000
vt -0.014142 0.117810 0.000000
vt 0.014142 0.094248 0.000000
vt -0.014142 0.094248 0.000000
vt 0.014142 0.070686 0.000000
vt -0.014142 0.070686 0.000000
vt 0.014142 0.047124 0.000000
vt -0.014142 0.047124 0.000000
vt 0.014142 0.023562 0.000000
vt -0.014142 0.023562 0.000000
vt 0.014142 -0.000000 0.000000
vt -0.014142 0.000000 0.000000
vt 0.014142 -0.023562 0.000000
vt -0.014142 -0.023562 0.000000
vt 0.014142 -0.047124 0.000000
vt -0.014142 -0.047124 0.000000
vt 0.014142 -0.070686 0.000000
vt -0.014142 -0.070686 0.000000
vt 0.014142 -0.094248 0.000000
vt -0.014142 -0.094248 0.000000
vt 0.014142 -0.117810 0.000000
vt -0.014142 -0.117810 0.000000
vt 0.014142 -0.141372 0.000000
vt -0.014142 -0.141372 0.000000
vt 0.014142 -0.164934 0.000000
vt -0.014142 -0.164934 0.000000
vt 0.014142 -0.188496 0.000000
vt -0.014142 -0.188496 0.000000
vt 0.014142 -0.212058 0.000000
vt -0.014142 -0.212058 0.000000
vt 0.014142 -0.235619 0.000000
vt -0.014142 -0.235619 0.000000
vt -0.080000 -0.287979 0.000000
vt -0.220000 -0.287979 0.000000
vt -0.080000 -0.314159 0.000000
vt -0.220000 -0.314159 0.000000
vt -0.080000 0.314159 0.000000
vt -0.220000 0.314159 0.000000
vt -0.080000 0.287979 0.000000
vt -0.220000 0.287979 0.000000
vt -0.080000 0.261799 0.000000
vt -0.220000 0.261799 0.000000
vt -0.080000 0.235619 0.000000
vt -0.220000 0.235619 0.000000
vt -0.080000 0.209440 0.000000
vt -0.220000 0.209440 0.000000
vt -0.080000 0.183260 0.000000
vt -0.220000 0.183260 0.000000
vt -0.080000 0.157080 0.000000
vt -0.220000 0.157080 0.000000
vt -0.080000 0.130900 0.000000
vt -0.220000 0.130900 0.000000
vt -0.080000 0.104720 0.000000
vt -0.220000 0.104720 0.000000
vt -0.080000 0.078540 0.000000
vt -0.220000 0.078540 0.000000
vt -0.080000 0.052360 0.000000
vt -0.220000 0.052360 0.000000
vt -0.080000 0.026180 0.000000
vt -0.220000 0.026180 0.000000
vt -0.080000 0.000000 0.000000
vt -0.220000 0.000000 0.000000
vt -0.080000 -0.026180 0.000000
vt -0.220000 -0.026180 0.000000
vt -0.080000 -0.052360 0.000000
vt -0.220000 -0.052360 0.000000
vt -0.080000 -0.078540 0.000000
vt -0.220000 -0.078540 0.000000
vt -0.080000 -0.104720 0.000000
vt -0.220000 -0.104720 0.000000
vt -0.080000 -0.130900 0.000000
vt -0.220000 -0.130900 0.000000
vt -0.080000 -0.157080 0.000000
vt -0.220000 -0.157080 0.000000
vt -0.080000 -0.183260 0.000000
vt -0.220000 -0.183260 0.000000
vt -0.080000 -0.209440 0.000000
vt -0.220000 -0.209440 0.000000
vt -0.080000 -0.235619 0.000000
vt -0.220000 -0.235619 0.000000
vt -0.080000 -0.261799 0.000000
vt -0.220000 -0.261799 0.000000
vt -0.077274 -0.020706 0.000000
vt 0.077274 -0.020706 0.000000
vt -0.080000 0.000000 0.000000
vt 0.080000 0.000000 0.000000
vt -0.077274 0.020706 0.000000
vt 0.077274 0.020706 0.000000
vt -0.069282 0.040000 0.000000
vt 0.069282 0.040000 0.000000
vt -0.056569 0.056569 0.000000
vt 0.056569 0.056569 0.000000
vt -0.040000 0.069282 0.000000
vt 0.040000 0.069282 0.000000
vt -0.020706 0.077274 0.000000
vt 0.020706 0.077274 0.000000
vt 0.000000 0.080000 0.000000
vt 0.069282 -0.040000 0.000000
vt -0.069282 -0.040000 0.000000
vt 0.056569 -0.056569 0.000000
vt -0.056569 -0.056569 0.000000
vt 0.040000 -0.069282 0.000000
vt -0.040000 -0.069282 0.000000
vt 0.020706 -0.077274 0.000000
vt -0.020706 -0.077274 0.000000
vt 0.000000 -0.080000 0.000000
vt 0.014142 -0.259181 0.000000
vt -0.014142 -0.259181 0.000000
vt 0.014142 -0.282743 0.000000
vt -0.014142 -0.282743 0.000000
vt 0.014142 0.282743 0.000000
vt -0.014142 0.282743 0.000000
vt 0.014142 0.259181 0.000000
vt -0.014142 0.259181 0.000000
vt 0.014142 0.235619 0.000000
vt -0.014142 0.235619 0.000000
vt 0.014142 0.212058 0.000000
vt -0.014142 0.212058 0.000000
vt 0.014142 0.188496 0.000000
vt -0.014142 0.188496 0.000000
vt 0.014142 0.164934 0.000000
vt -0.014142 0.164934 0.000000
vt 0.014142 0.141372 0.000000
vt -0.014142 0.141372 0.000000
vt 0.014142 0.117810 0.000000
vt -0.014142 0.117810 0.000000
vt 0.014142 0.094248 0.000000
vt -0.014142 0.094248 0.000000
vt 0.014142 0.070686 0.000000
vt -0.014142 0.070686 0.000000
vt 0.014142 0.047124 0.000000
vt -0.014142 0.047124 0.000000
vt 0.014142 0.023562 0.000000
vt -0.014142 0.023562 0.000000
vt 0.014142 -0.000000 0.000000
vt -0.014142 0.000000 0.000000
vt 0.014142 -0.023562 0.000000
vt -0.014142 -0.023562 0.000000
vt 0.014142 -0.047124 0.000000
vt -0.014142 -0.047124 0.000000
vt 0.014142 -0.070686 0.000000
vt -0.014142 -0.070686 0.000000
vt 0.014142 -0.094248 0.000000
vt -0.014142 -0.094248 0.000000
vt 0.014142 -0.117810 0.000000
vt -0.014142 -0.117810 0.000000
vt 0.014142 -0.141372 0.000000
vt -0.014142 -0.141372 0.000000
vt 0.014142 -0.164934 0.000000
vt -0.014142 -0.164934 0.000000
vt 0.014142 -0.188496 0.000000
vt -0.014142 -0.188496 0.000000
vt 0.014142 -0.212058 0.000000
vt -0.014142 -0.212058 0.000000
vt 0.014142 -0.235619 0.000000
vt -0.014142 -0.235619 0.000000
vt -0.080000 -0.287979 0.000000
vt -0.220000 -0.287979 0.000000
vt -0.080000 -0.314159 0.000000
vt -0.220000 -0.314159 0.000000
vt -0.080000 0.314159 0.000000
vt -0.220000 0.314159 0.000000
vt -0.080000 0.287979 0.000000
vt -0.220000 0.287979 0.000000
vt -0.080000 0.261799 0.000000
vt -0.220000 0.261799 0.000000
vt -0.080000 0.235619 0.000000
vt -0.220000 0.235619 0.000000
vt -0.080000 0.209440 0.000000
vt -0.220000 0.209440 0.000000
vt -0.080000 0.183260 0.000000
vt -0.220000 0.183260 0.000000
vt -0.080000 0.157080 0.000000
vt -0.220000 0.157080 0.000000
vt -0.080000 0.130900 0.000000
vt -0.220000 0.130900 0.000000
vt -0.080000 0.104720 0.000000
vt -0.220000 0.104720 0.000000
vt -0.080000 0.078540 0.000000
vt -0.220000 0.078540 0.000000
vt -0.080000 0.052360 0.000000
vt -0.220000 0.052360 0.000000
vt -0.080000 0.026180 0.000000
vt -0.220000 0.026180 0.000000
vt -0.080000 0.000000 0.000000
vt -0.220000 0.000000 0.000000
vt -0.080000 -0.026180 0.000000
vt -0.220000 -0.026180 0.000000
vt -0.080000 -0.052360 0.000000
vt -0.220000 -0.052360 0.000000
vt -0.080000 -0.078540 0.000000
vt -0.220000 -0.078540 0.000000
vt -0.080000 -0.104720 0.000000
vt -0.220000 -0.104720 0.000000
vt -0.080000 -0.130900 0.000000
vt -0.220000 -0.130900 0.000000
vt -0.080000 -0.157080 0.000000
vt -0.220000 -0.157080 0.000000
vt -0.080000 -0.183260 0.000000
vt -0.220000 -0.183260 0.000000
vt -0.080000 -0.209440 0.000000
vt -0.220000 -0.209440 0.000000
vt -0.080000 -0.235619 0.000000
vt -0.220000 -0.235619 0.000000
vt -0.080000 -0.261799 0.000000
vt -0.220000 -0.261799 0.000000
vt -0.077274 -0.020706 0.000000
vt 0.077274 -0.020706 0.000000
vt -0.080000 -0.000000 0.000000
vt 0.080000 -0.000000 0.000000
vt -0.077274 0.020706 0.000000
vt 0.077274 0.020706 0.000000
vt -0.069282 0.040000 0.000000
vt 0.069282 0.040000 0.000000
vt -0.056569 0.056569 0.000000
vt 0.056569 0.056569 0.000000
vt -0.040000 0.069282 0.000000
vt 0.040000 0.069282 0.000000
vt -0.020706 0.077274 0.000000
vt 0.020706 0.077274 0.000000
vt 0.000000 0.080000 0.000000
vt 0.069282 -0.040000 0.000000
vt -0.069282 -0.040000 0.000000
vt 0.056569 -0.056569 0.000000
vt -0.056569 -0.056569 0.000000
vt 0.040000 -0.069282 0.000000
vt -0.040000 -0.069282 0.000000
vt 0.020706 -0.077274 0.000000
vt -0.020706 -0.077274 0.000000
vt 0.000000 -0.080000 0.000000
vt -0.125664 -0.027107 0.000000
vt -0.117183 -0.027107 0.000000
vt -0.125664 0.000000 0.000000
vt -0.117183 0.000000 0.000000
vt -0.125664 0.027107 0.000000
vt -0.117183 0.027107 0.000000
vt -0.125664 0.054215 0.000000
vt -0.117183 0.054215 0.000000
vt -0.125664 0.081322 0.000000
vt -0.117183 0.081322 0.000000
vt -0.125664 0.108429 0.000000
vt -0.117183 0.108429 0.000000
vt -0.125664 0.135537 0.000000
vt -0.117183 0.135537 0.000000
vt -0.125664 0.162644 0.000000
vt -0.117183 0.162644 0.000000
vt -0.125664 0.189752 0.000000
vt -0.117183 0.189752 0.000000
vt -0.125664 0.216859 0.000000
vt -0.117183 0.216859 0.000000
vt -0.125664 0.243966 0.000000
vt -0.117183 0.243966 0.000000
vt -0.125664 0.271074 0.000000
vt -0.117183 0.271074 0.000000
vt -0.125664 0.298181 0.000000
vt -0.117183 0.298181 0.000000
vt -0.125664 0.325288 0.000000
vt -0.117183 0.325288 0.000000
vt -0.125664 -0.325288 0.000000
vt -0.117183 -0.325288 0.000000
vt -0.125664 -0.298181 0.000000
vt -0.117183 -0.298181 0.000000
vt -0.125664 -0.271074 0.000000
vt -0.117183 -0.271074 0.000000
vt -0.125664 -0.243966 0.000000
vt -0.117183 -0.243966 0.000000
vt -0.125664 -0.216859 0.000000
vt -0.117183 -0.216859 0.000000
vt -0.125664 -0.189752 0.000000
vt -0.117183 -0.189752 0.000000
vt -0.125664 -0.162644 0.000000
vt -0.117183 -0.162644 0.000000
vt -0.125664 -0.135537 0.000000
vt -0.117183 -0.135537 0.000000
vt -0.125664 -0.108429 0.000000
vt -0.117183 -0.108429 0.000000
vt -0.125664 -0.081322 0.000000
vt -0.117183 -0.081322 0.000000
vt -0.125664 -0.054215 0.000000
vt -0.117183 -0.054215 0.000000
vt -0.091741 -0.298181 0.000000
vt -0.100222 -0.298181 0.000000
vt -0.091741 -0.325288 0.000000
vt -0.100222 -0.325288 0.000000
vt -0.091741 0.325288 0.000000
vt -0.100222 0.325288 0.000000
vt -0.091741 0.298181 0.000000
vt -0.100222 0.298181 0.000000
vt -0.091741 0.271074 0.000000
vt -0.100222 0.271074 0.000000
vt -0.091741 0.243966 0.000000
vt -0.100222 0.243966 0.000000
vt -0.091741 0.216859 0.000000
vt -0.100222 0.216859 0.000000
vt -0.091741 0.189752 0.000000
vt -0.100222 0.189752 0.000000
vt -0.091741 0.162644 0.000000
vt -0.100222 0.162644 0.000000
vt -0.091741 0.135537 0.000000
vt -0.100222 0.135537 0.000000
vt -0.091741 0.108429 0.000000
vt -0.100222 0.108429 0.000000
vt -0.091741 0.081322 0.000000
vt -0.100222 0.081322 0.000000
vt -0.091741 0.054215 0.000000
vt -0.100222 0.054215 0.000000
vt -0.091741 0.027107 0.000000
vt -0.100222 0.027107 0.000000
vt -0.091741 0.000000 0.000000
vt -0.100222 0.000000 0.000000
vt -0.091741 -0.027107 0.000000
vt -0.100222 -0.027107 0.000000
vt -0.091741 -0.054215 0.000000
vt -0.100222 -0.054215 0.000000
vt -0.091741 -0.081322 0.000000
vt -0.100222 -0.081322 0.000000
vt -0.091741 -0.108429 0.000000
vt -0.100222 -0.108429 0.000000
vt -0.091741 -0.135537 0.000000
vt -0.100222 -0.135537 0.000000
vt -0.091741 -0.162644 0.000000
vt -0.100222 -0.162644 0.000000
vt -0.091741 -0.189752 0.000000
vt -0.100222 -0.189752 0.000000
vt -0.091741 -0.216859 0.000000
vt -0.100222 -0.216859 0.000000
vt -0.091741 -0.243966 0.000000
vt -0.100222 -0.243966 0.000000
vt -0.091741 -0.271074 0.000000
vt -0.100222 -0.271074 0.000000
vt -0.108702 -0.325288 0.000000
vt -0.108702 -0.298181 0.000000
vt -0.108702 -0.271074 0.000000
vt -0.108702 -0.243966 0.000000
vt -0.108702 -0.216859 0.000000
vt -0.108702 -0.189752 0.000000
vt -0.108702 -0.162644 0.000000
vt -0.108702 -0.135537 0.000000
vt -0.108702 -0.108429 0.000000
vt -0.108702 -0.081322 0.000000
vt -0.108702 -0.054215 0.000000
vt -0.108702 -0.027107 0.000000
vt -0.108702 0.000000 0.000000
vt -0.108702 0.027107 0.000000
vt -0.108702 0.054215 0.000000
vt -0.108702 0.081322 0.000000
vt -0.108702 0.108429 0.000000
vt -0.108702 0.135537 0.000000
vt -0.108702 0.162644 0.000000
vt -0.108702 0.189752 0.000000
vt -0.108702 0.216859 0.000000
vt -0.108702 0.243966 0.000000
vt -0.108702 0.271074 0.000000
vt -0.108702 0.298181 0.000000
vt -0.108702 0.325288 0.000000
vt -0.125664 -0.027107 0.000000
vt -0.117183 -0.027107 0.000000
vt -0.125664 0.000000 0.000000
vt -0.117183 0.000000 0.000000
vt -0.125664 0.027107 0.000000
vt -0.117183 0.027107 0.000000
vt -0.125664 0.054215 0.000000
vt -0.117183 0.054215 0.000000
vt -0.125664 0.081322 0.000000
vt -0.117183 0.081322 0.000000
vt -0.125664 0.108429 0.000000
vt -0.117183 0.108429 0.000000
vt -0.125664 0.135537 0.000000
vt -0.117183 0.135537 0.000000
vt -0.125664 0.162644 0.000000
vt -0.117183 0.162644 0.000000
vt -0.125664 0.189752 0.000000
vt -0.117183 0.189752 0.000000
vt -0.125664 0.216859 0.000000
vt -0.117183 0.216859 0.000000
vt -0.125664 0.243966 0.000000
vt -0.117183 0.243966 0.000000
vt -0.125664 0.271074 0.000000
vt -0.117183 0.271074 0.000000
vt -0.125664 0.298181 0.000000
vt -0.117183 0.298181 0.000000
vt -0.125664 0.325288 0.000000
vt -0.117183 0.325288 0.000000
vt -0.125664 -0.325288 0.000000
vt -0.117183 -0.325288 0.000000
vt -0.125664 -0.298181 0.000000
vt -0.117183 -0.298181 0.000000
vt -0.125664 -0.271074 0.000000
vt -0.117183 -0.271074 0.000000
vt -0.125664 -0.243966 0.000000
vt -0.117183 -0.243966 0.000000
vt -0.125664 -0.216859 0.000000
vt -0.117183 -0.216859 0.000000
vt -0.125664 -0.189752 0.000000
vt -0.117183 -0.189752 0.000000
vt -0.125664 -0.162644 0.000000
vt -0.117183 -0.162644 0.000000
vt -0.125664 -0.135537 0.000000
vt -0.117183 -0.135537 0.000000
vt -0.125664 -0.108429 0.000000
vt -0.117183 -0.108429 0.000000
vt -0.125664 -0.081322 0.000000
vt -0.117183 -0.081322 0.000000
vt -0.125664 -0.054215 0.000000
vt -0.117183 -0.054215 0.000000
vt -0.091741 -0.298181 0.000000
vt -0.100222 -0.298181 0.000000
vt -0.091741 -0.325288 0.000000
vt -0.100222 -0.325288 0.000000
vt -0.091741 0.325288 0.000000
vt -0.100222 0.325288 0.000000
vt -0.091741 0.298181 0.000000
vt -0.100222 0.298181 0.000000
vt -0.091741 0.271074 0.000000
vt -0.100222 0.271074 0.000000
vt -0.091741 0.243966 0.000000
vt -0.100222 0.243966 0.000000
vt -0.091741 0.216859 0.000000
vt -0.100222 0.216859 0.000000
vt -0.091741 0.189752 0.000000
vt -0.100222 0.189752 0.000000
vt -0.091741 0.162644 0.000000
vt -0.100222 0.162644 0.000000
vt -0.091741 0.135537 0.000000
vt -0.100222 0.135537 0.000000
vt -0.091741 0.108429 0.000000
vt -0.100222 0.108429 0.000000
vt -0.091741 0.081322 0.000000
vt -0.100222 0.081322 0.000000
vt -0.091741 0.054215 0.000000
vt -0.100222 0.054215 0.000000
vt -0.091741 0.027107 0.000000
vt -0.100222 0.027107 0.000000
vt -0.091741 0.000000 0.000000
vt -0.100222 0.000000 0.000000
vt -0.091741 -0.027107 0.000000
vt -0.100222 -0.027107 0.000000
vt -0.091741 -0.054215 0.000000
vt -0.100222 -0.054215 0.000000
vt -0.091741 -0.081322 0.000000
vt -0.100222 -0.081322 0.000000
vt -0.091741 -0.108429 0.000000
vt -0.100222 -0.108429 0.000000
vt -0.091741 -0.135537 0.000000
vt -0.100222 -0.135537 0.000000
vt -0.091741 -0.162644 0.000000
vt -0.100222 -0.162644 0.000000
vt -0.091741 -0.189752 0.000000
vt -0.100222 -0.189752 0.000000
vt -0.091741 -0.216859 0.000000
vt -0.100222 -0.216859 0.000000
vt -0.091741 -0.243966 0.000000
vt -0.100222 -0.243966 0.000000
vt -0.091741 -0.271074 0.000000
vt -0.100222 -0.271074 0.000000
vt -0.108702 -0.325288 0.000000
vt -0.108702 -0.298181 0.000000
vt -0.108702 -0.271074 0.000000
vt -0.108702 -0.243966 0.000000
vt -0.108702 -0.216859 0.000000
vt -0.108702 -0.189752 0.000000
vt -0.108702 -0.162644 0.000000
vt -0.108702 -0.135537 0.000000
vt -0.108702 -0.108429 0.000000
vt -0.108702 -0.081322 0.000000
vt -0.108702 -0.054215 0.000000
vt -0.108702 -0.027107 0.000000
vt -0.108702 0.000000 0.000000
vt -0.108702 0.027107 0.000000
vt -0.108702 0.054215 0.000000
vt -0.108702 0.081322 0.000000
vt -0.108702 0.108429 0.000000
vt -0.108702 0.135537 0.000000
vt -0.108702 0.162644 0.000000
vt -0.108702 0.189752 0.000000
vt -0.108702 0.216859 0.000000
vt -0.108702 0.243966 0.000000
vt -0.108702 0.271074 0.000000
vt -0.108702 0.298181 0.000000
vt -0.108702 0.325288 0.000000
vt -0.125664 -0.027107 0.000000
vt -0.117183 -0.027107 0.000000
vt -0.125664 0.000000 0.000000
vt -0.117183 0.000000 0.000000
vt -0.125664 0.027107 0.000000
vt -0.117183 0.027107 0.000000
vt -0.125664 0.054215 0.000000
vt -0.117183 0.054215 0.000000
vt -0.125664 0.081322 0.000000
vt -0.117183 0.081322 0.000000
vt -0.125664 0.108429 0.000000
vt -0.117183 0.108429 0.000000
vt -0.125664 0.135537 0.000000
vt -0.117183 0.135537 0.000000
vt -0.125664 0.162644 0.000000
vt -0.117183 0.162644 0.000000
vt -0.125664 0.189752 0.000000
vt -0.117183 0.189752 0.000000
vt -0.125664 0.216859 0.000000
vt -0.117183 0.216859 0.000000
vt -0.125664 0.243966 0.000000
vt -0.117183 0.243966 0.000000
vt -0.125664 0.271074 0.000000
vt -0.117183 0.271074 0.000000
vt -0.125664 0.298181 0.000000
vt -0.117183 0.298181 0.000000
vt -0.125664 0.325288 0.000000
vt -0.117183 0.325288 0.000000
vt -0.125664 -0.325288 0.000000
vt -0.117183 -0.325288 0.000000
vt -0.125664 -0.298181 0.000000
vt -0.117183 -0.298181 0.000000
vt -0.125664 -0.271074 0.000000
vt -0.117183 -0.271074 0.000000
vt -0.125664 -0.243966 0.000000
vt -0.117183 -0.243966 0.000000
vt -0.125664 -0.216859 0.000000
vt -0.117183 -0.216859 0.000000
vt -0.125664 -0.189752 0.000000
vt -0.117183 -0.189752 0.000000
vt -0.125664 -0.162644 0.000000
vt -0.117183 -0.162644 0.000000
vt -0.125664 -0.135537 0.000000
vt -0.117183 -0.135537 0.000000
vt -0.125664 -0.108429 0.000000
vt -0.117183 -0.108429 0.000000
vt -0.125664 -0.081322 0.000000
vt -0.117183 -0.081322 0.000000
vt -0.125664 -0.054215 0.000000
vt -0.117183 -0.054215 0.000000
vt -0.091741 -0.298181 0.000000
vt -0.100222 -0.298181 0.000000
vt -0.091741 -0.325288 0.000000
vt -0.100222 -0.325288 0.000000
vt -0.091741 0.325288 0.000000
vt -0.100222 0.325288 0.000000
vt -0.091741 0.298181 0.000000
vt -0.100222 0.298181 0.000000
vt -0.091741 0.271074 0.000000
vt -0.100222 0.271074 0.000000
vt -0.091741 0.243966 0.000000
vt -0.100222 0.243966 0.000000
vt -0.091741 0.216859 0.000000
vt -0.100222 0.216859 0.000000
vt -0.091741 0.189752 0.000000
vt -0.100222 0.189752 0.000000
vt -0.091741 0.162644 0.000000
vt -0.100222 0.162644 0.000000
vt -0.091741 0.135537 0.000000
vt -0.100222 0.135537 0.000000
vt -0.091741 0.108429 0.000000
vt -0.100222 0.108429 0.000000
vt -0.091741 0.081322 0.000000
vt -0.100222 0.081322 0.000000
vt -0.091741 0.054215 0.000000
vt -0.100222 0.054215 0.000000
vt -0.091741 0.027107 0.000000
vt -0.100222 0.027107 0.000000
vt -0.091741 0.000000 0.000000
vt -0.100222 0.000000 0.000000
vt -0.091741 -0.027107 0.000000
vt -0.100222 -0.027107 0.000000
vt -0.091741 -0.054215 0.000000
vt -0.100222 -0.054215 0.000000
vt -0.091741 -0.081322 0.000000
vt -0.100222 -0.081322 0.000000
vt -0.091741 -0.108429 0.000000
vt -0.100222 -0.108429 0.000000
vt -0.091741 -0.135537 0.000000
vt -0.100222 -0.135537 0.000000
vt -0.091741 -0.162644 0.000000
vt -0.100222 -0.162644 0.000000
vt -0.091741 -0.189752 0.000000
vt -0.100222 -0.189752 0.000000
vt -0.091741 -0.216859 0.000000
vt -0.100222 -0.216859 0.000000
vt -0.091741 -0.243966 0.000000
vt -0.100222 -0.243966 0.000000
vt -0.091741 -0.271074 0.000000
vt -0.100222 -0.271074 0.000000
vt -0.108702 -0.325288 0.000000
vt -0.108702 -0.298181 0.000000
vt -0.108702 -0.271074 0.000000
vt -0.108702 -0.243966 0.000000
vt -0.108702 -0.216859 0.000000
vt -0.108702 -0.189752 0.000000
vt -0.108702 -0.162644 0.000000
vt -0.108702 -0.135537 0.000000
vt -0.108702 -0.108429 0.000000
vt -0.108702 -0.081322 0.000000
vt -0.108702 -0.054215 0.000000
vt -0.108702 -0.027107 0.000000
vt -0.108702 0.000000 0.000000
vt -0.108702 0.027107 0.000000
vt -0.108702 0.054215 0.000000
vt -0.108702 0.081322 0.000000
vt -0.108702 0.108429 0.000000
vt -0.108702 0.135537 0.000000
vt -0.108702 0.162644 0.000000
vt -0.108702 0.189752 0.000000
vt -0.108702 0.216859 0.000000
vt -0.108702 0.243966 0.000000
vt -0.108702 0.271074 0.000000
vt -0.108702 0.298181 0.000000
vt -0.108702 0.325288 0.000000
vt 4.210000 0.140000 0.000000
vt 8.920000 0.140000 0.000000
vt 4.210000 0.240000 0.000000
vt 8.920000 0.240000 0.000000
vt 0.240000 1.366593 0.000000
vt 0.050000 1.366593 0.000000
vt 0.240000 1.242357 0.000000
vt 0.050000 1.242357 0.000000
vt 0.240000 1.118121 0.000000
vt 0.050000 1.118121 0.000000
vt 0.240000 0.993886 0.000000
vt 0.050000 0.993886 0.000000
vt 0.240000 0.869650 0.000000
vt 0.050000 0.869650 0.000000
vt 0.240000 0.745414 0.000000
vt 0.050000 0.745414 0.000000
vt 0.240000 0.621179 0.000000
vt 0.050000 0.621179 0.000000
vt 0.240000 0.496943 0.000000
vt 0.050000 0.496943 0.000000
vt 0.240000 0.372707 0.000000
vt 0.050000 0.372707 0.000000
vt 0.240000 0.248471 0.000000
vt 0.050000 0.248471 0.000000
vt 0.240000 0.124236 0.000000
vt 0.050000 0.124236 0.000000
vt 0.240000 0.000000 0.000000
vt 0.050000 0.000000 0.000000
vt 0.240000 0.130489 0.000000
vt 0.240000 0.254099 0.000000
vt 0.050000 0.130489 0.000000
vt 0.050000 0.263388 0.000000
vt 0.240000 0.377710 0.000000
vt 0.050000 0.396287 0.000000
vt 0.240000 0.501320 0.000000
vt 0.050000 0.529185 0.000000
vt 0.240000 0.624930 0.000000
vt 0.050000 0.662084 0.000000
vt 0.240000 0.748541 0.000000
vt 0.050000 0.794983 0.000000
vt 0.240000 0.872151 0.000000
vt 0.050000 0.927882 0.000000
vt 0.240000 0.995762 0.000000
vt 0.050000 1.060781 0.000000
vt 0.240000 1.119372 0.000000
vt 0.050000 1.193680 0.000000
vt 0.240000 1.242982 0.000000
vt 0.050000 1.326579 0.000000
vt 0.130000 1.326579 0.000000
vt 0.240000 1.366593 0.000000
vt 0.130000 1.339917 0.000000
vt 0.130000 1.353255 0.000000
vt 0.130000 1.366593 0.000000
vt -0.240000 0.000000 0.000000
vt -0.050000 0.000000 0.000000
vt -0.240000 0.034034 0.000000
vt -0.050000 0.034034 0.000000
vt -0.240000 0.068068 0.000000
vt -0.050000 0.068068 0.000000
vt -0.240000 0.102102 0.000000
vt -0.050000 0.102102 0.000000
vt -0.240000 0.136136 0.000000
vt -0.050000 0.136136 0.000000
vt -0.240000 0.170170 0.000000
vt -0.050000 0.170170 0.000000
vt -0.240000 0.204204 0.000000
vt -0.050000 0.204204 0.000000
vt -0.240000 0.238237 0.000000
vt -0.050000 0.238237 0.000000
vt -0.240000 0.272271 0.000000
vt -0.050000 0.272271 0.000000
vt -0.240000 0.306305 0.000000
vt -0.050000 0.306305 0.000000
vt -0.240000 0.340339 0.000000
vt -0.050000 0.340339 0.000000
vt -0.240000 0.374373 0.000000
vt -0.050000 0.374373 0.000000
vt -0.240000 0.408407 0.000000
vt -0.050000 0.408407 0.000000
vt 0.430000 1.570796 0.000000
vt 0.190000 1.570796 0.000000
vt 0.430000 1.439897 0.000000
vt 0.190000 1.439897 0.000000
vt 0.190000 1.308997 0.000000
vt 0.430000 1.308997 0.000000
vt 0.190000 1.178097 0.000000
vt 0.430000 1.178097 0.000000
vt 0.190000 1.047198 0.000000
vt 0.430000 1.047198 0.000000
vt 0.190000 0.916298 0.000000
vt 0.430000 0.916298 0.000000
vt 0.190000 0.785398 0.000000
vt 0.430000 0.785398 0.000000
vt 0.190000 0.654498 0.000000
vt 0.430000 0.654498 0.000000
vt 0.190000 0.523599 0.000000
vt 0.430000 0.523599 0.000000
vt 0.190000 0.392699 0.000000
vt 0.430000 0.392699 0.000000
vt 0.190000 0.261799 0.000000
vt 0.430000 0.261799 0.000000
vt 0.190000 0.130900 0.000000
vt 0.430000 0.130900 0.000000
vt 0.430000 0.000000 0.000000
vt 0.190000 0.000000 0.000000
vt 0.430000 1.570796 0.000000
vt 0.190000 1.570796 0.000000
vt 0.430000 1.439897 0.000000
vt 0.190000 1.439897 0.000000
vt 0.190000 1.308997 0.000000
vt 0.430000 1.308997 0.000000
vt 0.190000 1.178097 0.000000
vt 0.430000 1.178097 0.000000
vt 0.190000 1.047198 0.000000
vt 0.430000 1.047198 0.000000
vt 0.190000 0.916298 0.000000
vt 0.430000 0.916298 0.000000
vt 0.190000 0.785398 0.000000
vt 0.430000 0.785398 0.000000
vt 0.190000 0.654498 0.000000
vt 0.430000 0.654498 0.000000
vt 0.190000 0.523599 0.000000
vt 0.430000 0.523599 0.000000
vt 0.190000 0.392699 0.000000
vt 0.430000 0.392699 0.000000
vt 0.190000 0.261799 0.000000
vt 0.430000 0.261799 0.000000
vt 0.190000 0.130900 0.000000
vt 0.430000 0.130900 0.000000
vt 0.430000 0.000000 0.000000
vt 0.190000 -0.000000 0.000000
vn 0.070711 0.070711 0.000000
vn 0.070711 0.070711 0.000000
vn 0.070711 0.070711 0.000000
vn 0.070711 0.070711 0.000000
vn -0.000000 0.100000 -0.000000
vn -0.000000 0.100000 -0.000000
vn -0.000000 0.100000 -0.000000
vn -0.000000 0.100000 -0.000000
vn -0.070711 0.070711 -0.000000
vn -0.070711 0.070711 -0.000000
vn -0.070711 0.070711 -0.000000
vn -0.070711 0.070711 -0.000000
vn -0.100000 0.000000 -0.000000
vn -0.100000 0.000000 -0.000000
vn -0.100000 0.000000 -0.000000
vn -0.100000 0.000000 -0.000000
vn -0.070711 -0.070711 0.000000
vn -0.070711 -0.070711 0.000000
vn -0.070711 -0.070711 0.000000
vn -0.070711 -0.070711 0.000000
vn 0.000000 -0.100000 0.000000
vn 0.000000 -0.100000 0.000000
vn 0.000000 -0.100000 0.000000
vn 0.000000 -0.100000 0.000000
vn 0.070711 -0.070711 0.000000
vn 0.070711 -0.070711 0.000000
vn 0.070711 -0.070711 0.000000
vn 0.070711 -0.070711 0.000000
vn 0.100000 0.000000 0.000000
vn 0.100000 0.000000 0.000000
vn 0.100000 0.000000 0.000000
vn 0.100000 0.000000 0.000000
vn 0.000000 0.100000 0.000000
vn 0.000000 0.100000 0.000000
vn 0.000000 0.100000 0.000000
vn 0.000000 0.100000 0.000000
vn 0.000000 0.000000 0.100000
vn 0.000000 0.000000 0.100000
vn 0.000000 0.000000 0.100000
vn 0.000000 0.000000 0.100000
vn 0.000000 0.000000 0.100000
vn 0.000000 0.000000 0.100000
vn 0.000000 0.000000 0.100000
vn 0.000000 0.000000 0.100000
vn 0.000000 0.000000 0.100000
vn 0.000000 0.000000 0.100000
vn 0.000000 0.000000 0.100000
vn 0.000000 0.000000 0.100000
vn 0.000000 0.000000 0.100000
vn 0.000000 0.000000 0.100000
vn 0.000000 0.000000 0.100000
vn 0.000000 0.000000 0.100000
vn 0.000000 0.000000 0.100000
vn 0.000000 0.000000 0.100000
vn 0.000000 0.000000 0.100000
vn 0.000000 0.000000 0.100000
vn 0.000000 0.000000 0.100000
vn 0.000000 0.000000 0.100000
vn 0.000000 0.000000 0.100000
vn 0.000000 0.000000 0.100000
vn 0.000000 0.000000 0.100000
vn 0.000000 0.000000 0.100000
vn 0.000000 0.000000 0.100000
vn 0.000000 0.000000 0.100000
vn 0.000000 0.000000 0.100000
vn 0.000000 0.000000 0.100000
vn 0.000000 0.000000 0.100000
vn 0.000000 0.000000 0.100000
vn 0.000000 0.000000 0.100000
vn 0.000000 0.000000 0.100000
vn 0.000000 0.000000 0.100000
vn 0.000000 0.000000 0.100000
vn 0.000000 0.000000 0.100000
vn 0.000000 0.000000 0.100000
vn 0.000000 0.000000 0.100000
vn 0.000000 0.000000 0.100000
vn 0.000000 0.000000 0.100000
vn 0.000000 0.000000 0.100000
vn 0.000000 0.000000 0.100000
vn 0.000000 0.000000 0.100000
vn 0.000000 0.000000 0.100000
vn 0.000000 0.000000 0.100000
vn 0.000000 0.000000 0.100000
vn 0.000000 0.000000 0.100000
vn 0.000000 0.000000 0.100000
vn 0.000000 0.000000 0.100000
vn 0.000000 0.000000 0.100000
vn 0.000000 0.000000 0.100000
vn 0.000000 0.000000 0.100000
vn 0.000000 0.000000 0.100000
vn 0.000000 0.000000 0.100000
vn 0.000000 0.000000 0.100000
vn 0.000000 0.000000 0.100000
vn 0.000000 0.000000 0.100000
vn 0.000000 0.000000 0.100000
vn 0.000000 0.000000 0.100000
vn 0.000000 0.000000 0.100000
vn 0.000000 0.000000 0.100000
vn 0.000000 0.000000 0.100000
vn 0.000000 0.000000 0.100000
vn 0.000000 0.000000 0.100000
vn 0.000000 0.000000 0.100000
vn 0.000000 0.000000 0.100000
vn 0.000000 0.000000 0.100000
vn 0.000000 0.000000 0.100000
vn 0.000000 0.000000 0.100000
vn 0.000000 0.000000 0.100000
vn 0.000000 0.000000 0.100000
vn 0.000000 0.000000 0.100000
vn 0.000000 0.000000 0.100000
vn 0.000000 0.000000 0.100000
vn 0.000000 0.000000 0.100000
vn 0.000000 0.000000 0.100000
vn 0.000000 0.000000 0.100000
vn 0.000000 0.000000 0.100000
vn 0.000000 0.000000 0.100000
vn 0.000000 0.000000 0.100000
vn 0.000000 0.000000 0.100000
vn 0.000000 0.000000 0.100000
vn 0.000000 0.000000 0.100000
vn 0.000000 0.000000 0.100000
vn 0.000000 0.000000 0.100000
vn 0.000000 0.000000 0.100000
vn 0.000000 0.000000 0.100000
vn 0.000000 0.000000 0.100000
vn 0.000000 0.000000 0.100000
vn 0.000000 0.000000 0.100000
vn 0.000000 0.000000 0.100000
vn 0.000000 0.000000 0.100000
vn 0.000000 0.000000 0.100000
vn 0.000000 0.000000 0.100000
vn 0.000000 0.000000 0.100000
vn 0.000000 0.000000 0.100000
vn 0.000000 0.000000 0.100000
vn 0.000000 0.000000 0.100000
vn 0.000000 0.000000 0.100000
vn 0.000000 0.000000 0.100000
vn 0.000000 0.000000 0.100000
vn 0.000000 0.000000 0.100000
vn 0.000000 0.000000 0.100000
vn 0.000000 0.000000 0.100000
vn 0.000000 0.000000 0.100000
vn 0.000000 0.000000 0.100000
vn 0.000000 0.000000 0.100000
vn 0.000000 0.000000 0.100000
vn 0.000000 0.000000 0.100000
vn 0.000000 0.000000 0.100000
vn 0.000000 0.000000 0.100000
vn 0.000000 0.000000 0.100000
vn 0.000000 0.000000 0.100000
vn 0.000000 0.000000 0.100000
vn 0.000000 0.000000 0.100000
vn 0.000000 0.000000 0.100000
vn 0.000000 0.000000 0.100000
vn 0.000000 0.000000 0.100000
vn 0.000000 0.000000 0.100000
vn 0.000000 0.000000 0.100000
vn 0.000000 0.000000 0.100000
vn 0.000000 0.000000 0.100000
vn 0.000000 -0.100000 0.000000
vn 0.000000 -0.100000 0.000000
vn 0.000000 -0.100000 0.000000
vn 0.000000 -0.100000 0.000000
vn 0.000000 -0.100000 0.000000
vn 0.000000 -0.100000 0.000000
vn 0.000000 -0.100000 0.000000
vn 0.000000 -0.100000 0.000000
vn 0.100000 0.000000 0.000000
vn 0.100000 0.000000 0.000000
vn 0.100000 0.000000 0.000000
vn 0.100000 0.000000 0.000000
vn 0.100000 0.000000 0.000000
vn 0.100000 0.000000 0.000000
vn 0.100000 0.000000 0.000000
vn 0.100000 0.000000 0.000000
vn 0.100000 0.000000 0.000000
vn 0.100000 0.000000 0.000000
vn -0.000000 0.100000 0.000000
vn -0.000000 0.100000 0.000000
vn -0.000000 0.100000 0.000000
vn -0.000000 0.100000 0.000000
vn -0.100000 0.000000 0.000000
vn -0.100000 0.000000 0.000000
vn -0.100000 0.000000 0.000000
vn -0.100000 0.000000 0.000000
vn 0.000000 0.100000 0.000000
vn 0.000000 0.100000 0.000000
vn 0.000000 0.100000 0.000000
vn 0.000000 0.100000 0.000000
vn -0.000000 0.070711 0.070711
vn -0.000000 0.070711 0.070711
vn -0.000000 0.070711 0.070711
vn -0.000000 0.070711 0.070711
vn -0.060191 0.037109 0.070711
vn -0.059903 0.037571 0.070711
vn -0.059761 0.037796 0.070711
vn -0.059318 0.038488 0.070711
vn -0.059421 0.038330 0.070711
vn -0.058618 0.039546 0.070711
vn -0.058240 0.040101 0.070711
vn -0.060356 0.036839 0.070711
vn -0.060536 0.036542 0.070711
vn -0.060711 0.036252 0.070711
vn -0.061043 0.035690 0.070711
vn -0.060980 0.035797 0.070711
vn -0.061273 0.035294 0.070711
vn -0.061285 0.035272 0.070711
vn -0.057854 0.040656 0.070711
vn -0.054190 0.045425 0.070711
vn -0.051765 0.048170 0.070711
vn -0.048118 0.051814 0.070711
vn -0.044707 0.054784 0.070711
vn -0.041297 0.057398 0.070711
vn -0.036813 0.060372 0.070711
vn -0.033835 0.062090 0.070711
vn -0.028230 0.064831 0.070711
vn -0.025848 0.065817 0.070711
vn -0.019118 0.068077 0.070711
vn -0.017458 0.068522 0.070711
vn -0.009649 0.070049 0.070711
vn -0.008797 0.070161 0.070711
vn -0.081818 0.057496 0.000000
vn -0.075946 0.065055 0.000000
vn -0.064829 0.076139 0.000000
vn -0.069335 0.072060 0.000000
vn -0.054491 0.083849 0.000000
vn -0.043716 0.089939 0.000000
vn -0.038644 0.092231 0.000000
vn -0.019821 0.098016 0.000000
vn -0.023181 0.097276 0.000000
vn -0.007786 0.099696 0.000000
vn 0.005335 0.099858 0.000000
vn 0.007515 0.099717 0.000000
vn 0.030151 0.095346 0.000000
vn 0.036149 0.093238 0.000000
vn 0.053049 0.084769 0.000000
vn 0.060237 0.079822 0.000000
vn 0.072572 0.068799 0.000000
vn 0.080677 0.059086 0.000000
vn 0.087478 0.048451 0.000000
vn 0.094743 0.031995 0.000000
vn 0.096819 0.025022 0.000000
vn 0.098577 0.016809 0.000000
vn 0.100000 0.000000 0.000000
vn 0.100000 0.000000 0.000000
vn -0.070711 0.070711 0.000000
vn -0.070711 0.070711 0.000000
vn -0.070711 0.070711 0.000000
vn -0.070711 0.070711 0.000000
vn 0.000000 0.000000 -0.100000
vn 0.000000 0.000000 -0.100000
vn 0.000000 0.000000 -0.100000
vn 0.000000 0.000000 -0.100000
vn 0.000000 0.000000 -0.100000
vn 0.000000 0.000000 -0.100000
vn 0.000000 0.000000 -0.100000
vn 0.000000 0.000000 -0.100000
vn 0.000000 0.000000 -0.100000
vn 0.000000 0.000000 -0.100000
vn 0.000000 0.000000 -0.100000
vn 0.000000 0.000000 -0.100000
vn 0.000000 0.000000 -0.100000
vn 0.000000 0.000000 -0.100000
vn 0.000000 0.000000 -0.100000
vn 0.000000 0.000000 -0.100000
vn 0.000000 0.000000 -0.100000
vn 0.000000 0.000000 -0.100000
vn 0.000000 0.000000 -0.100000
vn 0.000000 0.000000 -0.100000
vn 0.000000 0.000000 -0.100000
vn 0.000000 0.000000 -0.100000
vn 0.000000 0.000000 -0.100000
vn 0.000000 0.000000 -0.100000
vn 0.000000 0.000000 -0.100000
vn 0.000000 0.000000 -0.100000
vn 0.000000 0.000000 -0.100000
vn 0.000000 0.000000 -0.100000
vn 0.000000 0.000000 -0.100000
vn 0.000000 0.000000 -0.100000
vn 0.000000 0.000000 -0.100000
vn 0.000000 0.000000 -0.100000
vn 0.000000 0.000000 -0.100000
vn 0.000000 0.000000 -0.100000
vn 0.000000 0.000000 -0.100000
vn 0.000000 0.000000 -0.100000
vn 0.000000 0.000000 -0.100000
vn 0.000000 0.000000 -0.100000
vn 0.000000 0.000000 -0.100000
vn 0.000000 0.000000 -0.100000
vn 0.000000 0.000000 -0.100000
vn 0.000000 0.000000 -0.100000
vn 0.000000 0.000000 -0.100000
vn 0.000000 0.000000 -0.100000
vn 0.000000 0.000000 -0.100000
vn 0.000000 0.000000 -0.100000
vn 0.000000 0.000000 -0.100000
vn 0.000000 0.000000 -0.100000
vn 0.000000 0.000000 -0.100000
vn 0.000000 0.000000 -0.100000
vn 0.000000 0.000000 -0.100000
vn 0.000000 0.000000 -0.100000
vn 0.000000 0.000000 -0.100000
vn 0.000000 0.000000 -0.100000
vn 0.000000 0.000000 -0.100000
vn 0.000000 0.000000 -0.100000
vn 0.000000 0.000000 -0.100000
vn 0.000000 0.000000 -0.100000
vn 0.000000 0.000000 -0.100000
vn 0.000000 0.000000 -0.100000
vn 0.000000 0.000000 -0.100000
vn 0.000000 0.000000 -0.100000
vn 0.000000 0.000000 -0.100000
vn 0.000000 0.000000 -0.100000
vn 0.000000 0.000000 -0.100000
vn 0.000000 0.000000 -0.100000
vn 0.000000 0.000000 -0.100000
vn 0.000000 0.000000 -0.100000
vn 0.000000 0.000000 -0.100000
vn 0.000000 0.000000 -0.100000
vn 0.000000 0.000000 -0.100000
vn 0.000000 0.000000 -0.100000
vn 0.000000 0.000000 -0.100000
vn 0.000000 0.000000 -0.100000
vn 0.000000 0.000000 -0.100000
vn 0.000000 0.000000 -0.100000
vn 0.000000 0.000000 -0.100000
vn 0.000000 0.000000 -0.100000
vn 0.000000 0.000000 -0.100000
vn 0.000000 0.000000 -0.100000
vn 0.000000 0.000000 -0.100000
vn 0.000000 0.000000 -0.100000
vn 0.000000 0.000000 -0.100000
vn 0.000000 0.000000 -0.100000
vn 0.000000 0.000000 -0.100000
vn 0.000000 0.000000 -0.100000
vn 0.000000 0.000000 -0.100000
vn 0.000000 0.000000 -0.100000
vn 0.000000 0.000000 -0.100000
vn 0.000000 0.000000 -0.100000
vn 0.000000 0.000000 -0.100000
vn 0.000000 0.000000 -0.100000
vn 0.000000 0.000000 -0.100000
vn 0.000000 0.000000 -0.100000
vn 0.000000 0.000000 -0.100000
vn 0.000000 0.000000 -0.100000
vn 0.000000 0.000000 -0.100000
vn 0.000000 0.000000 -0.100000
vn 0.000000 0.000000 -0.100000
vn 0.000000 0.000000 -0.100000
vn 0.000000 0.000000 -0.100000
vn 0.000000 0.000000 -0.100000
vn 0.000000 0.000000 -0.100000
vn 0.000000 0.000000 -0.100000
vn 0.000000 0.000000 -0.100000
vn 0.000000 0.000000 -0.100000
vn 0.000000 0.000000 -0.100000
vn 0.000000 0.000000 -0.100000
vn 0.000000 0.000000 -0.100000
vn 0.000000 0.000000 -0.100000
vn 0.000000 0.000000 -0.100000
vn 0.000000 0.000000 -0.100000
vn 0.000000 0.000000 -0.100000
vn 0.000000 0.000000 -0.100000
vn 0.000000 0.000000 -0.100000
vn 0.000000 0.000000 -0.100000
vn 0.000000 0.000000 -0.100000
vn 0.000000 0.000000 -0.100000
vn 0.000000 0.000000 -0.100000
vn 0.000000 0.000000 -0.100000
vn 0.000000 0.000000 -0.100000
vn 0.000000 0.000000 -0.100000
vn 0.000000 0.000000 -0.100000
vn 0.000000 0.000000 -0.100000
vn 0.000000 0.100000 0.000000
vn 0.000000 0.100000 0.000000
vn 0.000000 0.100000 0.000000
vn 0.000000 0.100000 0.000000
vn 0.070711 0.070711 0.000000
vn 0.070711 0.070711 0.000000
vn 0.070711 0.070711 0.000000
vn 0.070711 0.070711 0.000000
vn 0.000000 0.000000 0.100000
vn 0.000000 0.000000 0.100000
vn 0.000000 0.000000 0.100000
vn 0.000000 0.000000 0.100000
vn 0.000000 0.000000 0.100000
vn 0.000000 0.000000 0.100000
vn 0.000000 0.000000 0.100000
vn 0.000000 0.000000 0.100000
vn 0.000000 0.000000 0.100000
vn 0.000000 0.000000 0.100000
vn 0.000000 0.000000 0.100000
vn 0.000000 0.000000 0.100000
vn 0.000000 0.000000 0.100000
vn 0.000000 0.000000 0.100000
vn 0.000000 0.000000 0.100000
vn 0.000000 0.000000 0.100000
vn 0.000000 0.000000 0.100000
vn 0.000000 0.000000 0.100000
vn 0.000000 0.000000 0.100000
vn 0.000000 0.000000 0.100000
vn 0.000000 0.000000 0.100000
vn 0.000000 0.000000 0.100000
vn 0.000000 0.000000 0.100000
vn 0.000000 0.000000 0.100000
vn 0.000000 0.000000 0.100000
vn 0.000000 0.000000 0.100000
vn 0.000000 0.000000 0.100000
vn 0.000000 0.000000 0.100000
vn 0.000000 0.000000 0.100000
vn 0.000000 0.000000 0.100000
vn 0.000000 0.000000 0.100000
vn 0.000000 0.000000 0.100000
vn 0.000000 0.000000 0.100000
vn 0.000000 0.000000 0.100000
vn 0.000000 0.000000 0.100000
vn 0.000000 0.000000 0.100000
vn 0.000000 0.000000 0.100000
vn 0.000000 0.000000 0.100000
vn 0.000000 0.000000 0.100000
vn 0.000000 0.000000 0.100000
vn 0.000000 0.000000 0.100000
vn 0.000000 0.000000 0.100000
vn 0.000000 0.000000 0.100000
vn 0.000000 0.000000 0.100000
vn 0.000000 0.000000 0.100000
vn 0.000000 0.000000 0.100000
vn 0.000000 0.000000 0.100000
vn 0.000000 0.000000 0.100000
vn 0.000000 0.000000 0.100000
vn 0.000000 0.000000 0.100000
vn 0.000000 0.000000 0.100000
vn 0.000000 0.000000 0.100000
vn 0.000000 0.000000 0.100000
vn 0.000000 0.000000 0.100000
vn 0.000000 0.000000 0.100000
vn 0.000000 0.000000 0.100000
vn 0.000000 0.000000 0.100000
vn 0.000000 0.000000 0.100000
vn 0.000000 0.000000 0.100000
vn 0.000000 0.000000 0.100000
vn 0.000000 0.000000 0.100000
vn -0.100000 0.000000 0.000000
vn -0.100000 0.000000 0.000000
vn -0.100000 0.000000 0.000000
vn -0.100000 0.000000 0.000000
vn -0.100000 0.000000 0.000000
vn -0.100000 0.000000 0.000000
vn -0.100000 0.000000 0.000000
vn -0.100000 0.000000 0.000000
vn -0.100000 0.000000 0.000000
vn -0.100000 0.000000 0.000000
vn -0.100000 0.000000 0.000000
vn -0.100000 0.000000 0.000000
vn 0.100000 0.000000 0.000000
vn 0.100000 0.000000 0.000000
vn 0.100000 0.000000 0.000000
vn 0.100000 0.000000 0.000000
vn 0.100000 0.000000 0.000000
vn 0.100000 0.000000 0.000000
vn 0.100000 0.000000 0.000000
vn 0.100000 0.000000 0.000000
vn 0.100000 0.000000 0.000000
vn 0.100000 0.000000 0.000000
vn 0.100000 0.000000 0.000000
vn 0.000000 0.000000 0.100000
vn 0.000000 0.000000 0.100000
vn 0.000000 0.000000 0.100000
vn 0.000000 0.000000 0.100000
vn 0.000000 0.000000 0.100000
vn 0.000000 0.000000 0.100000
vn 0.000000 0.000000 0.100000
vn 0.000000 0.000000 0.100000
vn 0.000000 0.000000 0.100000
vn 0.000000 0.000000 0.100000
vn 0.000000 0.000000 0.100000
vn 0.000000 0.000000 0.100000
vn 0.000000 0.000000 0.100000
vn 0.000000 0.000000 0.100000
vn 0.000000 0.000000 0.100000
vn 0.000000 0.000000 0.100000
vn 0.000000 0.000000 0.100000
vn 0.000000 0.000000 0.100000
vn 0.000000 0.000000 0.100000
vn 0.000000 0.000000 0.100000
vn 0.000000 0.000000 0.100000
vn 0.000000 0.000000 0.100000
vn 0.000000 0.000000 0.100000
vn 0.000000 0.000000 0.100000
vn 0.034798 0.061556 0.070711
vn 0.029458 0.064282 0.070711
vn 0.028219 0.064836 0.070711
vn 0.022542 0.067021 0.070711
vn 0.019111 0.068079 0.070711
vn 0.015249 0.069047 0.070711
vn 0.009646 0.070050 0.070711
vn 0.007692 0.070291 0.070711
vn 0.000000 0.070711 0.070711
vn 0.000000 0.070711 0.070711
vn 0.036799 0.060381 0.070711
vn 0.039888 0.058386 0.070711
vn 0.044692 0.054797 0.070711
vn 0.044692 0.054797 0.070711
vn -0.048196 0.051741 0.070711
vn -0.039091 0.058923 0.070711
vn -0.042655 0.056397 0.070711
vn -0.036236 0.060720 0.070711
vn -0.033507 0.062268 0.070711
vn -0.050795 0.049193 0.070711
vn -0.056004 0.043169 0.070711
vn -0.057734 0.040826 0.070711
vn -0.062306 0.033435 0.070711
vn -0.063309 0.031495 0.070711
vn -0.066933 0.022803 0.070711
vn -0.067388 0.021419 0.070711
vn -0.069760 0.011557 0.070711
vn -0.069875 0.010838 0.070711
vn -0.070711 0.000000 0.070711
vn -0.070711 0.000000 0.070711
vn -0.070711 0.000000 0.070711
vn -0.070711 0.000000 0.070711
vn -0.070704 0.000967 0.070711
vn -0.070704 0.000967 0.070711
vn -0.070704 0.000967 0.070711
vn -0.070704 0.000967 0.070711
vn -0.021588 -0.067335 0.070711
vn -0.027060 -0.065328 0.070711
vn -0.028260 -0.064818 0.070711
vn -0.035355 -0.061237 0.070711
vn -0.036354 -0.060650 0.070711
vn -0.043046 -0.056099 0.070711
vn -0.043846 -0.055475 0.070711
vn -0.050000 -0.050000 0.070711
vn -0.050611 -0.049382 0.070711
vn -0.056099 -0.043046 0.070711
vn -0.056537 -0.042469 0.070711
vn -0.061237 -0.035355 0.070711
vn -0.061525 -0.034852 0.070711
vn -0.065328 -0.027060 0.070711
vn -0.065493 -0.026658 0.070711
vn -0.068301 -0.018301 0.070711
vn -0.068376 -0.018021 0.070711
vn -0.070106 -0.009230 0.070711
vn -0.070125 -0.009086 0.070711
vn -0.018301 -0.068301 0.070711
vn -0.014586 -0.069190 0.070711
vn -0.009230 -0.070106 0.070711
vn -0.007352 -0.070327 0.070711
vn -0.000000 -0.070711 0.070711
vn -0.000000 -0.070711 0.070711
vn 0.000000 -0.070711 0.070711
vn 0.000000 -0.070711 0.070711
vn -0.015869 -0.068907 0.070711
vn -0.069118 -0.014925 0.070711
vn -0.064005 -0.030056 0.070711
vn -0.068505 -0.017522 0.070711
vn -0.055627 -0.043654 0.070711
vn -0.061557 -0.034796 0.070711
vn -0.044411 -0.055025 0.070711
vn -0.050341 -0.049657 0.070711
vn -0.030929 -0.063588 0.070711
vn -0.035634 -0.061075 0.070711
vn -0.018457 -0.068259 0.070711
vn -0.068285 0.018363 0.070711
vn 0.029807 0.064121 0.070711
vn 0.029807 0.064121 0.070711
vn 0.013084 0.069490 0.070711
vn 0.013084 0.069490 0.070711
vn -0.004446 0.070571 0.070711
vn -0.004446 0.070571 0.070711
vn -0.021703 0.067298 0.070711
vn -0.021703 0.067298 0.070711
vn -0.037620 0.059873 0.070711
vn -0.037620 0.059873 0.070711
vn -0.051216 0.048754 0.070711
vn -0.051216 0.048754 0.070711
vn -0.061652 0.034627 0.070711
vn -0.061652 0.034627 0.070711
vn -0.068285 0.018363 0.070711
vn -0.000000 0.070711 0.070711
vn -0.000000 0.070711 0.070711
vn -0.000000 0.070711 0.070711
vn -0.000000 0.070711 0.070711
vn -0.000000 0.070711 0.070711
vn -0.000000 0.070711 0.070711
vn -0.000000 0.070711 0.070711
vn -0.000000 -0.070711 0.070711
vn -0.000000 -0.070711 0.070711
vn -0.000000 -0.070711 0.070711
vn -0.000000 -0.070711 0.070711
vn -0.000000 -0.070711 0.070711
vn -0.000000 -0.100000 0.000000
vn -0.000000 -0.100000 0.000000
vn -0.000000 -0.100000 0.000000
vn -0.000000 -0.100000 0.000000
vn -0.022443 -0.097449 0.000000
vn -0.022443 -0.097449 0.000000
vn -0.043740 -0.089927 0.000000
vn -0.043740 -0.089927 0.000000
vn -0.062806 -0.077816 0.000000
vn -0.062806 -0.077816 0.000000
vn -0.078668 -0.061736 0.000000
vn -0.078668 -0.061736 0.000000
vn -0.090516 -0.042506 0.000000
vn -0.090516 -0.042506 0.000000
vn -0.097747 -0.021108 0.000000
vn -0.097747 -0.021108 0.000000
vn -0.099991 0.001367 0.000000
vn -0.099991 0.001367 0.000000
vn -0.099991 0.001367 0.000000
vn -0.099991 0.001367 0.000000
vn -0.096569 0.025970 0.000000
vn -0.096569 0.025970 0.000000
vn -0.087189 0.048970 0.000000
vn -0.087189 0.048970 0.000000
vn -0.072430 0.068948 0.000000
vn -0.072430 0.068948 0.000000
vn -0.053202 0.084673 0.000000
vn -0.053202 0.084673 0.000000
vn -0.030692 0.095173 0.000000
vn -0.030692 0.095173 0.000000
vn -0.006288 0.099802 0.000000
vn -0.006288 0.099802 0.000000
vn 0.018504 0.098273 0.000000
vn 0.018504 0.098273 0.000000
vn 0.042154 0.090681 0.000000
vn 0.042154 0.090681 0.000000
vn 0.063203 0.077494 0.000000
vn 0.063203 0.077494 0.000000
vn 0.052042 0.085391 0.000000
vn 0.052042 0.085391 0.000000
vn 0.039907 0.091692 0.000000
vn 0.039907 0.091692 0.000000
vn 0.027027 0.096279 0.000000
vn 0.027027 0.096279 0.000000
vn 0.013641 0.099065 0.000000
vn 0.013641 0.099065 0.000000
vn 0.000000 0.100000 0.000000
vn 0.000000 0.100000 0.000000
vn -0.000000 0.100000 0.000000
vn -0.000000 0.100000 0.000000
vn 0.000000 0.000000 0.100000
vn 0.000000 0.000000 0.100000
vn 0.000000 0.000000 0.100000
vn 0.000000 0.000000 0.100000
vn 0.000000 0.000000 0.100000
vn 0.070711 0.070711 0.000000
vn 0.070711 0.070711 0.000000
vn 0.070711 0.070711 0.000000
vn 0.070711 0.070711 0.000000
vn -0.000000 0.100000 -0.000000
vn -0.000000 0.100000 -0.000000
vn -0.000000 0.100000 -0.000000
vn -0.000000 0.100000 -0.000000
vn -0.070711 0.070711 -0.000000
vn -0.070711 0.070711 -0.000000
vn -0.070711 0.070711 -0.000000
vn -0.070711 0.070711 -0.000000
vn -0.100000 0.000000 0.000000
vn -0.100000 0.000000 0.000000
vn -0.100000 0.000000 0.000000
vn -0.100000 0.000000 0.000000
vn -0.070711 -0.070711 0.000000
vn -0.070711 -0.070711 0.000000
vn -0.070711 -0.070711 0.000000
vn -0.070711 -0.070711 0.000000
vn 0.000000 -0.100000 0.000000
vn 0.000000 -0.100000 0.000000
vn 0.000000 -0.100000 0.000000
vn 0.000000 -0.100000 0.000000
vn 0.070711 -0.070711 0.000000
vn 0.070711 -0.070711 0.000000
vn 0.070711 -0.070711 0.000000
vn 0.070711 -0.070711 0.000000
vn 0.100000 0.000000 0.000000
vn 0.100000 0.000000 0.000000
vn 0.100000 0.000000 0.000000
vn 0.100000 0.000000 0.000000
vn -0.070711 -0.070711 0.000000
vn -0.070711 -0.070711 0.000000
vn -0.070711 -0.070711 0.000000
vn -0.070711 -0.070711 0.000000
vn 0.000000 -0.100000 0.000000
vn 0.000000 -0.100000 0.000000
vn 0.000000 -0.100000 0.000000
vn 0.000000 -0.100000 0.000000
vn 0.000000 0.000000 0.100000
vn 0.000000 0.000000 0.100000
vn 0.000000 0.000000 0.100000
vn 0.000000 0.000000 0.100000
vn 0.000000 0.000000 0.100000
vn 0.000000 0.000000 0.100000
vn 0.000000 0.000000 0.100000
vn 0.000000 0.000000 0.100000
vn 0.000000 0.000000 0.100000
vn 0.000000 0.000000 0.100000
vn 0.000000 0.000000 0.100000
vn 0.000000 0.000000 0.100000
vn 0.000000 0.000000 0.100000
vn 0.000000 0.000000 0.100000
vn 0.000000 0.000000 0.100000
vn 0.000000 0.000000 0.100000
vn 0.000000 0.000000 0.100000
vn 0.000000 0.000000 0.100000
vn 0.000000 0.000000 0.100000
vn 0.000000 0.000000 0.100000
vn 0.000000 0.000000 0.100000
vn 0.000000 0.000000 0.100000
vn 0.000000 0.000000 0.100000
vn 0.000000 0.000000 0.100000
vn 0.000000 0.000000 0.100000
vn 0.000000 0.000000 0.100000
vn 0.000000 0.000000 0.100000
vn 0.000000 0.000000 0.100000
vn 0.000000 0.000000 0.100000
vn 0.000000 0.000000 0.100000
vn 0.000000 0.000000 0.100000
vn 0.000000 0.000000 0.100000
vn 0.000000 0.000000 0.100000
vn 0.000000 0.000000 0.100000
vn 0.000000 0.000000 0.100000
vn 0.000000 0.000000 0.100000
vn 0.000000 0.000000 0.100000
vn 0.000000 0.000000 0.100000
vn 0.000000 0.000000 0.100000
vn 0.000000 0.000000 0.100000
vn 0.000000 0.000000 0.100000
vn 0.000000 0.000000 0.100000
vn 0.000000 0.000000 0.100000
vn 0.000000 0.000000 0.100000
vn 0.000000 0.000000 0.100000
vn 0.000000 0.000000 0.100000
vn 0.000000 0.000000 0.100000
vn 0.000000 0.000000 0.100000
vn 0.000000 0.000000 0.100000
vn 0.000000 0.000000 0.100000
vn 0.000000 0.000000 0.100000
vn 0.000000 0.000000 0.100000
vn 0.000000 0.000000 0.100000
vn 0.000000 0.000000 0.100000
vn 0.000000 0.000000 0.100000
vn 0.000000 0.000000 0.100000
vn 0.000000 0.000000 0.100000
vn 0.000000 0.000000 0.100000
vn 0.000000 0.000000 0.100000
vn 0.000000 0.000000 0.100000
vn 0.000000 0.000000 0.100000
vn 0.000000 0.000000 0.100000
vn 0.000000 0.000000 0.100000
vn 0.000000 0.000000 0.100000
vn 0.000000 0.000000 0.100000
vn 0.000000 0.000000 0.100000
vn 0.000000 0.000000 0.100000
vn 0.000000 0.000000 0.100000
vn 0.000000 0.000000 0.100000
vn 0.000000 0.000000 0.100000
vn 0.000000 0.000000 0.100000
vn 0.000000 0.000000 0.100000
vn 0.000000 0.000000 0.100000
vn 0.000000 0.000000 0.100000
vn 0.000000 0.000000 0.100000
vn 0.000000 0.000000 0.100000
vn 0.000000 0.000000 0.100000
vn 0.000000 0.000000 0.100000
vn 0.000000 0.000000 0.100000
vn 0.000000 0.000000 0.100000
vn 0.000000 0.000000 0.100000
vn 0.000000 0.000000 0.100000
vn 0.000000 0.000000 0.100000
vn 0.000000 0.000000 0.100000
vn 0.000000 0.000000 0.100000
vn 0.000000 0.000000 0.100000
vn 0.000000 0.000000 0.100000
vn 0.000000 0.000000 0.100000
vn 0.000000 0.000000 0.100000
vn 0.000000 0.000000 0.100000
vn 0.000000 0.000000 0.100000
vn 0.000000 0.000000 0.100000
vn 0.000000 0.000000 0.100000
vn 0.000000 0.000000 0.100000
vn 0.000000 0.000000 0.100000
vn 0.000000 0.000000 0.100000
vn 0.000000 0.000000 0.100000
vn 0.000000 0.000000 0.100000
vn 0.000000 0.000000 0.100000
vn 0.000000 0.000000 0.100000
vn 0.000000 0.000000 0.100000
vn 0.000000 0.000000 0.100000
vn 0.000000 0.000000 0.100000
vn 0.000000 0.000000 0.100000
vn 0.000000 0.000000 0.100000
vn 0.000000 0.000000 0.100000
vn 0.000000 0.000000 0.100000
vn 0.000000 0.000000 0.100000
vn 0.000000 0.000000 0.100000
vn 0.000000 0.000000 0.100000
vn 0.000000 0.000000 0.100000
vn 0.000000 0.000000 0.100000
vn 0.000000 0.000000 0.100000
vn 0.000000 0.000000 0.100000
vn 0.000000 0.000000 0.100000
vn 0.000000 0.000000 0.100000
vn 0.000000 0.000000 0.100000
vn 0.000000 0.000000 0.100000
vn 0.000000 0.000000 0.100000
vn 0.000000 0.000000 0.100000
vn 0.000000 0.000000 0.100000
vn 0.000000 0.000000 0.100000
vn 0.000000 0.000000 0.100000
vn 0.000000 0.000000 0.100000
vn 0.000000 0.000000 0.100000
vn 0.000000 0.000000 0.100000
vn 0.000000 0.000000 0.100000
vn 0.000000 0.000000 0.100000
vn 0.000000 0.000000 0.100000
vn 0.000000 0.000000 0.100000
vn 0.000000 0.000000 0.100000
vn 0.000000 0.000000 0.100000
vn 0.000000 0.000000 0.100000
vn 0.000000 0.000000 0.100000
vn 0.000000 0.000000 0.100000
vn 0.000000 0.000000 0.100000
vn 0.000000 0.000000 0.100000
vn 0.000000 0.000000 0.100000
vn 0.000000 0.000000 0.100000
vn 0.000000 0.000000 0.100000
vn 0.000000 0.000000 0.100000
vn 0.000000 0.000000 0.100000
vn 0.000000 0.000000 0.100000
vn 0.000000 0.000000 0.100000
vn 0.000000 0.000000 0.100000
vn 0.000000 0.000000 0.100000
vn 0.000000 0.000000 0.100000
vn 0.000000 0.000000 0.100000
vn 0.000000 0.000000 0.100000
vn 0.000000 0.000000 0.100000
vn 0.000000 0.000000 0.100000
vn 0.000000 0.000000 0.100000
vn 0.000000 0.000000 0.100000
vn 0.000000 0.000000 0.100000
vn 0.000000 0.000000 0.100000
vn 0.000000 0.000000 0.100000
vn 0.000000 0.000000 0.100000
vn 0.000000 0.000000 0.100000
vn 0.000000 0.000000 0.100000
vn 0.000000 0.000000 0.100000
vn 0.000000 0.000000 0.100000
vn 0.000000 0.000000 0.100000
vn 0.000000 0.000000 0.100000
vn 0.000000 0.000000 0.100000
vn 0.000000 0.000000 0.100000
vn 0.000000 0.000000 0.100000
vn 0.000000 0.000000 0.100000
vn 0.000000 0.000000 0.100000
vn 0.000000 0.000000 0.100000
vn 0.000000 0.000000 0.100000
vn 0.000000 0.000000 0.100000
vn 0.000000 0.000000 0.100000
vn 0.000000 0.000000 0.100000
vn 0.000000 0.000000 0.100000
vn 0.000000 0.000000 0.100000
vn 0.000000 0.000000 0.100000
vn 0.000000 0.000000 0.100000
vn 0.000000 0.000000 0.100000
vn 0.000000 0.000000 0.100000
vn 0.000000 0.000000 0.100000
vn 0.000000 0.000000 0.100000
vn 0.000000 0.000000 0.100000
vn 0.000000 0.000000 0.100000
vn 0.000000 0.000000 0.100000
vn 0.000000 0.000000 0.100000
vn 0.000000 0.000000 0.100000
vn 0.000000 0.000000 0.100000
vn 0.000000 0.000000 0.100000
vn 0.000000 0.000000 0.100000
vn 0.000000 0.000000 0.100000
vn 0.000000 0.000000 0.100000
vn 0.000000 0.000000 0.100000
vn 0.000000 0.000000 0.100000
vn 0.000000 0.000000 0.100000
vn 0.000000 0.000000 0.100000
vn 0.000000 0.000000 0.100000
vn 0.000000 0.000000 0.100000
vn 0.000000 0.000000 0.100000
vn 0.000000 0.000000 0.100000
vn 0.000000 0.000000 0.100000
vn 0.000000 0.000000 0.100000
vn 0.000000 0.000000 0.100000
vn 0.000000 0.000000 0.100000
vn 0.000000 0.000000 0.100000
vn 0.000000 0.000000 0.100000
vn 0.000000 0.000000 0.100000
vn 0.000000 0.000000 0.100000
vn 0.000000 0.000000 0.100000
vn 0.000000 0.000000 0.100000
vn 0.000000 0.000000 0.100000
vn 0.000000 0.000000 0.100000
vn 0.000000 0.000000 0.100000
vn 0.000000 0.000000 0.100000
vn 0.000000 0.000000 0.100000
vn 0.000000 0.000000 0.100000
vn 0.000000 0.000000 0.100000
vn 0.000000 0.000000 0.100000
vn 0.000000 0.000000 0.100000
vn 0.000000 0.000000 0.100000
vn 0.000000 0.000000 0.100000
vn 0.000000 0.000000 0.100000
vn 0.000000 0.000000 0.100000
vn 0.000000 0.000000 0.100000
vn 0.000000 0.000000 0.100000
vn 0.000000 0.000000 0.100000
vn 0.000000 0.000000 0.100000
vn 0.000000 0.000000 0.100000
vn 0.000000 0.000000 0.100000
vn 0.000000 0.000000 0.100000
vn 0.000000 0.000000 0.100000
vn 0.000000 0.000000 0.100000
vn 0.000000 0.000000 0.100000
vn 0.000000 0.000000 0.100000
vn 0.000000 0.000000 0.100000
vn 0.000000 0.000000 0.100000
vn 0.000000 0.000000 0.100000
vn 0.000000 0.000000 0.100000
vn 0.000000 0.000000 0.100000
vn 0.000000 0.000000 0.100000
vn 0.000000 0.000000 0.100000
vn -0.100000 0.000000 0.000000
vn -0.100000 0.000000 0.000000
vn -0.100000 0.000000 0.000000
vn -0.100000 0.000000 0.000000
vn -0.100000 0.000000 0.000000
vn -0.100000 0.000000 0.000000
vn -0.099144 -0.013053 0.000000
vn -0.099144 -0.013053 0.000000
vn -0.096593 -0.025882 0.000000
vn -0.096593 -0.025882 0.000000
vn -0.092388 -0.038268 0.000000
vn -0.092388 -0.038268 0.000000
vn -0.086603 -0.050000 0.000000
vn -0.086603 -0.050000 0.000000
vn -0.079335 -0.060876 0.000000
vn -0.079335 -0.060876 0.000000
vn -0.070711 -0.070711 0.000000
vn -0.070711 -0.070711 0.000000
vn -0.060876 -0.079335 0.000000
vn -0.060876 -0.079335 0.000000
vn -0.050000 -0.086603 0.000000
vn -0.050000 -0.086603 0.000000
vn -0.038268 -0.092388 0.000000
vn -0.038268 -0.092388 0.000000
vn -0.025882 -0.096593 0.000000
vn -0.025882 -0.096593 0.000000
vn -0.013053 -0.099144 0.000000
vn -0.013053 -0.099144 0.000000
vn -0.100000 0.000000 0.000000
vn -0.100000 0.000000 0.000000
vn -0.055283 0.083329 -0.000000
vn -0.055283 0.083329 -0.000000
vn -0.068159 0.073173 -0.000000
vn -0.068159 0.073173 -0.000000
vn -0.079202 0.061050 -0.000000
vn -0.079202 0.061050 -0.000000
vn -0.088115 0.047285 -0.000000
vn -0.088115 0.047285 -0.000000
vn -0.094658 0.032248 -0.000000
vn -0.094658 0.032248 -0.000000
vn -0.098655 0.016344 -0.000000
vn -0.098655 0.016344 -0.000000
vn 0.090000 0.043589 0.000000
vn 0.090000 0.043589 0.000000
vn 0.078072 0.062488 0.000000
vn 0.078072 0.062488 0.000000
vn 0.062245 0.078266 0.000000
vn 0.062245 0.078266 0.000000
vn 0.043308 0.090135 0.000000
vn 0.043308 0.090135 0.000000
vn 0.022209 0.097503 0.000000
vn 0.022209 0.097503 0.000000
vn 0.000000 0.100000 0.000000
vn 0.000000 0.100000 0.000000
vn 0.100000 0.000000 0.000000
vn 0.100000 0.000000 0.000000
vn 0.100000 0.000000 0.000000
vn 0.100000 0.000000 0.000000
vn -0.100000 0.000000 0.000000
vn -0.100000 0.000000 0.000000
vn -0.100000 0.000000 0.000000
vn -0.100000 0.000000 0.000000
vn 0.000000 -0.100000 0.000000
vn 0.000000 -0.100000 0.000000
vn -0.025882 -0.096593 0.000000
vn -0.025882 -0.096593 0.000000
vn -0.050000 -0.086603 0.000000
vn -0.050000 -0.086603 0.000000
vn -0.070711 -0.070711 0.000000
vn -0.070711 -0.070711 0.000000
vn -0.086603 -0.050000 0.000000
vn -0.086603 -0.050000 0.000000
vn -0.096593 -0.025882 0.000000
vn -0.096593 -0.025882 0.000000
vn 0.000000 -0.100000 0.000000
vn 0.000000 -0.100000 0.000000
vn -0.100000 0.000000 0.000000
vn -0.100000 0.000000 0.000000
vn -0.100000 0.000000 0.000000
vn -0.100000 0.000000 0.000000
vn 0.000000 0.100000 0.000000
vn 0.000000 0.100000 0.000000
vn 0.100000 -0.000000 0.000000
vn 0.100000 -0.000000 0.000000
vn 0.098079 -0.019509 0.000000
vn 0.098079 -0.019509 0.000000
vn 0.092388 -0.038268 0.000000
vn 0.092388 -0.038268 0.000000
vn 0.083147 -0.055557 0.000000
vn 0.083147 -0.055557 0.000000
vn 0.070711 -0.070711 0.000000
vn 0.070711 -0.070711 0.000000
vn 0.055557 -0.083147 0.000000
vn 0.055557 -0.083147 0.000000
vn 0.038268 -0.092388 0.000000
vn 0.038268 -0.092388 0.000000
vn 0.019509 -0.098079 0.000000
vn 0.019509 -0.098079 0.000000
vn 0.100000 0.000000 0.000000
vn 0.100000 0.000000 0.000000
vn 0.000000 0.100000 0.000000
vn 0.000000 0.100000 0.000000
vn 0.013053 0.099144 0.000000
vn 0.013053 0.099144 0.000000
vn 0.025882 0.096593 0.000000
vn 0.025882 0.096593 0.000000
vn 0.038268 0.092388 0.000000
vn 0.038268 0.092388 0.000000
vn 0.050000 0.086603 0.000000
vn 0.050000 0.086603 0.000000
vn 0.060876 0.079335 0.000000
vn 0.060876 0.079335 0.000000
vn 0.070711 0.070711 0.000000
vn 0.070711 0.070711 0.000000
vn 0.079335 0.060876 0.000000
vn 0.079335 0.060876 0.000000
vn 0.086603 0.050000 0.000000
vn 0.086603 0.050000 0.000000
vn 0.092388 0.038268 0.000000
vn 0.092388 0.038268 0.000000
vn 0.096593 0.025882 0.000000
vn 0.096593 0.025882 0.000000
vn 0.099144 0.013053 0.000000
vn 0.099144 0.013053 0.000000
vn -0.070711 0.070711 0.000000
vn -0.070711 0.070711 0.000000
vn -0.070711 0.070711 0.000000
vn -0.070711 0.070711 0.000000
vn -0.070711 0.070711 0.000000
vn -0.100000 0.000000 0.000000
vn -0.100000 0.000000 0.000000
vn -0.100000 0.000000 0.000000
vn -0.100000 0.000000 0.000000
vn -0.070711 -0.070711 0.000000
vn -0.070711 -0.070711 0.000000
vn -0.070711 -0.070711 0.000000
vn -0.070711 -0.070711 0.000000
vn -0.070711 -0.070711 0.000000
vn 0.000000 0.100000 0.000000
vn 0.000000 0.100000 0.000000
vn -0.100000 0.000000 0.000000
vn -0.100000 0.000000 0.000000
vn -0.100000 0.000000 0.000000
vn -0.100000 0.000000 0.000000
vn -0.100000 0.000000 0.000000
vn -0.100000 0.000000 0.000000
vn 0.000000 -0.100000 0.000000
vn 0.000000 -0.100000 0.000000
vn 0.000000 -0.100000 0.000000
vn 0.000000 -0.100000 0.000000
vn 0.000000 -0.100000 0.000000
vn 0.000000 -0.100000 0.000000
vn -0.025882 -0.096593 0.000000
vn -0.025882 -0.096593 0.000000
vn -0.050000 -0.086603 0.000000
vn -0.050000 -0.086603 0.000000
vn -0.070711 -0.070711 0.000000
vn -0.070711 -0.070711 0.000000
vn -0.086603 -0.050000 0.000000
vn -0.086603 -0.050000 0.000000
vn -0.096593 -0.025882 0.000000
vn -0.096593 -0.025882 0.000000
vn -0.100000 0.000000 0.000000
vn -0.100000 0.000000 0.000000
vn -0.096593 -0.025882 0.000000
vn -0.086603 -0.050000 0.000000
vn -0.070711 -0.070711 0.000000
vn -0.050000 -0.086603 0.000000
vn -0.025882 -0.096593 0.000000
vn -0.100000 0.000000 0.000000
vn -0.100000 0.000000 0.000000
vn 0.022252 0.097493 0.000000
vn 0.022252 0.097493 0.000000
vn 0.043388 0.090097 0.000000
vn 0.043388 0.090097 0.000000
vn 0.062349 0.078183 0.000000
vn 0.062349 0.078183 0.000000
vn 0.078183 0.062349 0.000000
vn 0.078183 0.062349 0.000000
vn 0.090097 0.043388 0.000000
vn 0.090097 0.043388 0.000000
vn 0.097493 0.022252 0.000000
vn 0.097493 0.022252 0.000000
vn 0.100000 -0.000000 0.000000
vn 0.100000 -0.000000 0.000000
vn 0.100000 0.000000 0.000000
vn 0.100000 0.000000 0.000000
vn -0.024363 -0.096987 0.000000
vn -0.024363 -0.096987 0.000000
vn -0.047258 -0.088129 0.000000
vn -0.047258 -0.088129 0.000000
vn -0.067305 -0.073960 0.000000
vn -0.067305 -0.073960 0.000000
vn -0.083295 -0.055334 0.000000
vn -0.083295 -0.055334 0.000000
vn -0.094267 -0.033374 0.000000
vn -0.094267 -0.033374 0.000000
vn -0.099557 -0.009402 0.000000
vn -0.099557 -0.009402 0.000000
vn 0.000000 0.000000 0.100000
vn 0.000000 0.000000 0.100000
vn 0.000000 0.000000 0.100000
vn 0.000000 0.000000 0.100000
vn 0.000000 0.000000 0.100000
vn 0.000000 0.000000 0.100000
vn 0.000000 0.000000 0.100000
vn 0.000000 0.000000 0.100000
vn 0.000000 0.000000 0.100000
vn 0.000000 0.000000 0.100000
vn 0.000000 0.000000 0.100000
vn 0.000000 0.000000 0.100000
vn 0.000000 0.000000 0.100000
vn 0.000000 0.000000 0.100000
vn 0.000000 0.000000 0.100000
vn 0.000000 0.000000 0.100000
vn 0.000000 0.000000 0.100000
vn 0.000000 0.000000 0.100000
vn 0.000000 0.000000 0.100000
vn 0.000000 0.000000 0.100000
vn 0.000000 0.000000 0.100000
vn 0.000000 0.000000 0.100000
vn 0.000000 0.000000 0.100000
vn 0.000000 0.000000 0.100000
vn 0.000000 0.000000 0.100000
vn 0.000000 0.000000 0.100000
vn 0.000000 0.000000 0.100000
vn 0.000000 0.000000 0.100000
vn 0.000000 0.000000 0.100000
vn 0.000000 0.000000 0.100000
vn 0.000000 0.000000 0.100000
vn 0.000000 0.000000 0.100000
vn 0.000000 0.000000 0.100000
vn 0.000000 0.000000 0.100000
vn 0.000000 0.000000 0.100000
vn 0.000000 0.000000 0.100000
vn 0.000000 0.000000 0.100000
vn 0.000000 0.000000 0.100000
vn 0.000000 0.000000 0.100000
vn 0.000000 0.000000 0.100000
vn 0.000000 0.000000 0.100000
vn 0.000000 0.000000 0.100000
vn 0.000000 0.000000 0.100000
vn 0.000000 0.000000 0.100000
vn 0.000000 0.000000 0.100000
vn 0.000000 0.000000 0.100000
vn 0.000000 0.000000 0.100000
vn 0.000000 0.000000 0.100000
vn 0.000000 0.000000 0.100000
vn 0.000000 0.000000 0.100000
vn 0.000000 0.000000 0.100000
vn -0.100000 0.000000 0.000000
vn -0.100000 0.000000 0.000000
vn -0.097493 0.022252 0.000000
vn -0.097493 0.022252 0.000000
vn -0.090097 0.043388 0.000000
vn -0.090097 0.043388 0.000000
vn -0.078183 0.062349 0.000000
vn -0.078183 0.062349 0.000000
vn -0.062349 0.078183 0.000000
vn -0.062349 0.078183 0.000000
vn -0.043388 0.090097 0.000000
vn -0.043388 0.090097 0.000000
vn -0.022252 0.097493 0.000000
vn -0.022252 0.097493 0.000000
vn 0.000000 0.100000 0.000000
vn 0.000000 0.100000 0.000000
vn 0.000000 0.100000 0.000000
vn 0.000000 0.100000 0.000000
vn -0.000000 -0.100000 0.000000
vn 0.000000 -0.100000 0.000000
vn -0.022252 -0.097493 0.000000
vn -0.022252 -0.097493 0.000000
vn -0.043388 -0.090097 0.000000
vn -0.043388 -0.090097 0.000000
vn -0.062349 -0.078183 0.000000
vn -0.062349 -0.078183 0.000000
vn -0.078183 -0.062349 0.000000
vn -0.078183 -0.062349 0.000000
vn -0.090097 -0.043388 0.000000
vn -0.090097 -0.043388 0.000000
vn -0.097493 -0.022252 0.000000
vn -0.097493 -0.022252 0.000000
vn -0.100000 -0.000000 0.000000
vn -0.100000 -0.000000 0.000000
vn 0.000000 0.000000 0.100000
vn 0.000000 0.000000 0.100000
vn 0.000000 0.000000 0.100000
vn 0.000000 0.000000 0.100000
vn 0.000000 0.000000 0.100000
vn 0.000000 0.000000 0.100000
vn 0.000000 0.000000 0.100000
vn 0.000000 0.000000 0.100000
vn 0.000000 0.000000 0.100000
vn 0.000000 0.000000 0.100000
vn 0.000000 0.000000 0.100000
vn 0.000000 0.000000 0.100000
vn 0.000000 0.000000 0.100000
vn 0.000000 0.000000 0.100000
vn 0.000000 0.000000 0.100000
vn 0.000000 0.000000 0.100000
vn 0.000000 0.000000 0.100000
vn 0.000000 0.000000 0.100000
vn 0.000000 -0.100000 0.000000
vn 0.000000 -0.100000 0.000000
vn -0.094267 -0.033374 0.000000
vn -0.094267 -0.033374 0.000000
vn -0.083295 -0.055334 0.000000
vn -0.083295 -0.055334 0.000000
vn -0.067305 -0.073960 0.000000
vn -0.067305 -0.073960 0.000000
vn -0.047258 -0.088129 0.000000
vn -0.047258 -0.088129 0.000000
vn -0.024363 -0.096987 0.000000
vn -0.024363 -0.096987 0.000000
vn 0.000000 -0.100000 0.000000
vn -0.000000 -0.100000 0.000000
vn 0.000000 -0.100000 0.000000
vn 0.000000 -0.100000 0.000000
vn 0.100000 -0.000000 0.000000
vn 0.100000 0.000000 0.000000
vn 0.097493 -0.022252 0.000000
vn 0.097493 -0.022252 0.000000
vn 0.090097 -0.043388 0.000000
vn 0.090097 -0.043388 0.000000
vn 0.078183 -0.062349 0.000000
vn 0.078183 -0.062349 0.000000
vn 0.062349 -0.078183 0.000000
vn 0.062349 -0.078183 0.000000
vn 0.043388 -0.090097 0.000000
vn 0.043388 -0.090097 0.000000
vn 0.022252 -0.097493 0.000000
vn 0.022252 -0.097493 0.000000
vn 0.000000 -0.100000 0.000000
vn 0.000000 -0.100000 0.000000
vn 0.000000 0.000000 0.100000
vn 0.000000 0.000000 0.100000
vn 0.000000 0.000000 0.100000
vn 0.000000 0.000000 0.100000
vn 0.000000 0.000000 0.100000
vn 0.000000 0.000000 0.100000
vn 0.000000 0.000000 0.100000
vn 0.000000 0.000000 0.100000
vn 0.000000 0.000000 0.100000
vn 0.000000 0.000000 0.100000
vn 0.000000 0.000000 0.100000
vn 0.000000 0.000000 0.100000
vn 0.000000 0.000000 0.100000
vn 0.000000 0.000000 0.100000
vn 0.000000 0.000000 0.100000
vn 0.000000 0.000000 0.100000
vn 0.000000 0.000000 0.100000
vn 0.000000 0.000000 0.100000
vn 0.000000 0.000000 0.100000
vn 0.000000 0.000000 0.100000
vn 0.000000 0.000000 0.100000
vn 0.000000 0.000000 0.100000
vn 0.000000 0.000000 0.100000
vn 0.000000 0.000000 0.100000
vn 0.000000 0.000000 0.100000
vn 0.000000 0.000000 0.100000
vn 0.000000 0.000000 0.100000
vn 0.000000 0.000000 0.100000
vn 0.000000 0.000000 0.100000
vn 0.000000 0.000000 0.100000
vn 0.000000 0.000000 0.100000
vn 0.000000 0.000000 0.100000
vn 0.000000 0.000000 0.100000
vn 0.000000 0.000000 0.100000
vn 0.000000 0.000000 0.100000
vn 0.000000 0.000000 0.100000
vn 0.000000 0.000000 0.100000
vn 0.000000 0.000000 0.100000
vn 0.000000 0.000000 0.100000
vn 0.000000 0.000000 0.100000
vn 0.000000 0.000000 0.100000
vn 0.000000 0.000000 0.100000
vn 0.000000 0.000000 0.100000
vn 0.000000 0.000000 0.100000
vn 0.000000 0.000000 0.100000
vn 0.000000 0.000000 0.100000
vn 0.000000 0.000000 0.100000
vn 0.000000 0.000000 0.100000
vn 0.000000 0.000000 0.100000
vn 0.000000 0.000000 0.100000
vn 0.000000 0.000000 0.100000
vn 0.000000 0.000000 0.100000
vn 0.000000 0.000000 0.100000
vn 0.000000 0.000000 0.100000
vn 0.000000 0.000000 0.100000
vn 0.000000 0.000000 0.100000
vn 0.000000 0.000000 0.100000
vn 0.000000 0.000000 0.100000
vn 0.000000 0.000000 0.100000
vn 0.000000 0.000000 0.100000
vn 0.000000 0.000000 0.100000
vn 0.000000 0.000000 0.100000
vn 0.000000 0.000000 0.100000
vn 0.000000 0.000000 0.100000
vn 0.000000 0.000000 0.100000
vn 0.000000 0.000000 0.100000
vn 0.000000 0.000000 0.100000
vn 0.000000 0.000000 0.100000
vn 0.000000 0.000000 0.100000
vn 0.000000 0.000000 0.100000
vn 0.000000 0.000000 0.100000
vn 0.000000 0.000000 0.100000
vn 0.000000 0.000000 0.100000
vn 0.000000 0.000000 0.100000
vn 0.000000 0.000000 0.100000
vn 0.000000 0.000000 0.100000
vn 0.000000 0.000000 0.100000
vn 0.000000 0.000000 0.100000
vn 0.000000 0.000000 0.100000
vn 0.000000 0.000000 0.100000
vn 0.000000 0.000000 0.100000
vn 0.000000 0.000000 0.100000
vn 0.000000 0.000000 0.100000
vn 0.000000 0.000000 0.100000
vn 0.000000 0.000000 0.100000
vn 0.000000 0.000000 0.100000
vn 0.000000 0.000000 0.100000
vn 0.000000 0.000000 0.100000
vn 0.000000 0.000000 0.100000
vn 0.000000 0.000000 0.100000
vn 0.000000 0.000000 0.100000
vn 0.000000 0.000000 0.100000
vn 0.000000 0.000000 0.100000
vn 0.000000 0.000000 0.100000
vn 0.000000 0.000000 0.100000
vn 0.000000 0.000000 0.100000
vn 0.000000 0.000000 0.100000
vn 0.000000 0.000000 0.100000
vn 0.000000 0.000000 0.100000
vn 0.000000 0.000000 0.100000
vn 0.000000 0.000000 0.100000
vn 0.000000 0.000000 0.100000
vn 0.000000 0.000000 0.100000
vn 0.000000 0.000000 0.100000
vn 0.000000 0.000000 0.100000
vn 0.000000 0.000000 0.100000
vn 0.000000 0.000000 0.100000
vn 0.000000 0.000000 0.100000
vn 0.000000 0.000000 0.100000
vn 0.000000 0.000000 0.100000
vn 0.000000 0.000000 0.100000
vn 0.000000 0.000000 0.100000
vn 0.000000 0.000000 0.100000
vn 0.000000 0.000000 0.100000
vn 0.000000 0.000000 0.100000
vn 0.000000 0.000000 0.100000
vn 0.000000 0.000000 0.100000
vn 0.000000 0.000000 0.100000
vn 0.000000 0.000000 0.100000
vn 0.000000 0.000000 0.100000
vn 0.000000 0.000000 0.100000
vn 0.000000 0.000000 0.100000
vn 0.000000 0.000000 0.100000
vn 0.000000 0.000000 0.100000
vn 0.000000 0.000000 0.100000
vn 0.000000 0.000000 0.100000
vn 0.000000 0.000000 0.100000
vn 0.000000 0.000000 0.100000
vn 0.000000 0.000000 0.100000
vn 0.000000 0.000000 0.100000
vn 0.000000 0.000000 0.100000
vn 0.000000 0.000000 0.100000
vn 0.000000 0.000000 0.100000
vn 0.000000 0.000000 0.100000
vn 0.000000 0.000000 0.100000
vn 0.000000 0.000000 0.100000
vn 0.000000 0.000000 0.100000
vn 0.000000 0.000000 0.100000
vn 0.000000 0.000000 0.100000
vn 0.000000 0.000000 0.100000
vn 0.000000 0.000000 0.100000
vn 0.000000 0.000000 0.100000
vn 0.000000 0.000000 0.100000
vn 0.000000 0.000000 0.100000
vn 0.000000 0.000000 0.100000
vn 0.000000 0.000000 0.100000
vn 0.000000 0.000000 0.100000
vn 0.000000 0.000000 0.100000
vn 0.000000 0.000000 0.100000
vn 0.000000 0.000000 0.100000
vn 0.000000 0.000000 0.100000
vn 0.000000 0.000000 0.100000
vn 0.000000 0.000000 0.100000
vn 0.000000 0.000000 0.100000
vn 0.000000 0.000000 0.100000
vn 0.000000 0.000000 0.100000
vn 0.000000 0.000000 0.100000
vn 0.000000 0.000000 0.100000
vn 0.000000 0.000000 0.100000
vn 0.000000 0.000000 0.100000
vn 0.000000 0.000000 0.100000
vn 0.000000 0.000000 0.100000
vn 0.000000 0.000000 0.100000
vn 0.000000 0.000000 0.100000
vn 0.000000 0.000000 0.100000
vn 0.000000 0.000000 0.100000
vn 0.000000 0.000000 0.100000
vn 0.000000 0.000000 0.100000
vn 0.000000 0.000000 0.100000
vn 0.000000 0.000000 0.100000
vn 0.000000 0.000000 0.100000
vn 0.000000 0.000000 0.100000
vn 0.000000 0.000000 0.100000
vn 0.000000 0.000000 0.100000
vn 0.000000 0.000000 0.100000
vn 0.000000 0.000000 0.100000
vn 0.000000 0.000000 0.100000
vn 0.000000 0.000000 0.100000
vn 0.000000 0.000000 0.100000
vn 0.000000 0.000000 0.100000
vn 0.000000 0.000000 0.100000
vn 0.000000 0.000000 0.100000
vn 0.000000 0.000000 0.100000
vn 0.000000 0.000000 0.100000
vn 0.000000 0.000000 0.100000
vn 0.000000 0.000000 0.100000
vn 0.000000 0.000000 0.100000
vn 0.000000 0.000000 0.100000
vn 0.000000 0.000000 0.100000
vn 0.000000 0.000000 0.100000
vn 0.000000 0.000000 0.100000
vn 0.000000 0.000000 0.100000
vn 0.000000 0.000000 0.100000
vn 0.000000 0.000000 0.100000
vn 0.000000 0.000000 0.100000
vn 0.000000 0.000000 0.100000
vn 0.000000 0.000000 0.100000
vn 0.000000 0.000000 0.100000
vn 0.000000 0.000000 0.100000
vn 0.000000 0.000000 0.100000
vn 0.000000 0.000000 0.100000
vn 0.000000 0.000000 0.100000
vn 0.000000 0.000000 0.100000
vn 0.000000 0.000000 0.100000
vn 0.000000 0.000000 0.100000
vn 0.000000 0.000000 0.100000
vn 0.000000 0.000000 0.100000
vn 0.000000 0.000000 0.100000
vn 0.000000 0.000000 0.100000
vn 0.000000 0.000000 0.100000
vn 0.000000 0.000000 0.100000
vn 0.000000 0.000000 0.100000
vn 0.000000 0.000000 0.100000
vn 0.000000 0.000000 0.100000
vn 0.000000 0.000000 0.100000
vn 0.000000 0.000000 0.100000
vn 0.000000 0.000000 0.100000
vn 0.000000 0.000000 0.100000
vn 0.000000 0.000000 0.100000
vn 0.000000 0.000000 0.100000
vn 0.000000 0.000000 0.100000
vn 0.000000 0.000000 0.100000
vn 0.000000 0.000000 0.100000
vn 0.000000 0.000000 0.100000
vn 0.000000 0.000000 0.100000
vn 0.000000 0.000000 0.100000
vn 0.000000 0.000000 0.100000
vn 0.000000 0.000000 0.100000
vn 0.000000 0.000000 0.100000
vn 0.000000 0.000000 0.100000
vn 0.000000 0.000000 0.100000
vn 0.000000 0.000000 0.100000
vn 0.000000 0.000000 0.100000
vn 0.000000 0.000000 0.100000
vn 0.000000 0.000000 0.100000
vn 0.000000 0.000000 0.100000
vn 0.000000 0.000000 0.100000
vn 0.000000 0.000000 0.100000
vn 0.000000 0.000000 0.100000
vn 0.000000 0.000000 0.100000
vn 0.000000 0.000000 0.100000
vn 0.000000 0.000000 0.100000
vn 0.000000 0.000000 0.100000
vn 0.000000 0.000000 0.100000
vn 0.000000 0.000000 0.100000
vn 0.000000 0.000000 0.100000
vn 0.000000 0.000000 0.100000
vn 0.000000 0.000000 0.100000
vn 0.000000 0.000000 0.100000
vn 0.000000 0.000000 0.100000
vn 0.000000 0.000000 0.100000
vn 0.000000 0.000000 0.100000
vn 0.000000 0.000000 0.100000
vn 0.000000 0.000000 0.100000
vn 0.000000 0.000000 0.100000
vn 0.000000 0.000000 0.100000
vn 0.000000 0.000000 0.100000
vn 0.000000 0.000000 0.100000
vn 0.000000 0.000000 0.100000
vn 0.000000 0.000000 0.100000
vn 0.000000 0.000000 0.100000
vn 0.000000 0.000000 0.100000
vn 0.000000 0.000000 0.100000
vn 0.000000 0.000000 0.100000
vn 0.000000 0.000000 0.100000
vn 0.000000 0.000000 0.100000
vn 0.000000 0.000000 0.100000
vn 0.000000 0.000000 0.100000
vn 0.000000 0.000000 0.100000
vn 0.000000 0.000000 0.100000
vn 0.000000 0.000000 0.100000
vn 0.000000 0.000000 0.100000
vn 0.000000 0.000000 0.100000
vn 0.000000 0.000000 0.100000
vn 0.000000 0.000000 0.100000
vn 0.000000 0.000000 0.100000
vn 0.000000 0.000000 0.100000
vn 0.100000 0.000000 0.000000
vn 0.100000 0.000000 0.000000
vn 0.100000 0.000000 0.000000
vn 0.100000 0.000000 0.000000
vn -0.022252 -0.097493 0.000000
vn -0.022252 -0.097493 0.000000
vn -0.043388 -0.090097 0.000000
vn -0.043388 -0.090097 0.000000
vn -0.062349 -0.078183 0.000000
vn -0.062349 -0.078183 0.000000
vn -0.078183 -0.062349 0.000000
vn -0.078183 -0.062349 0.000000
vn -0.090097 -0.043388 0.000000
vn -0.090097 -0.043388 0.000000
vn -0.097493 -0.022252 0.000000
vn -0.097493 -0.022252 0.000000
vn -0.100000 0.000000 0.000000
vn -0.100000 0.000000 0.000000
vn 0.000000 0.100000 0.000000
vn 0.000000 0.100000 0.000000
vn 0.022252 0.097493 0.000000
vn 0.022252 0.097493 0.000000
vn 0.043388 0.090097 0.000000
vn 0.043388 0.090097 0.000000
vn 0.062349 0.078183 0.000000
vn 0.062349 0.078183 0.000000
vn 0.078183 0.062349 0.000000
vn 0.078183 0.062349 0.000000
vn 0.090097 0.043388 0.000000
vn 0.090097 0.043388 0.000000
vn 0.097493 0.022252 0.000000
vn 0.097493 0.022252 0.000000
vn 0.000000 0.100000 0.000000
vn 0.000000 0.100000 0.000000
vn 0.022252 0.097493 0.000000
vn 0.022252 0.097493 0.000000
vn 0.043388 0.090097 0.000000
vn 0.043388 0.090097 0.000000
vn 0.062349 0.078183 0.000000
vn 0.062349 0.078183 0.000000
vn 0.078183 0.062349 0.000000
vn 0.078183 0.062349 0.000000
vn 0.090097 0.043388 0.000000
vn 0.090097 0.043388 0.000000
vn 0.097493 0.022252 0.000000
vn 0.097493 0.022252 0.000000
vn 0.100000 0.000000 0.000000
vn 0.100000 0.000000 0.000000
vn 0.100000 0.000000 0.000000
vn 0.100000 0.000000 0.000000
vn -0.100000 0.000000 0.000000
vn -0.100000 0.000000 0.000000
vn -0.097493 0.022252 0.000000
vn -0.097493 0.022252 0.000000
vn -0.090097 0.043388 0.000000
vn -0.090097 0.043388 0.000000
vn -0.078183 0.062349 0.000000
vn -0.078183 0.062349 0.000000
vn -0.062349 0.078183 0.000000
vn -0.062349 0.078183 0.000000
vn -0.043388 0.090097 0.000000
vn -0.043388 0.090097 0.000000
vn -0.022252 0.097493 0.000000
vn -0.022252 0.097493 0.000000
vn 0.000000 0.100000 0.000000
vn 0.000000 0.100000 0.000000
vn -0.100000 0.000000 0.000000
vn -0.100000 0.000000 0.000000
vn 0.000000 0.100000 0.000000
vn 0.000000 0.100000 0.000000
vn 0.022252 0.097493 0.000000
vn 0.022252 0.097493 0.000000
vn 0.043388 0.090097 0.000000
vn 0.043388 0.090097 0.000000
vn 0.062349 0.078183 0.000000
vn 0.062349 0.078183 0.000000
vn 0.078183 0.062349 0.000000
vn 0.078183 0.062349 0.000000
vn 0.090097 0.043388 0.000000
vn 0.090097 0.043388 0.000000
vn 0.097493 0.022252 0.000000
vn 0.097493 0.022252 0.000000
vn -0.000000 -0.100000 0.000000
vn -0.000000 -0.100000 0.000000
vn -0.022252 -0.097493 0.000000
vn -0.022252 -0.097493 0.000000
vn -0.043388 -0.090097 0.000000
vn -0.043388 -0.090097 0.000000
vn -0.062349 -0.078183 0.000000
vn -0.062349 -0.078183 0.000000
vn -0.078183 -0.062349 0.000000
vn -0.078183 -0.062349 0.000000
vn -0.090097 -0.043388 0.000000
vn -0.090097 -0.043388 0.000000
vn -0.097493 -0.022252 0.000000
vn -0.097493 -0.022252 0.000000
vn -0.100000 -0.000000 0.000000
vn -0.100000 -0.000000 0.000000
vn -0.100000 0.000000 0.000000
vn -0.100000 0.000000 0.000000
vn 0.000000 0.000000 0.100000
vn 0.000000 0.000000 0.100000
vn 0.000000 0.000000 0.100000
vn 0.000000 0.000000 0.100000
vn 0.000000 0.000000 0.100000
vn 0.000000 0.000000 0.100000
vn 0.000000 0.000000 0.100000
vn 0.000000 0.000000 0.100000
vn 0.000000 0.000000 0.100000
vn 0.000000 0.000000 0.100000
vn 0.000000 0.000000 0.100000
vn 0.000000 0.000000 0.100000
vn 0.000000 0.000000 0.100000
vn 0.000000 0.000000 0.100000
vn 0.000000 0.000000 0.100000
vn 0.000000 0.000000 0.100000
vn 0.000000 0.000000 0.100000
vn 0.000000 0.000000 0.100000
vn 0.000000 0.000000 0.100000
vn 0.000000 0.000000 0.100000
vn 0.000000 0.000000 0.100000
vn 0.000000 0.000000 0.100000
vn 0.000000 0.000000 0.100000
vn 0.000000 0.000000 0.100000
vn 0.000000 0.000000 0.100000
vn 0.000000 0.000000 0.100000
vn 0.000000 0.000000 0.100000
vn 0.000000 0.000000 0.100000
vn 0.000000 0.000000 0.100000
vn 0.000000 0.000000 0.100000
vn 0.000000 0.000000 0.100000
vn 0.000000 0.000000 0.100000
vn 0.100000 -0.000000 0.000000
vn 0.100000 -0.000000 0.000000
vn 0.097493 -0.022252 0.000000
vn 0.097493 -0.022252 0.000000
vn 0.090097 -0.043388 0.000000
vn 0.090097 -0.043388 0.000000
vn 0.078183 -0.062349 0.000000
vn 0.078183 -0.062349 0.000000
vn 0.062349 -0.078183 0.000000
vn 0.062349 -0.078183 0.000000
vn 0.043388 -0.090097 0.000000
vn 0.043388 -0.090097 0.000000
vn 0.022252 -0.097493 0.000000
vn 0.022252 -0.097493 0.000000
vn 0.000000 -0.100000 0.000000
vn 0.000000 -0.100000 0.000000
vn 0.100000 0.000000 0.000000
vn 0.100000 0.000000 0.000000
vn -0.000000 0.100000 -0.000000
vn -0.000000 0.100000 -0.000000
vn 0.022252 0.097493 0.000000
vn 0.022252 0.097493 0.000000
vn 0.043388 0.090097 0.000000
vn 0.043388 0.090097 0.000000
vn 0.062349 0.078183 0.000000
vn 0.062349 0.078183 0.000000
vn 0.078183 0.062349 0.000000
vn 0.078183 0.062349 0.000000
vn 0.090097 0.043388 0.000000
vn 0.090097 0.043388 0.000000
vn 0.097493 0.022252 0.000000
vn 0.097493 0.022252 0.000000
vn -0.000000 0.100000 -0.000000
vn -0.000000 0.100000 -0.000000
vn 0.022252 0.097493 0.000000
vn 0.022252 0.097493 0.000000
vn 0.043388 0.090097 0.000000
vn 0.043388 0.090097 0.000000
vn 0.062349 0.078183 0.000000
vn 0.062349 0.078183 0.000000
vn 0.078183 0.062349 0.000000
vn 0.078183 0.062349 0.000000
vn 0.090097 0.043388 0.000000
vn 0.090097 0.043388 0.000000
vn 0.097493 0.022252 0.000000
vn 0.097493 0.022252 0.000000
vn 0.100000 -0.000000 0.000000
vn 0.100000 -0.000000 0.000000
vn 0.000000 0.100000 0.000000
vn 0.000000 0.100000 0.000000
vn -0.097493 0.022252 -0.000000
vn -0.097493 0.022252 -0.000000
vn -0.090097 0.043388 -0.000000
vn -0.090097 0.043388 -0.000000
vn -0.078183 0.062349 -0.000000
vn -0.078183 0.062349 -0.000000
vn -0.062349 0.078183 -0.000000
vn -0.062349 0.078183 -0.000000
vn -0.043388 0.090097 -0.000000
vn -0.043388 0.090097 -0.000000
vn -0.022252 0.097493 -0.000000
vn -0.022252 0.097493 -0.000000
vn -0.000000 0.100000 -0.000000
vn -0.000000 0.100000 -0.000000
vn -0.097493 0.022252 -0.000000
vn -0.097493 0.022252 -0.000000
vn -0.090097 0.043388 -0.000000
vn -0.090097 0.043388 -0.000000
vn -0.078183 0.062349 -0.000000
vn -0.078183 0.062349 -0.000000
vn -0.062349 0.078183 -0.000000
vn -0.062349 0.078183 -0.000000
vn -0.043388 0.090097 -0.000000
vn -0.043388 0.090097 -0.000000
vn -0.022252 0.097493 -0.000000
vn -0.022252 0.097493 -0.000000
vn 0.100000 0.000000 0.000000
vn 0.100000 0.000000 0.000000
vn 0.097493 -0.022252 0.000000
vn 0.097493 -0.022252 0.000000
vn 0.090097 -0.043388 0.000000
vn 0.090097 -0.043388 0.000000
vn 0.078183 -0.062349 0.000000
vn 0.078183 -0.062349 0.000000
vn 0.062349 -0.078183 0.000000
vn 0.062349 -0.078183 0.000000
vn 0.043388 -0.090097 0.000000
vn 0.043388 -0.090097 0.000000
vn 0.022252 -0.097493 0.000000
vn 0.022252 -0.097493 0.000000
vn 0.000000 -0.100000 0.000000
vn 0.000000 -0.100000 0.000000
vn 0.100000 0.000000 0.000000
vn 0.100000 0.000000 0.000000
vn 0.100000 0.000000 0.000000
vn 0.100000 0.000000 0.000000
vn 0.000000 -0.100000 0.000000
vn 0.000000 -0.100000 0.000000
vn 0.000000 -0.100000 0.000000
vn 0.000000 -0.100000 0.000000
vn -0.100000 0.000000 0.000000
vn -0.100000 0.000000 0.000000
vn -0.100000 0.000000 0.000000
vn -0.100000 0.000000 0.000000
vn -0.000000 0.086004 0.051023
vn -0.000000 0.087285 0.048799
vn -0.000000 0.072160 0.069231
vn -0.000000 0.087285 0.048799
vn -0.000000 0.087285 0.048799
vn -0.000000 0.096769 0.025214
vn -0.000000 0.096769 0.025214
vn -0.000000 0.099704 0.007692
vn -0.000000 0.100000 -0.000000
vn -0.000000 0.100000 0.000000
vn -0.000000 0.099704 0.007692
vn -0.000000 0.098219 0.018789
vn -0.000000 0.096769 0.025214
vn -0.000000 0.092788 0.037287
vn -0.000000 0.087285 0.048799
vn -0.000000 0.083913 0.054393
vn -0.000000 0.072160 0.069231
vn -0.000000 0.086004 0.051023
vn -0.000000 0.072160 0.069231
vn -0.000000 0.095348 0.030146
vn -0.000000 0.096769 0.025214
vn -0.000000 0.096769 0.025214
vn -0.000000 0.095348 0.030146
vn -0.000000 0.098219 0.018789
vn -0.000000 0.096769 0.025214
vn -0.000000 0.096769 0.025214
vn -0.000000 0.096769 0.025214
vn -0.000000 0.087285 0.048799
vn -0.000000 0.087285 0.048799
vn -0.000000 0.092788 0.037287
vn -0.000000 0.087285 0.048799
vn -0.000000 0.087285 0.048799
vn -0.000000 0.083913 0.054393
vn -0.000000 0.072160 0.069231
vn 0.000000 0.096593 0.025882
vn 0.000000 0.096593 0.025882
vn -0.000000 0.100000 -0.000000
vn 0.000000 0.096593 0.025882
vn 0.000000 0.096593 0.025882
vn 0.000000 0.086603 0.050000
vn 0.000000 0.086603 0.050000
vn 0.000000 0.070711 0.070711
vn 0.000000 0.070711 0.070711
vn 0.000000 0.050000 0.086603
vn 0.000000 0.050000 0.086603
vn 0.000000 0.025882 0.096593
vn 0.000000 0.025882 0.096593
vn 0.000000 0.000000 0.100000
vn 0.000000 0.000000 0.100000
vn 0.000000 0.086603 0.050000
vn 0.000000 0.086603 0.050000
vn 0.000000 0.070711 0.070711
vn 0.000000 0.070711 0.070711
vn 0.000000 0.050000 0.086603
vn 0.000000 0.050000 0.086603
vn 0.000000 0.025882 0.096593
vn 0.000000 0.025882 0.096593
vn 0.000000 0.025882 0.096593
vn 0.000000 0.025882 0.096593
vn 0.000000 0.025882 0.096593
vn 0.000000 0.025882 0.096593
vn 0.000000 0.050000 0.086603
vn 0.000000 0.050000 0.086603
vn 0.000000 0.070711 0.070711
vn 0.000000 0.070711 0.070711
vn 0.000000 0.086603 0.050000
vn 0.000000 0.086603 0.050000
vn 0.000000 0.096593 0.025882
vn 0.000000 0.096593 0.025882
vn -0.000000 0.100000 -0.000000
vn 0.000000 0.050000 0.086603
vn 0.000000 0.050000 0.086603
vn 0.000000 0.070711 0.070711
vn 0.000000 0.070711 0.070711
vn 0.000000 0.086603 0.050000
vn 0.000000 0.086603 0.050000
vn 0.000000 0.096593 0.025882
vn 0.000000 0.096593 0.025882
vn 0.000000 0.086603 0.050000
vn 0.000000 0.070711 0.070711
vn 0.000000 0.050000 0.086603
vn 0.000000 0.025882 0.096593
vn 0.000000 0.096593 0.025882
vn 0.000000 0.096593 0.025882
vn 0.000000 0.096593 0.025882
vn 0.000000 0.086603 0.050000
vn 0.000000 0.086603 0.050000
vn 0.000000 0.070711 0.070711
vn 0.000000 0.070711 0.070711
vn 0.000000 0.050000 0.086603
vn 0.000000 0.050000 0.086603
vn 0.000000 0.025882 0.096593
vn 0.000000 0.025882 0.096593
vn 0.000000 0.086603 0.050000
vn 0.000000 0.096593 0.025882
vn 0.000000 0.096593 0.025882
vn 0.000000 0.096593 0.025882
vn 0.000000 0.086603 0.050000
vn 0.000000 0.086603 0.050000
vn 0.000000 0.070711 0.070711
vn 0.000000 0.086603 0.050000
vn 0.000000 0.096593 0.025882
vn 0.000000 0.070711 0.070711
vn 0.000000 0.050000 0.086603
vn 0.000000 0.025882 0.096593
vn 0.000000 0.070711 0.070711
vn 0.000000 0.070711 0.070711
vn 0.000000 0.050000 0.086603
vn 0.000000 0.025882 0.096593
vn 0.000000 0.050000 0.086603
vn 0.000000 0.050000 0.086603
vn 0.000000 0.025882 0.096593
vn 0.000000 0.025882 0.096593
vn 0.000000 -0.000000 0.100000
vn 0.025882 -0.000000 0.096593
vn 0.000000 0.000000 0.100000
vn 0.025000 0.006699 0.096593
vn -0.000000 -0.000000 0.100000
vn 0.022414 0.012941 0.096593
vn -0.000000 -0.000000 0.100000
vn 0.018301 0.018301 0.096593
vn -0.000000 -0.000000 0.100000
vn 0.012941 0.022414 0.096593
vn 0.000000 0.000000 0.100000
vn 0.006699 0.025000 0.096593
vn 0.012941 0.048296 0.086603
vn 0.018301 0.068301 0.070711
vn 0.022414 0.083652 0.050000
vn 0.025000 0.093301 0.025882
vn 0.025882 0.096593 0.000000
vn 0.050000 -0.000000 0.086603
vn 0.048296 0.012941 0.086603
vn 0.043301 0.025000 0.086603
vn 0.035355 0.035355 0.086603
vn 0.025000 0.043301 0.086603
vn 0.070711 -0.000000 0.070711
vn 0.068301 0.018301 0.070711
vn 0.061237 0.035355 0.070711
vn 0.050000 0.050000 0.070711
vn 0.035355 0.061237 0.070711
vn 0.086603 -0.000000 0.050000
vn 0.083652 0.022414 0.050000
vn 0.075000 0.043301 0.050000
vn 0.061237 0.061237 0.050000
vn 0.043301 0.075000 0.050000
vn 0.096593 -0.000000 0.025882
vn 0.093301 0.025000 0.025882
vn 0.083652 0.048296 0.025882
vn 0.068301 0.068301 0.025882
vn 0.048296 0.083652 0.025882
vn 0.100000 -0.000000 0.000000
vn 0.096593 0.025882 0.000000
vn 0.086603 0.050000 0.000000
vn 0.070711 0.070711 0.000000
vn 0.050000 0.086603 0.000000
vn 0.025882 0.000000 0.096593
vn 0.025882 0.000000 0.096593
vn 0.000000 0.000000 0.100000
vn 0.025882 0.000000 0.096593
vn 0.025882 0.000000 0.096593
vn 0.050000 0.000000 0.086603
vn 0.050000 0.000000 0.086603
vn 0.070711 0.000000 0.070711
vn 0.070711 0.000000 0.070711
vn 0.086603 0.000000 0.050000
vn 0.086603 0.000000 0.050000
vn 0.096593 0.000000 0.025882
vn 0.096593 0.000000 0.025882
vn 0.096593 0.000000 0.025882
vn 0.096593 0.000000 0.025882
vn 0.086603 0.000000 0.050000
vn 0.086603 0.000000 0.050000
vn 0.070711 0.000000 0.070711
vn 0.070711 0.000000 0.070711
vn 0.050000 0.000000 0.086603
vn 0.050000 0.000000 0.086603
vn 0.025882 0.000000 0.096593
vn 0.025882 0.000000 0.096593
vn 0.025882 0.000000 0.096593
vn 0.025882 0.000000 0.096593
vn 0.050000 0.000000 0.086603
vn 0.070711 0.000000 0.070711
vn 0.086603 0.000000 0.050000
vn 0.096593 0.000000 0.025882
vn 0.096593 0.000000 0.025882
vn 0.050000 0.000000 0.086603
vn 0.050000 0.000000 0.086603
vn 0.070711 0.000000 0.070711
vn 0.070711 0.000000 0.070711
vn 0.086603 0.000000 0.050000
vn 0.086603 0.000000 0.050000
vn 0.096593 0.000000 0.025882
vn 0.096593 0.000000 0.025882
vn 0.100000 0.000000 0.000000
vn 0.096593 0.000000 0.025882
vn 0.096593 0.000000 0.025882
vn 0.086603 0.000000 0.050000
vn 0.086603 0.000000 0.050000
vn 0.070711 0.000000 0.070711
vn 0.070711 0.000000 0.070711
vn 0.050000 0.000000 0.086603
vn 0.025882 0.000000 0.096593
vn 0.025882 0.000000 0.096593
vn 0.025882 0.000000 0.096593
vn 0.025882 0.000000 0.096593
vn 0.050000 0.000000 0.086603
vn 0.050000 0.000000 0.086603
vn 0.070711 0.000000 0.070711
vn 0.050000 0.000000 0.086603
vn 0.050000 0.000000 0.086603
vn 0.070711 0.000000 0.070711
vn 0.086603 0.000000 0.050000
vn 0.070711 0.000000 0.070711
vn 0.086603 0.000000 0.050000
vn 0.096593 0.000000 0.025882
vn 0.086603 0.000000 0.050000
vn 0.096593 0.000000 0.025882
vn 0.000000 0.000000 0.100000
vn -0.000000 -0.025882 0.096593
vn 0.000000 -0.000000 0.100000
vn 0.003683 -0.025618 0.096593
vn 0.000000 -0.000000 0.100000
vn 0.007292 -0.024834 0.096593
vn 0.000000 -0.000000 0.100000
vn 0.010752 -0.023543 0.096593
vn 0.000000 -0.000000 0.100000
vn 0.013993 -0.021773 0.096593
vn 0.000000 -0.000000 0.100000
vn 0.016949 -0.019560 0.096593
vn 0.000000 -0.000000 0.100000
vn 0.019560 -0.016949 0.096593
vn 0.000000 -0.000000 0.100000
vn 0.021773 -0.013993 0.096593
vn 0.000000 -0.000000 0.100000
vn 0.023543 -0.010752 0.096593
vn 0.000000 -0.000000 0.100000
vn 0.024834 -0.007292 0.096593
vn 0.000000 -0.000000 0.100000
vn 0.025618 -0.003683 0.096593
vn 0.049491 -0.007116 0.086603
vn 0.069991 -0.010063 0.070711
vn 0.085721 -0.012325 0.050000
vn 0.095609 -0.013747 0.025882
vn 0.099144 -0.013053 0.000000
vn -0.000000 -0.050000 0.086603
vn 0.007116 -0.049491 0.086603
vn 0.014087 -0.047975 0.086603
vn 0.020771 -0.045482 0.086603
vn 0.027032 -0.042063 0.086603
vn 0.032743 -0.037787 0.086603
vn 0.037787 -0.032743 0.086603
vn 0.042063 -0.027032 0.086603
vn 0.045482 -0.020771 0.086603
vn 0.047975 -0.014087 0.086603
vn -0.000000 -0.070711 0.070711
vn 0.010063 -0.069991 0.070711
vn 0.019922 -0.067846 0.070711
vn 0.029374 -0.064321 0.070711
vn 0.038229 -0.059486 0.070711
vn 0.046306 -0.053440 0.070711
vn 0.053440 -0.046306 0.070711
vn 0.059486 -0.038229 0.070711
vn 0.064321 -0.029374 0.070711
vn 0.067846 -0.019922 0.070711
vn -0.000000 -0.086603 0.050000
vn 0.012325 -0.085721 0.050000
vn 0.024399 -0.083095 0.050000
vn 0.035976 -0.078776 0.050000
vn 0.046821 -0.072855 0.050000
vn 0.056713 -0.065450 0.050000
vn 0.065450 -0.056713 0.050000
vn 0.072855 -0.046821 0.050000
vn 0.078776 -0.035976 0.050000
vn 0.083095 -0.024399 0.050000
vn -0.000000 -0.096593 0.025882
vn 0.013747 -0.095609 0.025882
vn 0.027213 -0.092680 0.025882
vn 0.040126 -0.087864 0.025882
vn 0.052222 -0.081259 0.025882
vn 0.063255 -0.073000 0.025882
vn 0.073000 -0.063255 0.025882
vn 0.081259 -0.052222 0.025882
vn 0.087864 -0.040126 0.025882
vn 0.092680 -0.027213 0.025882
vn -0.000000 -0.100000 0.000000
vn 0.013053 -0.099144 0.000000
vn 0.025882 -0.096593 0.000000
vn 0.038268 -0.092388 0.000000
vn 0.050000 -0.086603 0.000000
vn 0.060876 -0.079335 0.000000
vn 0.070711 -0.070711 0.000000
vn 0.079335 -0.060876 0.000000
vn 0.086603 -0.050000 0.000000
vn 0.092388 -0.038268 0.000000
vn 0.096593 -0.025882 0.000000
vn 0.000000 -0.025882 0.096593
vn 0.000000 -0.025882 0.096593
vn 0.000000 0.000000 0.100000
vn 0.000000 -0.025882 0.096593
vn 0.000000 -0.025882 0.096593
vn 0.000000 -0.050000 0.086603
vn 0.000000 -0.050000 0.086603
vn 0.000000 -0.070711 0.070711
vn 0.000000 -0.070711 0.070711
vn 0.000000 -0.086603 0.050000
vn 0.000000 -0.086603 0.050000
vn 0.000000 -0.096593 0.025882
vn 0.000000 -0.096593 0.025882
vn 0.000000 -0.096593 0.025882
vn 0.000000 -0.096593 0.025882
vn 0.000000 -0.086603 0.050000
vn 0.000000 -0.086603 0.050000
vn 0.000000 -0.070711 0.070711
vn 0.000000 -0.070711 0.070711
vn 0.000000 -0.050000 0.086603
vn 0.000000 -0.050000 0.086603
vn 0.000000 -0.025882 0.096593
vn 0.000000 -0.025882 0.096593
vn 0.000000 -0.025882 0.096593
vn 0.000000 -0.025882 0.096593
vn 0.000000 -0.050000 0.086603
vn 0.000000 -0.070711 0.070711
vn 0.000000 -0.086603 0.050000
vn 0.000000 -0.096593 0.025882
vn 0.000000 -0.096593 0.025882
vn 0.000000 -0.050000 0.086603
vn 0.000000 -0.050000 0.086603
vn 0.000000 -0.070711 0.070711
vn 0.000000 -0.070711 0.070711
vn 0.000000 -0.086603 0.050000
vn 0.000000 -0.086603 0.050000
vn 0.000000 -0.096593 0.025882
vn 0.000000 -0.096593 0.025882
vn 0.000000 -0.100000 0.000000
vn 0.000000 -0.096593 0.025882
vn 0.000000 -0.096593 0.025882
vn 0.000000 -0.086603 0.050000
vn 0.000000 -0.086603 0.050000
vn 0.000000 -0.070711 0.070711
vn 0.000000 -0.070711 0.070711
vn 0.000000 -0.050000 0.086603
vn 0.000000 -0.025882 0.096593
vn 0.000000 -0.025882 0.096593
vn 0.000000 -0.025882 0.096593
vn 0.000000 -0.025882 0.096593
vn 0.000000 -0.050000 0.086603
vn 0.000000 -0.050000 0.086603
vn 0.000000 -0.070711 0.070711
vn 0.000000 -0.050000 0.086603
vn 0.000000 -0.050000 0.086603
vn 0.000000 -0.070711 0.070711
vn 0.000000 -0.086603 0.050000
vn 0.000000 -0.070711 0.070711
vn 0.000000 -0.086603 0.050000
vn 0.000000 -0.096593 0.025882
vn 0.000000 -0.086603 0.050000
vn 0.000000 -0.096593 0.025882
vn -0.000000 0.000000 0.100000
vn -0.025882 0.000000 0.096593
vn -0.000000 -0.000000 0.100000
vn -0.025618 -0.003683 0.096593
vn -0.000000 -0.000000 0.100000
vn -0.024834 -0.007292 0.096593
vn -0.000000 -0.000000 0.100000
vn -0.023543 -0.010752 0.096593
vn 0.000000 0.000000 0.100000
vn -0.021773 -0.013993 0.096593
vn 0.000000 0.000000 0.100000
vn -0.019560 -0.016949 0.096593
vn 0.000000 0.000000 0.100000
vn -0.016949 -0.019560 0.096593
vn -0.000000 -0.000000 0.100000
vn -0.013993 -0.021773 0.096593
vn -0.000000 -0.000000 0.100000
vn -0.010752 -0.023543 0.096593
vn -0.000000 -0.000000 0.100000
vn -0.007292 -0.024834 0.096593
vn -0.000000 -0.000000 0.100000
vn -0.003683 -0.025618 0.096593
vn -0.007116 -0.049491 0.086603
vn -0.010063 -0.069991 0.070711
vn -0.012325 -0.085721 0.050000
vn -0.013747 -0.095609 0.025882
vn -0.013053 -0.099144 0.000000
vn -0.050000 0.000000 0.086603
vn -0.049491 -0.007116 0.086603
vn -0.047975 -0.014087 0.086603
vn -0.045482 -0.020771 0.086603
vn -0.042063 -0.027032 0.086603
vn -0.037787 -0.032743 0.086603
vn -0.032743 -0.037787 0.086603
vn -0.027032 -0.042063 0.086603
vn -0.020771 -0.045482 0.086603
vn -0.014087 -0.047975 0.086603
vn -0.070711 0.000000 0.070711
vn -0.069991 -0.010063 0.070711
vn -0.067846 -0.019922 0.070711
vn -0.064321 -0.029374 0.070711
vn -0.059486 -0.038229 0.070711
vn -0.053440 -0.046306 0.070711
vn -0.046306 -0.053440 0.070711
vn -0.038229 -0.059486 0.070711
vn -0.029374 -0.064321 0.070711
vn -0.019922 -0.067846 0.070711
vn -0.086603 0.000000 0.050000
vn -0.085721 -0.012325 0.050000
vn -0.083095 -0.024399 0.050000
vn -0.078776 -0.035976 0.050000
vn -0.072855 -0.046821 0.050000
vn -0.065450 -0.056713 0.050000
vn -0.056713 -0.065450 0.050000
vn -0.046821 -0.072855 0.050000
vn -0.035976 -0.078776 0.050000
vn -0.024399 -0.083095 0.050000
vn -0.096593 0.000000 0.025882
vn -0.095609 -0.013747 0.025882
vn -0.092680 -0.027213 0.025882
vn -0.087864 -0.040126 0.025882
vn -0.081259 -0.052222 0.025882
vn -0.073000 -0.063255 0.025882
vn -0.063255 -0.073000 0.025882
vn -0.052222 -0.081259 0.025882
vn -0.040126 -0.087864 0.025882
vn -0.027213 -0.092680 0.025882
vn -0.100000 0.000000 0.000000
vn -0.099144 -0.013053 0.000000
vn -0.096593 -0.025882 0.000000
vn -0.092388 -0.038268 0.000000
vn -0.086603 -0.050000 0.000000
vn -0.079335 -0.060876 0.000000
vn -0.070711 -0.070711 0.000000
vn -0.060876 -0.079335 0.000000
vn -0.050000 -0.086603 0.000000
vn -0.038268 -0.092388 0.000000
vn -0.025882 -0.096593 0.000000
vn -0.025882 0.000000 0.096593
vn -0.025882 0.000000 0.096593
vn 0.000000 0.000000 0.100000
vn -0.025882 0.000000 0.096593
vn -0.025882 0.000000 0.096593
vn -0.050000 0.000000 0.086603
vn -0.050000 0.000000 0.086603
vn -0.070711 0.000000 0.070711
vn -0.070711 0.000000 0.070711
vn -0.086603 0.000000 0.050000
vn -0.086603 0.000000 0.050000
vn -0.096593 0.000000 0.025882
vn -0.096593 0.000000 0.025882
vn -0.096593 0.000000 0.025882
vn -0.096593 0.000000 0.025882
vn -0.086603 0.000000 0.050000
vn -0.086603 0.000000 0.050000
vn -0.070711 0.000000 0.070711
vn -0.070711 0.000000 0.070711
vn -0.050000 0.000000 0.086603
vn -0.050000 0.000000 0.086603
vn -0.025882 0.000000 0.096593
vn -0.025882 0.000000 0.096593
vn -0.025882 0.000000 0.096593
vn -0.025882 0.000000 0.096593
vn -0.050000 0.000000 0.086603
vn -0.070711 0.000000 0.070711
vn -0.086603 0.000000 0.050000
vn -0.096593 0.000000 0.025882
vn -0.096593 0.000000 0.025882
vn -0.050000 0.000000 0.086603
vn -0.050000 0.000000 0.086603
vn -0.070711 0.000000 0.070711
vn -0.070711 0.000000 0.070711
vn -0.086603 0.000000 0.050000
vn -0.086603 0.000000 0.050000
vn -0.096593 0.000000 0.025882
vn -0.096593 0.000000 0.025882
vn -0.100000 0.000000 0.000000
vn -0.096593 0.000000 0.025882
vn -0.096593 0.000000 0.025882
vn -0.086603 0.000000 0.050000
vn -0.086603 0.000000 0.050000
vn -0.070711 0.000000 0.070711
vn -0.070711 0.000000 0.070711
vn -0.050000 0.000000 0.086603
vn -0.025882 0.000000 0.096593
vn -0.025882 0.000000 0.096593
vn -0.025882 0.000000 0.096593
vn -0.025882 0.000000 0.096593
vn -0.050000 0.000000 0.086603
vn -0.050000 0.000000 0.086603
vn -0.070711 0.000000 0.070711
vn -0.050000 0.000000 0.086603
vn -0.050000 0.000000 0.086603
vn -0.070711 0.000000 0.070711
vn -0.086603 0.000000 0.050000
vn -0.070711 0.000000 0.070711
vn -0.086603 0.000000 0.050000
vn -0.096593 0.000000 0.025882
vn -0.086603 0.000000 0.050000
vn -0.096593 0.000000 0.025882
vn 0.000000 -0.000000 0.100000
vn -0.006699 0.025000 0.096593
vn -0.000000 0.000000 0.100000
vn -0.012941 0.022414 0.096593
vn -0.000000 0.000000 0.100000
vn -0.018301 0.018301 0.096593
vn 0.000000 -0.000000 0.100000
vn -0.022414 0.012941 0.096593
vn 0.000000 -0.000000 0.100000
vn -0.025000 0.006699 0.096593
vn -0.048296 0.012941 0.086603
vn -0.068301 0.018301 0.070711
vn -0.083652 0.022414 0.050000
vn -0.093301 0.025000 0.025882
vn -0.096593 0.025882 -0.000000
vn -0.012941 0.048296 0.086603
vn -0.025000 0.043301 0.086603
vn -0.035355 0.035355 0.086603
vn -0.043301 0.025000 0.086603
vn -0.018301 0.068301 0.070711
vn -0.035355 0.061237 0.070711
vn -0.050000 0.050000 0.070711
vn -0.061237 0.035355 0.070711
vn -0.022414 0.083652 0.050000
vn -0.043301 0.075000 0.050000
vn -0.061237 0.061237 0.050000
vn -0.075000 0.043301 0.050000
vn -0.025000 0.093301 0.025882
vn -0.048296 0.083652 0.025882
vn -0.068301 0.068301 0.025882
vn -0.083652 0.048296 0.025882
vn -0.025882 0.096593 -0.000000
vn -0.050000 0.086603 -0.000000
vn -0.070711 0.070711 -0.000000
vn -0.086603 0.050000 -0.000000
vn -0.000000 -0.100000 0.000000
vn -0.013053 -0.099144 0.000000
vn -0.025882 -0.096593 0.000000
vn -0.038268 -0.092388 0.000000
vn -0.050000 -0.086603 0.000000
vn -0.060876 -0.079335 0.000000
vn -0.070711 -0.070711 0.000000
vn -0.079335 -0.060876 0.000000
vn -0.086603 -0.050000 0.000000
vn -0.092388 -0.038268 0.000000
vn -0.096593 -0.025882 0.000000
vn -0.099144 -0.013053 0.000000
vn -0.100000 0.000000 -0.000000
vn -0.100000 0.000000 0.000000
vn -0.096593 0.025882 -0.000000
vn -0.086603 0.050000 -0.000000
vn -0.070711 0.070711 -0.000000
vn -0.050000 0.086603 -0.000000
vn -0.025882 0.096593 -0.000000
vn -0.000000 0.100000 -0.000000
vn 0.000000 0.100000 0.000000
vn 0.000000 0.000000 0.100000
vn 0.000000 0.000000 0.100000
vn 0.000000 0.000000 0.100000
vn 0.000000 0.000000 0.100000
vn 0.000000 0.000000 0.100000
vn 0.000000 0.000000 0.100000
vn 0.000000 0.000000 0.100000
vn 0.000000 0.000000 0.100000
vn 0.000000 0.000000 0.100000
vn 0.000000 0.000000 0.100000
vn 0.000000 0.000000 0.100000
vn 0.000000 0.000000 0.100000
vn 0.000000 0.000000 0.100000
vn 0.000000 0.000000 0.100000
vn 0.000000 0.000000 0.100000
vn 0.000000 0.000000 0.100000
vn 0.000000 0.000000 0.100000
vn 0.000000 0.000000 0.100000
vn 0.000000 0.000000 0.100000
vn 0.000000 0.000000 0.100000
vn 0.000000 0.000000 0.100000
vn 0.000000 0.000000 0.100000
vn 0.000000 0.000000 0.100000
vn 0.000000 0.000000 0.100000
vn 0.000000 0.000000 0.100000
vn 0.000000 0.000000 0.100000
vn 0.000000 0.000000 0.100000
vn 0.000000 0.000000 0.100000
vn 0.000000 0.000000 0.100000
vn 0.000000 0.000000 0.100000
vn 0.000000 0.000000 0.100000
vn 0.000000 0.000000 0.100000
vn 0.000000 0.000000 0.100000
vn 0.000000 0.000000 0.100000
vn 0.000000 0.000000 0.100000
vn 0.000000 0.000000 0.100000
vn 0.000000 0.000000 0.100000
vn 0.000000 0.000000 0.100000
vn 0.000000 0.000000 0.100000
vn 0.000000 0.000000 0.100000
vn -0.000000 0.100000 0.000000
vn -0.000000 0.100000 0.000000
vn -0.000000 0.100000 0.000000
vn -0.000000 0.100000 0.000000
vn 0.070711 -0.070711 0.000000
vn 0.070711 -0.070711 0.000000
vn 0.070711 -0.070711 0.000000
vn 0.070711 -0.070711 0.000000
vn 0.100000 -0.000000 0.000000
vn 0.100000 -0.000000 0.000000
vn 0.100000 -0.000000 0.000000
vn 0.100000 -0.000000 0.000000
vn 0.070711 0.070711 0.000000
vn 0.070711 0.070711 0.000000
vn 0.070711 0.070711 0.000000
vn 0.070711 0.070711 0.000000
vn 0.000000 0.100000 0.000000
vn 0.000000 0.100000 0.000000
vn 0.000000 0.100000 0.000000
vn 0.000000 0.100000 0.000000
vn -0.070711 0.070711 0.000000
vn -0.070711 0.070711 0.000000
vn -0.070711 0.070711 0.000000
vn -0.070711 0.070711 0.000000
vn -0.100000 0.000000 0.000000
vn -0.100000 0.000000 0.000000
vn -0.100000 0.000000 0.000000
vn -0.100000 0.000000 0.000000
vn -0.070711 -0.070711 0.000000
vn -0.070711 -0.070711 0.000000
vn -0.070711 -0.070711 0.000000
vn -0.070711 -0.070711 0.000000
vn 0.000000 -0.100000 0.000000
vn 0.000000 -0.100000 0.000000
vn 0.000000 -0.100000 0.000000
vn 0.000000 -0.100000 0.000000
vn 0.070711 -0.070711 0.000000
vn 0.070711 -0.070711 0.000000
vn 0.070711 -0.070711 0.000000
vn 0.070711 -0.070711 0.000000
vn 0.100000 0.000000 0.000000
vn 0.100000 0.000000 0.000000
vn 0.100000 0.000000 0.000000
vn 0.100000 0.000000 0.000000
vn 0.100000 0.000000 0.000000
vn 0.100000 0.000000 0.000000
vn 0.100000 0.000000 0.000000
vn 0.100000 0.000000 0.000000
vn 0.100000 0.000000 0.000000
vn 0.070711 0.070711 0.000000
vn 0.070711 0.070711 0.000000
vn 0.070711 0.070711 0.000000
vn 0.070711 0.070711 0.000000
vn 0.100000 -0.000000 0.000000
vn 0.100000 -0.000000 0.000000
vn 0.100000 -0.000000 0.000000
vn 0.100000 -0.000000 0.000000
vn 0.025882 -0.096593 0.000000
vn 0.025882 -0.096593 0.000000
vn 0.025882 -0.096593 0.000000
vn 0.025882 -0.096593 0.000000
vn 0.050000 -0.086603 0.000000
vn 0.050000 -0.086603 0.000000
vn 0.070711 -0.070711 0.000000
vn 0.070711 -0.070711 0.000000
vn 0.086603 -0.050000 0.000000
vn 0.086603 -0.050000 0.000000
vn 0.096593 -0.025882 0.000000
vn 0.096593 -0.025882 0.000000
vn 0.096593 -0.025882 0.000000
vn 0.096593 -0.025882 0.000000
vn 0.086603 -0.050000 0.000000
vn 0.086603 -0.050000 0.000000
vn 0.070711 -0.070711 0.000000
vn 0.070711 -0.070711 0.000000
vn 0.050000 -0.086603 0.000000
vn 0.050000 -0.086603 0.000000
vn 0.096593 0.025882 0.000000
vn 0.096593 0.025882 0.000000
vn 0.100000 0.000000 0.000000
vn 0.100000 0.000000 0.000000
vn 0.096593 -0.025882 0.000000
vn 0.096593 -0.025882 0.000000
vn 0.086603 -0.050000 0.000000
vn 0.086603 -0.050000 0.000000
vn 0.070711 -0.070711 0.000000
vn 0.070711 -0.070711 0.000000
vn 0.050000 -0.086603 0.000000
vn 0.050000 -0.086603 0.000000
vn 0.025882 -0.096593 0.000000
vn 0.025882 -0.096593 0.000000
vn -0.000000 -0.100000 0.000000
vn -0.000000 -0.100000 0.000000
vn -0.025882 -0.096593 0.000000
vn -0.025882 -0.096593 0.000000
vn -0.050000 -0.086603 0.000000
vn -0.050000 -0.086603 0.000000
vn -0.070711 -0.070711 0.000000
vn -0.070711 -0.070711 0.000000
vn -0.086603 -0.050000 0.000000
vn -0.086603 -0.050000 0.000000
vn -0.096593 -0.025882 0.000000
vn -0.096593 -0.025882 0.000000
vn -0.100000 0.000000 0.000000
vn -0.100000 0.000000 0.000000
vn -0.096593 0.025882 -0.000000
vn -0.096593 0.025882 -0.000000
vn -0.086603 0.050000 -0.000000
vn -0.086603 0.050000 -0.000000
vn -0.070711 0.070711 -0.000000
vn -0.070711 0.070711 -0.000000
vn -0.050000 0.086603 -0.000000
vn -0.050000 0.086603 -0.000000
vn -0.025882 0.096593 -0.000000
vn -0.025882 0.096593 -0.000000
vn -0.000000 0.100000 -0.000000
vn -0.000000 0.100000 -0.000000
vn 0.025882 0.096593 0.000000
vn 0.025882 0.096593 0.000000
vn 0.050000 0.086603 0.000000
vn 0.050000 0.086603 0.000000
vn 0.070711 0.070711 0.000000
vn 0.070711 0.070711 0.000000
vn 0.086603 0.050000 0.000000
vn 0.086603 0.050000 0.000000
vn 0.000000 0.000000 0.100000
vn 0.000000 0.000000 0.100000
vn 0.000000 0.000000 0.100000
vn 0.000000 0.000000 0.100000
vn 0.000000 0.000000 0.100000
vn 0.000000 0.000000 0.100000
vn 0.000000 0.000000 0.100000
vn 0.000000 0.000000 0.100000
vn 0.000000 0.000000 0.100000
vn 0.000000 0.000000 0.100000
vn 0.000000 0.000000 0.100000
vn 0.000000 0.000000 0.100000
vn 0.000000 0.000000 0.100000
vn 0.000000 0.000000 0.100000
vn 0.000000 0.000000 0.100000
vn 0.000000 0.000000 0.100000
vn 0.000000 0.000000 0.100000
vn 0.000000 0.000000 0.100000
vn 0.000000 0.000000 0.100000
vn 0.000000 0.000000 0.100000
vn 0.000000 0.000000 0.100000
vn 0.000000 0.000000 0.100000
vn 0.000000 0.000000 0.100000
vn 0.000000 0.000000 0.100000
vn 0.100000 -0.000000 0.000000
vn 0.099144 -0.013053 0.000000
vn 0.096593 -0.025882 0.000000
vn 0.092388 -0.038268 0.000000
vn 0.086603 -0.050000 0.000000
vn 0.079335 -0.060876 0.000000
vn 0.070711 -0.070711 0.000000
vn 0.060876 -0.079335 0.000000
vn 0.050000 -0.086603 0.000000
vn 0.038268 -0.092388 0.000000
vn 0.025882 -0.096593 0.000000
vn 0.013053 -0.099144 0.000000
vn 0.000000 -0.100000 0.000000
vn 0.100000 0.000000 0.000000
vn 0.025882 0.096593 0.000000
vn 0.050000 0.086603 0.000000
vn 0.070711 0.070711 0.000000
vn 0.086603 0.050000 0.000000
vn 0.096593 0.025882 0.000000
vn 0.095743 -0.028867 0.000000
vn 0.098003 -0.019887 0.000000
vn 0.098473 -0.017410 0.000000
vn 0.099861 0.005277 0.000000
vn 0.099723 0.007434 0.000000
vn 0.095361 0.030105 0.000000
vn 0.094803 0.031818 0.000000
vn 0.084789 0.053016 0.000000
vn 0.084017 0.054233 0.000000
vn 0.068820 0.072552 0.000000
vn 0.068032 0.073292 0.000000
vn 0.048468 0.087469 0.000000
vn 0.047837 0.087816 0.000000
vn 0.025031 0.096817 0.000000
vn 0.024682 0.096906 0.000000
vn 0.000000 0.100000 0.000000
vn 0.000000 0.100000 0.000000
vn -0.024682 0.096906 -0.000000
vn -0.025031 0.096817 -0.000000
vn -0.047837 0.087816 -0.000000
vn -0.048468 0.087469 -0.000000
vn -0.068032 0.073292 -0.000000
vn -0.068820 0.072552 -0.000000
vn -0.084017 0.054233 -0.000000
vn -0.084789 0.053016 -0.000000
vn -0.094803 0.031818 -0.000000
vn -0.095361 0.030105 -0.000000
vn -0.099723 0.007434 -0.000000
vn -0.099861 0.005277 -0.000000
vn -0.098473 -0.017410 0.000000
vn -0.098003 -0.019887 0.000000
vn -0.095743 -0.028867 0.000000
vn -0.093426 -0.035660 0.000000
vn -0.091129 -0.041176 0.000000
vn -0.091743 -0.039789 0.000000
vn -0.091129 -0.041176 0.000000
vn 0.091129 -0.041176 0.000000
vn 0.093426 -0.035660 0.000000
vn 0.091743 -0.039789 0.000000
vn 0.091129 -0.041176 0.000000
vn -0.091129 -0.041176 0.000000
vn -0.098473 -0.017410 0.000000
vn -0.091129 -0.041176 0.000000
vn -0.098502 -0.017244 0.000000
vn -0.099723 0.007434 -0.000000
vn -0.099698 0.007769 -0.000000
vn -0.094803 0.031818 -0.000000
vn -0.094641 0.032295 -0.000000
vn -0.084017 0.054233 -0.000000
vn -0.083650 0.054796 -0.000000
vn -0.068032 0.073292 -0.000000
vn -0.067413 0.073861 -0.000000
vn -0.047837 0.087816 -0.000000
vn -0.046949 0.088294 -0.000000
vn -0.024682 0.096906 -0.000000
vn -0.023540 0.097190 -0.000000
vn 0.000000 0.100000 0.000000
vn 0.001345 0.099991 0.000000
vn 0.024682 0.096906 0.000000
vn 0.026145 0.096522 0.000000
vn 0.047837 0.087816 0.000000
vn 0.049306 0.086999 0.000000
vn 0.068032 0.073292 0.000000
vn 0.069375 0.072021 0.000000
vn 0.084017 0.054233 0.000000
vn 0.085094 0.052527 0.000000
vn 0.094803 0.031818 0.000000
vn 0.095476 0.029738 0.000000
vn 0.099723 0.007434 0.000000
vn 0.099871 0.005085 0.000000
vn 0.098473 -0.017410 0.000000
vn 0.098003 -0.019887 0.000000
vn 0.095743 -0.028867 0.000000
vn 0.091129 -0.041176 0.000000
vn 0.093426 -0.035660 0.000000
vn 0.091743 -0.039789 0.000000
vn 0.091129 -0.041176 0.000000
vn -0.100000 -0.000000 0.000000
vn -0.100000 -0.000000 0.000000
vn -0.096593 -0.025882 0.000000
vn -0.096593 -0.025882 0.000000
vn -0.086603 -0.050000 0.000000
vn -0.086603 -0.050000 0.000000
vn -0.070711 -0.070711 0.000000
vn -0.070711 -0.070711 0.000000
vn -0.050000 -0.086603 0.000000
vn -0.050000 -0.086603 0.000000
vn -0.025882 -0.096593 0.000000
vn -0.025882 -0.096593 0.000000
vn 0.000000 -0.100000 0.000000
vn 0.000000 -0.100000 0.000000
vn 0.025882 -0.096593 0.000000
vn 0.025882 -0.096593 0.000000
vn 0.050000 -0.086603 0.000000
vn 0.050000 -0.086603 0.000000
vn 0.070711 -0.070711 0.000000
vn 0.070711 -0.070711 0.000000
vn 0.086603 -0.050000 0.000000
vn 0.086603 -0.050000 0.000000
vn 0.096593 -0.025882 0.000000
vn 0.096593 -0.025882 0.000000
vn 0.100000 -0.000000 0.000000
vn 0.100000 -0.000000 0.000000
vn 0.100000 0.000000 0.000000
vn 0.100000 0.000000 0.000000
vn 0.100000 0.000000 0.000000
vn 0.100000 0.000000 0.000000
vn 0.100000 0.000000 0.000000
vn 0.000000 -0.087285 0.048799
vn 0.000000 -0.072160 0.069231
vn 0.000000 -0.087285 0.048799
vn 0.000000 -0.072160 0.069231
vn 0.000000 -0.087285 0.048799
vn 0.000000 -0.096769 0.025214
vn 0.000000 -0.096769 0.025214
vn 0.000000 -0.100000 0.000000
vn 0.000000 -0.100000 0.000000
vn 0.000000 -0.096769 0.025214
vn -0.070711 0.070711 0.000000
vn -0.070711 0.070711 0.000000
vn -0.070711 0.070711 0.000000
vn -0.070711 0.070711 0.000000
vn 0.070711 0.070711 0.000000
vn 0.070711 0.070711 0.000000
vn 0.070711 0.070711 0.000000
vn 0.070711 0.070711 0.000000
vn 0.000000 0.100000 0.000000
vn 0.000000 0.100000 0.000000
vn 0.000000 0.100000 0.000000
vn 0.000000 0.100000 0.000000
vn -0.011251 -0.071278 0.069231
vn -0.021185 -0.068980 0.069231
vn -0.012865 -0.083041 0.054209
vn -0.025132 -0.083588 0.048799
vn -0.014012 -0.091694 0.037361
vn -0.027863 -0.092671 0.025214
vn -0.014713 -0.097070 0.019001
vn -0.028793 -0.095765 0.000000
vn -0.014942 -0.098877 0.000000
vn -0.036715 -0.079187 0.048799
vn -0.030697 -0.065306 0.069231
vn -0.047559 -0.073190 0.048799
vn -0.039595 -0.060327 0.069231
vn -0.057443 -0.065718 0.048799
vn -0.047703 -0.054143 0.069231
vn -0.066170 -0.056922 0.048799
vn -0.054859 -0.046879 0.069231
vn -0.073564 -0.046978 0.048799
vn -0.060919 -0.038678 0.069231
vn -0.079475 -0.036088 0.048799
vn -0.065762 -0.029705 0.069231
vn -0.083806 -0.024397 0.048799
vn -0.069293 -0.020139 0.069231
vn -0.086411 -0.012322 0.048799
vn -0.071440 -0.010171 0.069231
vn -0.087285 -0.000000 0.048799
vn -0.072160 -0.000000 0.069231
vn -0.096769 -0.000000 0.025214
vn -0.095797 -0.013682 0.025214
vn -0.092900 -0.027089 0.025214
vn -0.088111 -0.040009 0.025214
vn -0.081557 -0.052083 0.025214
vn -0.073360 -0.063107 0.025214
vn -0.063685 -0.072859 0.025214
vn -0.052726 -0.081143 0.025214
vn -0.040705 -0.087792 0.025214
vn -0.100000 -0.000000 0.000000
vn -0.098992 -0.014160 0.000000
vn -0.095990 -0.028035 0.000000
vn -0.091053 -0.041345 0.000000
vn -0.084280 -0.053822 0.000000
vn -0.075810 -0.065214 0.000000
vn -0.065811 -0.075292 0.000000
vn -0.054487 -0.083852 0.000000
vn -0.042064 -0.090723 0.000000
vn -0.072160 0.000000 0.069231
vn -0.087285 0.000000 0.048799
vn -0.087285 0.000000 0.048799
vn -0.087285 0.000000 0.048799
vn -0.096769 0.000000 0.025214
vn -0.096769 0.000000 0.025214
vn -0.096769 0.000000 0.025214
vn -0.087285 0.000000 0.048799
vn -0.087285 0.000000 0.048799
vn -0.087285 0.000000 0.048799
vn -0.096769 0.000000 0.025214
vn -0.096769 0.000000 0.025214
vn -0.100000 0.000000 0.000000
vn -0.096769 0.000000 0.025214
vn -0.086396 0.012422 0.048799
vn -0.071426 0.010269 0.069231
vn -0.083749 0.024591 0.048799
vn -0.069237 0.020330 0.069231
vn -0.079397 0.036259 0.048799
vn -0.065639 0.029976 0.069231
vn -0.073429 0.047190 0.048799
vn -0.060705 0.039013 0.069231
vn -0.065965 0.057159 0.048799
vn -0.054535 0.047255 0.069231
vn -0.057159 0.065965 0.048799
vn -0.047255 0.054535 0.069231
vn -0.047190 0.073429 0.048799
vn -0.039013 0.060705 0.069231
vn -0.036259 0.079397 0.048799
vn -0.029976 0.065639 0.069231
vn -0.024591 0.083749 0.048799
vn -0.020330 0.069237 0.069231
vn -0.012422 0.086396 0.048799
vn -0.010269 0.071426 0.069231
vn 0.000000 0.087285 0.048799
vn 0.000000 0.072160 0.069231
vn 0.000000 0.096769 0.025214
vn -0.013772 0.095784 0.025214
vn -0.027263 0.092849 0.025214
vn -0.040199 0.088024 0.025214
vn -0.052317 0.081407 0.025214
vn -0.063370 0.073133 0.025214
vn -0.073133 0.063370 0.025214
vn -0.081407 0.052317 0.025214
vn -0.088024 0.040199 0.025214
vn -0.092849 0.027263 0.025214
vn -0.095784 0.013772 0.025214
vn -0.098982 0.014231 0.000000
vn 0.000000 0.100000 0.000000
vn -0.014231 0.098982 0.000000
vn -0.028173 0.095949 0.000000
vn -0.041542 0.090963 0.000000
vn -0.054064 0.084125 0.000000
vn -0.065486 0.075575 0.000000
vn -0.075575 0.065486 0.000000
vn -0.084125 0.054064 0.000000
vn -0.090963 0.041542 0.000000
vn -0.095949 0.028173 0.000000
vn -0.000000 0.072160 0.069231
vn -0.000000 0.083913 0.054393
vn -0.000000 0.092788 0.037287
vn -0.000000 0.098219 0.018789
vn -0.000000 0.100000 -0.000000
vn 0.100000 0.000000 0.000000
vn 0.100000 0.000000 0.000000
vn 0.100000 0.000000 0.000000
vn 0.100000 0.000000 0.000000
vn 0.100000 0.000000 0.000000
vn 0.100000 0.000000 0.000000
vn 0.100000 0.000000 0.000000
vn 0.100000 0.000000 0.000000
vn -0.014942 -0.098877 0.000000
vn -0.028793 -0.095765 0.000000
vn -0.042064 -0.090723 0.000000
vn -0.054487 -0.083852 0.000000
vn -0.065811 -0.075292 0.000000
vn -0.075810 -0.065214 0.000000
vn -0.084280 -0.053822 0.000000
vn -0.091053 -0.041345 0.000000
vn -0.095990 -0.028035 0.000000
vn -0.098992 -0.014160 0.000000
vn -0.100000 0.000000 0.000000
vn -0.100000 0.000000 0.000000
vn -0.098982 0.014231 0.000000
vn -0.095949 0.028173 0.000000
vn -0.090963 0.041542 0.000000
vn -0.084125 0.054064 0.000000
vn -0.075575 0.065486 0.000000
vn -0.065486 0.075575 0.000000
vn -0.054064 0.084125 0.000000
vn -0.041542 0.090963 0.000000
vn -0.028173 0.095949 0.000000
vn -0.014231 0.098982 0.000000
vn 0.000000 0.100000 0.000000
vn -0.000000 0.100000 0.000000
vn -0.000000 0.100000 0.000000
vn -0.000000 0.100000 0.000000
vn 0.000000 -0.100000 0.000000
vn 0.000000 -0.100000 0.000000
vn 0.000000 -0.072160 0.069231
vn 0.000000 -0.087285 0.048799
vn 0.000000 -0.072160 0.069231
vn 0.000000 -0.087285 0.048799
vn 0.000000 -0.087285 0.048799
vn 0.000000 -0.096769 0.025214
vn 0.000000 -0.096769 0.025214
vn 0.000000 -0.100000 0.000000
vn 0.000000 -0.096769 0.025214
vn 0.000000 -0.096769 0.025214
vn 0.000000 -0.087285 0.048799
vn 0.000000 -0.087285 0.048799
vn 0.000000 -0.087285 0.048799
vn 0.000000 -0.096769 0.025214
vn 0.000000 -0.096769 0.025214
vn 0.000000 -0.100000 0.000000
vn 0.000000 -0.096769 0.025214
vn 0.000000 -0.087285 0.048799
vn 0.000000 -0.096769 0.025214
vn 0.000000 -0.087285 0.048799
vn -0.100000 0.000000 0.000000
vn -0.100000 0.000000 0.000000
vn -0.100000 0.000000 0.000000
vn -0.100000 0.000000 0.000000
vn -0.100000 0.000000 0.000000
vn -0.100000 0.000000 0.000000
vn -0.100000 0.000000 0.000000
vn 0.068301 0.018301 0.070711
vn 0.068301 0.018301 0.070711
vn 0.070711 0.000000 0.070711
vn 0.070711 0.000000 0.070711
vn 0.068301 -0.018301 0.070711
vn 0.068301 -0.018301 0.070711
vn 0.061237 -0.035355 0.070711
vn 0.061237 -0.035355 0.070711
vn 0.050000 -0.050000 0.070711
vn 0.050000 -0.050000 0.070711
vn 0.035355 -0.061237 0.070711
vn 0.035355 -0.061237 0.070711
vn 0.018301 -0.068301 0.070711
vn 0.018301 -0.068301 0.070711
vn -0.000000 -0.070711 0.070711
vn -0.000000 -0.070711 0.070711
vn -0.018301 -0.068301 0.070711
vn -0.018301 -0.068301 0.070711
vn -0.035355 -0.061237 0.070711
vn -0.035355 -0.061237 0.070711
vn -0.050000 -0.050000 0.070711
vn -0.050000 -0.050000 0.070711
vn -0.061237 -0.035355 0.070711
vn -0.061237 -0.035355 0.070711
vn -0.068301 -0.018301 0.070711
vn -0.068301 -0.018301 0.070711
vn -0.070711 0.000000 0.070711
vn -0.070711 0.000000 0.070711
vn -0.068301 0.018301 0.070711
vn -0.068301 0.018301 0.070711
vn -0.061237 0.035355 0.070711
vn -0.061237 0.035355 0.070711
vn -0.050000 0.050000 0.070711
vn -0.050000 0.050000 0.070711
vn -0.035355 0.061237 0.070711
vn -0.035355 0.061237 0.070711
vn -0.018301 0.068301 0.070711
vn -0.018301 0.068301 0.070711
vn -0.000000 0.070711 0.070711
vn -0.000000 0.070711 0.070711
vn 0.018301 0.068301 0.070711
vn 0.018301 0.068301 0.070711
vn 0.035355 0.061237 0.070711
vn 0.035355 0.061237 0.070711
vn 0.050000 0.050000 0.070711
vn 0.050000 0.050000 0.070711
vn 0.061237 0.035355 0.070711
vn 0.061237 0.035355 0.070711
vn 0.096593 0.025882 0.000000
vn 0.096593 0.025882 0.000000
vn 0.100000 0.000000 0.000000
vn 0.100000 0.000000 0.000000
vn 0.096593 -0.025882 0.000000
vn 0.096593 -0.025882 0.000000
vn 0.086603 -0.050000 0.000000
vn 0.086603 -0.050000 0.000000
vn 0.070711 -0.070711 0.000000
vn 0.070711 -0.070711 0.000000
vn 0.050000 -0.086603 0.000000
vn 0.050000 -0.086603 0.000000
vn 0.025882 -0.096593 0.000000
vn 0.025882 -0.096593 0.000000
vn -0.000000 -0.100000 0.000000
vn -0.000000 -0.100000 0.000000
vn -0.025882 -0.096593 0.000000
vn -0.025882 -0.096593 0.000000
vn -0.050000 -0.086603 0.000000
vn -0.050000 -0.086603 0.000000
vn -0.070711 -0.070711 0.000000
vn -0.070711 -0.070711 0.000000
vn -0.086603 -0.050000 0.000000
vn -0.086603 -0.050000 0.000000
vn -0.096593 -0.025882 0.000000
vn -0.096593 -0.025882 0.000000
vn -0.100000 0.000000 0.000000
vn -0.100000 0.000000 0.000000
vn -0.096593 0.025882 -0.000000
vn -0.096593 0.025882 -0.000000
vn -0.086603 0.050000 -0.000000
vn -0.086603 0.050000 -0.000000
vn -0.070711 0.070711 -0.000000
vn -0.070711 0.070711 -0.000000
vn -0.050000 0.086603 -0.000000
vn -0.050000 0.086603 -0.000000
vn -0.025882 0.096593 -0.000000
vn -0.025882 0.096593 -0.000000
vn -0.000000 0.100000 -0.000000
vn -0.000000 0.100000 -0.000000
vn 0.025882 0.096593 0.000000
vn 0.025882 0.096593 0.000000
vn 0.050000 0.086603 0.000000
vn 0.050000 0.086603 0.000000
vn 0.070711 0.070711 0.000000
vn 0.070711 0.070711 0.000000
vn 0.086603 0.050000 0.000000
vn 0.086603 0.050000 0.000000
vn 0.000000 0.000000 0.100000
vn 0.000000 0.000000 0.100000
vn 0.000000 0.000000 0.100000
vn 0.000000 0.000000 0.100000
vn 0.000000 0.000000 0.100000
vn 0.000000 0.000000 0.100000
vn 0.000000 0.000000 0.100000
vn 0.000000 0.000000 0.100000
vn 0.000000 0.000000 0.100000
vn 0.000000 0.000000 0.100000
vn 0.000000 0.000000 0.100000
vn 0.000000 0.000000 0.100000
vn 0.000000 0.000000 0.100000
vn 0.000000 0.000000 0.100000
vn 0.000000 0.000000 0.100000
vn 0.000000 0.000000 0.100000
vn 0.000000 0.000000 0.100000
vn 0.000000 0.000000 0.100000
vn 0.000000 0.000000 0.100000
vn 0.000000 0.000000 0.100000
vn 0.000000 0.000000 0.100000
vn 0.000000 0.000000 0.100000
vn 0.000000 0.000000 0.100000
vn 0.000000 0.000000 0.100000
vn 0.068301 0.018301 0.070711
vn 0.068301 0.018301 0.070711
vn 0.070711 0.000000 0.070711
vn 0.070711 0.000000 0.070711
vn 0.068301 -0.018301 0.070711
vn 0.068301 -0.018301 0.070711
vn 0.061237 -0.035355 0.070711
vn 0.061237 -0.035355 0.070711
vn 0.050000 -0.050000 0.070711
vn 0.050000 -0.050000 0.070711
vn 0.035355 -0.061237 0.070711
vn 0.035355 -0.061237 0.070711
vn 0.018301 -0.068301 0.070711
vn 0.018301 -0.068301 0.070711
vn -0.000000 -0.070711 0.070711
vn -0.000000 -0.070711 0.070711
vn -0.018301 -0.068301 0.070711
vn -0.018301 -0.068301 0.070711
vn -0.035355 -0.061237 0.070711
vn -0.035355 -0.061237 0.070711
vn -0.050000 -0.050000 0.070711
vn -0.050000 -0.050000 0.070711
vn -0.061237 -0.035355 0.070711
vn -0.061237 -0.035355 0.070711
vn -0.068301 -0.018301 0.070711
vn -0.068301 -0.018301 0.070711
vn -0.070711 0.000000 0.070711
vn -0.070711 0.000000 0.070711
vn -0.068301 0.018301 0.070711
vn -0.068301 0.018301 0.070711
vn -0.061237 0.035355 0.070711
vn -0.061237 0.035355 0.070711
vn -0.050000 0.050000 0.070711
vn -0.050000 0.050000 0.070711
vn -0.035355 0.061237 0.070711
vn -0.035355 0.061237 0.070711
vn -0.018301 0.068301 0.070711
vn -0.018301 0.068301 0.070711
vn -0.000000 0.070711 0.070711
vn -0.000000 0.070711 0.070711
vn 0.018301 0.068301 0.070711
vn 0.018301 0.068301 0.070711
vn 0.035355 0.061237 0.070711
vn 0.035355 0.061237 0.070711
vn 0.050000 0.050000 0.070711
vn 0.050000 0.050000 0.070711
vn 0.061237 0.035355 0.070711
vn 0.061237 0.035355 0.070711
vn 0.096593 0.025882 0.000000
vn 0.096593 0.025882 0.000000
vn 0.100000 0.000000 0.000000
vn 0.100000 0.000000 0.000000
vn 0.096593 -0.025882 0.000000
vn 0.096593 -0.025882 0.000000
vn 0.086603 -0.050000 0.000000
vn 0.086603 -0.050000 0.000000
vn 0.070711 -0.070711 0.000000
vn 0.070711 -0.070711 0.000000
vn 0.050000 -0.086603 0.000000
vn 0.050000 -0.086603 0.000000
vn 0.025882 -0.096593 0.000000
vn 0.025882 -0.096593 0.000000
vn -0.000000 -0.100000 0.000000
vn -0.000000 -0.100000 0.000000
vn -0.025882 -0.096593 0.000000
vn -0.025882 -0.096593 0.000000
vn -0.050000 -0.086603 0.000000
vn -0.050000 -0.086603 0.000000
vn -0.070711 -0.070711 0.000000
vn -0.070711 -0.070711 0.000000
vn -0.086603 -0.050000 0.000000
vn -0.086603 -0.050000 0.000000
vn -0.096593 -0.025882 0.000000
vn -0.096593 -0.025882 0.000000
vn -0.100000 0.000000 0.000000
vn -0.100000 0.000000 0.000000
vn -0.096593 0.025882 -0.000000
vn -0.096593 0.025882 -0.000000
vn -0.086603 0.050000 -0.000000
vn -0.086603 0.050000 -0.000000
vn -0.070711 0.070711 -0.000000
vn -0.070711 0.070711 -0.000000
vn -0.050000 0.086603 -0.000000
vn -0.050000 0.086603 -0.000000
vn -0.025882 0.096593 -0.000000
vn -0.025882 0.096593 -0.000000
vn -0.000000 0.100000 -0.000000
vn -0.000000 0.100000 -0.000000
vn 0.025882 0.096593 0.000000
vn 0.025882 0.096593 0.000000
vn 0.050000 0.086603 0.000000
vn 0.050000 0.086603 0.000000
vn 0.070711 0.070711 0.000000
vn 0.070711 0.070711 0.000000
vn 0.086603 0.050000 0.000000
vn 0.086603 0.050000 0.000000
vn 0.000000 0.000000 0.100000
vn 0.000000 0.000000 0.100000
vn 0.000000 0.000000 0.100000
vn 0.000000 0.000000 0.100000
vn 0.000000 0.000000 0.100000
vn 0.000000 0.000000 0.100000
vn 0.000000 0.000000 0.100000
vn 0.000000 0.000000 0.100000
vn 0.000000 0.000000 0.100000
vn 0.000000 0.000000 0.100000
vn 0.000000 0.000000 0.100000
vn 0.000000 0.000000 0.100000
vn 0.000000 0.000000 0.100000
vn 0.000000 0.000000 0.100000
vn 0.000000 0.000000 0.100000
vn 0.000000 0.000000 0.100000
vn 0.000000 0.000000 0.100000
vn 0.000000 0.000000 0.100000
vn 0.000000 0.000000 0.100000
vn 0.000000 0.000000 0.100000
vn 0.000000 0.000000 0.100000
vn 0.000000 0.000000 0.100000
vn 0.000000 0.000000 0.100000
vn 0.000000 0.000000 0.100000
vn 0.068301 0.018301 0.070711
vn 0.068301 0.018301 0.070711
vn 0.070711 0.000000 0.070711
vn 0.070711 0.000000 0.070711
vn 0.068301 -0.018301 0.070711
vn 0.068301 -0.018301 0.070711
vn 0.061237 -0.035355 0.070711
vn 0.061237 -0.035355 0.070711
vn 0.050000 -0.050000 0.070711
vn 0.050000 -0.050000 0.070711
vn 0.035355 -0.061237 0.070711
vn 0.035355 -0.061237 0.070711
vn 0.018301 -0.068301 0.070711
vn 0.018301 -0.068301 0.070711
vn -0.000000 -0.070711 0.070711
vn -0.000000 -0.070711 0.070711
vn -0.018301 -0.068301 0.070711
vn -0.018301 -0.068301 0.070711
vn -0.035355 -0.061237 0.070711
vn -0.035355 -0.061237 0.070711
vn -0.050000 -0.050000 0.070711
vn -0.050000 -0.050000 0.070711
vn -0.061237 -0.035355 0.070711
vn -0.061237 -0.035355 0.070711
vn -0.068301 -0.018301 0.070711
vn -0.068301 -0.018301 0.070711
vn -0.070711 0.000000 0.070711
vn -0.070711 0.000000 0.070711
vn -0.068301 0.018301 0.070711
vn -0.068301 0.018301 0.070711
vn -0.061237 0.035355 0.070711
vn -0.061237 0.035355 0.070711
vn -0.050000 0.050000 0.070711
vn -0.050000 0.050000 0.070711
vn -0.035355 0.061237 0.070711
vn -0.035355 0.061237 0.070711
vn -0.018301 0.068301 0.070711
vn -0.018301 0.068301 0.070711
vn -0.000000 0.070711 0.070711
vn -0.000000 0.070711 0.070711
vn 0.018301 0.068301 0.070711
vn 0.018301 0.068301 0.070711
vn 0.035355 0.061237 0.070711
vn 0.035355 0.061237 0.070711
vn 0.050000 0.050000 0.070711
vn 0.050000 0.050000 0.070711
vn 0.061237 0.035355 0.070711
vn 0.061237 0.035355 0.070711
vn 0.096593 0.025882 0.000000
vn 0.096593 0.025882 0.000000
vn 0.100000 0.000000 0.000000
vn 0.100000 0.000000 0.000000
vn 0.096593 -0.025882 0.000000
vn 0.096593 -0.025882 0.000000
vn 0.086603 -0.050000 0.000000
vn 0.086603 -0.050000 0.000000
vn 0.070711 -0.070711 0.000000
vn 0.070711 -0.070711 0.000000
vn 0.050000 -0.086603 0.000000
vn 0.050000 -0.086603 0.000000
vn 0.025882 -0.096593 0.000000
vn 0.025882 -0.096593 0.000000
vn -0.000000 -0.100000 0.000000
vn -0.000000 -0.100000 0.000000
vn -0.025882 -0.096593 0.000000
vn -0.025882 -0.096593 0.000000
vn -0.050000 -0.086603 0.000000
vn -0.050000 -0.086603 0.000000
vn -0.070711 -0.070711 0.000000
vn -0.070711 -0.070711 0.000000
vn -0.086603 -0.050000 0.000000
vn -0.086603 -0.050000 0.000000
vn -0.096593 -0.025882 0.000000
vn -0.096593 -0.025882 0.000000
vn -0.100000 0.000000 0.000000
vn -0.100000 0.000000 0.000000
vn -0.096593 0.025882 -0.000000
vn -0.096593 0.025882 -0.000000
vn -0.086603 0.050000 -0.000000
vn -0.086603 0.050000 -0.000000
vn -0.070711 0.070711 -0.000000
vn -0.070711 0.070711 -0.000000
vn -0.050000 0.086603 -0.000000
vn -0.050000 0.086603 -0.000000
vn -0.025882 0.096593 -0.000000
vn -0.025882 0.096593 -0.000000
vn -0.000000 0.100000 -0.000000
vn -0.000000 0.100000 -0.000000
vn 0.025882 0.096593 0.000000
vn 0.025882 0.096593 0.000000
vn 0.050000 0.086603 0.000000
vn 0.050000 0.086603 0.000000
vn 0.070711 0.070711 0.000000
vn 0.070711 0.070711 0.000000
vn 0.086603 0.050000 0.000000
vn 0.086603 0.050000 0.000000
vn 0.000000 0.000000 0.100000
vn 0.000000 0.000000 0.100000
vn 0.000000 0.000000 0.100000
vn 0.000000 0.000000 0.100000
vn 0.000000 0.000000 0.100000
vn 0.000000 0.000000 0.100000
vn 0.000000 0.000000 0.100000
vn 0.000000 0.000000 0.100000
vn 0.000000 0.000000 0.100000
vn 0.000000 0.000000 0.100000
vn 0.000000 0.000000 0.100000
vn 0.000000 0.000000 0.100000
vn 0.000000 0.000000 0.100000
vn 0.000000 0.000000 0.100000
vn 0.000000 0.000000 0.100000
vn 0.000000 0.000000 0.100000
vn 0.000000 0.000000 0.100000
vn 0.000000 0.000000 0.100000
vn 0.000000 0.000000 0.100000
vn 0.000000 0.000000 0.100000
vn 0.000000 0.000000 0.100000
vn 0.000000 0.000000 0.100000
vn 0.000000 0.000000 0.100000
vn 0.000000 0.000000 0.100000
vn 0.094430 -0.025302 0.021043
vn 0.097761 -0.000000 0.021043
vn 0.094430 0.025302 0.021043
vn 0.084663 0.048880 0.021043
vn 0.069127 0.069127 0.021043
vn 0.048880 0.084663 0.021043
vn 0.025302 0.094430 0.021043
vn 0.000000 0.097761 0.021043
vn -0.025302 0.094430 0.021043
vn -0.048880 0.084663 0.021043
vn -0.069127 0.069127 0.021043
vn -0.084663 0.048880 0.021043
vn -0.094430 0.025302 0.021043
vn -0.097761 0.000000 0.021043
vn -0.094430 -0.025302 0.021043
vn -0.084663 -0.048880 0.021043
vn -0.069127 -0.069127 0.021043
vn -0.048880 -0.084663 0.021043
vn -0.025302 -0.094430 0.021043
vn 0.000000 -0.097761 0.021043
vn 0.025302 -0.094430 0.021043
vn 0.048880 -0.084663 0.021043
vn 0.069127 -0.069127 0.021043
vn 0.084663 -0.048880 0.021043
vn -0.063890 -0.017119 0.075000
vn -0.077704 -0.020821 0.059402
vn -0.066144 -0.000000 0.075000
vn -0.080445 -0.000000 0.059402
vn -0.063890 0.017119 0.075000
vn -0.077704 0.020821 0.059402
vn -0.057282 0.033072 0.075000
vn -0.069667 0.040223 0.059402
vn -0.046771 0.046771 0.075000
vn -0.056883 0.056883 0.059402
vn -0.033072 0.057282 0.075000
vn -0.040223 0.069667 0.059402
vn -0.017119 0.063890 0.075000
vn -0.020821 0.077704 0.059402
vn 0.000000 0.066144 0.075000
vn 0.000000 0.080445 0.059402
vn 0.017119 0.063890 0.075000
vn 0.020821 0.077704 0.059402
vn 0.033072 0.057282 0.075000
vn 0.040223 0.069667 0.059402
vn 0.046771 0.046771 0.075000
vn 0.056883 0.056883 0.059402
vn 0.057282 0.033072 0.075000
vn 0.069667 0.040223 0.059402
vn 0.063890 0.017119 0.075000
vn 0.077704 0.020821 0.059402
vn 0.066144 -0.000000 0.075000
vn 0.080445 -0.000000 0.059402
vn 0.063890 -0.017119 0.075000
vn 0.077704 -0.020821 0.059402
vn 0.057282 -0.033072 0.075000
vn 0.069667 -0.040223 0.059402
vn 0.046771 -0.046771 0.075000
vn 0.056883 -0.056883 0.059402
vn 0.033072 -0.057282 0.075000
vn 0.040223 -0.069667 0.059402
vn 0.017119 -0.063890 0.075000
vn 0.020821 -0.077704 0.059402
vn 0.000000 -0.066144 0.075000
vn 0.000000 -0.080445 0.059402
vn -0.017119 -0.063890 0.075000
vn -0.020821 -0.077704 0.059402
vn -0.033072 -0.057282 0.075000
vn -0.040223 -0.069667 0.059402
vn -0.046771 -0.046771 0.075000
vn -0.056883 -0.056883 0.059402
vn -0.057282 -0.033072 0.075000
vn -0.069667 -0.040223 0.059402
vn -0.091144 -0.000000 0.041144
vn -0.088038 -0.023590 0.041144
vn -0.078933 -0.045572 0.041144
vn -0.064448 -0.064448 0.041144
vn -0.045572 -0.078933 0.041144
vn -0.023590 -0.088038 0.041144
vn 0.000000 -0.091144 0.041144
vn 0.023590 -0.088038 0.041144
vn 0.045572 -0.078933 0.041144
vn 0.064448 -0.064448 0.041144
vn 0.078933 -0.045572 0.041144
vn 0.088038 -0.023590 0.041144
vn 0.091144 -0.000000 0.041144
vn 0.088038 0.023590 0.041144
vn 0.078933 0.045572 0.041144
vn 0.064448 0.064448 0.041144
vn 0.045572 0.078933 0.041144
vn 0.023590 0.088038 0.041144
vn 0.000000 0.091144 0.041144
vn -0.023590 0.088038 0.041144
vn -0.045572 0.078933 0.041144
vn -0.064448 0.064448 0.041144
vn -0.078933 0.045572 0.041144
vn -0.088038 0.023590 0.041144
vn 0.094430 -0.025302 0.021043
vn 0.097761 -0.000000 0.021043
vn 0.094430 0.025302 0.021043
vn 0.084663 0.048880 0.021043
vn 0.069127 0.069127 0.021043
vn 0.048880 0.084663 0.021043
vn 0.025302 0.094430 0.021043
vn 0.000000 0.097761 0.021043
vn -0.025302 0.094430 0.021043
vn -0.048880 0.084663 0.021043
vn -0.069127 0.069127 0.021043
vn -0.084663 0.048880 0.021043
vn -0.094430 0.025302 0.021043
vn -0.097761 0.000000 0.021043
vn -0.094430 -0.025302 0.021043
vn -0.084663 -0.048880 0.021043
vn -0.069127 -0.069127 0.021043
vn -0.048880 -0.084663 0.021043
vn -0.025302 -0.094430 0.021043
vn 0.000000 -0.097761 0.021043
vn 0.025302 -0.094430 0.021043
vn 0.048880 -0.084663 0.021043
vn 0.069127 -0.069127 0.021043
vn 0.084663 -0.048880 0.021043
vn -0.063890 -0.017119 0.075000
vn -0.077704 -0.020821 0.059402
vn -0.066144 -0.000000 0.075000
vn -0.080445 -0.000000 0.059402
vn -0.063890 0.017119 0.075000
vn -0.077704 0.020821 0.059402
vn -0.057282 0.033072 0.075000
vn -0.069667 0.040223 0.059402
vn -0.046771 0.046771 0.075000
vn -0.056883 0.056883 0.059402
vn -0.033072 0.057282 0.075000
vn -0.040223 0.069667 0.059402
vn -0.017119 0.063890 0.075000
vn -0.020821 0.077704 0.059402
vn 0.000000 0.066144 0.075000
vn 0.000000 0.080445 0.059402
vn 0.017119 0.063890 0.075000
vn 0.020821 0.077704 0.059402
vn 0.033072 0.057282 0.075000
vn 0.040223 0.069667 0.059402
vn 0.046771 0.046771 0.075000
vn 0.056883 0.056883 0.059402
vn 0.057282 0.033072 0.075000
vn 0.069667 0.040223 0.059402
vn 0.063890 0.017119 0.075000
vn 0.077704 0.020821 0.059402
vn 0.066144 -0.000000 0.075000
vn 0.080445 -0.000000 0.059402
vn 0.063890 -0.017119 0.075000
vn 0.077704 -0.020821 0.059402
vn 0.057282 -0.033072 0.075000
vn 0.069667 -0.040223 0.059402
vn 0.046771 -0.046771 0.075000
vn 0.056883 -0.056883 0.059402
vn 0.033072 -0.057282 0.075000
vn 0.040223 -0.069667 0.059402
vn 0.017119 -0.063890 0.075000
vn 0.020821 -0.077704 0.059402
vn 0.000000 -0.066144 0.075000
vn 0.000000 -0.080445 0.059402
vn -0.017119 -0.063890 0.075000
vn -0.020821 -0.077704 0.059402
vn -0.033072 -0.057282 0.075000
vn -0.040223 -0.069667 0.059402
vn -0.046771 -0.046771 0.075000
vn -0.056883 -0.056883 0.059402
vn -0.057282 -0.033072 0.075000
vn -0.069667 -0.040223 0.059402
vn -0.091144 -0.000000 0.041144
vn -0.088038 -0.023590 0.041144
vn -0.078933 -0.045572 0.041144
vn -0.064448 -0.064448 0.041144
vn -0.045572 -0.078933 0.041144
vn -0.023590 -0.088038 0.041144
vn 0.000000 -0.091144 0.041144
vn 0.023590 -0.088038 0.041144
vn 0.045572 -0.078933 0.041144
vn 0.064448 -0.064448 0.041144
vn 0.078933 -0.045572 0.041144
vn 0.088038 -0.023590 0.041144
vn 0.091144 -0.000000 0.041144
vn 0.088038 0.023590 0.041144
vn 0.078933 0.045572 0.041144
vn 0.064448 0.064448 0.041144
vn 0.045572 0.078933 0.041144
vn 0.023590 0.088038 0.041144
vn 0.000000 0.091144 0.041144
vn -0.023590 0.088038 0.041144
vn -0.045572 0.078933 0.041144
vn -0.064448 0.064448 0.041144
vn -0.078933 0.045572 0.041144
vn -0.088038 0.023590 0.041144
vn 0.094430 -0.025302 0.021043
vn 0.097761 -0.000000 0.021043
vn 0.094430 0.025302 0.021043
vn 0.084663 0.048880 0.021043
vn 0.069127 0.069127 0.021043
vn 0.048880 0.084663 0.021043
vn 0.025302 0.094430 0.021043
vn 0.000000 0.097761 0.021043
vn -0.025302 0.094430 0.021043
vn -0.048880 0.084663 0.021043
vn -0.069127 0.069127 0.021043
vn -0.084663 0.048880 0.021043
vn -0.094430 0.025302 0.021043
vn -0.097761 0.000000 0.021043
vn -0.094430 -0.025302 0.021043
vn -0.084663 -0.048880 0.021043
vn -0.069127 -0.069127 0.021043
vn -0.048880 -0.084663 0.021043
vn -0.025302 -0.094430 0.021043
vn 0.000000 -0.097761 0.021043
vn 0.025302 -0.094430 0.021043
vn 0.048880 -0.084663 0.021043
vn 0.069127 -0.069127 0.021043
vn 0.084663 -0.048880 0.021043
vn -0.063890 -0.017119 0.075000
vn -0.077704 -0.020821 0.059402
vn -0.066144 -0.000000 0.075000
vn -0.080445 -0.000000 0.059402
vn -0.063890 0.017119 0.075000
vn -0.077704 0.020821 0.059402
vn -0.057282 0.033072 0.075000
vn -0.069667 0.040223 0.059402
vn -0.046771 0.046771 0.075000
vn -0.056883 0.056883 0.059402
vn -0.033072 0.057282 0.075000
vn -0.040223 0.069667 0.059402
vn -0.017119 0.063890 0.075000
vn -0.020821 0.077704 0.059402
vn 0.000000 0.066144 0.075000
vn 0.000000 0.080445 0.059402
vn 0.017119 0.063890 0.075000
vn 0.020821 0.077704 0.059402
vn 0.033072 0.057282 0.075000
vn 0.040223 0.069667 0.059402
vn 0.046771 0.046771 0.075000
vn 0.056883 0.056883 0.059402
vn 0.057282 0.033072 0.075000
vn 0.069667 0.040223 0.059402
vn 0.063890 0.017119 0.075000
vn 0.077704 0.020821 0.059402
vn 0.066144 -0.000000 0.075000
vn 0.080445 -0.000000 0.059402
vn 0.063890 -0.017119 0.075000
vn 0.077704 -0.020821 0.059402
vn 0.057282 -0.033072 0.075000
vn 0.069667 -0.040223 0.059402
vn 0.046771 -0.046771 0.075000
vn 0.056883 -0.056883 0.059402
vn 0.033072 -0.057282 0.075000
vn 0.040223 -0.069667 0.059402
vn 0.017119 -0.063890 0.075000
vn 0.020821 -0.077704 0.059402
vn 0.000000 -0.066144 0.075000
vn 0.000000 -0.080445 0.059402
vn -0.017119 -0.063890 0.075000
vn -0.020821 -0.077704 0.059402
vn -0.033072 -0.057282 0.075000
vn -0.040223 -0.069667 0.059402
vn -0.046771 -0.046771 0.075000
vn -0.056883 -0.056883 0.059402
vn -0.057282 -0.033072 0.075000
vn -0.069667 -0.040223 0.059402
vn -0.091144 -0.000000 0.041144
vn -0.088038 -0.023590 0.041144
vn -0.078933 -0.045572 0.041144
vn -0.064448 -0.064448 0.041144
vn -0.045572 -0.078933 0.041144
vn -0.023590 -0.088038 0.041144
vn 0.000000 -0.091144 0.041144
vn 0.023590 -0.088038 0.041144
vn 0.045572 -0.078933 0.041144
vn 0.064448 -0.064448 0.041144
vn 0.078933 -0.045572 0.041144
vn 0.088038 -0.023590 0.041144
vn 0.091144 -0.000000 0.041144
vn 0.088038 0.023590 0.041144
vn 0.078933 0.045572 0.041144
vn 0.064448 0.064448 0.041144
vn 0.045572 0.078933 0.041144
vn 0.023590 0.088038 0.041144
vn 0.000000 0.091144 0.041144
vn -0.023590 0.088038 0.041144
vn -0.045572 0.078933 0.041144
vn -0.064448 0.064448 0.041144
vn -0.078933 0.045572 0.041144
vn -0.088038 0.023590 0.041144
vn 0.000000 -0.100000 0.000000
vn 0.000000 -0.100000 0.000000
vn 0.014231 0.098982 0.000000
vn 0.014231 0.098982 0.000000
vn 0.028173 0.095949 0.000000
vn 0.028173 0.095949 0.000000
vn 0.041542 0.090963 0.000000
vn 0.041542 0.090963 0.000000
vn 0.054064 0.084125 0.000000
vn 0.054064 0.084125 0.000000
vn 0.065486 0.075575 0.000000
vn 0.065486 0.075575 0.000000
vn 0.075575 0.065486 0.000000
vn 0.075575 0.065486 0.000000
vn 0.084125 0.054064 0.000000
vn 0.084125 0.054064 0.000000
vn 0.090963 0.041542 0.000000
vn 0.090963 0.041542 0.000000
vn 0.095949 0.028173 0.000000
vn 0.095949 0.028173 0.000000
vn 0.098982 0.014231 0.000000
vn 0.098982 0.014231 0.000000
vn 0.014943 -0.098877 0.000000
vn 0.028793 -0.095765 0.000000
vn 0.014943 -0.098877 0.000000
vn 0.029814 -0.095452 0.000000
vn 0.042064 -0.090723 0.000000
vn 0.043991 -0.089804 0.000000
vn 0.054487 -0.083852 0.000000
vn 0.057144 -0.082064 0.000000
vn 0.065811 -0.075292 0.000000
vn 0.068966 -0.072414 0.000000
vn 0.075810 -0.065214 0.000000
vn 0.079181 -0.061076 0.000000
vn 0.084280 -0.053822 0.000000
vn 0.087553 -0.048316 0.000000
vn 0.091053 -0.041345 0.000000
vn 0.093885 -0.034431 0.000000
vn 0.095990 -0.028035 0.000000
vn 0.098031 -0.019744 0.000000
vn 0.098992 -0.014160 0.000000
vn 0.099894 -0.004598 0.000000
vn 0.099894 -0.004598 0.000000
vn 0.099953 -0.003066 0.000000
vn 0.099988 -0.001533 0.000000
vn -0.100000 -0.000000 0.000000
vn -0.100000 -0.000000 0.000000
vn -0.096593 -0.025882 0.000000
vn -0.096593 -0.025882 0.000000
vn -0.086603 -0.050000 0.000000
vn -0.086603 -0.050000 0.000000
vn -0.070711 -0.070711 0.000000
vn -0.070711 -0.070711 0.000000
vn -0.050000 -0.086603 0.000000
vn -0.050000 -0.086603 0.000000
vn -0.025882 -0.096593 0.000000
vn -0.025882 -0.096593 0.000000
vn 0.000000 -0.100000 0.000000
vn 0.000000 -0.100000 0.000000
vn 0.025882 -0.096593 0.000000
vn 0.025882 -0.096593 0.000000
vn 0.050000 -0.086603 0.000000
vn 0.050000 -0.086603 0.000000
vn 0.070711 -0.070711 0.000000
vn 0.070711 -0.070711 0.000000
vn 0.086603 -0.050000 0.000000
vn 0.086603 -0.050000 0.000000
vn 0.096593 -0.025882 0.000000
vn 0.096593 -0.025882 0.000000
vn -0.099144 0.013053 0.000000
vn -0.099144 0.013053 0.000000
vn -0.096593 0.025882 0.000000
vn -0.096593 0.025882 0.000000
vn -0.092388 0.038268 0.000000
vn -0.092388 0.038268 0.000000
vn -0.086603 0.050000 0.000000
vn -0.086603 0.050000 0.000000
vn -0.079335 0.060876 0.000000
vn -0.079335 0.060876 0.000000
vn -0.070711 0.070711 0.000000
vn -0.070711 0.070711 0.000000
vn -0.060876 0.079335 0.000000
vn -0.060876 0.079335 0.000000
vn -0.050000 0.086603 0.000000
vn -0.050000 0.086603 0.000000
vn -0.038268 0.092388 0.000000
vn -0.038268 0.092388 0.000000
vn -0.025882 0.096593 0.000000
vn -0.025882 0.096593 0.000000
vn -0.013053 0.099144 0.000000
vn -0.013053 0.099144 0.000000
vn 0.013053 0.099144 0.000000
vn 0.013053 0.099144 0.000000
vn 0.025882 0.096593 0.000000
vn 0.025882 0.096593 0.000000
vn 0.038268 0.092388 0.000000
vn 0.038268 0.092388 0.000000
vn 0.050000 0.086603 0.000000
vn 0.050000 0.086603 0.000000
vn 0.060876 0.079335 0.000000
vn 0.060876 0.079335 0.000000
vn 0.070711 0.070711 0.000000
vn 0.070711 0.070711 0.000000
vn 0.079335 0.060876 0.000000
vn 0.079335 0.060876 0.000000
vn 0.086603 0.050000 0.000000
vn 0.086603 0.050000 0.000000
vn 0.092388 0.038268 0.000000
vn 0.092388 0.038268 0.000000
vn 0.096593 0.025882 0.000000
vn 0.096593 0.025882 0.000000
vn 0.099144 0.013053 0.000000
vn 0.099144 0.013053 0.000000
usemtl Plastic_-_Matte_(Black)
f 1/1/1 2/2/2 4/3/3
f 4/3/3 2/2/2 3/4/4
f 5/5/5 1/6/6 6/7/7
f 6/7/7 1/6/6 4/8/8
f 7/9/9 5/10/10 8/11/11
f 8/11/11 5/10/10 6/12/12
f 9/13/13 7/14/14 10/15/15
f 10/15/15 7/14/14 8/16/16
f 11/17/17 9/18/18 12/19/19
f 12/19/19 9/18/18 10/20/20
f 13/21/21 11/22/22 14/23/23
f 14/23/23 11/22/22 12/24/24
f 15/25/25 13/26/26 16/27/27
f 16/27/27 13/26/26 14/28/28
f 2/29/29 15/30/30 3/31/31
f 3/31/31 15/30/30 16/32/32
f 18/33/33 19/34/34 17/35/35
f 17/35/35 19/34/34 20/36/36
f 18/37/37 21/38/38 19/39/39
f 19/39/39 21/38/38 22/40/40
f 19/39/39 22/40/40 25/41/41
f 25/41/41 22/40/40 23/42/42
f 25/41/41 23/42/42 24/43/43
f 26/44/44 27/45/45 25/41/41
f 25/41/41 27/45/45 19/39/39
f 27/45/45 28/46/46 19/39/39
f 19/39/39 28/46/46 29/47/47
f 19/39/39 29/47/47 135/48/48
f 135/48/48 29/47/47 30/49/49
f 135/48/48 30/49/49 31/50/50
f 31/50/50 32/51/51 135/48/48
f 135/48/48 32/51/51 33/52/52
f 135/48/48 33/52/52 34/53/53
f 35/54/54 133/55/55 34/53/53
f 34/53/53 133/55/55 134/56/56
f 34/53/53 134/56/56 135/48/48
f 36/57/57 119/58/58 35/54/54
f 35/54/54 119/58/58 127/59/59
f 35/54/54 127/59/59 128/60/60
f 119/58/58 36/57/57 118/61/61
f 118/61/61 36/57/57 37/62/62
f 118/61/61 37/62/62 38/63/63
f 38/63/63 39/64/64 118/61/61
f 118/61/61 39/64/64 117/65/65
f 117/65/65 39/64/64 49/66/66
f 117/65/65 49/66/66 50/67/67
f 39/64/64 40/68/68 49/66/66
f 49/66/66 40/68/68 48/69/69
f 48/69/69 40/68/68 41/70/70
f 48/69/69 41/70/70 47/71/71
f 47/71/71 41/70/70 42/72/72
f 47/71/71 42/72/72 44/73/73
f 44/73/73 42/72/72 43/74/74
f 45/75/75 46/76/76 44/73/73
f 44/73/73 46/76/76 47/71/71
f 117/65/65 50/67/67 116/77/77
f 116/77/77 50/67/67 51/78/78
f 116/77/77 51/78/78 115/79/79
f 115/79/79 51/78/78 60/80/80
f 115/79/79 60/80/80 114/81/81
f 114/81/81 60/80/80 61/82/82
f 114/81/81 61/82/82 113/83/83
f 113/83/83 61/82/82 62/84/84
f 113/83/83 62/84/84 112/85/85
f 112/85/85 62/84/84 63/86/86
f 112/85/85 63/86/86 111/87/87
f 111/87/87 63/86/86 64/88/88
f 111/87/87 64/88/88 73/89/89
f 73/89/89 64/88/88 72/90/90
f 72/90/90 64/88/88 65/91/91
f 72/90/90 65/91/91 71/92/92
f 71/92/92 65/91/91 66/93/93
f 71/92/92 66/93/93 70/94/94
f 70/94/94 66/93/93 67/95/95
f 70/94/94 67/95/95 69/96/96
f 69/96/96 67/95/95 68/97/97
f 51/78/78 52/98/98 60/80/80
f 60/80/80 52/98/98 53/99/99
f 60/80/80 53/99/99 59/100/100
f 59/100/100 53/99/99 54/101/101
f 59/100/100 54/101/101 55/102/102
f 55/102/102 56/103/103 59/100/100
f 59/100/100 56/103/103 57/104/104
f 59/100/100 57/104/104 58/105/105
f 73/89/89 74/106/106 111/87/87
f 111/87/87 74/106/106 75/107/107
f 111/87/87 75/107/107 76/108/108
f 76/108/108 77/109/109 111/87/87
f 111/87/87 77/109/109 110/110/110
f 110/110/110 77/109/109 78/111/111
f 110/110/110 78/111/111 109/112/112
f 109/112/112 78/111/111 85/113/113
f 109/112/112 85/113/113 108/114/114
f 108/114/114 85/113/113 86/115/115
f 108/114/114 86/115/115 107/116/116
f 107/116/116 86/115/115 106/117/117
f 106/117/117 86/115/115 105/118/118
f 105/118/118 86/115/115 104/119/119
f 104/119/119 86/115/115 103/120/120
f 103/120/120 86/115/115 87/121/121
f 103/120/120 87/121/121 102/122/122
f 102/122/122 87/121/121 101/123/123
f 101/123/123 87/121/121 88/124/124
f 101/123/123 88/124/124 100/125/125
f 100/125/125 88/124/124 89/126/126
f 100/125/125 89/126/126 99/127/127
f 99/127/127 89/126/126 90/128/128
f 99/127/127 90/128/128 95/129/129
f 95/129/129 90/128/128 94/130/130
f 94/130/130 90/128/128 91/131/131
f 94/130/130 91/131/131 92/132/132
f 79/133/133 80/134/134 78/111/111
f 78/111/111 80/134/134 81/135/135
f 78/111/111 81/135/135 82/136/136
f 82/136/136 83/137/137 78/111/111
f 78/111/111 83/137/137 84/138/138
f 78/111/111 84/138/138 85/113/113
f 92/132/132 93/139/139 94/130/130
f 96/140/140 97/141/141 95/129/129
f 95/129/129 97/141/141 98/142/142
f 95/129/129 98/142/142 99/127/127
f 127/59/59 119/58/58 126/143/143
f 126/143/143 119/58/58 120/144/144
f 126/143/143 120/144/144 121/145/145
f 121/145/145 122/146/146 126/143/143
f 126/143/143 122/146/146 123/147/147
f 126/143/143 123/147/147 124/148/148
f 124/148/148 125/149/149 126/143/143
f 128/60/60 129/150/150 35/54/54
f 35/54/54 129/150/150 130/151/151
f 35/54/54 130/151/151 131/152/152
f 131/152/152 132/153/153 35/54/54
f 35/54/54 132/153/153 133/55/55
f 135/48/48 136/154/154 19/39/39
f 19/39/39 136/154/154 137/155/155
f 19/39/39 137/155/155 138/156/156
f 138/156/156 139/157/157 19/39/39
f 19/39/39 139/157/157 140/158/158
f 19/39/39 140/158/158 141/159/159
f 25/160/160 24/161/161 143/162/162
f 143/162/162 24/161/161 142/163/163
f 47/164/164 46/165/165 145/166/166
f 145/166/166 46/165/165 144/167/167
f 45/168/168 148/169/169 46/170/170
f 46/170/170 148/169/169 149/171/171
f 46/170/170 149/171/171 144/172/172
f 146/173/173 142/174/174 45/168/168
f 45/168/168 142/174/174 24/175/175
f 45/168/168 24/175/175 147/176/176
f 147/176/176 24/175/175 23/177/177
f 147/176/176 148/169/169 45/168/168
f 151/178/178 152/179/179 150/180/180
f 150/180/180 152/179/179 153/181/181
f 155/182/182 156/183/183 154/184/184
f 154/184/184 156/183/183 157/185/185
f 158/186/186 146/187/187 44/188/188
f 44/188/188 146/187/187 45/189/189
f 160/190/190 161/191/191 159/192/192
f 159/192/192 161/191/191 162/193/193
f 164/194/194 172/195/195 163/196/196
f 163/196/196 172/195/195 173/197/197
f 163/196/196 173/197/197 190/198/198
f 190/198/198 173/197/197 174/199/199
f 190/198/198 174/199/199 175/200/200
f 172/195/195 164/194/194 171/201/201
f 171/201/201 164/194/194 165/202/202
f 171/201/201 165/202/202 170/203/203
f 170/203/203 165/202/202 166/204/204
f 170/203/203 166/204/204 169/205/205
f 169/205/205 166/204/204 168/206/206
f 168/206/206 166/204/204 167/207/207
f 175/200/200 176/208/208 190/198/198
f 190/198/198 176/208/208 189/209/209
f 189/209/209 176/208/208 177/210/210
f 189/209/209 177/210/210 188/211/211
f 188/211/211 177/210/210 178/212/212
f 188/211/211 178/212/212 187/213/213
f 187/213/213 178/212/212 179/214/214
f 187/213/213 179/214/214 186/215/215
f 186/215/215 179/214/214 180/216/216
f 186/215/215 180/216/216 185/217/217
f 185/217/217 180/216/216 181/218/218
f 185/217/217 181/218/218 184/219/219
f 184/219/219 181/218/218 182/220/220
f 184/219/219 182/220/220 183/221/221
f 183/221/221 182/220/220 162/222/193
f 183/221/221 162/222/193 161/223/191
f 176/224/222 175/225/223 200/226/224
f 200/226/224 175/225/223 174/227/225
f 200/226/224 174/227/225 173/228/226
f 200/226/224 173/228/226 199/229/227
f 199/229/227 173/228/226 172/230/228
f 199/229/227 172/230/228 198/231/229
f 198/231/229 172/230/228 171/232/230
f 198/231/229 171/232/230 170/233/231
f 198/231/229 170/233/231 197/234/232
f 197/234/232 170/233/231 169/235/233
f 197/234/232 169/235/233 196/236/234
f 196/236/234 169/235/233 168/237/235
f 196/236/234 168/237/235 195/238/236
f 195/238/236 168/237/235 167/239/237
f 195/238/236 167/239/237 194/240/238
f 194/240/238 167/239/237 166/241/239
f 194/240/238 166/241/239 193/242/240
f 193/242/240 166/241/239 165/243/241
f 193/242/240 165/243/241 192/244/242
f 192/244/242 165/243/241 164/245/243
f 192/244/242 164/245/243 191/246/244
f 191/246/244 164/245/243 163/247/245
f 202/248/246 203/249/247 201/250/248
f 201/250/248 203/249/247 204/251/249
f 1/252/250 142/253/251 2/254/252
f 2/254/252 142/253/251 253/255/253
f 2/254/252 253/255/253 15/256/254
f 15/256/254 253/255/253 13/257/255
f 13/257/255 253/255/253 11/258/256
f 11/258/256 253/255/253 254/259/257
f 11/258/256 254/259/257 9/260/258
f 9/260/258 254/259/257 7/261/259
f 7/261/259 254/259/257 255/262/260
f 7/261/259 255/262/260 5/263/261
f 5/263/261 255/262/260 1/252/250
f 1/252/250 255/262/260 142/253/251
f 206/264/262 158/265/263 205/266/264
f 205/266/264 158/265/263 313/267/265
f 205/266/264 313/267/265 306/268/266
f 306/268/266 313/267/265 260/269/267
f 306/268/266 260/269/267 261/270/268
f 206/264/262 207/271/269 158/265/263
f 158/265/263 207/271/269 208/272/270
f 158/265/263 208/272/270 209/273/271
f 209/273/271 210/274/272 158/265/263
f 158/265/263 210/274/272 211/275/273
f 158/265/263 211/275/273 212/276/274
f 212/276/274 213/277/275 158/265/263
f 158/265/263 213/277/275 214/278/276
f 158/265/263 214/278/276 215/279/277
f 215/279/277 216/280/278 158/265/263
f 158/265/263 216/280/278 217/281/279
f 158/265/263 217/281/279 146/282/280
f 146/282/280 217/281/279 142/253/251
f 142/253/251 217/281/279 253/255/253
f 217/281/279 218/283/281 253/255/253
f 253/255/253 218/283/281 252/284/282
f 252/284/282 218/283/281 251/285/283
f 251/285/283 218/283/281 250/286/284
f 250/286/284 218/283/281 224/287/285
f 250/286/284 224/287/285 249/288/286
f 249/288/286 224/287/285 248/289/287
f 248/289/287 224/287/285 267/290/288
f 248/289/287 267/290/288 268/291/289
f 218/283/281 219/292/290 224/287/285
f 224/287/285 219/292/290 220/293/291
f 224/287/285 220/293/291 221/294/292
f 221/294/292 222/295/293 224/287/285
f 224/287/285 222/295/293 223/296/294
f 267/290/288 224/287/285 266/297/295
f 266/297/295 224/287/285 225/298/296
f 266/297/295 225/298/296 265/299/297
f 265/299/297 225/298/296 294/300/298
f 265/299/297 294/300/298 295/301/299
f 294/300/298 225/298/296 293/302/300
f 293/302/300 225/298/296 226/303/301
f 293/302/300 226/303/301 227/304/302
f 227/304/302 228/305/303 293/302/300
f 293/302/300 228/305/303 229/306/304
f 293/302/300 229/306/304 230/307/305
f 230/307/305 231/308/306 293/302/300
f 293/302/300 231/308/306 292/309/307
f 292/309/307 231/308/306 291/310/308
f 291/310/308 231/308/306 263/311/309
f 291/310/308 263/311/309 290/312/310
f 290/312/310 263/311/309 289/313/311
f 289/313/311 263/311/309 288/314/312
f 288/314/312 263/311/309 264/315/313
f 288/314/312 264/315/313 295/301/299
f 295/301/299 264/315/313 265/299/297
f 231/308/306 232/316/314 263/311/309
f 263/311/309 232/316/314 287/317/315
f 287/317/315 232/316/314 297/318/316
f 287/317/315 297/318/316 286/319/317
f 286/319/317 297/318/316 262/320/318
f 286/319/317 262/320/318 285/321/319
f 285/321/319 262/320/318 284/322/320
f 284/322/320 262/320/318 283/323/321
f 283/323/321 262/320/318 282/324/322
f 282/324/322 262/320/318 245/325/323
f 282/324/322 245/325/323 281/326/324
f 281/326/324 245/325/323 280/327/325
f 280/327/325 245/325/323 279/328/326
f 279/328/326 245/325/323 246/329/327
f 279/328/326 246/329/327 278/330/328
f 278/330/328 246/329/327 277/331/329
f 277/331/329 246/329/327 276/332/330
f 276/332/330 246/329/327 275/333/331
f 275/333/331 246/329/327 247/334/332
f 275/333/331 247/334/332 274/335/333
f 274/335/333 247/334/332 273/336/334
f 273/336/334 247/334/332 272/337/335
f 272/337/335 247/334/332 271/338/336
f 271/338/336 247/334/332 248/289/287
f 271/338/336 248/289/287 270/339/337
f 270/339/337 248/289/287 269/340/338
f 269/340/338 248/289/287 268/291/289
f 297/318/316 232/316/314 244/341/339
f 244/341/339 232/316/314 233/342/340
f 244/341/339 233/342/340 234/343/341
f 234/343/341 235/344/342 244/341/339
f 244/341/339 235/344/342 236/345/343
f 244/341/339 236/345/343 237/346/344
f 237/346/344 238/347/345 244/341/339
f 244/341/339 238/347/345 239/348/346
f 244/341/339 239/348/346 240/349/347
f 240/349/347 241/350/348 244/341/339
f 244/341/339 241/350/348 242/351/349
f 244/341/339 242/351/349 243/352/350
f 205/266/264 312/353/351 244/341/339
f 244/341/339 312/353/351 296/354/352
f 244/341/339 296/354/352 297/318/316
f 201/355/353 245/325/323 202/356/354
f 202/356/354 245/325/323 262/320/318
f 255/262/260 256/357/355 142/253/251
f 142/253/251 256/357/355 143/358/356
f 143/358/356 256/357/355 259/359/357
f 143/358/356 259/359/357 314/360/358
f 314/360/358 259/359/357 260/269/267
f 314/360/358 260/269/267 313/267/265
f 256/357/355 257/361/359 259/359/357
f 259/359/357 257/361/359 258/362/360
f 262/320/318 297/318/316 261/270/268
f 261/270/268 297/318/316 305/363/361
f 261/270/268 305/363/361 306/268/266
f 297/318/316 298/364/362 305/363/361
f 305/363/361 298/364/362 304/365/363
f 304/365/363 298/364/362 303/366/364
f 303/366/364 298/364/362 302/367/365
f 302/367/365 298/364/362 301/368/366
f 301/368/366 298/364/362 300/369/367
f 300/369/367 298/364/362 299/370/368
f 306/268/266 307/371/369 205/266/264
f 205/266/264 307/371/369 308/372/370
f 205/266/264 308/372/370 309/373/371
f 309/373/371 310/374/372 205/266/264
f 205/266/264 310/374/372 311/375/373
f 205/266/264 311/375/373 312/353/351
f 204/376/374 315/377/375 201/378/376
f 201/378/376 315/377/375 245/379/377
f 316/380/378 258/381/379 317/382/380
f 317/382/380 258/381/379 257/383/381
f 315/384/382 204/385/383 363/386/384
f 363/386/384 204/385/383 203/387/385
f 363/386/384 203/387/385 362/388/386
f 362/388/386 203/387/385 318/389/387
f 362/388/386 318/389/387 361/390/388
f 361/390/388 318/389/387 360/391/389
f 360/391/389 318/389/387 359/392/390
f 359/392/390 318/389/387 358/393/391
f 358/393/391 318/389/387 320/394/392
f 358/393/391 320/394/392 321/395/393
f 318/389/387 319/396/394 320/394/392
f 358/393/391 321/395/393 357/397/395
f 357/397/395 321/395/393 322/398/396
f 357/397/395 322/398/396 356/399/397
f 356/399/397 322/398/396 355/400/398
f 355/400/398 322/398/396 323/401/399
f 355/400/398 323/401/399 354/402/400
f 354/402/400 323/401/399 353/403/401
f 353/403/401 323/401/399 352/404/402
f 352/404/402 323/401/399 324/405/403
f 352/404/402 324/405/403 375/406/404
f 375/406/404 324/405/403 374/407/405
f 374/407/405 324/405/403 373/408/406
f 373/408/406 324/405/403 325/409/407
f 373/408/406 325/409/407 372/410/408
f 372/410/408 325/409/407 371/411/409
f 371/411/409 325/409/407 351/412/410
f 371/411/409 351/412/410 370/413/411
f 370/413/411 351/412/410 369/414/412
f 369/414/412 351/412/410 315/384/382
f 369/414/412 315/384/382 368/415/413
f 368/415/413 315/384/382 367/416/414
f 367/416/414 315/384/382 366/417/415
f 366/417/415 315/384/382 365/418/416
f 365/418/416 315/384/382 364/419/417
f 364/419/417 315/384/382 363/386/384
f 325/409/407 326/420/418 351/412/410
f 351/412/410 326/420/418 327/421/419
f 351/412/410 327/421/419 328/422/420
f 351/412/410 328/422/420 350/423/421
f 350/423/421 328/422/420 329/424/422
f 350/423/421 329/424/422 330/425/423
f 330/425/423 331/426/424 350/423/421
f 350/423/421 331/426/424 349/427/425
f 349/427/425 331/426/424 332/428/426
f 349/427/425 332/428/426 333/429/427
f 333/429/427 334/430/428 349/427/425
f 349/427/425 334/430/428 337/431/429
f 349/427/425 337/431/429 338/432/430
f 334/430/428 335/433/431 337/431/429
f 337/431/429 335/433/431 336/434/432
f 339/435/433 340/436/434 338/432/430
f 338/432/430 340/436/434 341/437/435
f 338/432/430 341/437/435 342/438/436
f 342/438/436 343/439/437 338/432/430
f 338/432/430 343/439/437 344/440/438
f 338/432/430 344/440/438 348/441/439
f 348/441/439 344/440/438 347/442/440
f 347/442/440 344/440/438 345/443/441
f 347/442/440 345/443/441 346/444/442
f 348/441/439 349/427/425 338/432/430
f 203/445/443 202/446/444 318/447/445
f 318/447/445 202/446/444 377/448/446
f 318/447/445 377/448/446 378/449/447
f 202/446/444 262/450/448 377/448/446
f 377/448/446 262/450/448 376/451/449
f 378/449/447 379/452/450 318/447/445
f 318/447/445 379/452/450 383/453/451
f 383/453/451 379/452/450 380/454/452
f 383/453/451 380/454/452 381/455/453
f 381/455/453 382/456/454 383/453/451
f 316/457/455 160/458/456 258/459/457
f 258/459/457 160/458/456 388/460/458
f 258/459/457 388/460/458 259/461/459
f 259/461/459 388/460/458 389/462/460
f 159/463/461 385/464/462 160/458/456
f 160/458/456 385/464/462 386/465/463
f 160/458/456 386/465/463 387/466/464
f 159/463/461 384/467/465 385/464/462
f 387/466/464 388/460/458 160/458/456
f 3/468/466 188/469/467 4/470/468
f 4/470/468 188/469/467 187/471/469
f 4/470/468 187/471/469 391/472/470
f 391/472/470 187/471/469 186/473/471
f 391/472/470 186/473/471 390/474/472
f 390/474/472 186/473/471 185/475/473
f 390/474/472 185/475/473 184/476/474
f 16/477/475 393/478/476 3/468/466
f 3/468/466 393/478/476 190/479/477
f 3/468/466 190/479/477 189/480/478
f 16/477/475 14/481/479 393/478/476
f 393/478/476 14/481/479 12/482/480
f 393/478/476 12/482/480 392/483/481
f 392/483/481 12/482/480 10/484/482
f 392/483/481 10/484/482 8/485/483
f 392/483/481 8/485/483 391/472/470
f 391/472/470 8/485/483 6/486/484
f 391/472/470 6/486/484 4/470/468
f 160/487/485 317/488/486 161/489/487
f 161/489/487 317/488/486 390/474/472
f 161/489/487 390/474/472 183/490/488
f 183/490/488 390/474/472 184/476/474
f 160/487/485 316/491/489 317/488/486
f 189/480/478 188/469/467 3/468/466
f 407/492/490 394/493/491 402/494/492
f 402/494/492 394/493/491 395/495/493
f 402/494/492 395/495/493 401/496/494
f 401/496/494 395/495/493 396/497/495
f 401/496/494 396/497/495 400/498/496
f 400/498/496 396/497/495 397/499/497
f 400/498/496 397/499/497 399/500/498
f 399/500/498 397/499/497 398/501/499
f 402/494/492 403/502/500 407/492/490
f 407/492/490 403/502/500 406/503/501
f 406/503/501 403/502/500 404/504/502
f 406/503/501 404/504/502 405/505/503
f 415/506/504 408/507/505 335/508/506
f 335/508/506 408/507/505 409/509/507
f 335/508/506 409/509/507 336/510/508
f 335/508/506 334/511/509 415/506/504
f 415/506/504 334/511/509 414/512/510
f 414/512/510 334/511/509 333/513/511
f 414/512/510 333/513/511 413/514/512
f 413/514/512 333/513/511 332/515/513
f 413/514/512 332/515/513 412/516/514
f 412/516/514 332/515/513 331/517/515
f 412/516/514 331/517/515 411/518/516
f 411/518/516 331/517/515 330/519/517
f 411/518/516 330/519/517 410/520/518
f 410/520/518 330/519/517 329/521/519
f 410/522/518 329/523/519 416/524/520
f 416/524/520 329/523/519 328/525/521
f 417/526/522 418/527/523 419/528/524
f 419/528/524 418/527/523 405/529/525
f 420/530/526 427/531/527 319/532/528
f 319/532/528 427/531/527 428/533/529
f 319/532/528 428/533/529 320/534/530
f 320/534/530 428/533/529 429/535/531
f 320/534/530 429/535/531 321/536/532
f 321/536/532 429/535/531 430/537/533
f 321/536/532 430/537/533 322/538/534
f 322/538/534 430/537/533 431/539/535
f 322/538/534 431/539/535 323/540/536
f 323/540/536 431/539/535 432/541/537
f 323/540/536 432/541/537 324/542/538
f 324/542/538 432/541/537 433/543/539
f 324/542/538 433/543/539 325/544/540
f 325/544/540 433/543/539 434/545/541
f 325/544/540 434/545/541 326/546/542
f 326/546/542 434/545/541 435/547/543
f 326/546/542 435/547/543 327/548/544
f 327/548/544 435/547/543 416/549/520
f 327/548/544 416/549/520 328/550/521
f 427/531/527 420/530/526 426/551/545
f 426/551/545 420/530/526 421/552/546
f 426/551/545 421/552/546 425/553/547
f 425/553/547 421/552/546 422/554/548
f 425/553/547 422/554/548 424/555/549
f 424/555/549 422/554/548 423/556/550
f 436/557/551 418/558/552 442/559/553
f 417/560/522 437/561/554 418/562/523
f 437/561/554 438/563/555 418/564/556
f 438/563/555 439/565/557 418/566/558
f 439/565/557 440/567/559 418/568/560
f 440/567/559 441/569/561 418/570/562
f 441/569/561 442/559/553 418/571/563
f 419/572/524 405/573/525 450/574/564
f 404/575/502 443/576/565 405/577/566
f 443/576/565 444/578/567 405/579/568
f 444/578/567 445/580/569 405/581/570
f 445/580/569 446/582/571 405/583/572
f 446/582/571 447/584/573 405/585/574
f 447/584/573 448/586/575 405/587/576
f 448/586/575 449/588/577 405/589/578
f 449/588/577 450/574/564 405/590/579
f 422/591/580 383/592/581 423/593/582
f 423/593/582 383/592/581 399/594/498
f 423/593/582 399/594/498 398/595/499
f 422/591/580 421/596/583 383/592/581
f 383/592/581 421/596/583 318/597/584
f 318/597/584 421/596/583 420/598/585
f 318/597/584 420/598/585 319/599/586
f 397/600/587 436/601/551 398/602/588
f 398/602/588 436/601/551 424/603/549
f 398/602/588 424/603/549 423/604/550
f 397/600/587 396/605/589 436/601/551
f 436/601/551 396/605/589 395/606/590
f 436/601/551 395/606/590 418/607/552
f 418/607/552 395/606/590 394/608/591
f 424/609/592 436/610/593 452/611/594
f 452/611/594 436/610/593 451/612/595
f 451/613/595 436/614/593 459/615/596
f 459/615/596 436/614/593 442/616/597
f 459/615/596 442/616/597 441/617/598
f 459/615/596 441/617/598 458/618/599
f 458/618/599 441/617/598 440/619/600
f 458/618/599 440/619/600 457/620/601
f 457/620/601 440/619/600 439/621/602
f 457/620/601 439/621/602 456/622/603
f 456/622/603 439/621/602 438/623/604
f 456/622/603 438/623/604 455/624/605
f 455/624/605 438/623/604 437/625/606
f 455/624/605 437/625/606 454/626/607
f 454/626/607 437/625/606 453/627/608
f 453/627/608 437/625/606 417/628/609
f 417/629/609 419/630/610 453/631/608
f 453/631/608 419/630/610 460/632/611
f 460/633/611 419/634/610 469/635/612
f 469/635/612 419/634/610 450/636/613
f 469/635/612 450/636/613 468/637/614
f 468/637/614 450/636/613 449/638/615
f 468/637/614 449/638/615 467/639/616
f 467/639/616 449/638/615 448/640/617
f 467/639/616 448/640/617 466/641/618
f 466/641/618 448/640/617 447/642/619
f 466/641/618 447/642/619 465/643/620
f 465/643/620 447/642/619 446/644/621
f 465/643/620 446/644/621 464/645/622
f 464/645/622 446/644/621 445/646/623
f 464/645/622 445/646/623 463/647/624
f 463/647/624 445/646/623 444/648/625
f 463/647/624 444/648/625 462/649/626
f 462/649/626 444/648/625 443/650/627
f 462/649/626 443/650/627 461/651/628
f 461/651/628 443/650/627 404/652/629
f 461/653/628 404/654/629 474/655/630
f 474/655/630 404/654/629 403/656/631
f 474/655/630 403/656/631 473/657/632
f 473/657/632 403/656/631 402/658/633
f 473/657/632 402/658/633 472/659/634
f 472/659/634 402/658/633 401/660/635
f 472/659/634 401/660/635 471/661/636
f 471/661/636 401/660/635 400/662/637
f 471/661/636 400/662/637 470/663/638
f 470/663/638 400/662/637 399/664/639
f 399/665/639 383/666/640 470/667/638
f 470/667/638 383/666/640 382/668/641
f 394/669/642 407/670/643 418/671/644
f 418/671/644 407/670/643 406/672/645
f 418/671/644 406/672/645 405/673/646
f 289/674/647 288/675/648 476/676/649
f 476/676/649 288/675/648 475/677/650
f 290/678/651 289/679/652 477/680/653
f 477/680/653 289/679/652 476/681/654
f 291/682/655 290/683/656 478/684/657
f 478/684/657 290/683/656 477/685/658
f 292/686/659 291/687/660 479/688/661
f 479/688/661 291/687/660 478/689/662
f 293/690/663 292/691/664 480/692/665
f 480/692/665 292/691/664 479/693/666
f 294/694/667 293/695/668 481/696/669
f 481/696/669 293/695/668 480/697/670
f 295/698/671 294/699/672 482/700/673
f 482/700/673 294/699/672 481/701/674
f 288/702/675 295/703/676 475/704/677
f 475/704/677 295/703/676 482/705/678
f 484/706/679 265/707/680 483/708/681
f 483/708/681 265/707/680 264/709/682
f 484/710/683 485/711/684 265/712/685
f 265/712/685 485/711/684 266/713/686
f 477/714/687 476/715/688 641/716/689
f 641/716/689 476/715/688 475/717/690
f 641/716/689 475/717/690 483/718/691
f 483/718/691 475/717/690 482/719/692
f 483/718/691 482/719/692 484/720/693
f 484/720/693 482/719/692 481/721/694
f 484/720/693 481/721/694 640/722/695
f 640/722/695 481/721/694 639/723/696
f 639/723/696 481/721/694 480/724/697
f 639/723/696 480/724/697 633/725/698
f 633/725/698 480/724/697 479/726/699
f 633/725/698 479/726/699 478/727/700
f 477/714/687 456/728/701 478/727/700
f 478/727/700 456/728/701 455/729/702
f 478/727/700 455/729/702 454/730/703
f 487/731/704 660/732/705 486/733/706
f 486/733/706 660/732/705 661/734/707
f 486/733/706 661/734/707 640/722/695
f 640/722/695 661/734/707 662/735/708
f 640/722/695 662/735/708 485/736/709
f 660/732/705 487/731/704 659/737/710
f 659/737/710 487/731/704 488/738/711
f 659/737/710 488/738/711 658/739/712
f 658/739/712 488/738/711 489/740/713
f 658/739/712 489/740/713 657/741/714
f 657/741/714 489/740/713 490/742/715
f 657/741/714 490/742/715 656/743/716
f 656/743/716 490/742/715 491/744/717
f 656/743/716 491/744/717 655/745/718
f 655/745/718 491/744/717 492/746/719
f 655/745/718 492/746/719 654/747/720
f 654/747/720 492/746/719 493/748/721
f 654/747/720 493/748/721 653/749/722
f 653/749/722 493/748/721 494/750/723
f 653/749/722 494/750/723 652/751/724
f 652/751/724 494/750/723 495/752/725
f 652/751/724 495/752/725 651/753/726
f 651/753/726 495/752/725 496/754/727
f 651/753/726 496/754/727 650/755/728
f 650/755/728 496/754/727 497/756/729
f 650/755/728 497/756/729 649/757/730
f 649/757/730 497/756/729 498/758/731
f 649/757/730 498/758/731 648/759/732
f 648/759/732 498/758/731 499/760/733
f 648/759/732 499/760/733 647/761/734
f 647/761/734 499/760/733 500/762/735
f 647/761/734 500/762/735 646/763/736
f 646/763/736 500/762/735 501/764/737
f 646/763/736 501/764/737 645/765/738
f 645/765/738 501/764/737 502/766/739
f 645/765/738 502/766/739 644/767/740
f 644/767/740 502/766/739 503/768/741
f 644/767/740 503/768/741 643/769/742
f 643/769/742 503/768/741 504/770/743
f 643/769/742 504/770/743 642/771/744
f 642/771/744 504/770/743 452/772/745
f 642/771/744 452/772/745 641/716/689
f 641/716/689 452/772/745 451/773/746
f 641/716/689 451/773/746 477/714/687
f 477/714/687 451/773/746 459/774/747
f 477/714/687 459/774/747 458/775/748
f 458/775/748 457/776/749 477/714/687
f 477/714/687 457/776/749 456/728/701
f 478/727/700 454/730/703 633/725/698
f 633/725/698 454/730/703 453/777/750
f 633/725/698 453/777/750 528/778/751
f 528/778/751 453/777/750 460/779/752
f 528/778/751 460/779/752 527/780/753
f 527/780/753 460/779/752 469/781/754
f 527/780/753 469/781/754 526/782/755
f 526/782/755 469/781/754 468/783/756
f 526/782/755 468/783/756 525/784/757
f 525/784/757 468/783/756 467/785/758
f 525/784/757 467/785/758 466/786/759
f 525/784/757 466/786/759 524/787/760
f 524/787/760 466/786/759 465/788/761
f 524/787/760 465/788/761 464/789/762
f 464/789/762 463/790/763 524/787/760
f 524/787/760 463/790/763 523/791/764
f 523/791/764 463/790/763 462/792/765
f 523/791/764 462/792/765 461/793/766
f 523/791/764 461/793/766 522/794/767
f 522/794/767 461/793/766 474/795/768
f 522/794/767 474/795/768 521/796/769
f 521/796/769 474/795/768 473/797/770
f 521/796/769 473/797/770 520/798/771
f 520/798/771 473/797/770 472/799/772
f 520/798/771 472/799/772 519/800/773
f 519/800/773 472/799/772 471/801/774
f 519/800/773 471/801/774 470/802/775
f 519/800/773 470/802/775 505/803/776
f 505/803/776 470/802/775 382/804/777
f 505/803/776 382/804/777 381/805/778
f 505/803/776 506/806/779 519/800/773
f 519/800/773 506/806/779 518/807/780
f 518/807/780 506/806/779 507/808/781
f 518/807/780 507/808/781 517/809/782
f 517/809/782 507/808/781 516/810/783
f 516/810/783 507/808/781 508/811/784
f 516/810/783 508/811/784 515/812/785
f 515/812/785 508/811/784 509/813/786
f 515/812/785 509/813/786 514/814/787
f 514/814/787 509/813/786 510/815/788
f 514/814/787 510/815/788 513/816/789
f 513/816/789 510/815/788 511/817/790
f 513/816/789 511/817/790 512/818/791
f 528/778/751 529/819/792 633/725/698
f 633/725/698 529/819/792 632/820/793
f 632/820/793 529/819/792 530/821/794
f 632/820/793 530/821/794 631/822/795
f 631/822/795 530/821/794 531/823/796
f 631/822/795 531/823/796 630/824/797
f 630/824/797 531/823/796 532/825/798
f 630/824/797 532/825/798 629/826/799
f 629/826/799 532/825/798 533/827/800
f 629/826/799 533/827/800 628/828/801
f 628/828/801 533/827/800 534/829/802
f 628/828/801 534/829/802 627/830/803
f 627/830/803 534/829/802 535/831/804
f 627/830/803 535/831/804 626/832/805
f 626/832/805 535/831/804 536/833/806
f 626/832/805 536/833/806 625/834/807
f 625/834/807 536/833/806 537/835/808
f 625/834/807 537/835/808 624/836/809
f 624/836/809 537/835/808 538/837/810
f 624/836/809 538/837/810 623/838/811
f 623/838/811 538/837/810 539/839/812
f 623/838/811 539/839/812 622/840/813
f 622/840/813 539/839/812 540/841/814
f 622/840/813 540/841/814 621/842/815
f 621/842/815 540/841/814 541/843/816
f 621/842/815 541/843/816 620/844/817
f 620/844/817 541/843/816 542/845/818
f 620/844/817 542/845/818 558/846/819
f 558/846/819 542/845/818 557/847/820
f 557/847/820 542/845/818 543/848/821
f 557/847/820 543/848/821 556/849/822
f 556/849/822 543/848/821 544/850/823
f 556/849/822 544/850/823 555/851/824
f 555/851/824 544/850/823 545/852/825
f 555/851/824 545/852/825 554/853/826
f 554/853/826 545/852/825 546/854/827
f 554/853/826 546/854/827 553/855/828
f 553/855/828 546/854/827 547/856/829
f 553/855/828 547/856/829 552/857/830
f 552/857/830 547/856/829 548/858/831
f 552/857/830 548/858/831 551/859/832
f 551/859/832 548/858/831 549/860/833
f 551/859/832 549/860/833 550/861/834
f 620/844/817 558/846/819 619/862/835
f 619/862/835 558/846/819 559/863/836
f 619/862/835 559/863/836 150/864/837
f 150/864/837 559/863/836 574/865/838
f 574/865/838 559/863/836 560/866/839
f 574/865/838 560/866/839 573/867/840
f 573/867/840 560/866/839 561/868/841
f 573/867/840 561/868/841 572/869/842
f 572/869/842 561/868/841 562/870/843
f 572/869/842 562/870/843 571/871/844
f 571/871/844 562/870/843 563/872/845
f 571/871/844 563/872/845 570/873/846
f 570/873/846 563/872/845 564/874/847
f 570/873/846 564/874/847 569/875/848
f 569/875/848 564/874/847 565/876/849
f 569/875/848 565/876/849 568/877/850
f 568/877/850 565/876/849 566/878/851
f 568/877/850 566/878/851 567/879/852
f 150/864/837 153/880/853 619/862/835
f 619/862/835 153/880/853 618/881/854
f 618/881/854 153/880/853 575/882/855
f 618/881/854 575/882/855 617/883/856
f 617/883/856 575/882/855 576/884/857
f 617/883/856 576/884/857 616/885/858
f 616/885/858 576/884/857 577/886/859
f 616/885/858 577/886/859 615/887/860
f 615/887/860 577/886/859 578/888/861
f 615/887/860 578/888/861 614/889/862
f 614/889/862 578/888/861 579/890/863
f 614/889/862 579/890/863 613/891/864
f 613/891/864 579/890/863 580/892/865
f 613/891/864 580/892/865 612/893/866
f 612/893/866 580/892/865 581/894/867
f 612/893/866 581/894/867 611/895/868
f 611/895/868 581/894/867 582/896/869
f 611/895/868 582/896/869 610/897/870
f 610/897/870 582/896/869 583/898/871
f 610/897/870 583/898/871 609/899/872
f 609/899/872 583/898/871 584/900/873
f 609/899/872 584/900/873 608/901/874
f 608/901/874 584/900/873 148/902/875
f 608/901/874 148/902/875 607/903/876
f 607/903/876 148/902/875 147/904/877
f 607/903/876 147/904/877 192/905/878
f 192/905/878 147/904/877 193/906/879
f 193/906/879 147/904/877 585/907/880
f 193/906/879 585/907/880 194/908/881
f 194/908/881 585/907/880 586/909/882
f 194/908/881 586/909/882 195/910/883
f 195/910/883 586/909/882 196/911/884
f 196/911/884 586/909/882 587/912/885
f 196/911/884 587/912/885 197/913/886
f 197/913/886 587/912/885 198/914/887
f 198/914/887 587/912/885 199/915/888
f 199/915/888 587/912/885 588/916/889
f 199/915/888 588/916/889 200/917/890
f 200/917/890 588/916/889 176/918/891
f 176/918/891 588/916/889 589/919/892
f 176/918/891 589/919/892 177/920/893
f 177/920/893 589/919/892 590/921/894
f 177/920/893 590/921/894 178/922/895
f 178/922/895 590/921/894 591/923/896
f 178/922/895 591/923/896 179/924/897
f 179/924/897 591/923/896 592/925/898
f 179/924/897 592/925/898 180/926/899
f 180/926/899 592/925/898 593/927/900
f 180/926/899 593/927/900 181/928/901
f 181/928/901 593/927/900 154/929/902
f 181/928/901 154/929/902 182/930/903
f 182/930/903 154/929/902 162/931/904
f 162/931/904 154/929/902 606/932/905
f 162/931/904 606/932/905 159/933/906
f 159/933/906 606/932/905 384/934/907
f 606/932/905 154/929/902 605/935/908
f 605/935/908 154/929/902 157/936/909
f 605/935/908 157/936/909 594/937/910
f 595/938/911 603/939/912 594/937/910
f 594/937/910 603/939/912 604/940/913
f 594/937/910 604/940/913 605/935/908
f 603/939/912 595/938/911 602/941/914
f 602/941/914 595/938/911 596/942/915
f 602/941/914 596/942/915 601/943/916
f 601/943/916 596/942/915 597/944/917
f 601/943/916 597/944/917 600/945/918
f 600/945/918 597/944/917 598/946/919
f 600/945/918 598/946/919 599/947/920
f 192/905/878 191/948/921 607/903/876
f 633/725/698 634/949/922 639/723/696
f 639/723/696 634/949/922 635/950/923
f 639/723/696 635/950/923 636/951/924
f 636/951/924 637/952/925 639/723/696
f 639/723/696 637/952/925 638/953/926
f 485/736/709 484/720/693 640/722/695
f 264/954/927 263/955/928 483/956/929
f 483/956/929 263/955/928 641/957/930
f 493/958/931 416/959/932 494/960/933
f 494/960/933 416/959/932 435/961/934
f 494/960/933 435/961/934 495/962/935
f 495/962/935 435/961/934 434/963/936
f 495/962/935 434/963/936 496/964/937
f 496/964/937 434/963/936 433/965/938
f 496/964/937 433/965/938 497/966/939
f 497/966/939 433/965/938 432/967/940
f 497/966/939 432/967/940 498/968/941
f 498/968/941 432/967/940 431/969/942
f 498/968/941 431/969/942 499/970/943
f 499/970/943 431/969/942 430/971/944
f 499/970/943 430/971/944 500/972/945
f 500/972/945 430/971/944 429/973/946
f 500/972/945 429/973/946 501/974/947
f 501/974/947 429/973/946 428/975/948
f 501/974/947 428/975/948 502/976/949
f 502/976/949 428/975/948 427/977/950
f 502/976/949 427/977/950 503/978/951
f 503/978/951 427/977/950 426/979/952
f 503/978/951 426/979/952 504/980/953
f 504/980/953 426/979/952 425/981/954
f 504/980/953 425/981/954 452/982/594
f 452/982/594 425/981/954 424/983/592
f 410/984/955 416/985/932 492/986/956
f 492/986/956 416/985/932 493/987/931
f 486/988/957 408/989/958 487/990/959
f 487/990/959 408/989/958 415/991/960
f 487/990/959 415/991/960 488/992/961
f 488/992/961 415/991/960 414/993/962
f 488/992/961 414/993/962 489/994/963
f 489/994/963 414/993/962 413/995/964
f 489/994/963 413/995/964 490/996/965
f 490/996/965 413/995/964 412/997/966
f 490/996/965 412/997/966 491/998/967
f 491/998/967 412/997/966 411/999/968
f 491/998/967 411/999/968 492/1000/956
f 492/1000/956 411/999/968 410/1001/955
f 307/1002/969 663/1003/970 308/1004/971
f 308/1004/971 663/1003/970 664/1005/972
f 308/1004/971 664/1005/972 309/1006/973
f 309/1006/973 664/1005/972 665/1007/974
f 309/1006/973 665/1007/974 310/1008/975
f 310/1008/975 665/1007/974 666/1009/976
f 310/1008/975 666/1009/976 311/1010/977
f 311/1010/977 666/1009/976 667/1011/978
f 311/1010/977 667/1011/978 312/1012/979
f 312/1012/979 667/1011/978 668/1013/980
f 669/1014/981 663/1015/982 306/1016/983
f 306/1016/983 663/1015/982 307/1017/984
f 670/1018/985 671/1019/986 304/1020/987
f 304/1020/987 671/1019/986 305/1021/988
f 298/1022/989 672/1023/990 299/1024/991
f 299/1024/991 672/1023/990 673/1025/992
f 299/1024/991 673/1025/992 300/1026/993
f 300/1026/993 673/1025/992 674/1027/994
f 300/1026/993 674/1027/994 301/1028/995
f 301/1028/995 674/1027/994 675/1029/996
f 301/1028/995 675/1029/996 302/1030/997
f 302/1030/997 675/1029/996 676/1031/998
f 302/1030/997 676/1031/998 303/1032/999
f 303/1032/999 676/1031/998 677/1033/1000
f 303/1032/999 677/1033/1000 304/1034/987
f 304/1034/987 677/1033/1000 670/1035/985
f 678/1036/1001 672/1037/990 297/1038/1002
f 297/1038/1002 672/1037/990 298/1039/989
f 679/1040/1003 678/1041/1004 296/1042/1005
f 296/1042/1005 678/1041/1004 297/1043/1006
f 668/1044/980 679/1045/1007 312/1046/979
f 312/1046/979 679/1045/1007 296/1047/1008
f 655/1048/1009 274/1049/1010 656/1050/1011
f 656/1050/1011 274/1049/1010 273/1051/1012
f 656/1050/1011 273/1051/1012 657/1052/1013
f 657/1052/1013 273/1051/1012 272/1053/1014
f 657/1052/1013 272/1053/1014 658/1054/1015
f 658/1054/1015 272/1053/1014 271/1055/1016
f 658/1054/1015 271/1055/1016 659/1056/1017
f 659/1056/1017 271/1055/1016 270/1057/1018
f 659/1056/1017 270/1057/1018 660/1058/1019
f 660/1058/1019 270/1057/1018 269/1059/1020
f 660/1058/1019 269/1059/1020 661/1060/1021
f 661/1060/1021 269/1059/1020 268/1061/1022
f 661/1060/1021 268/1061/1022 662/1062/1023
f 662/1062/1023 268/1061/1022 267/1063/1024
f 662/1062/1023 267/1063/1024 485/1064/684
f 485/1064/684 267/1063/1024 266/1065/686
f 274/1066/1010 655/1067/1009 275/1068/1025
f 275/1068/1025 655/1067/1009 654/1069/1026
f 642/1070/1027 287/1071/1028 643/1072/1029
f 643/1072/1029 287/1071/1028 286/1073/1030
f 643/1072/1029 286/1073/1030 285/1074/1031
f 643/1072/1029 285/1074/1031 644/1075/1032
f 644/1075/1032 285/1074/1031 284/1076/1033
f 644/1075/1032 284/1076/1033 645/1077/1034
f 645/1077/1034 284/1076/1033 283/1078/1035
f 645/1077/1034 283/1078/1035 646/1079/1036
f 646/1079/1036 283/1078/1035 282/1080/1037
f 646/1079/1036 282/1080/1037 647/1081/1038
f 647/1081/1038 282/1080/1037 281/1082/1039
f 647/1081/1038 281/1082/1039 648/1083/1040
f 648/1083/1040 281/1082/1039 280/1084/1041
f 648/1083/1040 280/1084/1041 649/1085/1042
f 649/1085/1042 280/1084/1041 279/1086/1043
f 649/1085/1042 279/1086/1043 650/1087/1044
f 650/1087/1044 279/1086/1043 278/1088/1045
f 650/1087/1044 278/1088/1045 651/1089/1046
f 651/1089/1046 278/1088/1045 277/1090/1047
f 651/1089/1046 277/1090/1047 652/1091/1048
f 652/1091/1048 277/1090/1047 276/1092/1049
f 652/1091/1048 276/1092/1049 653/1093/1050
f 653/1093/1050 276/1092/1049 654/1094/1026
f 654/1094/1026 276/1092/1049 275/1095/1025
f 43/1096/1051 680/1097/1052 44/1098/1053
f 44/1098/1053 680/1097/1052 158/1099/1054
f 158/1099/1054 680/1097/1052 313/1100/1055
f 313/1101/1056 680/1102/1057 314/1103/1058
f 314/1103/1058 680/1102/1057 681/1104/1059
f 26/1105/1060 25/1106/1061 681/1107/1062
f 681/1107/1062 25/1106/1061 143/1108/1063
f 681/1107/1062 143/1108/1063 314/1109/1064
f 642/1110/1027 641/1111/1065 287/1112/1028
f 287/1112/1028 641/1111/1065 263/1113/1066
f 337/1114/1067 336/1115/1068 640/1116/1069
f 640/1116/1069 336/1115/1068 409/1117/1070
f 640/1116/1069 409/1117/1070 408/1118/1071
f 408/1118/1071 486/1119/1072 640/1116/1069
f 337/1120/1073 640/1121/1074 338/1122/1075
f 338/1122/1075 640/1121/1074 683/1123/1076
f 683/1123/1076 640/1121/1074 682/1124/1077
f 682/1124/1077 640/1121/1074 639/1125/1078
f 682/1126/1077 639/1127/1078 690/1128/1079
f 690/1128/1079 639/1127/1078 638/1129/1080
f 690/1128/1079 638/1129/1080 691/1130/1081
f 691/1130/1081 638/1129/1080 637/1131/1082
f 691/1130/1081 637/1131/1082 692/1132/1083
f 692/1132/1083 637/1131/1082 636/1133/1084
f 692/1132/1083 636/1133/1084 693/1134/1085
f 693/1134/1085 636/1133/1084 635/1135/1086
f 693/1134/1085 635/1135/1086 694/1136/1087
f 694/1136/1087 635/1135/1086 634/1137/1088
f 694/1136/1087 634/1137/1088 633/1138/1089
f 633/1138/1089 684/1139/1090 694/1136/1087
f 694/1136/1087 684/1139/1090 685/1140/1091
f 694/1136/1087 685/1140/1091 693/1134/1085
f 693/1134/1085 685/1140/1091 686/1141/1092
f 693/1134/1085 686/1141/1092 692/1132/1083
f 692/1132/1083 686/1141/1092 687/1142/1093
f 692/1132/1083 687/1142/1093 691/1130/1081
f 691/1130/1081 687/1142/1093 688/1143/1094
f 691/1130/1081 688/1143/1094 690/1128/1079
f 690/1128/1079 688/1143/1094 689/1144/1095
f 690/1128/1079 689/1144/1095 682/1126/1077
f 633/1145/1089 632/1146/1096 684/1147/1090
f 684/1147/1090 632/1146/1096 695/1148/1097
f 20/1149/36 19/1150/34 702/1151/1098
f 702/1151/1098 19/1150/34 141/1152/1099
f 702/1151/1098 141/1152/1099 140/1153/1100
f 702/1151/1098 140/1153/1100 701/1154/1101
f 701/1154/1101 140/1153/1100 139/1155/1102
f 701/1154/1101 139/1155/1102 700/1156/1103
f 700/1156/1103 139/1155/1102 138/1157/1104
f 700/1156/1103 138/1157/1104 699/1158/1105
f 699/1158/1105 138/1157/1104 137/1159/1106
f 699/1158/1105 137/1159/1106 698/1160/1107
f 698/1160/1107 137/1159/1106 136/1161/1108
f 698/1160/1107 136/1161/1108 697/1162/1109
f 697/1162/1109 136/1161/1108 696/1163/1110
f 696/1163/1110 136/1161/1108 135/1164/1111
f 135/1165/1111 134/1166/1112 696/1167/1110
f 696/1167/1110 134/1166/1112 703/1168/1113
f 47/1169/164 145/1170/166 48/1171/1114
f 48/1171/1114 145/1170/166 704/1172/1115
f 48/1171/1114 704/1172/1115 49/1173/1116
f 49/1173/1116 704/1172/1115 705/1174/1117
f 49/1173/1116 705/1174/1117 50/1175/1118
f 50/1175/1118 705/1174/1117 706/1176/1119
f 50/1175/1118 706/1176/1119 51/1177/1120
f 51/1177/1120 706/1176/1119 707/1178/1121
f 51/1177/1120 707/1178/1121 52/1179/1122
f 52/1179/1122 707/1178/1121 708/1180/1123
f 52/1179/1122 708/1180/1123 53/1181/1124
f 53/1181/1124 708/1180/1123 709/1182/1125
f 708/1183/1126 710/1184/1127 709/1185/1128
f 709/1185/1128 710/1184/1127 711/1186/1129
f 709/1185/1128 711/1186/1129 749/1187/1130
f 749/1187/1130 711/1186/1129 748/1188/1131
f 748/1188/1131 711/1186/1129 712/1189/1132
f 748/1188/1131 712/1189/1132 747/1190/1133
f 747/1190/1133 712/1189/1132 713/1191/1134
f 747/1190/1133 713/1191/1134 726/1192/1135
f 726/1192/1135 713/1191/1134 714/1193/1136
f 726/1192/1135 714/1193/1136 725/1194/1137
f 725/1194/1137 714/1193/1136 715/1195/1138
f 725/1194/1137 715/1195/1138 724/1196/1139
f 724/1196/1139 715/1195/1138 716/1197/1140
f 724/1196/1139 716/1197/1140 723/1198/1141
f 723/1198/1141 716/1197/1140 717/1199/1142
f 723/1198/1141 717/1199/1142 722/1200/1143
f 722/1200/1143 717/1199/1142 718/1201/1144
f 722/1200/1143 718/1201/1144 721/1202/1145
f 721/1202/1145 718/1201/1144 719/1203/1146
f 721/1202/1145 719/1203/1146 152/1204/1147
f 710/1184/1127 708/1183/1126 149/1205/1148
f 149/1205/1148 708/1183/1126 707/1206/1149
f 149/1205/1148 707/1206/1149 145/1207/1150
f 145/1207/1150 707/1206/1149 706/1208/1151
f 145/1207/1150 706/1208/1151 705/1209/1152
f 705/1209/1152 704/1210/1153 145/1207/1150
f 145/1207/1150 144/1211/1154 149/1205/1148
f 151/1212/1155 720/1213/1156 152/1204/1147
f 152/1204/1147 720/1213/1156 721/1202/1145
f 747/1190/1133 726/1192/1135 746/1214/1157
f 746/1214/1157 726/1192/1135 727/1215/1158
f 746/1214/1157 727/1215/1158 745/1216/1159
f 745/1216/1159 727/1215/1158 728/1217/1160
f 745/1216/1159 728/1217/1160 744/1218/1161
f 744/1218/1161 728/1217/1160 729/1219/1162
f 744/1218/1161 729/1219/1162 730/1220/1163
f 731/1221/1164 738/1222/1165 730/1220/1163
f 730/1220/1163 738/1222/1165 743/1223/1166
f 730/1220/1163 743/1223/1166 744/1218/1161
f 732/1224/1167 736/1225/1168 731/1221/1164
f 731/1221/1164 736/1225/1168 737/1226/1169
f 731/1221/1164 737/1226/1169 738/1222/1165
f 732/1224/1167 733/1227/1170 736/1225/1168
f 736/1225/1168 733/1227/1170 735/1228/1171
f 735/1228/1171 733/1227/1170 734/1229/1172
f 738/1222/1165 739/1230/1173 743/1223/1166
f 743/1223/1166 739/1230/1173 740/1231/1174
f 743/1223/1166 740/1231/1174 741/1232/1175
f 741/1232/1175 742/1233/1176 743/1223/1166
f 35/1234/1177 750/1235/1178 36/1236/1179
f 36/1236/1179 750/1235/1178 751/1237/1180
f 36/1236/1179 751/1237/1180 752/1238/1181
f 36/1236/1179 752/1238/1181 37/1239/1182
f 37/1239/1182 752/1238/1181 753/1240/1183
f 37/1239/1182 753/1240/1183 38/1241/1184
f 38/1241/1184 753/1240/1183 754/1242/1185
f 38/1241/1184 754/1242/1185 39/1243/1186
f 39/1243/1186 754/1242/1185 755/1244/1187
f 39/1243/1186 755/1244/1187 40/1245/1188
f 40/1245/1188 755/1244/1187 756/1246/1189
f 40/1245/1188 756/1246/1189 41/1247/1190
f 41/1247/1190 756/1246/1189 42/1248/1191
f 42/1248/1191 756/1246/1189 757/1249/1192
f 43/1250/1193 42/1251/1191 680/1252/1194
f 680/1252/1194 42/1251/1191 757/1253/1192
f 27/1254/1195 758/1255/1196 28/1256/1197
f 28/1256/1197 758/1255/1196 759/1257/1198
f 28/1256/1197 759/1257/1198 760/1258/1199
f 28/1256/1197 760/1258/1199 29/1259/1200
f 29/1259/1200 760/1258/1199 761/1260/1201
f 29/1259/1200 761/1260/1201 30/1261/1202
f 30/1261/1202 761/1260/1201 762/1262/1203
f 30/1261/1202 762/1262/1203 31/1263/1204
f 31/1263/1204 762/1262/1203 763/1264/1205
f 31/1263/1204 763/1264/1205 32/1265/1206
f 32/1265/1206 763/1264/1205 764/1266/1207
f 32/1265/1206 764/1266/1207 33/1267/1208
f 33/1267/1208 764/1266/1207 34/1268/1209
f 34/1268/1209 764/1266/1207 765/1269/1210
f 681/1270/1211 680/1271/1212 758/1272/1213
f 758/1272/1213 680/1271/1212 757/1273/1214
f 758/1272/1213 757/1273/1214 756/1274/1215
f 755/1275/1216 750/1276/1217 756/1274/1215
f 756/1274/1215 750/1276/1217 759/1277/1218
f 756/1274/1215 759/1277/1218 758/1272/1213
f 755/1275/1216 754/1278/1219 750/1276/1217
f 750/1276/1217 754/1278/1219 753/1279/1220
f 750/1276/1217 753/1279/1220 752/1280/1221
f 752/1280/1221 751/1281/1222 750/1276/1217
f 750/1276/1217 765/1282/1223 759/1277/1218
f 759/1277/1218 765/1282/1223 760/1283/1224
f 760/1283/1224 765/1282/1223 761/1284/1225
f 761/1284/1225 765/1282/1223 762/1285/1226
f 762/1285/1226 765/1282/1223 763/1286/1227
f 763/1286/1227 765/1282/1223 764/1287/1228
f 681/1288/1229 758/1289/1196 26/1290/1230
f 26/1290/1230 758/1289/1196 27/1291/1195
f 53/1292/1124 709/1293/1125 54/1294/1231
f 54/1294/1231 709/1293/1125 749/1295/1232
f 54/1294/1231 749/1295/1232 55/1296/1233
f 55/1296/1233 749/1295/1232 748/1297/1234
f 55/1296/1233 748/1297/1234 56/1298/1235
f 56/1298/1235 748/1297/1234 747/1299/1236
f 56/1298/1235 747/1299/1236 57/1300/1237
f 57/1300/1237 747/1299/1236 746/1301/1238
f 57/1300/1237 746/1301/1238 58/1302/1239
f 58/1302/1239 746/1301/1238 745/1303/1240
f 58/1302/1239 745/1303/1240 59/1304/1241
f 59/1304/1241 745/1303/1240 744/1305/1242
f 744/1306/1242 743/1307/1243 59/1308/1241
f 59/1308/1241 743/1307/1243 60/1309/1244
f 70/1310/1245 766/1311/1246 71/1312/1247
f 71/1312/1247 766/1311/1246 767/1313/1248
f 71/1312/1247 767/1313/1248 768/1314/1249
f 71/1312/1247 768/1314/1249 72/1315/1250
f 72/1315/1250 768/1314/1249 769/1316/1251
f 72/1315/1250 769/1316/1251 73/1317/1252
f 73/1317/1252 769/1316/1251 770/1318/1253
f 73/1317/1252 770/1318/1253 74/1319/1254
f 74/1319/1254 770/1318/1253 771/1320/1255
f 74/1319/1254 771/1320/1255 75/1321/1256
f 75/1321/1256 771/1320/1255 772/1322/1257
f 75/1321/1256 772/1322/1257 76/1323/1258
f 76/1323/1258 772/1322/1257 77/1324/1259
f 77/1324/1259 772/1322/1257 773/1325/1260
f 17/1326/1261 20/1327/1262 905/1328/1263
f 905/1328/1263 20/1327/1262 892/1329/1264
f 905/1328/1263 892/1329/1264 904/1330/1265
f 904/1330/1265 892/1329/1264 893/1331/1266
f 904/1330/1265 893/1331/1266 903/1332/1267
f 903/1332/1267 893/1331/1266 902/1333/1268
f 902/1333/1268 893/1331/1266 894/1334/1269
f 902/1333/1268 894/1334/1269 895/1335/1270
f 702/1336/1271 389/1337/1272 20/1327/1262
f 20/1327/1262 389/1337/1272 890/1338/1273
f 20/1327/1262 890/1338/1273 891/1339/1274
f 389/1337/1272 702/1336/1271 884/1340/1275
f 884/1340/1275 702/1336/1271 701/1341/1276
f 884/1340/1275 701/1341/1276 700/1342/1277
f 700/1342/1277 699/1343/1278 884/1340/1275
f 884/1340/1275 699/1343/1278 698/1344/1279
f 884/1340/1275 698/1344/1279 697/1345/1280
f 697/1345/1280 696/1346/1281 884/1340/1275
f 884/1340/1275 696/1346/1281 933/1347/1282
f 884/1340/1275 933/1347/1282 934/1348/1283
f 703/1349/1284 952/1350/1285 696/1346/1281
f 696/1346/1281 952/1350/1285 953/1351/1286
f 696/1346/1281 953/1351/1286 930/1352/1287
f 774/1353/1288 781/1354/1289 703/1349/1284
f 703/1349/1284 781/1354/1289 950/1355/1290
f 703/1349/1284 950/1355/1290 951/1356/1291
f 774/1353/1288 775/1357/1292 781/1354/1289
f 781/1354/1289 775/1357/1292 780/1358/1293
f 780/1358/1293 775/1357/1292 776/1359/1294
f 780/1358/1293 776/1359/1294 777/1360/1295
f 777/1360/1295 778/1361/1296 780/1358/1293
f 780/1358/1293 778/1361/1296 779/1362/1297
f 781/1354/1289 782/1363/1298 950/1355/1290
f 950/1355/1290 782/1363/1298 949/1364/1299
f 949/1364/1299 782/1363/1298 783/1365/1300
f 949/1364/1299 783/1365/1300 948/1366/1301
f 948/1366/1301 783/1365/1300 784/1367/1302
f 948/1366/1301 784/1367/1302 960/1368/1303
f 960/1368/1303 784/1367/1302 785/1369/1304
f 960/1368/1303 785/1369/1304 786/1370/1305
f 960/1368/1303 786/1370/1305 959/1371/1306
f 959/1371/1306 786/1370/1305 787/1372/1307
f 959/1371/1306 787/1372/1307 788/1373/1308
f 789/1374/1309 977/1375/1310 788/1373/1308
f 788/1373/1308 977/1375/1310 954/1376/1311
f 788/1373/1308 954/1376/1311 955/1377/1312
f 790/1378/1313 796/1379/1314 789/1374/1309
f 789/1374/1309 796/1379/1314 973/1380/1315
f 789/1374/1309 973/1380/1315 974/1381/1316
f 790/1378/1313 791/1382/1317 796/1379/1314
f 796/1379/1314 791/1382/1317 792/1383/1318
f 796/1379/1314 792/1383/1318 793/1384/1319
f 793/1384/1319 794/1385/1320 796/1379/1314
f 796/1379/1314 794/1385/1320 795/1386/1321
f 797/1387/1322 971/1388/1323 796/1379/1314
f 796/1379/1314 971/1388/1323 972/1389/1324
f 796/1379/1314 972/1389/1324 973/1380/1315
f 798/1390/1325 799/1391/1326 797/1387/1322
f 797/1387/1322 799/1391/1326 800/1392/1327
f 797/1387/1322 800/1392/1327 801/1393/1328
f 801/1393/1328 802/1394/1329 797/1387/1322
f 797/1387/1322 802/1394/1329 803/1395/1330
f 797/1387/1322 803/1395/1330 804/1396/1331
f 805/1397/1332 915/1398/1333 804/1396/1331
f 804/1396/1331 915/1398/1333 916/1399/1334
f 804/1396/1331 916/1399/1334 917/1400/1335
f 806/1401/1336 376/1402/1337 805/1397/1332
f 805/1397/1332 376/1402/1337 883/1403/1338
f 805/1397/1332 883/1403/1338 941/1404/1339
f 941/1404/1339 883/1403/1338 940/1405/1340
f 940/1405/1340 883/1403/1338 939/1406/1341
f 939/1406/1341 883/1403/1338 938/1407/1342
f 938/1407/1342 883/1403/1338 937/1408/1343
f 937/1408/1343 883/1403/1338 936/1409/1344
f 936/1409/1344 883/1403/1338 935/1410/1345
f 935/1410/1345 883/1403/1338 884/1340/1275
f 935/1410/1345 884/1340/1275 934/1348/1283
f 806/1401/1336 807/1411/1346 376/1402/1337
f 376/1402/1337 807/1411/1346 808/1412/1347
f 376/1402/1337 808/1412/1347 377/1413/1348
f 377/1413/1348 808/1412/1347 809/1414/1349
f 377/1413/1348 809/1414/1349 810/1415/1350
f 810/1415/1350 811/1416/1351 377/1413/1348
f 377/1413/1348 811/1416/1351 812/1417/1352
f 377/1413/1348 812/1417/1352 882/1418/1353
f 882/1418/1353 812/1417/1352 813/1419/1354
f 882/1418/1353 813/1419/1354 814/1420/1355
f 814/1420/1355 815/1421/1356 882/1418/1353
f 882/1418/1353 815/1421/1356 881/1422/1357
f 881/1422/1357 815/1421/1356 880/1423/1358
f 880/1423/1358 815/1421/1356 816/1424/1359
f 880/1423/1358 816/1424/1359 879/1425/1360
f 879/1425/1360 816/1424/1359 817/1426/1361
f 879/1425/1360 817/1426/1361 878/1427/1362
f 878/1427/1362 817/1426/1361 818/1428/1363
f 878/1427/1362 818/1428/1363 877/1429/1364
f 877/1429/1364 818/1428/1363 985/1430/1365
f 877/1429/1364 985/1430/1365 876/1431/1366
f 876/1431/1366 985/1430/1365 986/1432/1367
f 876/1431/1366 986/1432/1367 987/1433/1368
f 985/1430/1365 818/1428/1363 984/1434/1369
f 984/1434/1369 818/1428/1363 819/1435/1370
f 984/1434/1369 819/1435/1370 820/1436/1371
f 821/1437/1372 979/1438/1373 820/1436/1371
f 820/1436/1371 979/1438/1373 980/1439/1374
f 820/1436/1371 980/1439/1374 981/1440/1375
f 822/1441/1376 1009/1442/1377 821/1437/1372
f 821/1437/1372 1009/1442/1377 978/1443/1378
f 821/1437/1372 978/1443/1378 979/1438/1373
f 823/1444/1379 1005/1445/1380 822/1441/1376
f 822/1441/1376 1005/1445/1380 1006/1446/1381
f 822/1441/1376 1006/1446/1381 1007/1447/1382
f 823/1444/1379 824/1448/1383 1005/1445/1380
f 1005/1445/1380 824/1448/1383 1004/1449/1384
f 1004/1449/1384 824/1448/1383 837/1450/1385
f 1004/1449/1384 837/1450/1385 838/1451/1386
f 824/1448/1383 825/1452/1387 837/1450/1385
f 837/1450/1385 825/1452/1387 836/1453/1388
f 836/1453/1388 825/1452/1387 826/1454/1389
f 836/1453/1388 826/1454/1389 835/1455/1390
f 835/1455/1390 826/1454/1389 827/1456/1391
f 835/1455/1390 827/1456/1391 834/1457/1392
f 834/1457/1392 827/1456/1391 833/1458/1393
f 833/1458/1393 827/1456/1391 828/1459/1394
f 833/1458/1393 828/1459/1394 832/1460/1395
f 832/1460/1395 828/1459/1394 831/1461/1396
f 831/1461/1396 828/1459/1394 829/1462/1397
f 831/1461/1396 829/1462/1397 679/1463/1398
f 679/1463/1398 829/1462/1397 678/1464/1399
f 678/1464/1399 829/1462/1397 671/1465/1400
f 678/1464/1399 671/1465/1400 672/1466/1401
f 672/1466/1401 671/1465/1400 670/1467/1402
f 672/1466/1401 670/1467/1402 677/1468/1403
f 677/1468/1403 676/1469/1404 672/1466/1401
f 672/1466/1401 676/1469/1404 675/1470/1405
f 672/1466/1401 675/1470/1405 674/1471/1406
f 674/1471/1406 673/1472/1407 672/1466/1401
f 831/1461/1396 679/1463/1398 830/1473/1408
f 830/1473/1408 679/1463/1398 668/1474/1409
f 830/1473/1408 668/1474/1409 667/1475/1410
f 667/1475/1410 666/1476/1411 830/1473/1408
f 830/1473/1408 666/1476/1411 665/1477/1412
f 830/1473/1408 665/1477/1412 664/1478/1413
f 664/1478/1413 663/1479/1414 830/1473/1408
f 830/1473/1408 663/1479/1414 766/1480/1415
f 766/1480/1415 663/1479/1414 767/1481/1416
f 767/1481/1416 663/1479/1414 768/1482/1417
f 768/1482/1417 663/1479/1414 773/1483/1418
f 768/1482/1417 773/1483/1418 769/1484/1419
f 769/1484/1419 773/1483/1418 770/1485/1420
f 770/1485/1420 773/1483/1418 771/1486/1421
f 771/1486/1421 773/1483/1418 772/1487/1422
f 663/1479/1414 669/1488/1423 773/1483/1418
f 1004/1449/1384 838/1451/1386 1003/1489/1424
f 1003/1489/1424 838/1451/1386 839/1490/1425
f 1003/1489/1424 839/1490/1425 1002/1491/1426
f 1002/1491/1426 839/1490/1425 853/1492/1427
f 1002/1491/1426 853/1492/1427 854/1493/1428
f 853/1492/1427 839/1490/1425 852/1494/1429
f 852/1494/1429 839/1490/1425 840/1495/1430
f 852/1494/1429 840/1495/1430 851/1496/1431
f 851/1496/1431 840/1495/1430 841/1497/1432
f 851/1496/1431 841/1497/1432 850/1498/1433
f 850/1498/1433 841/1497/1432 849/1499/1434
f 849/1499/1434 841/1497/1432 842/1500/1435
f 849/1499/1434 842/1500/1435 848/1501/1436
f 848/1501/1436 842/1500/1435 847/1502/1437
f 847/1502/1437 842/1500/1435 843/1503/1438
f 847/1502/1437 843/1503/1438 846/1504/1439
f 846/1504/1439 843/1503/1438 844/1505/1440
f 846/1504/1439 844/1505/1440 845/1506/1441
f 1002/1491/1426 854/1493/1428 1001/1507/1442
f 1001/1507/1442 854/1493/1428 855/1508/1443
f 1001/1507/1442 855/1508/1443 1000/1509/1444
f 1000/1509/1444 855/1508/1443 856/1510/1445
f 1000/1509/1444 856/1510/1445 999/1511/1446
f 999/1511/1446 856/1510/1445 857/1512/1447
f 999/1511/1446 857/1512/1447 998/1513/1448
f 998/1513/1448 857/1512/1447 997/1514/1449
f 997/1514/1449 857/1512/1447 996/1515/1450
f 996/1515/1450 857/1512/1447 995/1516/1451
f 995/1516/1451 857/1512/1447 994/1517/1452
f 994/1517/1452 857/1512/1447 858/1518/1453
f 994/1517/1452 858/1518/1453 993/1519/1454
f 993/1519/1454 858/1518/1453 992/1520/1455
f 992/1520/1455 858/1518/1453 991/1521/1456
f 991/1521/1456 858/1518/1453 990/1522/1457
f 990/1522/1457 858/1518/1453 859/1523/1458
f 990/1522/1457 859/1523/1458 989/1524/1459
f 989/1524/1459 859/1523/1458 860/1525/1460
f 989/1524/1459 860/1525/1460 988/1526/1461
f 988/1526/1461 860/1525/1460 861/1527/1462
f 988/1526/1461 861/1527/1462 875/1528/1463
f 875/1528/1463 861/1527/1462 874/1529/1464
f 874/1529/1464 861/1527/1462 862/1530/1465
f 874/1529/1464 862/1530/1465 863/1531/1466
f 864/1532/1467 872/1533/1468 863/1531/1466
f 863/1531/1466 872/1533/1468 873/1534/1469
f 863/1531/1466 873/1534/1469 874/1529/1464
f 872/1533/1468 864/1532/1467 871/1535/1470
f 871/1535/1470 864/1532/1467 865/1536/1471
f 871/1535/1470 865/1536/1471 870/1537/1472
f 870/1537/1472 865/1536/1471 869/1538/1473
f 869/1538/1473 865/1536/1471 866/1539/1474
f 869/1538/1473 866/1539/1474 867/1540/1475
f 867/1540/1475 868/1541/1476 869/1538/1473
f 988/1526/1461 875/1528/1463 987/1433/1368
f 987/1433/1368 875/1528/1463 876/1431/1366
f 388/1542/1477 888/1543/1478 389/1337/1272
f 389/1337/1272 888/1543/1478 889/1544/1479
f 389/1337/1272 889/1544/1479 890/1338/1273
f 885/1545/1480 886/1546/1481 388/1542/1477
f 388/1542/1477 886/1546/1481 887/1547/1482
f 388/1542/1477 887/1547/1482 888/1543/1478
f 891/1339/1274 892/1329/1264 20/1327/1262
f 902/1333/1268 895/1335/1270 901/1548/1483
f 901/1548/1483 895/1335/1270 896/1549/1484
f 901/1548/1483 896/1549/1484 900/1550/1485
f 900/1550/1485 896/1549/1484 897/1551/1486
f 900/1550/1485 897/1551/1486 156/1552/1487
f 155/1553/1488 898/1554/1489 156/1552/1487
f 156/1552/1487 898/1554/1489 899/1555/1490
f 156/1552/1487 899/1555/1490 900/1550/1485
f 907/1556/1491 965/1557/1492 906/1558/1493
f 906/1558/1493 965/1557/1492 966/1559/1494
f 906/1558/1493 966/1559/1494 929/1560/1495
f 929/1560/1495 966/1559/1494 967/1561/1496
f 929/1560/1495 967/1561/1496 928/1562/1497
f 928/1562/1497 967/1561/1496 968/1563/1498
f 928/1562/1497 968/1563/1498 927/1564/1499
f 927/1564/1499 968/1563/1498 969/1565/1500
f 927/1564/1499 969/1565/1500 926/1566/1501
f 926/1566/1501 969/1565/1500 970/1567/1502
f 926/1566/1501 970/1567/1502 925/1568/1503
f 925/1568/1503 970/1567/1502 971/1388/1323
f 925/1568/1503 971/1388/1323 797/1387/1322
f 965/1557/1492 907/1556/1491 964/1569/1504
f 964/1569/1504 907/1556/1491 908/1570/1505
f 964/1569/1504 908/1570/1505 963/1571/1506
f 963/1571/1506 908/1570/1505 909/1572/1507
f 963/1571/1506 909/1572/1507 962/1573/1508
f 962/1573/1508 909/1572/1507 910/1574/1509
f 962/1573/1508 910/1574/1509 961/1575/1510
f 961/1575/1510 910/1574/1509 911/1576/1511
f 961/1575/1510 911/1576/1511 947/1577/1512
f 947/1577/1512 911/1576/1511 946/1578/1513
f 946/1578/1513 911/1576/1511 912/1579/1514
f 946/1578/1513 912/1579/1514 945/1580/1515
f 945/1580/1515 912/1579/1514 805/1397/1332
f 945/1580/1515 805/1397/1332 944/1581/1516
f 944/1581/1516 805/1397/1332 943/1582/1517
f 943/1582/1517 805/1397/1332 942/1583/1518
f 942/1583/1518 805/1397/1332 941/1404/1339
f 912/1579/1514 913/1584/1519 805/1397/1332
f 805/1397/1332 913/1584/1519 914/1585/1520
f 805/1397/1332 914/1585/1520 915/1398/1333
f 917/1400/1335 918/1586/1521 804/1396/1331
f 804/1396/1331 918/1586/1521 919/1587/1522
f 804/1396/1331 919/1587/1522 920/1588/1523
f 920/1588/1523 921/1589/1524 804/1396/1331
f 804/1396/1331 921/1589/1524 922/1590/1525
f 804/1396/1331 922/1590/1525 923/1591/1526
f 804/1396/1331 923/1591/1526 797/1387/1322
f 797/1387/1322 923/1591/1526 924/1592/1527
f 797/1387/1322 924/1592/1527 925/1568/1503
f 930/1352/1287 931/1593/1528 696/1346/1281
f 696/1346/1281 931/1593/1528 932/1594/1529
f 696/1346/1281 932/1594/1529 933/1347/1282
f 947/1577/1512 948/1366/1301 961/1575/1510
f 961/1575/1510 948/1366/1301 960/1368/1303
f 951/1356/1291 952/1350/1285 703/1349/1284
f 955/1377/1312 956/1595/1530 788/1373/1308
f 788/1373/1308 956/1595/1530 957/1596/1531
f 788/1373/1308 957/1596/1531 958/1597/1532
f 958/1597/1532 959/1371/1306 788/1373/1308
f 974/1381/1316 975/1598/1533 789/1374/1309
f 789/1374/1309 975/1598/1533 976/1599/1534
f 789/1374/1309 976/1599/1534 977/1375/1310
f 981/1440/1375 982/1600/1535 820/1436/1371
f 820/1436/1371 982/1600/1535 983/1601/1536
f 820/1436/1371 983/1601/1536 984/1434/1369
f 1007/1447/1382 1008/1602/1537 822/1441/1376
f 822/1441/1376 1008/1602/1537 1009/1442/1377
f 830/1603/1538 766/1604/1246 1011/1605/1539
f 1011/1605/1539 766/1604/1246 70/1606/1245
f 1011/1605/1539 70/1606/1245 1010/1607/1540
f 1010/1607/1540 70/1606/1245 69/1608/1541
f 60/1609/1244 743/1610/1243 61/1611/1542
f 61/1611/1542 743/1610/1243 742/1612/1543
f 61/1611/1542 742/1612/1543 741/1613/1544
f 61/1611/1542 741/1613/1544 62/1614/1545
f 62/1614/1545 741/1613/1544 740/1615/1546
f 62/1614/1545 740/1615/1546 63/1616/1547
f 63/1616/1547 740/1615/1546 739/1617/1548
f 63/1616/1547 739/1617/1548 64/1618/1549
f 64/1618/1549 739/1617/1548 738/1619/1550
f 64/1618/1549 738/1619/1550 65/1620/1551
f 65/1620/1551 738/1619/1550 737/1621/1552
f 65/1620/1551 737/1621/1552 66/1622/1553
f 66/1622/1553 737/1621/1552 67/1623/1554
f 67/1623/1554 737/1621/1552 736/1624/1555
f 127/1625/1556 780/1626/1557 128/1627/1558
f 128/1627/1558 780/1626/1557 779/1628/1559
f 128/1627/1558 779/1628/1559 778/1629/1560
f 128/1627/1558 778/1629/1560 129/1630/1561
f 129/1630/1561 778/1629/1560 777/1631/1562
f 129/1630/1561 777/1631/1562 130/1632/1563
f 130/1632/1563 777/1631/1562 776/1633/1564
f 130/1632/1563 776/1633/1564 131/1634/1565
f 131/1634/1565 776/1633/1564 775/1635/1566
f 131/1634/1565 775/1635/1566 132/1636/1567
f 132/1636/1567 775/1635/1566 774/1637/1568
f 132/1636/1567 774/1637/1568 133/1638/1569
f 133/1638/1569 774/1637/1568 134/1639/1112
f 134/1639/1112 774/1637/1568 703/1640/1113
f 127/1641/1556 126/1642/1570 780/1643/1557
f 780/1643/1557 126/1642/1570 781/1644/1571
f 781/1645/1571 126/1646/1570 782/1647/1572
f 782/1647/1572 126/1646/1570 125/1648/1573
f 782/1647/1572 125/1648/1573 124/1649/1574
f 782/1647/1572 124/1649/1574 783/1650/1575
f 783/1650/1575 124/1649/1574 123/1651/1576
f 783/1650/1575 123/1651/1576 784/1652/1577
f 784/1652/1577 123/1651/1576 122/1653/1578
f 784/1652/1577 122/1653/1578 785/1654/1579
f 785/1654/1579 122/1653/1578 121/1655/1580
f 785/1654/1579 121/1655/1580 786/1656/1581
f 786/1656/1581 121/1655/1580 120/1657/1582
f 786/1656/1581 120/1657/1582 787/1658/1583
f 787/1658/1583 120/1657/1582 788/1659/1584
f 788/1659/1584 120/1657/1582 119/1660/1585
f 119/1661/1585 118/1662/1586 788/1663/1584
f 788/1663/1584 118/1662/1586 789/1664/1587
f 103/1665/1588 804/1666/1589 104/1667/1590
f 104/1667/1590 804/1666/1589 803/1668/1591
f 104/1667/1590 803/1668/1591 802/1669/1592
f 104/1667/1590 802/1669/1592 105/1670/1593
f 105/1670/1593 802/1669/1592 801/1671/1594
f 105/1670/1593 801/1671/1594 106/1672/1595
f 106/1672/1595 801/1671/1594 800/1673/1596
f 106/1672/1595 800/1673/1596 107/1674/1597
f 107/1674/1597 800/1673/1596 799/1675/1598
f 107/1674/1597 799/1675/1598 108/1676/1599
f 108/1676/1599 799/1675/1598 798/1677/1600
f 108/1676/1599 798/1677/1600 109/1678/1601
f 109/1678/1601 798/1677/1600 110/1679/1602
f 110/1679/1602 798/1677/1600 797/1680/1603
f 103/1681/1588 102/1682/1604 804/1683/1589
f 804/1683/1589 102/1682/1604 805/1684/1605
f 111/1685/1606 796/1686/1607 112/1687/1608
f 112/1687/1608 796/1686/1607 795/1688/1609
f 112/1687/1608 795/1688/1609 794/1689/1610
f 112/1687/1608 794/1689/1610 113/1690/1611
f 113/1690/1611 794/1689/1610 793/1691/1612
f 113/1690/1611 793/1691/1612 114/1692/1613
f 114/1692/1613 793/1691/1612 792/1693/1614
f 114/1692/1613 792/1693/1614 115/1694/1615
f 115/1694/1615 792/1693/1614 791/1695/1616
f 115/1694/1615 791/1695/1616 116/1696/1617
f 116/1696/1617 791/1695/1616 790/1697/1618
f 116/1696/1617 790/1697/1618 117/1698/1619
f 117/1698/1619 790/1697/1618 118/1699/1586
f 118/1699/1586 790/1697/1618 789/1700/1587
f 797/1701/1603 796/1702/1607 110/1703/1602
f 110/1703/1602 796/1702/1607 111/1704/1606
f 1003/1705/1620 1012/1706/1621 1004/1707/1622
f 1004/1707/1622 1012/1706/1621 1013/1708/1623
f 1004/1707/1622 1013/1708/1623 1014/1709/1624
f 1004/1707/1622 1014/1709/1624 1005/1710/1625
f 1005/1710/1625 1014/1709/1624 1015/1711/1626
f 1005/1710/1625 1015/1711/1626 1006/1712/1627
f 1006/1712/1627 1015/1711/1626 1016/1713/1628
f 1006/1712/1627 1016/1713/1628 1007/1714/1629
f 1007/1714/1629 1016/1713/1628 1017/1715/1630
f 1007/1714/1629 1017/1715/1630 1008/1716/1631
f 1008/1716/1631 1017/1715/1630 1018/1717/1632
f 1008/1716/1631 1018/1717/1632 1009/1718/1633
f 1009/1718/1633 1018/1717/1632 978/1719/1634
f 978/1719/1634 1018/1717/1632 1019/1720/1635
f 1019/1721/1635 1020/1722/1636 978/1723/1634
f 978/1723/1634 1020/1722/1636 979/1724/1637
f 1018/1725/1638 1017/1726/1639 1019/1727/1640
f 1019/1727/1640 1017/1726/1639 1016/1728/1641
f 1019/1727/1640 1016/1728/1641 1015/1729/1642
f 1015/1729/1642 1014/1730/1643 1019/1727/1640
f 1019/1727/1640 1014/1730/1643 1039/1731/1644
f 1019/1727/1640 1039/1731/1644 1020/1732/1645
f 1020/1732/1645 1039/1731/1644 1040/1733/1646
f 1020/1732/1645 1040/1733/1646 1041/1734/1647
f 1039/1731/1644 1014/1730/1643 1038/1735/1648
f 1038/1735/1648 1014/1730/1643 1013/1736/1649
f 1038/1735/1648 1013/1736/1649 1037/1737/1650
f 1037/1737/1650 1013/1736/1649 1012/1738/1651
f 1037/1737/1650 1012/1738/1651 1021/1739/1652
f 1037/1737/1650 1021/1739/1652 1036/1740/1653
f 1036/1740/1653 1021/1739/1652 1022/1741/1654
f 1036/1740/1653 1022/1741/1654 1035/1742/1655
f 1035/1742/1655 1022/1741/1654 1023/1743/1656
f 1035/1742/1655 1023/1743/1656 1034/1744/1657
f 1034/1744/1657 1023/1743/1656 1028/1745/1658
f 1034/1744/1657 1028/1745/1658 1029/1746/1659
f 1023/1743/1656 1024/1747/1660 1028/1745/1658
f 1028/1745/1658 1024/1747/1660 1025/1748/1661
f 1028/1745/1658 1025/1748/1661 1026/1749/1662
f 1026/1749/1662 1027/1750/1663 1028/1745/1658
f 1030/1751/1664 1031/1752/1665 1029/1746/1659
f 1029/1746/1659 1031/1752/1665 1032/1753/1666
f 1029/1746/1659 1032/1753/1666 1033/1754/1667
f 1033/1754/1667 1034/1744/1657 1029/1746/1659
f 1041/1734/1647 1042/1755/1668 1020/1732/1645
f 1020/1732/1645 1042/1755/1668 1043/1756/1669
f 995/1757/1670 1028/1758/1671 996/1759/1672
f 996/1759/1672 1028/1758/1671 1027/1760/1673
f 996/1759/1672 1027/1760/1673 1026/1761/1674
f 996/1759/1672 1026/1761/1674 997/1762/1675
f 997/1762/1675 1026/1761/1674 1025/1763/1676
f 997/1762/1675 1025/1763/1676 998/1764/1677
f 998/1764/1677 1025/1763/1676 1024/1765/1678
f 998/1764/1677 1024/1765/1678 999/1766/1679
f 999/1766/1679 1024/1765/1678 1023/1767/1680
f 999/1766/1679 1023/1767/1680 1000/1768/1681
f 1000/1768/1681 1023/1767/1680 1022/1769/1682
f 1000/1768/1681 1022/1769/1682 1001/1770/1683
f 1001/1770/1683 1022/1769/1682 1002/1771/1684
f 1002/1771/1684 1022/1769/1682 1021/1772/1685
f 995/1773/1670 994/1774/1686 1028/1775/1671
f 1028/1775/1671 994/1774/1686 1029/1776/1687
f 987/1777/1688 1036/1778/1689 988/1779/1690
f 988/1779/1690 1036/1778/1689 1035/1780/1691
f 988/1779/1690 1035/1780/1691 1034/1781/1692
f 988/1779/1690 1034/1781/1692 989/1782/1693
f 989/1782/1693 1034/1781/1692 1033/1783/1694
f 989/1782/1693 1033/1783/1694 990/1784/1695
f 990/1784/1695 1033/1783/1694 1032/1785/1696
f 990/1784/1695 1032/1785/1696 991/1786/1697
f 991/1786/1697 1032/1785/1696 1031/1787/1698
f 991/1786/1697 1031/1787/1698 992/1788/1699
f 992/1788/1699 1031/1787/1698 1030/1789/1700
f 992/1788/1699 1030/1789/1700 993/1790/1701
f 993/1790/1701 1030/1789/1700 994/1791/1686
f 994/1791/1686 1030/1789/1700 1029/1792/1687
f 813/1793/1702 94/1794/1703 814/1795/1704
f 814/1795/1704 94/1794/1703 93/1796/1705
f 814/1795/1704 93/1796/1705 92/1797/1706
f 814/1795/1704 92/1797/1706 815/1798/1707
f 815/1798/1707 92/1797/1706 91/1799/1708
f 815/1798/1707 91/1799/1708 816/1800/1709
f 816/1800/1709 91/1799/1708 90/1801/1710
f 816/1800/1709 90/1801/1710 817/1802/1711
f 817/1802/1711 90/1801/1710 89/1803/1712
f 817/1802/1711 89/1803/1712 818/1804/1713
f 818/1804/1713 89/1803/1712 88/1805/1714
f 818/1804/1713 88/1805/1714 819/1806/1715
f 819/1806/1715 88/1805/1714 820/1807/1716
f 820/1807/1716 88/1805/1714 87/1808/1717
f 813/1809/1702 812/1810/1718 94/1811/1703
f 94/1811/1703 812/1810/1718 95/1812/1719
f 979/1813/1637 1020/1814/1636 980/1815/1720
f 980/1815/1720 1020/1814/1636 1043/1816/1721
f 980/1815/1720 1043/1816/1721 1042/1817/1722
f 980/1815/1720 1042/1817/1722 981/1818/1723
f 981/1818/1723 1042/1817/1722 1041/1819/1724
f 981/1818/1723 1041/1819/1724 982/1820/1725
f 982/1820/1725 1041/1819/1724 1040/1821/1726
f 982/1820/1725 1040/1821/1726 983/1822/1727
f 983/1822/1727 1040/1821/1726 1039/1823/1728
f 983/1822/1727 1039/1823/1728 984/1824/1729
f 984/1824/1729 1039/1823/1728 1038/1825/1730
f 984/1824/1729 1038/1825/1730 985/1826/1731
f 985/1826/1731 1038/1825/1730 986/1827/1732
f 986/1827/1732 1038/1825/1730 1037/1828/1733
f 805/1829/1605 102/1830/1604 806/1831/1734
f 806/1831/1734 102/1830/1604 101/1832/1735
f 806/1831/1734 101/1832/1735 100/1833/1736
f 806/1831/1734 100/1833/1736 807/1834/1737
f 807/1834/1737 100/1833/1736 99/1835/1738
f 807/1834/1737 99/1835/1738 808/1836/1739
f 808/1836/1739 99/1835/1738 98/1837/1740
f 808/1836/1739 98/1837/1740 809/1838/1741
f 809/1838/1741 98/1837/1740 97/1839/1742
f 809/1838/1741 97/1839/1742 810/1840/1743
f 810/1840/1743 97/1839/1742 96/1841/1744
f 810/1840/1743 96/1841/1744 811/1842/1745
f 811/1842/1745 96/1841/1744 812/1843/1718
f 812/1843/1718 96/1841/1744 95/1844/1719
f 822/1845/1746 85/1846/1747 823/1847/1748
f 823/1847/1748 85/1846/1747 84/1848/1749
f 823/1847/1748 84/1848/1749 83/1849/1750
f 823/1847/1748 83/1849/1750 824/1850/1751
f 824/1850/1751 83/1849/1750 82/1851/1752
f 824/1850/1751 82/1851/1752 825/1852/1753
f 825/1852/1753 82/1851/1752 81/1853/1754
f 825/1852/1753 81/1853/1754 826/1854/1755
f 826/1854/1755 81/1853/1754 80/1855/1756
f 826/1854/1755 80/1855/1756 827/1856/1757
f 827/1856/1757 80/1855/1756 79/1857/1758
f 827/1856/1757 79/1857/1758 828/1858/1759
f 828/1858/1759 79/1857/1758 829/1859/1760
f 829/1859/1760 79/1857/1758 78/1860/1761
f 822/1861/1746 821/1862/1762 85/1863/1747
f 85/1863/1747 821/1862/1762 86/1864/1763
f 87/1865/1717 86/1866/1764 820/1867/1716
f 820/1867/1716 86/1866/1764 821/1868/1765
f 829/1869/1760 78/1870/1761 671/1871/1766
f 671/1871/1766 78/1870/1761 77/1872/1259
f 671/1871/1766 77/1872/1259 669/1873/1767
f 669/1873/1767 77/1872/1259 773/1874/1260
f 306/1875/1768 305/1876/1769 669/1873/1767
f 669/1873/1767 305/1876/1769 671/1871/1766
f 736/1877/1555 1044/1878/1770 67/1879/1554
f 67/1879/1554 1044/1878/1770 1045/1880/1771
f 67/1879/1554 1045/1880/1771 68/1881/1772
f 736/1877/1555 735/1882/1773 1044/1878/1770
f 35/1883/1177 34/1884/1209 750/1885/1178
f 750/1885/1178 34/1884/1209 765/1886/1210
f 1011/1887/1774 1054/1888/1775 830/1889/1776
f 830/1889/1776 1054/1888/1775 1055/1890/1777
f 830/1889/1776 1055/1890/1777 1056/1891/1778
f 1056/1891/1778 1055/1890/1777 1063/1892/1779
f 1056/1891/1778 1063/1892/1779 1064/1893/1780
f 1064/1893/1780 1063/1892/1779 69/1894/1781
f 1064/1893/1780 69/1894/1781 1050/1895/1782
f 1050/1895/1782 69/1894/1781 1049/1896/1783
f 1049/1896/1783 69/1894/1781 68/1897/1784
f 1049/1896/1783 68/1897/1784 1048/1898/1785
f 1048/1898/1785 68/1897/1784 1068/1899/1786
f 1048/1898/1785 1068/1899/1786 1047/1900/1787
f 1047/1900/1787 1068/1899/1786 1069/1901/1788
f 1047/1900/1787 1069/1901/1788 1046/1902/1789
f 1046/1902/1789 1069/1901/1788 734/1903/1790
f 734/1903/1790 1069/1901/1788 1044/1904/1791
f 734/1903/1790 1044/1904/1791 735/1905/1792
f 1011/1887/1774 1010/1906/1793 1054/1888/1775
f 1054/1888/1775 1010/1906/1793 1061/1907/1794
f 1054/1888/1775 1061/1907/1794 1062/1908/1795
f 1062/1908/1795 1061/1907/1794 69/1894/1781
f 1062/1908/1795 69/1894/1781 1063/1892/1779
f 1010/1906/1793 69/1894/1781 1061/1907/1794
f 68/1897/1784 1045/1909/1796 1068/1899/1786
f 1068/1899/1786 1045/1909/1796 1069/1901/1788
f 1045/1909/1796 1044/1904/1791 1069/1901/1788
f 1051/1910/1797 1067/1911/1798 1050/1895/1782
f 1050/1895/1782 1067/1911/1798 1066/1912/1799
f 1050/1895/1782 1066/1912/1799 1065/1913/1800
f 1065/1913/1800 1066/1912/1799 1058/1914/1801
f 1065/1913/1800 1058/1914/1801 1057/1915/1802
f 1057/1915/1802 1058/1914/1801 830/1889/1776
f 1057/1915/1802 830/1889/1776 1056/1891/1778
f 1051/1910/1797 1052/1916/1803 1067/1911/1798
f 1067/1911/1798 1052/1916/1803 1060/1917/1804
f 1067/1911/1798 1060/1917/1804 1059/1918/1805
f 1059/1918/1805 1060/1917/1804 1053/1919/1806
f 1059/1918/1805 1053/1919/1806 830/1889/1776
f 830/1889/1776 1053/1919/1806 831/1920/1807
f 1052/1916/1803 1053/1919/1806 1060/1917/1804
f 1063/1892/1779 1055/1890/1777 1062/1908/1795
f 1062/1908/1795 1055/1890/1777 1054/1888/1775
f 1059/1918/1805 830/1889/1776 1058/1914/1801
f 1065/1913/1800 1057/1915/1802 1064/1893/1780
f 1064/1893/1780 1057/1915/1802 1056/1891/1778
f 1067/1911/1798 1059/1918/1805 1066/1912/1799
f 1066/1912/1799 1059/1918/1805 1058/1914/1801
f 1050/1895/1782 1065/1913/1800 1064/1893/1780
f 987/1921/1688 986/1922/1732 1036/1923/1689
f 1036/1923/1689 986/1922/1732 1037/1924/1733
f 1003/1925/1620 1002/1926/1684 1012/1927/1621
f 1012/1927/1621 1002/1926/1684 1021/1928/1685
f 1071/1929/1808 1084/1930/1809 1070/1931/1810
f 1070/1931/1810 1084/1930/1809 1085/1932/1811
f 1070/1931/1810 1085/1932/1811 1086/1933/1812
f 1086/1933/1812 1085/1932/1811 1099/1934/1813
f 1086/1933/1812 1099/1934/1813 1100/1935/1814
f 1100/1935/1814 1099/1934/1813 1113/1936/1815
f 1100/1935/1814 1113/1936/1815 1114/1937/1816
f 1114/1937/1816 1113/1936/1815 1127/1938/1817
f 1114/1937/1816 1127/1938/1817 1128/1939/1818
f 1128/1939/1818 1127/1938/1817 1141/1940/1819
f 1128/1939/1818 1141/1940/1819 1142/1941/1820
f 1142/1941/1820 1141/1940/1819 1076/1942/1821
f 1142/1941/1820 1076/1942/1821 1077/1943/1822
f 1084/1930/1809 1071/1929/1808 1097/1944/1823
f 1097/1944/1823 1071/1929/1808 1072/1945/1824
f 1097/1944/1823 1072/1945/1824 1110/1946/1825
f 1110/1946/1825 1072/1945/1824 1073/1947/1826
f 1110/1946/1825 1073/1947/1826 1123/1948/1827
f 1123/1948/1827 1073/1947/1826 1074/1949/1828
f 1123/1948/1827 1074/1949/1828 1136/1950/1829
f 1136/1950/1829 1074/1949/1828 1075/1951/1830
f 1136/1950/1829 1075/1951/1830 1076/1942/1821
f 1078/1952/1831 1148/1953/1832 1077/1943/1822
f 1077/1943/1822 1148/1953/1832 1147/1954/1833
f 1077/1943/1822 1147/1954/1833 1146/1955/1834
f 1146/1955/1834 1147/1954/1833 1133/1956/1835
f 1146/1955/1834 1133/1956/1835 1132/1957/1836
f 1132/1957/1836 1133/1956/1835 1119/1958/1837
f 1132/1957/1836 1119/1958/1837 1118/1959/1838
f 1118/1959/1838 1119/1958/1837 1105/1960/1839
f 1118/1959/1838 1105/1960/1839 1104/1961/1840
f 1104/1961/1840 1105/1960/1839 1091/1962/1841
f 1104/1961/1840 1091/1962/1841 1090/1963/1842
f 1090/1963/1842 1091/1962/1841 1083/1964/1843
f 1090/1963/1842 1083/1964/1843 1070/1931/1810
f 1148/1953/1832 1078/1952/1831 1135/1965/1844
f 1135/1965/1844 1078/1952/1831 1079/1966/1845
f 1135/1965/1844 1079/1966/1845 1122/1967/1846
f 1122/1967/1846 1079/1966/1845 1080/1968/1847
f 1122/1967/1846 1080/1968/1847 1109/1969/1848
f 1109/1969/1848 1080/1968/1847 1081/1970/1849
f 1109/1969/1848 1081/1970/1849 1096/1971/1850
f 1096/1971/1850 1081/1970/1849 1082/1972/1851
f 1096/1971/1850 1082/1972/1851 1083/1964/1843
f 1085/1932/1811 1084/1930/1809 1098/1973/1852
f 1098/1973/1852 1084/1930/1809 1097/1944/1823
f 1098/1973/1852 1097/1944/1823 1111/1974/1853
f 1111/1974/1853 1097/1944/1823 1110/1946/1825
f 1111/1974/1853 1110/1946/1825 1124/1975/1854
f 1124/1975/1854 1110/1946/1825 1123/1948/1827
f 1124/1975/1854 1123/1948/1827 1137/1976/1855
f 1137/1976/1855 1123/1948/1827 1136/1950/1829
f 1137/1976/1855 1136/1950/1829 1076/1942/1821
f 1086/1933/1812 1087/1977/1856 1070/1931/1810
f 1070/1931/1810 1087/1977/1856 1088/1978/1857
f 1070/1931/1810 1088/1978/1857 1089/1979/1858
f 1089/1979/1858 1088/1978/1857 1102/1980/1859
f 1089/1979/1858 1102/1980/1859 1103/1981/1860
f 1103/1981/1860 1102/1980/1859 1116/1982/1861
f 1103/1981/1860 1116/1982/1861 1117/1983/1862
f 1117/1983/1862 1116/1982/1861 1130/1984/1863
f 1117/1983/1862 1130/1984/1863 1131/1985/1864
f 1131/1985/1864 1130/1984/1863 1144/1986/1865
f 1131/1985/1864 1144/1986/1865 1145/1987/1866
f 1145/1987/1866 1144/1986/1865 1077/1943/1822
f 1145/1987/1866 1077/1943/1822 1146/1955/1834
f 1086/1933/1812 1100/1935/1814 1087/1977/1856
f 1087/1977/1856 1100/1935/1814 1101/1988/1867
f 1087/1977/1856 1101/1988/1867 1088/1978/1857
f 1088/1978/1857 1101/1988/1867 1102/1980/1859
f 1090/1963/1842 1070/1931/1810 1089/1979/1858
f 1104/1961/1840 1090/1963/1842 1103/1981/1860
f 1103/1981/1860 1090/1963/1842 1089/1979/1858
f 1091/1962/1841 1092/1989/1868 1083/1964/1843
f 1083/1964/1843 1092/1989/1868 1093/1990/1869
f 1083/1964/1843 1093/1990/1869 1094/1991/1870
f 1094/1991/1870 1093/1990/1869 1107/1992/1871
f 1094/1991/1870 1107/1992/1871 1108/1993/1872
f 1108/1993/1872 1107/1992/1871 1121/1994/1873
f 1108/1993/1872 1121/1994/1873 1122/1967/1846
f 1122/1967/1846 1121/1994/1873 1135/1965/1844
f 1091/1962/1841 1105/1960/1839 1092/1989/1868
f 1092/1989/1868 1105/1960/1839 1106/1995/1874
f 1092/1989/1868 1106/1995/1874 1093/1990/1869
f 1093/1990/1869 1106/1995/1874 1107/1992/1871
f 1096/1971/1850 1083/1964/1843 1095/1996/1875
f 1095/1996/1875 1083/1964/1843 1094/1991/1870
f 1095/1996/1875 1094/1991/1870 1108/1993/1872
f 1109/1969/1848 1096/1971/1850 1095/1996/1875
f 1109/1969/1848 1095/1996/1875 1108/1993/1872
f 1085/1932/1811 1098/1973/1852 1099/1934/1813
f 1099/1934/1813 1098/1973/1852 1112/1997/1876
f 1099/1934/1813 1112/1997/1876 1113/1936/1815
f 1113/1936/1815 1112/1997/1876 1126/1998/1877
f 1113/1936/1815 1126/1998/1877 1127/1938/1817
f 1127/1938/1817 1126/1998/1877 1140/1999/1878
f 1127/1938/1817 1140/1999/1878 1141/1940/1819
f 1141/1940/1819 1140/1999/1878 1076/1942/1821
f 1112/1997/1876 1098/1973/1852 1111/1974/1853
f 1100/1935/1814 1114/1937/1816 1101/1988/1867
f 1101/1988/1867 1114/1937/1816 1115/2000/1879
f 1101/1988/1867 1115/2000/1879 1102/1980/1859
f 1102/1980/1859 1115/2000/1879 1116/1982/1861
f 1118/1959/1838 1104/1961/1840 1117/1983/1862
f 1117/1983/1862 1104/1961/1840 1103/1981/1860
f 1105/1960/1839 1119/1958/1837 1106/1995/1874
f 1106/1995/1874 1119/1958/1837 1120/2001/1880
f 1106/1995/1874 1120/2001/1880 1107/1992/1871
f 1107/1992/1871 1120/2001/1880 1121/1994/1873
f 1122/1967/1846 1109/1969/1848 1108/1993/1872
f 1112/1997/1876 1111/1974/1853 1125/2002/1881
f 1125/2002/1881 1111/1974/1853 1124/1975/1854
f 1125/2002/1881 1124/1975/1854 1138/2003/1882
f 1138/2003/1882 1124/1975/1854 1137/1976/1855
f 1138/2003/1882 1137/1976/1855 1076/1942/1821
f 1114/1937/1816 1128/1939/1818 1115/2000/1879
f 1115/2000/1879 1128/1939/1818 1129/2004/1883
f 1115/2000/1879 1129/2004/1883 1116/1982/1861
f 1116/1982/1861 1129/2004/1883 1130/1984/1863
f 1132/1957/1836 1118/1959/1838 1131/1985/1864
f 1131/1985/1864 1118/1959/1838 1117/1983/1862
f 1119/1958/1837 1133/1956/1835 1120/2001/1880
f 1120/2001/1880 1133/1956/1835 1134/2005/1884
f 1120/2001/1880 1134/2005/1884 1121/1994/1873
f 1121/1994/1873 1134/2005/1884 1135/1965/1844
f 1112/1997/1876 1125/2002/1881 1126/1998/1877
f 1126/1998/1877 1125/2002/1881 1139/2006/1885
f 1126/1998/1877 1139/2006/1885 1140/1999/1878
f 1140/1999/1878 1139/2006/1885 1076/1942/1821
f 1139/2006/1885 1125/2002/1881 1138/2003/1882
f 1128/1939/1818 1142/1941/1820 1129/2004/1883
f 1129/2004/1883 1142/1941/1820 1143/2007/1886
f 1129/2004/1883 1143/2007/1886 1130/1984/1863
f 1130/1984/1863 1143/2007/1886 1144/1986/1865
f 1146/1955/1834 1132/1957/1836 1145/1987/1866
f 1145/1987/1866 1132/1957/1836 1131/1985/1864
f 1148/1953/1832 1135/1965/1844 1134/2005/1884
f 1148/1953/1832 1134/2005/1884 1147/1954/1833
f 1147/1954/1833 1134/2005/1884 1133/1956/1835
f 1076/1942/1821 1139/2006/1885 1138/2003/1882
f 1077/1943/1822 1144/1986/1865 1143/2007/1886
f 1143/2007/1886 1142/1941/1820 1077/1943/1822
f 1149/2008/1887 1150/2009/1888 1165/2010/1889
f 1165/2010/1889 1150/2009/1888 1170/2011/1890
f 1165/2010/1889 1170/2011/1890 1164/2012/1891
f 1164/2012/1891 1170/2011/1890 1175/2013/1892
f 1164/2012/1891 1175/2013/1892 1163/2014/1893
f 1163/2014/1893 1175/2013/1892 1180/2015/1894
f 1163/2014/1893 1180/2015/1894 1162/2016/1895
f 1162/2016/1895 1180/2015/1894 1185/2017/1896
f 1162/2016/1895 1185/2017/1896 1161/2018/1897
f 1161/2018/1897 1185/2017/1896 1190/2019/1898
f 1161/2018/1897 1190/2019/1898 1077/2020/1822
f 1077/2020/1822 1190/2019/1898 1078/2021/1831
f 1078/2021/1831 1190/2019/1898 1189/2022/1899
f 1078/2021/1831 1189/2022/1899 1079/2023/1845
f 1079/2023/1845 1189/2022/1899 1188/2024/1900
f 1079/2023/1845 1188/2024/1900 1080/2025/1847
f 1080/2025/1847 1188/2024/1900 1187/2026/1901
f 1080/2025/1847 1187/2026/1901 1081/2027/1849
f 1081/2027/1849 1187/2026/1901 1186/2028/1902
f 1081/2027/1849 1186/2028/1902 1082/2029/1851
f 1082/2029/1851 1186/2028/1902 1160/2030/1903
f 1082/2029/1851 1160/2030/1903 1083/2031/1843
f 1150/2009/1888 1151/2032/1904 1170/2011/1890
f 1170/2011/1890 1151/2032/1904 1169/2033/1905
f 1170/2011/1890 1169/2033/1905 1175/2013/1892
f 1175/2013/1892 1169/2033/1905 1174/2034/1906
f 1175/2013/1892 1174/2034/1906 1180/2015/1894
f 1180/2015/1894 1174/2034/1906 1179/2035/1907
f 1180/2015/1894 1179/2035/1907 1185/2017/1896
f 1185/2017/1896 1179/2035/1907 1184/2036/1908
f 1185/2017/1896 1184/2036/1908 1190/2019/1898
f 1190/2019/1898 1184/2036/1908 1189/2022/1899
f 1151/2032/1904 1152/2037/1909 1169/2033/1905
f 1169/2033/1905 1152/2037/1909 1168/2038/1910
f 1169/2033/1905 1168/2038/1910 1174/2034/1906
f 1174/2034/1906 1168/2038/1910 1173/2039/1911
f 1174/2034/1906 1173/2039/1911 1179/2035/1907
f 1179/2035/1907 1173/2039/1911 1178/2040/1912
f 1179/2035/1907 1178/2040/1912 1184/2036/1908
f 1184/2036/1908 1178/2040/1912 1183/2041/1913
f 1184/2036/1908 1183/2041/1913 1189/2022/1899
f 1189/2022/1899 1183/2041/1913 1188/2024/1900
f 1152/2037/1909 1153/2042/1914 1168/2038/1910
f 1168/2038/1910 1153/2042/1914 1167/2043/1915
f 1168/2038/1910 1167/2043/1915 1173/2039/1911
f 1173/2039/1911 1167/2043/1915 1172/2044/1916
f 1173/2039/1911 1172/2044/1916 1178/2040/1912
f 1178/2040/1912 1172/2044/1916 1177/2045/1917
f 1178/2040/1912 1177/2045/1917 1183/2041/1913
f 1183/2041/1913 1177/2045/1917 1182/2046/1918
f 1183/2041/1913 1182/2046/1918 1188/2024/1900
f 1188/2024/1900 1182/2046/1918 1187/2026/1901
f 1153/2042/1914 1154/2047/1919 1167/2043/1915
f 1167/2043/1915 1154/2047/1919 1166/2048/1920
f 1167/2043/1915 1166/2048/1920 1172/2044/1916
f 1172/2044/1916 1166/2048/1920 1171/2049/1921
f 1172/2044/1916 1171/2049/1921 1177/2045/1917
f 1177/2045/1917 1171/2049/1921 1176/2050/1922
f 1177/2045/1917 1176/2050/1922 1182/2046/1918
f 1182/2046/1918 1176/2050/1922 1181/2051/1923
f 1182/2046/1918 1181/2051/1923 1187/2026/1901
f 1187/2026/1901 1181/2051/1923 1186/2028/1902
f 1154/2047/1919 1155/2052/1924 1166/2048/1920
f 1166/2048/1920 1155/2052/1924 1156/2053/1925
f 1166/2048/1920 1156/2053/1925 1171/2049/1921
f 1171/2049/1921 1156/2053/1925 1157/2054/1926
f 1171/2049/1921 1157/2054/1926 1176/2050/1922
f 1176/2050/1922 1157/2054/1926 1158/2055/1927
f 1176/2050/1922 1158/2055/1927 1181/2051/1923
f 1181/2051/1923 1158/2055/1927 1159/2056/1928
f 1181/2051/1923 1159/2056/1928 1186/2028/1902
f 1186/2028/1902 1159/2056/1928 1160/2030/1903
f 1192/2057/1929 1198/2058/1930 1191/2059/1931
f 1191/2059/1931 1198/2058/1930 1199/2060/1932
f 1191/2059/1931 1199/2060/1932 1200/2061/1933
f 1200/2061/1933 1199/2060/1932 1211/2062/1934
f 1200/2061/1933 1211/2062/1934 1212/2063/1935
f 1212/2063/1935 1211/2062/1934 1223/2064/1936
f 1212/2063/1935 1223/2064/1936 1224/2065/1937
f 1224/2065/1937 1223/2064/1936 1235/2066/1938
f 1224/2065/1937 1235/2066/1938 1236/2067/1939
f 1236/2067/1939 1235/2066/1938 1247/2068/1940
f 1236/2067/1939 1247/2068/1940 1248/2069/1941
f 1248/2069/1941 1247/2068/1940 1155/2070/1924
f 1248/2069/1941 1155/2070/1924 1249/2071/1942
f 1249/2071/1942 1155/2070/1924 1250/2072/1943
f 1249/2071/1942 1250/2072/1943 1238/2073/1944
f 1238/2073/1944 1250/2072/1943 1239/2074/1945
f 1238/2073/1944 1239/2074/1945 1227/2075/1946
f 1227/2075/1946 1239/2074/1945 1228/2076/1947
f 1227/2075/1946 1228/2076/1947 1216/2077/1948
f 1216/2077/1948 1228/2076/1947 1217/2078/1949
f 1216/2077/1948 1217/2078/1949 1205/2079/1950
f 1205/2079/1950 1217/2078/1949 1206/2080/1951
f 1205/2079/1950 1206/2080/1951 1149/2081/1887
f 1149/2081/1887 1206/2080/1951 1207/2082/1952
f 1149/2081/1887 1207/2082/1952 1208/2083/1953
f 1208/2083/1953 1207/2082/1952 1219/2084/1954
f 1208/2083/1953 1219/2084/1954 1151/2085/1904
f 1151/2085/1904 1219/2084/1954 1152/2086/1909
f 1152/2086/1909 1219/2084/1954 1230/2087/1955
f 1152/2086/1909 1230/2087/1955 1153/2088/1914
f 1153/2088/1914 1230/2087/1955 1241/2089/1956
f 1153/2088/1914 1241/2089/1956 1154/2090/1919
f 1154/2090/1919 1241/2089/1956 1252/2091/1957
f 1154/2090/1919 1252/2091/1957 1155/2070/1924
f 1155/2070/1924 1252/2091/1957 1251/2092/1958
f 1155/2070/1924 1251/2092/1958 1250/2072/1943
f 1250/2072/1943 1251/2092/1958 1239/2074/1945
f 1198/2058/1930 1192/2057/1929 1209/2093/1959
f 1209/2093/1959 1192/2057/1929 1193/2094/1960
f 1209/2093/1959 1193/2094/1960 1220/2095/1961
f 1220/2095/1961 1193/2094/1960 1194/2096/1962
f 1220/2095/1961 1194/2096/1962 1231/2097/1963
f 1231/2097/1963 1194/2096/1962 1195/2098/1964
f 1231/2097/1963 1195/2098/1964 1242/2099/1965
f 1242/2099/1965 1195/2098/1964 1196/2100/1966
f 1242/2099/1965 1196/2100/1966 1197/2101/1967
f 1155/2070/1924 1247/2068/1940 1197/2101/1967
f 1197/2101/1967 1247/2068/1940 1246/2102/1968
f 1197/2101/1967 1246/2102/1968 1245/2103/1969
f 1245/2103/1969 1246/2102/1968 1234/2104/1970
f 1245/2103/1969 1234/2104/1970 1233/2105/1971
f 1233/2105/1971 1234/2104/1970 1222/2106/1972
f 1233/2105/1971 1222/2106/1972 1221/2107/1973
f 1221/2107/1973 1222/2106/1972 1210/2108/1974
f 1221/2107/1973 1210/2108/1974 1209/2093/1959
f 1209/2093/1959 1210/2108/1974 1198/2058/1930
f 1151/2085/1904 1150/2109/1888 1208/2083/1953
f 1208/2083/1953 1150/2109/1888 1149/2081/1887
f 1191/2059/1931 1203/2110/1975 1149/2081/1887
f 1149/2081/1887 1203/2110/1975 1204/2111/1976
f 1149/2081/1887 1204/2111/1976 1205/2079/1950
f 1205/2079/1950 1204/2111/1976 1216/2077/1948
f 1211/2062/1934 1199/2060/1932 1210/2108/1974
f 1210/2108/1974 1199/2060/1932 1198/2058/1930
f 1200/2061/1933 1201/2112/1977 1191/2059/1931
f 1191/2059/1931 1201/2112/1977 1202/2113/1978
f 1191/2059/1931 1202/2113/1978 1203/2110/1975
f 1203/2110/1975 1202/2113/1978 1214/2114/1979
f 1203/2110/1975 1214/2114/1979 1215/2115/1980
f 1215/2115/1980 1214/2114/1979 1226/2116/1981
f 1215/2115/1980 1226/2116/1981 1227/2075/1946
f 1227/2075/1946 1226/2116/1981 1238/2073/1944
f 1200/2061/1933 1212/2063/1935 1201/2112/1977
f 1201/2112/1977 1212/2063/1935 1213/2117/1982
f 1201/2112/1977 1213/2117/1982 1202/2113/1978
f 1202/2113/1978 1213/2117/1982 1214/2114/1979
f 1216/2077/1948 1204/2111/1976 1215/2115/1980
f 1215/2115/1980 1204/2111/1976 1203/2110/1975
f 1207/2082/1952 1206/2080/1951 1218/2118/1983
f 1218/2118/1983 1206/2080/1951 1217/2078/1949
f 1218/2118/1983 1217/2078/1949 1229/2119/1984
f 1229/2119/1984 1217/2078/1949 1228/2076/1947
f 1229/2119/1984 1228/2076/1947 1240/2120/1985
f 1240/2120/1985 1228/2076/1947 1239/2074/1945
f 1240/2120/1985 1239/2074/1945 1251/2092/1958
f 1221/2107/1973 1209/2093/1959 1220/2095/1961
f 1223/2064/1936 1211/2062/1934 1222/2106/1972
f 1222/2106/1972 1211/2062/1934 1210/2108/1974
f 1212/2063/1935 1224/2065/1937 1213/2117/1982
f 1213/2117/1982 1224/2065/1937 1225/2121/1986
f 1213/2117/1982 1225/2121/1986 1214/2114/1979
f 1214/2114/1979 1225/2121/1986 1226/2116/1981
f 1227/2075/1946 1216/2077/1948 1215/2115/1980
f 1230/2087/1955 1219/2084/1954 1218/2118/1983
f 1218/2118/1983 1219/2084/1954 1207/2082/1952
f 1230/2087/1955 1218/2118/1983 1229/2119/1984
f 1221/2107/1973 1220/2095/1961 1232/2122/1987
f 1232/2122/1987 1220/2095/1961 1231/2097/1963
f 1232/2122/1987 1231/2097/1963 1243/2123/1988
f 1243/2123/1988 1231/2097/1963 1242/2099/1965
f 1243/2123/1988 1242/2099/1965 1197/2101/1967
f 1235/2066/1938 1223/2064/1936 1234/2104/1970
f 1234/2104/1970 1223/2064/1936 1222/2106/1972
f 1224/2065/1937 1236/2067/1939 1225/2121/1986
f 1225/2121/1986 1236/2067/1939 1237/2124/1989
f 1225/2121/1986 1237/2124/1989 1226/2116/1981
f 1226/2116/1981 1237/2124/1989 1238/2073/1944
f 1241/2089/1956 1230/2087/1955 1229/2119/1984
f 1241/2089/1956 1229/2119/1984 1240/2120/1985
f 1221/2107/1973 1232/2122/1987 1233/2105/1971
f 1233/2105/1971 1232/2122/1987 1244/2125/1990
f 1233/2105/1971 1244/2125/1990 1245/2103/1969
f 1245/2103/1969 1244/2125/1990 1197/2101/1967
f 1244/2125/1990 1232/2122/1987 1243/2123/1988
f 1247/2068/1940 1235/2066/1938 1246/2102/1968
f 1246/2102/1968 1235/2066/1938 1234/2104/1970
f 1249/2071/1942 1238/2073/1944 1237/2124/1989
f 1249/2071/1942 1237/2124/1989 1248/2069/1941
f 1248/2069/1941 1237/2124/1989 1236/2067/1939
f 1252/2091/1957 1241/2089/1956 1240/2120/1985
f 1252/2091/1957 1240/2120/1985 1251/2092/1958
f 1197/2101/1967 1244/2125/1990 1243/2123/1988
f 1253/2126/1991 1254/2127/1992 1280/2128/1993
f 1280/2128/1993 1254/2127/1992 1285/2129/1994
f 1280/2128/1993 1285/2129/1994 1279/2130/1995
f 1279/2130/1995 1285/2129/1994 1290/2131/1996
f 1279/2130/1995 1290/2131/1996 1278/2132/1997
f 1278/2132/1997 1290/2131/1996 1295/2133/1998
f 1278/2132/1997 1295/2133/1998 1277/2134/1999
f 1277/2134/1999 1295/2133/1998 1300/2135/2000
f 1277/2134/1999 1300/2135/2000 1276/2136/2001
f 1276/2136/2001 1300/2135/2000 1305/2137/2002
f 1276/2136/2001 1305/2137/2002 1275/2138/2003
f 1275/2138/2003 1305/2137/2002 1310/2139/2004
f 1275/2138/2003 1310/2139/2004 1274/2140/2005
f 1274/2140/2005 1310/2139/2004 1315/2141/2006
f 1274/2140/2005 1315/2141/2006 1273/2142/2007
f 1273/2142/2007 1315/2141/2006 1320/2143/2008
f 1273/2142/2007 1320/2143/2008 1272/2144/2009
f 1272/2144/2009 1320/2143/2008 1325/2145/2010
f 1272/2144/2009 1325/2145/2010 1271/2146/2011
f 1271/2146/2011 1325/2145/2010 1330/2147/2012
f 1271/2146/2011 1330/2147/2012 1191/2148/1931
f 1191/2148/1931 1330/2147/2012 1192/2149/1929
f 1192/2149/1929 1330/2147/2012 1329/2150/2013
f 1192/2149/1929 1329/2150/2013 1193/2151/1960
f 1193/2151/1960 1329/2150/2013 1328/2152/2014
f 1193/2151/1960 1328/2152/2014 1194/2153/1962
f 1194/2153/1962 1328/2152/2014 1327/2154/2015
f 1194/2153/1962 1327/2154/2015 1195/2155/1964
f 1195/2155/1964 1327/2154/2015 1326/2156/2016
f 1195/2155/1964 1326/2156/2016 1196/2157/1966
f 1196/2157/1966 1326/2156/2016 1270/2158/2017
f 1196/2157/1966 1270/2158/2017 1197/2159/1967
f 1254/2127/1992 1255/2160/2018 1285/2129/1994
f 1285/2129/1994 1255/2160/2018 1284/2161/2019
f 1285/2129/1994 1284/2161/2019 1290/2131/1996
f 1290/2131/1996 1284/2161/2019 1289/2162/2020
f 1290/2131/1996 1289/2162/2020 1295/2133/1998
f 1295/2133/1998 1289/2162/2020 1294/2163/2021
f 1295/2133/1998 1294/2163/2021 1300/2135/2000
f 1300/2135/2000 1294/2163/2021 1299/2164/2022
f 1300/2135/2000 1299/2164/2022 1305/2137/2002
f 1305/2137/2002 1299/2164/2022 1304/2165/2023
f 1305/2137/2002 1304/2165/2023 1310/2139/2004
f 1310/2139/2004 1304/2165/2023 1309/2166/2024
f 1310/2139/2004 1309/2166/2024 1315/2141/2006
f 1315/2141/2006 1309/2166/2024 1314/2167/2025
f 1315/2141/2006 1314/2167/2025 1320/2143/2008
f 1320/2143/2008 1314/2167/2025 1319/2168/2026
f 1320/2143/2008 1319/2168/2026 1325/2145/2010
f 1325/2145/2010 1319/2168/2026 1324/2169/2027
f 1325/2145/2010 1324/2169/2027 1330/2147/2012
f 1330/2147/2012 1324/2169/2027 1329/2150/2013
f 1255/2160/2018 1256/2170/2028 1284/2161/2019
f 1284/2161/2019 1256/2170/2028 1283/2171/2029
f 1284/2161/2019 1283/2171/2029 1289/2162/2020
f 1289/2162/2020 1283/2171/2029 1288/2172/2030
f 1289/2162/2020 1288/2172/2030 1294/2163/2021
f 1294/2163/2021 1288/2172/2030 1293/2173/2031
f 1294/2163/2021 1293/2173/2031 1299/2164/2022
f 1299/2164/2022 1293/2173/2031 1298/2174/2032
f 1299/2164/2022 1298/2174/2032 1304/2165/2023
f 1304/2165/2023 1298/2174/2032 1303/2175/2033
f 1304/2165/2023 1303/2175/2033 1309/2166/2024
f 1309/2166/2024 1303/2175/2033 1308/2176/2034
f 1309/2166/2024 1308/2176/2034 1314/2167/2025
f 1314/2167/2025 1308/2176/2034 1313/2177/2035
f 1314/2167/2025 1313/2177/2035 1319/2168/2026
f 1319/2168/2026 1313/2177/2035 1318/2178/2036
f 1319/2168/2026 1318/2178/2036 1324/2169/2027
f 1324/2169/2027 1318/2178/2036 1323/2179/2037
f 1324/2169/2027 1323/2179/2037 1329/2150/2013
f 1329/2150/2013 1323/2179/2037 1328/2152/2014
f 1256/2170/2028 1257/2180/2038 1283/2171/2029
f 1283/2171/2029 1257/2180/2038 1282/2181/2039
f 1283/2171/2029 1282/2181/2039 1288/2172/2030
f 1288/2172/2030 1282/2181/2039 1287/2182/2040
f 1288/2172/2030 1287/2182/2040 1293/2173/2031
f 1293/2173/2031 1287/2182/2040 1292/2183/2041
f 1293/2173/2031 1292/2183/2041 1298/2174/2032
f 1298/2174/2032 1292/2183/2041 1297/2184/2042
f 1298/2174/2032 1297/2184/2042 1303/2175/2033
f 1303/2175/2033 1297/2184/2042 1302/2185/2043
f 1303/2175/2033 1302/2185/2043 1308/2176/2034
f 1308/2176/2034 1302/2185/2043 1307/2186/2044
f 1308/2176/2034 1307/2186/2044 1313/2177/2035
f 1313/2177/2035 1307/2186/2044 1312/2187/2045
f 1313/2177/2035 1312/2187/2045 1318/2178/2036
f 1318/2178/2036 1312/2187/2045 1317/2188/2046
f 1318/2178/2036 1317/2188/2046 1323/2179/2037
f 1323/2179/2037 1317/2188/2046 1322/2189/2047
f 1323/2179/2037 1322/2189/2047 1328/2152/2014
f 1328/2152/2014 1322/2189/2047 1327/2154/2015
f 1257/2180/2038 1258/2190/2048 1282/2181/2039
f 1282/2181/2039 1258/2190/2048 1281/2191/2049
f 1282/2181/2039 1281/2191/2049 1287/2182/2040
f 1287/2182/2040 1281/2191/2049 1286/2192/2050
f 1287/2182/2040 1286/2192/2050 1292/2183/2041
f 1292/2183/2041 1286/2192/2050 1291/2193/2051
f 1292/2183/2041 1291/2193/2051 1297/2184/2042
f 1297/2184/2042 1291/2193/2051 1296/2194/2052
f 1297/2184/2042 1296/2194/2052 1302/2185/2043
f 1302/2185/2043 1296/2194/2052 1301/2195/2053
f 1302/2185/2043 1301/2195/2053 1307/2186/2044
f 1307/2186/2044 1301/2195/2053 1306/2196/2054
f 1307/2186/2044 1306/2196/2054 1312/2187/2045
f 1312/2187/2045 1306/2196/2054 1311/2197/2055
f 1312/2187/2045 1311/2197/2055 1317/2188/2046
f 1317/2188/2046 1311/2197/2055 1316/2198/2056
f 1317/2188/2046 1316/2198/2056 1322/2189/2047
f 1322/2189/2047 1316/2198/2056 1321/2199/2057
f 1322/2189/2047 1321/2199/2057 1327/2154/2015
f 1327/2154/2015 1321/2199/2057 1326/2156/2016
f 1259/2200/2058 1260/2201/2059 1258/2190/2048
f 1258/2190/2048 1260/2201/2059 1281/2191/2049
f 1260/2201/2059 1261/2202/2060 1281/2191/2049
f 1281/2191/2049 1261/2202/2060 1286/2192/2050
f 1261/2202/2060 1262/2203/2061 1286/2192/2050
f 1286/2192/2050 1262/2203/2061 1291/2193/2051
f 1262/2203/2061 1263/2204/2062 1291/2193/2051
f 1291/2193/2051 1263/2204/2062 1296/2194/2052
f 1263/2204/2062 1264/2205/2063 1296/2194/2052
f 1296/2194/2052 1264/2205/2063 1301/2195/2053
f 1264/2205/2063 1265/2206/2064 1301/2195/2053
f 1301/2195/2053 1265/2206/2064 1306/2196/2054
f 1265/2206/2064 1266/2207/2065 1306/2196/2054
f 1306/2196/2054 1266/2207/2065 1311/2197/2055
f 1266/2207/2065 1267/2208/2066 1311/2197/2055
f 1311/2197/2055 1267/2208/2066 1316/2198/2056
f 1267/2208/2066 1268/2209/2067 1316/2198/2056
f 1316/2198/2056 1268/2209/2067 1321/2199/2057
f 1268/2209/2067 1269/2210/2068 1321/2199/2057
f 1321/2199/2057 1269/2210/2068 1326/2156/2016
f 1269/2210/2068 1270/2158/2017 1326/2156/2016
f 1332/2211/2069 1338/2212/2070 1331/2213/2071
f 1331/2213/2071 1338/2212/2070 1339/2214/2072
f 1331/2213/2071 1339/2214/2072 1340/2215/2073
f 1340/2215/2073 1339/2214/2072 1351/2216/2074
f 1340/2215/2073 1351/2216/2074 1352/2217/2075
f 1352/2217/2075 1351/2216/2074 1363/2218/2076
f 1352/2217/2075 1363/2218/2076 1364/2219/2077
f 1364/2219/2077 1363/2218/2076 1375/2220/2078
f 1364/2219/2077 1375/2220/2078 1376/2221/2079
f 1376/2221/2079 1375/2220/2078 1387/2222/2080
f 1376/2221/2079 1387/2222/2080 1388/2223/2081
f 1388/2223/2081 1387/2222/2080 1259/2224/2058
f 1388/2223/2081 1259/2224/2058 1389/2225/2082
f 1389/2225/2082 1259/2224/2058 1390/2226/2083
f 1389/2225/2082 1390/2226/2083 1378/2227/2084
f 1378/2227/2084 1390/2226/2083 1379/2228/2085
f 1378/2227/2084 1379/2228/2085 1367/2229/2086
f 1367/2229/2086 1379/2228/2085 1368/2230/2087
f 1367/2229/2086 1368/2230/2087 1356/2231/2088
f 1356/2231/2088 1368/2230/2087 1357/2232/2089
f 1356/2231/2088 1357/2232/2089 1345/2233/2090
f 1345/2233/2090 1357/2232/2089 1346/2234/2091
f 1345/2233/2090 1346/2234/2091 1253/2235/1991
f 1253/2235/1991 1346/2234/2091 1347/2236/2092
f 1253/2235/1991 1347/2236/2092 1348/2237/2093
f 1348/2237/2093 1347/2236/2092 1359/2238/2094
f 1348/2237/2093 1359/2238/2094 1255/2239/2018
f 1255/2239/2018 1359/2238/2094 1256/2240/2028
f 1256/2240/2028 1359/2238/2094 1370/2241/2095
f 1256/2240/2028 1370/2241/2095 1257/2242/2038
f 1257/2242/2038 1370/2241/2095 1381/2243/2096
f 1257/2242/2038 1381/2243/2096 1258/2244/2048
f 1258/2244/2048 1381/2243/2096 1392/2245/2097
f 1258/2244/2048 1392/2245/2097 1259/2224/2058
f 1259/2224/2058 1392/2245/2097 1391/2246/2098
f 1259/2224/2058 1391/2246/2098 1390/2226/2083
f 1390/2226/2083 1391/2246/2098 1379/2228/2085
f 1338/2212/2070 1332/2211/2069 1349/2247/2099
f 1349/2247/2099 1332/2211/2069 1333/2248/2100
f 1349/2247/2099 1333/2248/2100 1360/2249/2101
f 1360/2249/2101 1333/2248/2100 1334/2250/2102
f 1360/2249/2101 1334/2250/2102 1371/2251/2103
f 1371/2251/2103 1334/2250/2102 1335/2252/2104
f 1371/2251/2103 1335/2252/2104 1382/2253/2105
f 1382/2253/2105 1335/2252/2104 1336/2254/2106
f 1382/2253/2105 1336/2254/2106 1337/2255/2107
f 1259/2224/2058 1387/2222/2080 1337/2255/2107
f 1337/2255/2107 1387/2222/2080 1386/2256/2108
f 1337/2255/2107 1386/2256/2108 1385/2257/2109
f 1385/2257/2109 1386/2256/2108 1374/2258/2110
f 1385/2257/2109 1374/2258/2110 1373/2259/2111
f 1373/2259/2111 1374/2258/2110 1362/2260/2112
f 1373/2259/2111 1362/2260/2112 1361/2261/2113
f 1361/2261/2113 1362/2260/2112 1350/2262/2114
f 1361/2261/2113 1350/2262/2114 1349/2247/2099
f 1349/2247/2099 1350/2262/2114 1338/2212/2070
f 1255/2239/2018 1254/2263/1992 1348/2237/2093
f 1348/2237/2093 1254/2263/1992 1253/2235/1991
f 1331/2213/2071 1343/2264/2115 1253/2235/1991
f 1253/2235/1991 1343/2264/2115 1344/2265/2116
f 1253/2235/1991 1344/2265/2116 1345/2233/2090
f 1345/2233/2090 1344/2265/2116 1356/2231/2088
f 1351/2216/2074 1339/2214/2072 1350/2262/2114
f 1350/2262/2114 1339/2214/2072 1338/2212/2070
f 1340/2215/2073 1341/2266/2117 1331/2213/2071
f 1331/2213/2071 1341/2266/2117 1342/2267/2118
f 1331/2213/2071 1342/2267/2118 1343/2264/2115
f 1343/2264/2115 1342/2267/2118 1354/2268/2119
f 1343/2264/2115 1354/2268/2119 1355/2269/2120
f 1355/2269/2120 1354/2268/2119 1366/2270/2121
f 1355/2269/2120 1366/2270/2121 1367/2229/2086
f 1367/2229/2086 1366/2270/2121 1378/2227/2084
f 1340/2215/2073 1352/2217/2075 1341/2266/2117
f 1341/2266/2117 1352/2217/2075 1353/2271/2122
f 1341/2266/2117 1353/2271/2122 1342/2267/2118
f 1342/2267/2118 1353/2271/2122 1354/2268/2119
f 1356/2231/2088 1344/2265/2116 1355/2269/2120
f 1355/2269/2120 1344/2265/2116 1343/2264/2115
f 1347/2236/2092 1346/2234/2091 1358/2272/2123
f 1358/2272/2123 1346/2234/2091 1357/2232/2089
f 1358/2272/2123 1357/2232/2089 1369/2273/2124
f 1369/2273/2124 1357/2232/2089 1368/2230/2087
f 1369/2273/2124 1368/2230/2087 1380/2274/2125
f 1380/2274/2125 1368/2230/2087 1379/2228/2085
f 1380/2274/2125 1379/2228/2085 1391/2246/2098
f 1361/2261/2113 1349/2247/2099 1360/2249/2101
f 1363/2218/2076 1351/2216/2074 1362/2260/2112
f 1362/2260/2112 1351/2216/2074 1350/2262/2114
f 1352/2217/2075 1364/2219/2077 1353/2271/2122
f 1353/2271/2122 1364/2219/2077 1365/2275/2126
f 1353/2271/2122 1365/2275/2126 1354/2268/2119
f 1354/2268/2119 1365/2275/2126 1366/2270/2121
f 1367/2229/2086 1356/2231/2088 1355/2269/2120
f 1370/2241/2095 1359/2238/2094 1358/2272/2123
f 1358/2272/2123 1359/2238/2094 1347/2236/2092
f 1370/2241/2095 1358/2272/2123 1369/2273/2124
f 1361/2261/2113 1360/2249/2101 1372/2276/2127
f 1372/2276/2127 1360/2249/2101 1371/2251/2103
f 1372/2276/2127 1371/2251/2103 1383/2277/2128
f 1383/2277/2128 1371/2251/2103 1382/2253/2105
f 1383/2277/2128 1382/2253/2105 1337/2255/2107
f 1375/2220/2078 1363/2218/2076 1374/2258/2110
f 1374/2258/2110 1363/2218/2076 1362/2260/2112
f 1364/2219/2077 1376/2221/2079 1365/2275/2126
f 1365/2275/2126 1376/2221/2079 1377/2278/2129
f 1365/2275/2126 1377/2278/2129 1366/2270/2121
f 1366/2270/2121 1377/2278/2129 1378/2227/2084
f 1381/2243/2096 1370/2241/2095 1369/2273/2124
f 1381/2243/2096 1369/2273/2124 1380/2274/2125
f 1361/2261/2113 1372/2276/2127 1373/2259/2111
f 1373/2259/2111 1372/2276/2127 1384/2279/2130
f 1373/2259/2111 1384/2279/2130 1385/2257/2109
f 1385/2257/2109 1384/2279/2130 1337/2255/2107
f 1384/2279/2130 1372/2276/2127 1383/2277/2128
f 1387/2222/2080 1375/2220/2078 1386/2256/2108
f 1386/2256/2108 1375/2220/2078 1374/2258/2110
f 1389/2225/2082 1378/2227/2084 1377/2278/2129
f 1389/2225/2082 1377/2278/2129 1388/2223/2081
f 1388/2223/2081 1377/2278/2129 1376/2221/2079
f 1392/2245/2097 1381/2243/2096 1380/2274/2125
f 1392/2245/2097 1380/2274/2125 1391/2246/2098
f 1337/2255/2107 1384/2279/2130 1383/2277/2128
f 1393/2280/2131 1394/2281/2132 1420/2282/2133
f 1420/2282/2133 1394/2281/2132 1425/2283/2134
f 1420/2282/2133 1425/2283/2134 1419/2284/2135
f 1419/2284/2135 1425/2283/2134 1430/2285/2136
f 1419/2284/2135 1430/2285/2136 1418/2286/2137
f 1418/2286/2137 1430/2285/2136 1435/2287/2138
f 1418/2286/2137 1435/2287/2138 1417/2288/2139
f 1417/2288/2139 1435/2287/2138 1440/2289/2140
f 1417/2288/2139 1440/2289/2140 1416/2290/2141
f 1416/2290/2141 1440/2289/2140 1445/2291/2142
f 1416/2290/2141 1445/2291/2142 1415/2292/2143
f 1415/2292/2143 1445/2291/2142 1450/2293/2144
f 1415/2292/2143 1450/2293/2144 1414/2294/2145
f 1414/2294/2145 1450/2293/2144 1455/2295/2146
f 1414/2294/2145 1455/2295/2146 1413/2296/2147
f 1413/2296/2147 1455/2295/2146 1460/2297/2148
f 1413/2296/2147 1460/2297/2148 1412/2298/2149
f 1412/2298/2149 1460/2297/2148 1465/2299/2150
f 1412/2298/2149 1465/2299/2150 1411/2300/2151
f 1411/2300/2151 1465/2299/2150 1470/2301/2152
f 1411/2300/2151 1470/2301/2152 1331/2302/2071
f 1331/2302/2071 1470/2301/2152 1332/2303/2069
f 1332/2303/2069 1470/2301/2152 1469/2304/2153
f 1332/2303/2069 1469/2304/2153 1333/2305/2100
f 1333/2305/2100 1469/2304/2153 1468/2306/2154
f 1333/2305/2100 1468/2306/2154 1334/2307/2102
f 1334/2307/2102 1468/2306/2154 1467/2308/2155
f 1334/2307/2102 1467/2308/2155 1335/2309/2104
f 1335/2309/2104 1467/2308/2155 1466/2310/2156
f 1335/2309/2104 1466/2310/2156 1336/2311/2106
f 1336/2311/2106 1466/2310/2156 1410/2312/2157
f 1336/2311/2106 1410/2312/2157 1337/2313/2107
f 1394/2281/2132 1395/2314/2158 1425/2283/2134
f 1425/2283/2134 1395/2314/2158 1424/2315/2159
f 1425/2283/2134 1424/2315/2159 1430/2285/2136
f 1430/2285/2136 1424/2315/2159 1429/2316/2160
f 1430/2285/2136 1429/2316/2160 1435/2287/2138
f 1435/2287/2138 1429/2316/2160 1434/2317/2161
f 1435/2287/2138 1434/2317/2161 1440/2289/2140
f 1440/2289/2140 1434/2317/2161 1439/2318/2162
f 1440/2289/2140 1439/2318/2162 1445/2291/2142
f 1445/2291/2142 1439/2318/2162 1444/2319/2163
f 1445/2291/2142 1444/2319/2163 1450/2293/2144
f 1450/2293/2144 1444/2319/2163 1449/2320/2164
f 1450/2293/2144 1449/2320/2164 1455/2295/2146
f 1455/2295/2146 1449/2320/2164 1454/2321/2165
f 1455/2295/2146 1454/2321/2165 1460/2297/2148
f 1460/2297/2148 1454/2321/2165 1459/2322/2166
f 1460/2297/2148 1459/2322/2166 1465/2299/2150
f 1465/2299/2150 1459/2322/2166 1464/2323/2167
f 1465/2299/2150 1464/2323/2167 1470/2301/2152
f 1470/2301/2152 1464/2323/2167 1469/2304/2153
f 1395/2314/2158 1396/2324/2168 1424/2315/2159
f 1424/2315/2159 1396/2324/2168 1423/2325/2169
f 1424/2315/2159 1423/2325/2169 1429/2316/2160
f 1429/2316/2160 1423/2325/2169 1428/2326/2170
f 1429/2316/2160 1428/2326/2170 1434/2317/2161
f 1434/2317/2161 1428/2326/2170 1433/2327/2171
f 1434/2317/2161 1433/2327/2171 1439/2318/2162
f 1439/2318/2162 1433/2327/2171 1438/2328/2172
f 1439/2318/2162 1438/2328/2172 1444/2319/2163
f 1444/2319/2163 1438/2328/2172 1443/2329/2173
f 1444/2319/2163 1443/2329/2173 1449/2320/2164
f 1449/2320/2164 1443/2329/2173 1448/2330/2174
f 1449/2320/2164 1448/2330/2174 1454/2321/2165
f 1454/2321/2165 1448/2330/2174 1453/2331/2175
f 1454/2321/2165 1453/2331/2175 1459/2322/2166
f 1459/2322/2166 1453/2331/2175 1458/2332/2176
f 1459/2322/2166 1458/2332/2176 1464/2323/2167
f 1464/2323/2167 1458/2332/2176 1463/2333/2177
f 1464/2323/2167 1463/2333/2177 1469/2304/2153
f 1469/2304/2153 1463/2333/2177 1468/2306/2154
f 1396/2324/2168 1397/2334/2178 1423/2325/2169
f 1423/2325/2169 1397/2334/2178 1422/2335/2179
f 1423/2325/2169 1422/2335/2179 1428/2326/2170
f 1428/2326/2170 1422/2335/2179 1427/2336/2180
f 1428/2326/2170 1427/2336/2180 1433/2327/2171
f 1433/2327/2171 1427/2336/2180 1432/2337/2181
f 1433/2327/2171 1432/2337/2181 1438/2328/2172
f 1438/2328/2172 1432/2337/2181 1437/2338/2182
f 1438/2328/2172 1437/2338/2182 1443/2329/2173
f 1443/2329/2173 1437/2338/2182 1442/2339/2183
f 1443/2329/2173 1442/2339/2183 1448/2330/2174
f 1448/2330/2174 1442/2339/2183 1447/2340/2184
f 1448/2330/2174 1447/2340/2184 1453/2331/2175
f 1453/2331/2175 1447/2340/2184 1452/2341/2185
f 1453/2331/2175 1452/2341/2185 1458/2332/2176
f 1458/2332/2176 1452/2341/2185 1457/2342/2186
f 1458/2332/2176 1457/2342/2186 1463/2333/2177
f 1463/2333/2177 1457/2342/2186 1462/2343/2187
f 1463/2333/2177 1462/2343/2187 1468/2306/2154
f 1468/2306/2154 1462/2343/2187 1467/2308/2155
f 1397/2334/2178 1398/2344/2188 1422/2335/2179
f 1422/2335/2179 1398/2344/2188 1421/2345/2189
f 1422/2335/2179 1421/2345/2189 1427/2336/2180
f 1427/2336/2180 1421/2345/2189 1426/2346/2190
f 1427/2336/2180 1426/2346/2190 1432/2337/2181
f 1432/2337/2181 1426/2346/2190 1431/2347/2191
f 1432/2337/2181 1431/2347/2191 1437/2338/2182
f 1437/2338/2182 1431/2347/2191 1436/2348/2192
f 1437/2338/2182 1436/2348/2192 1442/2339/2183
f 1442/2339/2183 1436/2348/2192 1441/2349/2193
f 1442/2339/2183 1441/2349/2193 1447/2340/2184
f 1447/2340/2184 1441/2349/2193 1446/2350/2194
f 1447/2340/2184 1446/2350/2194 1452/2341/2185
f 1452/2341/2185 1446/2350/2194 1451/2351/2195
f 1452/2341/2185 1451/2351/2195 1457/2342/2186
f 1457/2342/2186 1451/2351/2195 1456/2352/2196
f 1457/2342/2186 1456/2352/2196 1462/2343/2187
f 1462/2343/2187 1456/2352/2196 1461/2353/2197
f 1462/2343/2187 1461/2353/2197 1467/2308/2155
f 1467/2308/2155 1461/2353/2197 1466/2310/2156
f 1399/2354/2198 1400/2355/2199 1398/2344/2188
f 1398/2344/2188 1400/2355/2199 1421/2345/2189
f 1400/2355/2199 1401/2356/2200 1421/2345/2189
f 1421/2345/2189 1401/2356/2200 1426/2346/2190
f 1401/2356/2200 1402/2357/2201 1426/2346/2190
f 1426/2346/2190 1402/2357/2201 1431/2347/2191
f 1402/2357/2201 1403/2358/2202 1431/2347/2191
f 1431/2347/2191 1403/2358/2202 1436/2348/2192
f 1403/2358/2202 1404/2359/2203 1436/2348/2192
f 1436/2348/2192 1404/2359/2203 1441/2349/2193
f 1404/2359/2203 1405/2360/2204 1441/2349/2193
f 1441/2349/2193 1405/2360/2204 1446/2350/2194
f 1405/2360/2204 1406/2361/2205 1446/2350/2194
f 1446/2350/2194 1406/2361/2205 1451/2351/2195
f 1406/2361/2205 1407/2362/2206 1451/2351/2195
f 1451/2351/2195 1407/2362/2206 1456/2352/2196
f 1407/2362/2206 1408/2363/2207 1456/2352/2196
f 1456/2352/2196 1408/2363/2207 1461/2353/2197
f 1408/2363/2207 1409/2364/2208 1461/2353/2197
f 1461/2353/2197 1409/2364/2208 1466/2310/2156
f 1409/2364/2208 1410/2312/2157 1466/2310/2156
f 1472/2365/2209 1478/2366/2210 1471/2367/2211
f 1471/2367/2211 1478/2366/2210 1479/2368/2212
f 1471/2367/2211 1479/2368/2212 1480/2369/2213
f 1480/2369/2213 1479/2368/2212 1491/2370/2214
f 1480/2369/2213 1491/2370/2214 1492/2371/2215
f 1492/2371/2215 1491/2370/2214 1503/2372/2216
f 1492/2371/2215 1503/2372/2216 1504/2373/2217
f 1504/2373/2217 1503/2372/2216 1515/2374/2218
f 1504/2373/2217 1515/2374/2218 1516/2375/2219
f 1516/2375/2219 1515/2374/2218 1527/2376/2220
f 1516/2375/2219 1527/2376/2220 1528/2377/2221
f 1528/2377/2221 1527/2376/2220 1399/2378/2198
f 1528/2377/2221 1399/2378/2198 1529/2379/2222
f 1529/2379/2222 1399/2378/2198 1530/2380/2223
f 1529/2379/2222 1530/2380/2223 1518/2381/2224
f 1518/2381/2224 1530/2380/2223 1519/2382/2225
f 1518/2381/2224 1519/2382/2225 1507/2383/2226
f 1507/2383/2226 1519/2382/2225 1508/2384/2227
f 1507/2383/2226 1508/2384/2227 1496/2385/2228
f 1496/2385/2228 1508/2384/2227 1497/2386/2229
f 1496/2385/2228 1497/2386/2229 1485/2387/2230
f 1485/2387/2230 1497/2386/2229 1486/2388/2231
f 1485/2387/2230 1486/2388/2231 1393/2389/2131
f 1393/2389/2131 1486/2388/2231 1487/2390/2232
f 1393/2389/2131 1487/2390/2232 1488/2391/2233
f 1488/2391/2233 1487/2390/2232 1499/2392/2234
f 1488/2391/2233 1499/2392/2234 1395/2393/2158
f 1395/2393/2158 1499/2392/2234 1396/2394/2168
f 1396/2394/2168 1499/2392/2234 1510/2395/2235
f 1396/2394/2168 1510/2395/2235 1397/2396/2178
f 1397/2396/2178 1510/2395/2235 1521/2397/2236
f 1397/2396/2178 1521/2397/2236 1398/2398/2188
f 1398/2398/2188 1521/2397/2236 1532/2399/2237
f 1398/2398/2188 1532/2399/2237 1399/2378/2198
f 1399/2378/2198 1532/2399/2237 1531/2400/2238
f 1399/2378/2198 1531/2400/2238 1530/2380/2223
f 1530/2380/2223 1531/2400/2238 1519/2382/2225
f 1478/2366/2210 1472/2365/2209 1489/2401/2239
f 1489/2401/2239 1472/2365/2209 1473/2402/2240
f 1489/2401/2239 1473/2402/2240 1500/2403/2241
f 1500/2403/2241 1473/2402/2240 1474/2404/2242
f 1500/2403/2241 1474/2404/2242 1511/2405/2243
f 1511/2405/2243 1474/2404/2242 1475/2406/2244
f 1511/2405/2243 1475/2406/2244 1522/2407/2245
f 1522/2407/2245 1475/2406/2244 1476/2408/2246
f 1522/2407/2245 1476/2408/2246 1477/2409/2247
f 1399/2378/2198 1527/2376/2220 1477/2409/2247
f 1477/2409/2247 1527/2376/2220 1526/2410/2248
f 1477/2409/2247 1526/2410/2248 1525/2411/2249
f 1525/2411/2249 1526/2410/2248 1514/2412/2250
f 1525/2411/2249 1514/2412/2250 1513/2413/2251
f 1513/2413/2251 1514/2412/2250 1502/2414/2252
f 1513/2413/2251 1502/2414/2252 1501/2415/2253
f 1501/2415/2253 1502/2414/2252 1490/2416/2254
f 1501/2415/2253 1490/2416/2254 1489/2401/2239
f 1489/2401/2239 1490/2416/2254 1478/2366/2210
f 1395/2393/2158 1394/2417/2132 1488/2391/2233
f 1488/2391/2233 1394/2417/2132 1393/2389/2131
f 1471/2367/2211 1483/2418/2255 1393/2389/2131
f 1393/2389/2131 1483/2418/2255 1484/2419/2256
f 1393/2389/2131 1484/2419/2256 1485/2387/2230
f 1485/2387/2230 1484/2419/2256 1496/2385/2228
f 1491/2370/2214 1479/2368/2212 1490/2416/2254
f 1490/2416/2254 1479/2368/2212 1478/2366/2210
f 1480/2369/2213 1481/2420/2257 1471/2367/2211
f 1471/2367/2211 1481/2420/2257 1482/2421/2258
f 1471/2367/2211 1482/2421/2258 1483/2418/2255
f 1483/2418/2255 1482/2421/2258 1494/2422/2259
f 1483/2418/2255 1494/2422/2259 1495/2423/2260
f 1495/2423/2260 1494/2422/2259 1506/2424/2261
f 1495/2423/2260 1506/2424/2261 1507/2383/2226
f 1507/2383/2226 1506/2424/2261 1518/2381/2224
f 1480/2369/2213 1492/2371/2215 1481/2420/2257
f 1481/2420/2257 1492/2371/2215 1493/2425/2262
f 1481/2420/2257 1493/2425/2262 1482/2421/2258
f 1482/2421/2258 1493/2425/2262 1494/2422/2259
f 1496/2385/2228 1484/2419/2256 1495/2423/2260
f 1495/2423/2260 1484/2419/2256 1483/2418/2255
f 1487/2390/2232 1486/2388/2231 1498/2426/2263
f 1498/2426/2263 1486/2388/2231 1497/2386/2229
f 1498/2426/2263 1497/2386/2229 1509/2427/2264
f 1509/2427/2264 1497/2386/2229 1508/2384/2227
f 1509/2427/2264 1508/2384/2227 1520/2428/2265
f 1520/2428/2265 1508/2384/2227 1519/2382/2225
f 1520/2428/2265 1519/2382/2225 1531/2400/2238
f 1501/2415/2253 1489/2401/2239 1500/2403/2241
f 1503/2372/2216 1491/2370/2214 1502/2414/2252
f 1502/2414/2252 1491/2370/2214 1490/2416/2254
f 1492/2371/2215 1504/2373/2217 1493/2425/2262
f 1493/2425/2262 1504/2373/2217 1505/2429/2266
f 1493/2425/2262 1505/2429/2266 1494/2422/2259
f 1494/2422/2259 1505/2429/2266 1506/2424/2261
f 1507/2383/2226 1496/2385/2228 1495/2423/2260
f 1510/2395/2235 1499/2392/2234 1498/2426/2263
f 1498/2426/2263 1499/2392/2234 1487/2390/2232
f 1510/2395/2235 1498/2426/2263 1509/2427/2264
f 1501/2415/2253 1500/2403/2241 1512/2430/2267
f 1512/2430/2267 1500/2403/2241 1511/2405/2243
f 1512/2430/2267 1511/2405/2243 1523/2431/2268
f 1523/2431/2268 1511/2405/2243 1522/2407/2245
f 1523/2431/2268 1522/2407/2245 1477/2409/2247
f 1515/2374/2218 1503/2372/2216 1514/2412/2250
f 1514/2412/2250 1503/2372/2216 1502/2414/2252
f 1504/2373/2217 1516/2375/2219 1505/2429/2266
f 1505/2429/2266 1516/2375/2219 1517/2432/2269
f 1505/2429/2266 1517/2432/2269 1506/2424/2261
f 1506/2424/2261 1517/2432/2269 1518/2381/2224
f 1521/2397/2236 1510/2395/2235 1509/2427/2264
f 1521/2397/2236 1509/2427/2264 1520/2428/2265
f 1501/2415/2253 1512/2430/2267 1513/2413/2251
f 1513/2413/2251 1512/2430/2267 1524/2433/2270
f 1513/2413/2251 1524/2433/2270 1525/2411/2249
f 1525/2411/2249 1524/2433/2270 1477/2409/2247
f 1524/2433/2270 1512/2430/2267 1523/2431/2268
f 1527/2376/2220 1515/2374/2218 1526/2410/2248
f 1526/2410/2248 1515/2374/2218 1514/2412/2250
f 1529/2379/2222 1518/2381/2224 1517/2432/2269
f 1529/2379/2222 1517/2432/2269 1528/2377/2221
f 1528/2377/2221 1517/2432/2269 1516/2375/2219
f 1532/2399/2237 1521/2397/2236 1520/2428/2265
f 1532/2399/2237 1520/2428/2265 1531/2400/2238
f 1477/2409/2247 1524/2433/2270 1523/2431/2268
f 1076/2434/1821 1075/2435/1830 1542/2436/2271
f 1542/2436/2271 1075/2435/1830 1547/2437/2272
f 1542/2436/2271 1547/2437/2272 1541/2438/2273
f 1541/2438/2273 1547/2437/2272 1552/2439/2274
f 1541/2438/2273 1552/2439/2274 1540/2440/2275
f 1540/2440/2275 1552/2439/2274 1557/2441/2276
f 1540/2440/2275 1557/2441/2276 1539/2442/2277
f 1539/2442/2277 1557/2441/2276 1562/2443/2278
f 1539/2442/2277 1562/2443/2278 1538/2444/2279
f 1538/2444/2279 1562/2443/2278 1567/2445/2280
f 1538/2444/2279 1567/2445/2280 1471/2446/2211
f 1471/2446/2211 1567/2445/2280 1472/2447/2209
f 1472/2447/2209 1567/2445/2280 1566/2448/2281
f 1472/2447/2209 1566/2448/2281 1473/2449/2240
f 1473/2449/2240 1566/2448/2281 1565/2450/2282
f 1473/2449/2240 1565/2450/2282 1474/2451/2242
f 1474/2451/2242 1565/2450/2282 1564/2452/2283
f 1474/2451/2242 1564/2452/2283 1475/2453/2244
f 1475/2453/2244 1564/2452/2283 1563/2454/2284
f 1475/2453/2244 1563/2454/2284 1476/2455/2246
f 1476/2455/2246 1563/2454/2284 1537/2456/2285
f 1476/2455/2246 1537/2456/2285 1477/2457/2247
f 1075/2435/1830 1074/2458/1828 1547/2437/2272
f 1547/2437/2272 1074/2458/1828 1546/2459/2286
f 1547/2437/2272 1546/2459/2286 1552/2439/2274
f 1552/2439/2274 1546/2459/2286 1551/2460/2287
f 1552/2439/2274 1551/2460/2287 1557/2441/2276
f 1557/2441/2276 1551/2460/2287 1556/2461/2288
f 1557/2441/2276 1556/2461/2288 1562/2443/2278
f 1562/2443/2278 1556/2461/2288 1561/2462/2289
f 1562/2443/2278 1561/2462/2289 1567/2445/2280
f 1567/2445/2280 1561/2462/2289 1566/2448/2281
f 1074/2458/1828 1073/2463/1826 1546/2459/2286
f 1546/2459/2286 1073/2463/1826 1545/2464/2290
f 1546/2459/2286 1545/2464/2290 1551/2460/2287
f 1551/2460/2287 1545/2464/2290 1550/2465/2291
f 1551/2460/2287 1550/2465/2291 1556/2461/2288
f 1556/2461/2288 1550/2465/2291 1555/2466/2292
f 1556/2461/2288 1555/2466/2292 1561/2462/2289
f 1561/2462/2289 1555/2466/2292 1560/2467/2293
f 1561/2462/2289 1560/2467/2293 1566/2448/2281
f 1566/2448/2281 1560/2467/2293 1565/2450/2282
f 1073/2463/1826 1072/2468/1824 1545/2464/2290
f 1545/2464/2290 1072/2468/1824 1544/2469/2294
f 1545/2464/2290 1544/2469/2294 1550/2465/2291
f 1550/2465/2291 1544/2469/2294 1549/2470/2295
f 1550/2465/2291 1549/2470/2295 1555/2466/2292
f 1555/2466/2292 1549/2470/2295 1554/2471/2296
f 1555/2466/2292 1554/2471/2296 1560/2467/2293
f 1560/2467/2293 1554/2471/2296 1559/2472/2297
f 1560/2467/2293 1559/2472/2297 1565/2450/2282
f 1565/2450/2282 1559/2472/2297 1564/2452/2283
f 1072/2468/1824 1071/2473/1808 1544/2469/2294
f 1544/2469/2294 1071/2473/1808 1543/2474/2298
f 1544/2469/2294 1543/2474/2298 1549/2470/2295
f 1549/2470/2295 1543/2474/2298 1548/2475/2299
f 1549/2470/2295 1548/2475/2299 1554/2471/2296
f 1554/2471/2296 1548/2475/2299 1553/2476/2300
f 1554/2471/2296 1553/2476/2300 1559/2472/2297
f 1559/2472/2297 1553/2476/2300 1558/2477/2301
f 1559/2472/2297 1558/2477/2301 1564/2452/2283
f 1564/2452/2283 1558/2477/2301 1563/2454/2284
f 1071/2473/1808 1070/2478/1810 1543/2474/2298
f 1543/2474/2298 1070/2478/1810 1533/2479/2302
f 1543/2474/2298 1533/2479/2302 1548/2475/2299
f 1548/2475/2299 1533/2479/2302 1534/2480/2303
f 1548/2475/2299 1534/2480/2303 1553/2476/2300
f 1553/2476/2300 1534/2480/2303 1535/2481/2304
f 1553/2476/2300 1535/2481/2304 1558/2477/2301
f 1558/2477/2301 1535/2481/2304 1536/2482/2305
f 1558/2477/2301 1536/2482/2305 1563/2454/2284
f 1563/2454/2284 1536/2482/2305 1537/2456/2285
f 205/2483/2306 1337/2484/2107 206/2485/2307
f 206/2485/2307 1337/2484/2107 1410/2486/2157
f 206/2485/2307 1410/2486/2157 1409/2487/2208
f 206/2485/2307 1409/2487/2208 207/2488/2308
f 207/2488/2308 1409/2487/2208 1408/2489/2207
f 207/2488/2308 1408/2489/2207 208/2490/2309
f 208/2490/2309 1408/2489/2207 1407/2491/2206
f 208/2490/2309 1407/2491/2206 209/2492/2310
f 209/2492/2310 1407/2491/2206 1406/2493/2205
f 209/2492/2310 1406/2493/2205 210/2494/2311
f 210/2494/2311 1406/2493/2205 1405/2495/2204
f 210/2494/2311 1405/2495/2204 211/2496/2312
f 211/2496/2312 1405/2495/2204 1404/2497/2203
f 211/2496/2312 1404/2497/2203 212/2498/2313
f 212/2498/2313 1404/2497/2203 1403/2499/2202
f 212/2498/2313 1403/2499/2202 213/2500/2314
f 213/2500/2314 1403/2499/2202 1402/2501/2201
f 213/2500/2314 1402/2501/2201 214/2502/2315
f 214/2502/2315 1402/2501/2201 1401/2503/2200
f 214/2502/2315 1401/2503/2200 215/2504/2316
f 215/2504/2316 1401/2503/2200 1400/2505/2199
f 215/2504/2316 1400/2505/2199 216/2506/2317
f 216/2506/2317 1400/2505/2199 217/2507/2318
f 217/2507/2318 1400/2505/2199 1399/2508/2198
f 1399/2509/2198 1477/2510/2247 217/2511/2318
f 217/2511/2318 1477/2510/2247 218/2512/2319
f 218/2513/2319 1477/2514/2247 219/2515/2320
f 219/2515/2320 1477/2514/2247 1537/2516/2285
f 219/2515/2320 1537/2516/2285 220/2517/2321
f 220/2517/2321 1537/2516/2285 1536/2518/2305
f 220/2517/2321 1536/2518/2305 221/2519/2322
f 221/2519/2322 1536/2518/2305 1535/2520/2304
f 221/2519/2322 1535/2520/2304 222/2521/2323
f 222/2521/2323 1535/2520/2304 1534/2522/2303
f 222/2521/2323 1534/2522/2303 223/2523/2324
f 223/2523/2324 1534/2522/2303 1533/2524/2302
f 223/2523/2324 1533/2524/2302 224/2525/2325
f 224/2525/2325 1533/2524/2302 1070/2526/1810
f 1070/2527/1810 1083/2528/1843 224/2529/2325
f 224/2529/2325 1083/2528/1843 225/2530/2326
f 1569/2531/2327 1471/2532/2211 1568/2533/2328
f 1568/2533/2328 1471/2532/2211 1393/2534/2131
f 1568/2533/2328 1393/2534/2131 1598/2535/2329
f 1598/2535/2329 1393/2534/2131 1597/2536/2330
f 1597/2536/2330 1393/2534/2131 1420/2537/2133
f 1597/2536/2330 1420/2537/2133 1596/2538/2331
f 1596/2538/2331 1420/2537/2133 1419/2539/2135
f 1596/2538/2331 1419/2539/2135 1595/2540/2332
f 1595/2540/2332 1419/2539/2135 1418/2541/2137
f 1595/2540/2332 1418/2541/2137 1417/2542/2139
f 1569/2531/2327 1570/2543/2333 1471/2532/2211
f 1471/2532/2211 1570/2543/2333 1538/2544/2279
f 1538/2544/2279 1570/2543/2333 1571/2545/2334
f 1538/2544/2279 1571/2545/2334 1539/2546/2277
f 1539/2546/2277 1571/2545/2334 1572/2547/2335
f 1539/2546/2277 1572/2547/2335 1540/2548/2275
f 1540/2548/2275 1572/2547/2335 1573/2549/2336
f 1540/2548/2275 1573/2549/2336 1541/2550/2273
f 1541/2550/2273 1573/2549/2336 1574/2551/2337
f 1541/2550/2273 1574/2551/2337 1542/2552/2271
f 1542/2552/2271 1574/2551/2337 683/2553/2338
f 1542/2552/2271 683/2553/2338 1076/2554/1821
f 1076/2554/1821 683/2553/2338 682/2555/2339
f 1076/2554/1821 682/2555/2339 1077/2556/1822
f 1077/2556/1822 682/2555/2339 1161/2557/1897
f 1161/2557/1897 682/2555/2339 689/2558/2340
f 1161/2557/1897 689/2558/2340 1162/2559/1895
f 1162/2559/1895 689/2558/2340 688/2560/2341
f 1162/2559/1895 688/2560/2341 1163/2561/1893
f 1163/2561/1893 688/2560/2341 687/2562/2342
f 1163/2561/1893 687/2562/2342 1164/2563/1891
f 1164/2563/1891 687/2562/2342 686/2564/2343
f 1164/2563/1891 686/2564/2343 1165/2565/1889
f 1165/2565/1889 686/2564/2343 685/2566/2344
f 1165/2565/1889 685/2566/2344 1149/2567/1887
f 1149/2567/1887 685/2566/2344 684/2568/2345
f 1149/2567/1887 684/2568/2345 695/2569/2346
f 1149/2567/1887 695/2569/2346 1191/2570/1931
f 1191/2570/1931 695/2569/2346 1575/2571/2347
f 1191/2570/1931 1575/2571/2347 1576/2572/2348
f 1191/2570/1931 1576/2572/2348 1271/2573/2011
f 1271/2573/2011 1576/2572/2348 1577/2574/2349
f 1271/2573/2011 1577/2574/2349 1272/2575/2009
f 1272/2575/2009 1577/2574/2349 1578/2576/2350
f 1272/2575/2009 1578/2576/2350 1273/2577/2007
f 1273/2577/2007 1578/2576/2350 1274/2578/2005
f 1274/2578/2005 1578/2576/2350 1579/2579/2351
f 1274/2578/2005 1579/2579/2351 1275/2580/2003
f 1275/2580/2003 1579/2579/2351 1580/2581/2352
f 1275/2580/2003 1580/2581/2352 1276/2582/2001
f 1276/2582/2001 1580/2581/2352 1581/2583/2353
f 1276/2582/2001 1581/2583/2353 1277/2584/1999
f 1277/2584/1999 1581/2583/2353 1582/2585/2354
f 1277/2584/1999 1582/2585/2354 1278/2586/1997
f 1278/2586/1997 1582/2585/2354 1583/2587/2355
f 1278/2586/1997 1583/2587/2355 1279/2588/1995
f 1279/2588/1995 1583/2587/2355 1280/2589/1993
f 1280/2589/1993 1583/2587/2355 1584/2590/2356
f 1280/2589/1993 1584/2590/2356 1253/2591/1991
f 1253/2591/1991 1584/2590/2356 1585/2592/2357
f 1253/2591/1991 1585/2592/2357 1586/2593/2358
f 1586/2593/2358 1587/2594/2359 1253/2591/1991
f 1253/2591/1991 1587/2594/2359 1331/2595/2071
f 1331/2595/2071 1587/2594/2359 1588/2596/2360
f 1331/2595/2071 1588/2596/2360 1589/2597/2361
f 1331/2595/2071 1589/2597/2361 1411/2598/2151
f 1411/2598/2151 1589/2597/2361 1590/2599/2362
f 1411/2598/2151 1590/2599/2362 1412/2600/2149
f 1412/2600/2149 1590/2599/2362 1413/2601/2147
f 1413/2601/2147 1590/2599/2362 1591/2602/2363
f 1413/2601/2147 1591/2602/2363 1414/2603/2145
f 1414/2603/2145 1591/2602/2363 1592/2604/2364
f 1414/2603/2145 1592/2604/2364 1415/2605/2143
f 1415/2605/2143 1592/2604/2364 1593/2606/2365
f 1415/2605/2143 1593/2606/2365 1416/2607/2141
f 1416/2607/2141 1593/2606/2365 1594/2608/2366
f 1416/2607/2141 1594/2608/2366 1417/2542/2139
f 1417/2542/2139 1594/2608/2366 1595/2540/2332
f 1587/2609/2367 1586/2610/2368 619/2611/2369
f 619/2611/2369 1586/2610/2368 620/2612/2370
f 347/2613/2371 250/2614/2372 348/2615/2373
f 348/2615/2373 250/2614/2372 249/2616/2374
f 347/2617/2375 346/2618/2376 250/2619/2377
f 250/2619/2377 346/2618/2376 251/2620/2378
f 390/2621/2379 256/2622/2380 391/2623/2381
f 391/2623/2381 256/2622/2380 255/2624/2382
f 390/2625/2383 317/2626/2384 256/2627/2385
f 256/2627/2385 317/2626/2384 257/2628/2386
f 351/2629/2387 246/2630/2388 315/2631/2389
f 315/2631/2389 246/2630/2388 245/2632/2390
f 351/2633/2391 350/2634/2392 246/2635/2393
f 246/2635/2393 350/2634/2392 247/2636/2394
f 349/2637/2395 248/2638/2396 350/2639/2397
f 350/2639/2397 248/2638/2396 247/2640/2398
f 249/2641/2399 248/2642/2400 348/2643/2401
f 348/2643/2401 248/2642/2400 349/2644/2402
f 345/2645/2403 252/2646/2404 346/2647/2405
f 346/2647/2405 252/2646/2404 251/2648/2406
f 190/2649/2407 393/2650/2408 163/2651/245
f 163/2651/245 393/2650/2408 191/2652/244
f 191/2652/244 393/2650/2408 345/2653/2409
f 191/2652/244 345/2653/2409 1569/2654/2410
f 1569/2654/2410 345/2653/2409 344/2655/2411
f 393/2650/2408 253/2656/2412 345/2653/2409
f 345/2653/2409 253/2656/2412 252/2657/2413
f 1569/2654/2410 1568/2658/2414 191/2652/244
f 191/2652/244 1568/2658/2414 607/2659/2415
f 392/2660/2416 254/2661/2417 393/2662/2418
f 393/2662/2418 254/2661/2417 253/2663/2419
f 255/2664/2420 254/2665/2421 391/2666/2422
f 391/2666/2422 254/2665/2421 392/2667/2423
f 1574/2668/2424 1599/2669/2425 683/2670/1076
f 683/2670/1076 1599/2669/2425 1600/2671/2426
f 683/2670/1076 1600/2671/2426 338/2672/1075
f 338/2672/1075 1600/2671/2426 339/2673/2427
f 339/2673/2427 1600/2671/2426 340/2674/2428
f 340/2674/2428 1600/2671/2426 1602/2675/2429
f 340/2674/2428 1602/2675/2429 341/2676/2430
f 341/2676/2430 1602/2675/2429 1604/2677/2431
f 341/2676/2430 1604/2677/2431 342/2678/2432
f 342/2678/2432 1604/2677/2431 1606/2679/2433
f 342/2678/2432 1606/2679/2433 343/2680/2434
f 343/2680/2434 1606/2679/2433 1608/2681/2435
f 343/2680/2434 1608/2681/2435 344/2682/2411
f 344/2682/2411 1608/2681/2435 1607/2683/2436
f 344/2682/2411 1607/2683/2436 1569/2684/2410
f 1569/2684/2410 1607/2683/2436 1570/2685/2437
f 1570/2685/2437 1607/2683/2436 1571/2686/2438
f 1571/2686/2438 1607/2683/2436 1605/2687/2439
f 1571/2686/2438 1605/2687/2439 1572/2688/2440
f 1572/2688/2440 1605/2687/2439 1603/2689/2441
f 1572/2688/2440 1603/2689/2441 1573/2690/2442
f 1573/2690/2442 1603/2689/2441 1601/2691/2443
f 1573/2690/2442 1601/2691/2443 1574/2668/2424
f 1574/2668/2424 1601/2691/2443 1599/2669/2425
f 1602/2675/2429 1600/2671/2426 1599/2669/2425
f 1602/2675/2429 1599/2669/2425 1601/2691/2443
f 1604/2677/2431 1602/2675/2429 1601/2691/2443
f 1604/2677/2431 1601/2691/2443 1603/2689/2441
f 1606/2679/2433 1604/2677/2431 1603/2689/2441
f 1606/2679/2433 1603/2689/2441 1605/2687/2439
f 1608/2681/2435 1606/2679/2433 1605/2687/2439
f 1608/2681/2435 1605/2687/2439 1607/2683/2436
f 375/2692/2444 1632/2693/2445 352/2694/2446
f 352/2694/2446 1632/2693/2445 1609/2695/2447
f 352/2696/2446 1609/2697/2447 353/2698/2448
f 353/2698/2448 1609/2697/2447 1610/2699/2449
f 353/2698/2448 1610/2699/2449 354/2700/2450
f 354/2700/2450 1610/2699/2449 1611/2701/2451
f 354/2700/2450 1611/2701/2451 355/2702/2452
f 355/2702/2452 1611/2701/2451 1612/2703/2453
f 355/2702/2452 1612/2703/2453 356/2704/2454
f 356/2704/2454 1612/2703/2453 1613/2705/2455
f 356/2704/2454 1613/2705/2455 357/2706/2456
f 357/2706/2456 1613/2705/2455 1614/2707/2457
f 357/2706/2456 1614/2707/2457 358/2708/2458
f 358/2708/2458 1614/2707/2457 1615/2709/2459
f 358/2708/2458 1615/2709/2459 359/2710/2460
f 359/2710/2460 1615/2709/2459 1616/2711/2461
f 359/2710/2460 1616/2711/2461 360/2712/2462
f 360/2712/2462 1616/2711/2461 1617/2713/2463
f 360/2712/2462 1617/2713/2463 361/2714/2464
f 361/2714/2464 1617/2713/2463 1618/2715/2465
f 361/2714/2464 1618/2715/2465 362/2716/2466
f 362/2716/2466 1618/2715/2465 1619/2717/2467
f 362/2716/2466 1619/2717/2467 363/2718/2468
f 363/2718/2468 1619/2717/2467 1620/2719/2469
f 363/2718/2468 1620/2719/2469 364/2720/2470
f 364/2720/2470 1620/2719/2469 1621/2721/2471
f 364/2720/2470 1621/2721/2471 365/2722/2472
f 365/2722/2472 1621/2721/2471 1622/2723/2473
f 365/2722/2472 1622/2723/2473 366/2724/2474
f 366/2724/2474 1622/2723/2473 1623/2725/2475
f 366/2724/2474 1623/2725/2475 367/2726/2476
f 367/2726/2476 1623/2725/2475 1624/2727/2477
f 367/2726/2476 1624/2727/2477 368/2728/2478
f 368/2728/2478 1624/2727/2477 1625/2729/2479
f 368/2728/2478 1625/2729/2479 369/2730/2480
f 369/2730/2480 1625/2729/2479 1626/2731/2481
f 369/2730/2480 1626/2731/2481 370/2732/2482
f 370/2732/2482 1626/2731/2481 1627/2733/2483
f 370/2732/2482 1627/2733/2483 371/2734/2484
f 371/2734/2484 1627/2733/2483 1628/2735/2485
f 371/2734/2484 1628/2735/2485 372/2736/2486
f 372/2736/2486 1628/2735/2485 1629/2737/2487
f 372/2736/2486 1629/2737/2487 373/2738/2488
f 373/2738/2488 1629/2737/2487 1630/2739/2489
f 373/2738/2488 1630/2739/2489 374/2740/2490
f 374/2740/2490 1630/2739/2489 1631/2741/2491
f 374/2740/2490 1631/2741/2491 375/2692/2444
f 375/2692/2444 1631/2741/2491 1632/2693/2445
f 1632/2742/2492 1622/2743/2493 1609/2744/2494
f 1609/2744/2494 1622/2743/2493 1621/2745/2495
f 1609/2744/2494 1621/2745/2495 1610/2746/2496
f 1610/2746/2496 1621/2745/2495 1620/2747/2497
f 1610/2746/2496 1620/2747/2497 1611/2748/2498
f 1611/2748/2498 1620/2747/2497 1619/2749/2499
f 1611/2748/2498 1619/2749/2499 1612/2750/2500
f 1612/2750/2500 1619/2749/2499 1618/2751/2501
f 1612/2750/2500 1618/2751/2501 1613/2752/2502
f 1613/2752/2502 1618/2751/2501 1617/2753/2503
f 1613/2752/2502 1617/2753/2503 1614/2754/2504
f 1614/2754/2504 1617/2753/2503 1616/2755/2505
f 1614/2754/2504 1616/2755/2505 1615/2756/2506
f 1622/2743/2493 1632/2742/2492 1623/2757/2507
f 1623/2757/2507 1632/2742/2492 1631/2758/2508
f 1623/2757/2507 1631/2758/2508 1624/2759/2509
f 1624/2759/2509 1631/2758/2508 1630/2760/2510
f 1624/2759/2509 1630/2760/2510 1625/2761/2511
f 1625/2761/2511 1630/2760/2510 1629/2762/2512
f 1625/2761/2511 1629/2762/2512 1626/2763/2513
f 1626/2763/2513 1629/2762/2512 1628/2764/2514
f 1626/2763/2513 1628/2764/2514 1627/2765/2515
f 232/2766/2516 1197/2767/1967 233/2768/2517
f 233/2768/2517 1197/2767/1967 1270/2769/2017
f 233/2768/2517 1270/2769/2017 1269/2770/2068
f 233/2768/2517 1269/2770/2068 234/2771/2518
f 234/2771/2518 1269/2770/2068 1268/2772/2067
f 234/2771/2518 1268/2772/2067 235/2773/2519
f 235/2773/2519 1268/2772/2067 1267/2774/2066
f 235/2773/2519 1267/2774/2066 236/2775/2520
f 236/2775/2520 1267/2774/2066 1266/2776/2065
f 236/2775/2520 1266/2776/2065 237/2777/2521
f 237/2777/2521 1266/2776/2065 1265/2778/2064
f 237/2777/2521 1265/2778/2064 238/2779/2522
f 238/2779/2522 1265/2778/2064 1264/2780/2063
f 238/2779/2522 1264/2780/2063 239/2781/2523
f 239/2781/2523 1264/2780/2063 1263/2782/2062
f 239/2781/2523 1263/2782/2062 240/2783/2524
f 240/2783/2524 1263/2782/2062 1262/2784/2061
f 240/2783/2524 1262/2784/2061 241/2785/2525
f 241/2785/2525 1262/2784/2061 1261/2786/2060
f 241/2785/2525 1261/2786/2060 242/2787/2526
f 242/2787/2526 1261/2786/2060 1260/2788/2059
f 242/2787/2526 1260/2788/2059 243/2789/2527
f 243/2789/2527 1260/2788/2059 244/2790/2528
f 244/2790/2528 1260/2788/2059 1259/2791/2058
f 1155/2792/1924 1197/2793/1967 231/2794/2529
f 231/2794/2529 1197/2793/1967 232/2795/2516
f 225/2796/2326 1083/2797/1843 226/2798/2530
f 226/2798/2530 1083/2797/1843 1160/2799/1903
f 226/2798/2530 1160/2799/1903 227/2800/2531
f 227/2800/2531 1160/2799/1903 1159/2801/1928
f 227/2800/2531 1159/2801/1928 228/2802/2532
f 228/2802/2532 1159/2801/1928 1158/2803/1927
f 228/2802/2532 1158/2803/1927 229/2804/2533
f 229/2804/2533 1158/2803/1927 1157/2805/1926
f 229/2804/2533 1157/2805/1926 230/2806/2534
f 230/2806/2534 1157/2805/1926 1156/2807/1925
f 230/2806/2534 1156/2807/1925 231/2808/2529
f 231/2808/2529 1156/2807/1925 1155/2809/1924
f 1259/2810/2058 1337/2811/2107 244/2812/2528
f 244/2812/2528 1337/2811/2107 205/2813/2306
f 1636/2814/2535 845/2815/2536 543/2816/2537
f 543/2816/2537 845/2815/2536 844/2817/2538
f 543/2816/2537 844/2817/2538 544/2818/2539
f 544/2818/2539 844/2817/2538 843/2819/2540
f 544/2818/2539 843/2819/2540 545/2820/2541
f 545/2820/2541 843/2819/2540 842/2821/2542
f 545/2820/2541 842/2821/2542 546/2822/2543
f 546/2822/2543 842/2821/2542 841/2823/2544
f 546/2822/2543 841/2823/2544 547/2824/2545
f 547/2824/2545 841/2823/2544 840/2825/2546
f 547/2824/2545 840/2825/2546 548/2826/2547
f 548/2826/2547 840/2825/2546 839/2827/2548
f 548/2826/2547 839/2827/2548 549/2828/2549
f 549/2828/2549 839/2827/2548 838/2829/2550
f 549/2828/2549 838/2829/2550 550/2830/2551
f 550/2830/2551 838/2829/2550 551/2831/2552
f 551/2831/2552 838/2829/2550 837/2832/2553
f 551/2831/2552 837/2832/2553 552/2833/2554
f 552/2833/2554 837/2832/2553 836/2834/2555
f 552/2833/2554 836/2834/2555 553/2835/2556
f 553/2835/2556 836/2834/2555 835/2836/2557
f 553/2835/2556 835/2836/2557 554/2837/2558
f 554/2837/2558 835/2836/2557 834/2838/2559
f 554/2837/2558 834/2838/2559 555/2839/2560
f 555/2839/2560 834/2838/2559 833/2840/2561
f 555/2839/2560 833/2840/2561 556/2841/2562
f 556/2841/2562 833/2840/2561 832/2842/2563
f 556/2841/2562 832/2842/2563 557/2843/2564
f 557/2843/2564 832/2842/2563 831/2844/2565
f 557/2843/2564 831/2844/2565 1053/2845/2566
f 1053/2845/2566 1052/2846/2567 557/2843/2564
f 557/2843/2564 1052/2846/2567 558/2847/2568
f 558/2847/2568 1052/2846/2567 1051/2848/2569
f 558/2847/2568 1051/2848/2569 1050/2849/2570
f 543/2816/2537 542/2850/2571 1636/2814/2535
f 1636/2814/2535 542/2850/2571 1635/2851/2572
f 1635/2851/2572 542/2850/2571 1634/2852/2573
f 1634/2852/2573 542/2850/2571 1633/2853/2574
f 150/2854/2575 574/2855/2576 151/2856/2577
f 151/2856/2577 574/2855/2576 720/2857/2578
f 720/2857/2578 574/2855/2576 573/2858/2579
f 720/2857/2578 573/2858/2579 721/2859/2580
f 721/2859/2580 573/2858/2579 572/2860/2581
f 721/2859/2580 572/2860/2581 722/2861/2582
f 722/2861/2582 572/2860/2581 571/2862/2583
f 722/2861/2582 571/2862/2583 723/2863/2584
f 723/2863/2584 571/2862/2583 570/2864/2585
f 723/2863/2584 570/2864/2585 724/2865/2586
f 724/2865/2586 570/2864/2585 569/2866/2587
f 724/2865/2586 569/2866/2587 725/2867/2588
f 725/2867/2588 569/2866/2587 568/2868/2589
f 725/2867/2588 568/2868/2589 726/2869/2590
f 726/2869/2590 568/2868/2589 567/2870/2591
f 726/2869/2590 567/2870/2591 727/2871/2592
f 727/2871/2592 567/2870/2591 566/2872/2593
f 727/2871/2592 566/2872/2593 728/2873/2594
f 728/2873/2594 566/2872/2593 565/2874/2595
f 728/2873/2594 565/2874/2595 729/2875/2596
f 729/2875/2596 565/2874/2595 564/2876/2597
f 729/2875/2596 564/2876/2597 730/2877/2598
f 730/2877/2598 564/2876/2597 563/2878/2599
f 730/2877/2598 563/2878/2599 731/2879/2600
f 731/2879/2600 563/2878/2599 562/2880/2601
f 731/2879/2600 562/2880/2601 732/2881/2602
f 732/2881/2602 562/2880/2601 561/2882/2603
f 732/2881/2602 561/2882/2603 733/2883/2604
f 733/2883/2604 561/2882/2603 560/2884/2605
f 733/2883/2604 560/2884/2605 734/2885/2606
f 734/2885/2606 560/2884/2605 1046/2886/2607
f 1046/2886/2607 560/2884/2605 559/2887/2608
f 1046/2886/2607 559/2887/2608 1047/2888/2609
f 1047/2888/2609 559/2887/2608 1048/2889/2610
f 1048/2889/2610 559/2887/2608 1049/2890/2611
f 157/2891/2612 156/2892/2613 594/2893/2614
f 594/2893/2614 156/2892/2613 897/2894/2615
f 594/2893/2614 897/2894/2615 595/2895/2616
f 595/2895/2616 897/2894/2615 896/2896/2617
f 595/2895/2616 896/2896/2617 596/2897/2618
f 596/2897/2618 896/2896/2617 895/2898/2619
f 596/2897/2618 895/2898/2619 597/2899/2620
f 597/2899/2620 895/2898/2619 894/2900/2621
f 597/2899/2620 894/2900/2621 598/2901/2622
f 598/2901/2622 894/2900/2621 893/2902/2623
f 598/2901/2622 893/2902/2623 599/2903/2624
f 599/2903/2624 893/2902/2623 892/2904/2625
f 599/2903/2624 892/2904/2625 600/2905/2626
f 600/2905/2626 892/2904/2625 891/2906/2627
f 600/2905/2626 891/2906/2627 601/2907/2628
f 601/2907/2628 891/2906/2627 890/2908/2629
f 601/2907/2628 890/2908/2629 602/2909/2630
f 602/2909/2630 890/2908/2629 889/2910/2631
f 602/2909/2630 889/2910/2631 603/2911/2632
f 603/2911/2632 889/2910/2631 888/2912/2633
f 603/2911/2632 888/2912/2633 604/2913/2634
f 604/2913/2634 888/2912/2633 887/2914/2635
f 604/2913/2634 887/2914/2635 605/2915/2636
f 605/2915/2636 887/2914/2635 886/2916/2637
f 885/2917/2638 1637/2918/2639 886/2919/2637
f 886/2919/2637 1637/2918/2639 1638/2920/2640
f 886/2919/2637 1638/2920/2640 1639/2921/2641
f 606/2922/2642 605/2923/2636 1639/2921/2641
f 1639/2921/2641 605/2923/2636 886/2919/2637
f 1637/2924/2643 885/2925/2644 1640/2926/2645
f 1640/2926/2645 885/2925/2644 388/2927/2646
f 1640/2926/2645 388/2927/2646 387/2928/2647
f 1640/2926/2645 387/2928/2647 1641/2929/2648
f 1641/2929/2648 387/2928/2647 386/2930/2649
f 1641/2929/2648 386/2930/2649 385/2931/2650
f 385/2931/2650 1639/2932/2651 1641/2929/2648
f 1641/2929/2648 1639/2932/2651 1638/2933/2652
f 1641/2929/2648 1638/2933/2652 1640/2926/2645
f 1640/2926/2645 1638/2933/2652 1637/2924/2643
f 376/2934/2653 262/2935/2654 883/2936/2655
f 883/2936/2655 262/2935/2654 261/2937/2656
f 884/2938/2657 260/2939/2658 389/2940/2659
f 389/2940/2659 260/2939/2658 259/2941/2660
f 261/2942/2661 260/2943/2662 883/2944/2663
f 883/2944/2663 260/2943/2662 884/2945/2664
f 868/2946/2665 867/2947/2666 1657/2948/2667
f 1657/2948/2667 867/2947/2666 1658/2949/2668
f 1657/2948/2667 1658/2949/2668 1656/2950/2669
f 1656/2950/2669 1658/2949/2668 1659/2951/2670
f 1656/2950/2669 1659/2951/2670 1655/2952/2671
f 1655/2952/2671 1659/2951/2670 1653/2953/2672
f 1655/2952/2671 1653/2953/2672 1654/2954/2673
f 1658/2949/2668 867/2947/2666 1660/2955/2674
f 1660/2955/2674 867/2947/2666 866/2956/2675
f 1660/2955/2674 866/2956/2675 1662/2957/2676
f 1662/2957/2676 866/2956/2675 865/2958/2677
f 1662/2957/2676 865/2958/2677 1664/2959/2678
f 1664/2959/2678 865/2958/2677 864/2960/2679
f 1664/2959/2678 864/2960/2679 1666/2961/2680
f 1666/2961/2680 864/2960/2679 863/2962/2681
f 1666/2961/2680 863/2962/2681 1668/2963/2682
f 1668/2963/2682 863/2962/2681 862/2964/2683
f 1668/2963/2682 862/2964/2683 1670/2965/2684
f 1670/2965/2684 862/2964/2683 861/2966/2685
f 1670/2965/2684 861/2966/2685 1672/2967/2686
f 1672/2967/2686 861/2966/2685 860/2968/2687
f 1672/2967/2686 860/2968/2687 1674/2969/2688
f 1674/2969/2688 860/2968/2687 859/2970/2689
f 1674/2969/2688 859/2970/2689 1642/2971/2690
f 1642/2971/2690 859/2970/2689 858/2972/2691
f 1642/2971/2690 1643/2973/2692 1674/2969/2688
f 1674/2969/2688 1643/2973/2692 1675/2974/2693
f 1674/2969/2688 1675/2974/2693 1672/2967/2686
f 1672/2967/2686 1675/2974/2693 1673/2975/2694
f 1672/2967/2686 1673/2975/2694 1670/2965/2684
f 1670/2965/2684 1673/2975/2694 1671/2976/2695
f 1670/2965/2684 1671/2976/2695 1668/2963/2682
f 1668/2963/2682 1671/2976/2695 1669/2977/2696
f 1668/2963/2682 1669/2977/2696 1666/2961/2680
f 1666/2961/2680 1669/2977/2696 1667/2978/2697
f 1666/2961/2680 1667/2978/2697 1664/2959/2678
f 1664/2959/2678 1667/2978/2697 1665/2979/2698
f 1664/2959/2678 1665/2979/2698 1662/2957/2676
f 1662/2957/2676 1665/2979/2698 1663/2980/2699
f 1662/2957/2676 1663/2980/2699 1660/2955/2674
f 1660/2955/2674 1663/2980/2699 1661/2981/2700
f 1660/2955/2674 1661/2981/2700 1658/2949/2668
f 1658/2949/2668 1661/2981/2700 1659/2951/2670
f 1643/2973/2692 1644/2982/2701 1675/2974/2693
f 1675/2974/2693 1644/2982/2701 1645/2983/2702
f 1675/2974/2693 1645/2983/2702 1673/2975/2694
f 1673/2975/2694 1645/2983/2702 1646/2984/2703
f 1673/2975/2694 1646/2984/2703 1671/2976/2695
f 1671/2976/2695 1646/2984/2703 1647/2985/2704
f 1671/2976/2695 1647/2985/2704 1669/2977/2696
f 1669/2977/2696 1647/2985/2704 1648/2986/2705
f 1669/2977/2696 1648/2986/2705 1667/2978/2697
f 1667/2978/2697 1648/2986/2705 1649/2987/2706
f 1667/2978/2697 1649/2987/2706 1665/2979/2698
f 1665/2979/2698 1649/2987/2706 1650/2988/2707
f 1665/2979/2698 1650/2988/2707 1663/2980/2699
f 1663/2980/2699 1650/2988/2707 1651/2989/2708
f 1663/2980/2699 1651/2989/2708 1661/2981/2700
f 1661/2981/2700 1651/2989/2708 1652/2990/2709
f 1661/2981/2700 1652/2990/2709 1659/2951/2670
f 1659/2951/2670 1652/2990/2709 1653/2953/2672
f 857/2991/2710 1681/2992/2711 858/2993/2691
f 858/2993/2691 1681/2992/2711 1682/2994/2712
f 858/2993/2691 1682/2994/2712 1683/2995/2713
f 1683/2995/2713 1682/2994/2712 1688/2996/2714
f 1683/2995/2713 1688/2996/2714 1643/2997/2692
f 1643/2997/2692 1688/2996/2714 1644/2998/2701
f 1644/2998/2701 1688/2996/2714 1687/2999/2715
f 1644/2998/2701 1687/2999/2715 1686/3000/2716
f 1686/3000/2716 1687/2999/2715 1681/2992/2711
f 1686/3000/2716 1681/2992/2711 1680/3001/2717
f 1680/3001/2717 1681/2992/2711 857/2991/2710
f 1680/3001/2717 857/2991/2710 1679/3002/2718
f 1679/3002/2718 857/2991/2710 1676/3003/2719
f 1679/3002/2718 1676/3003/2719 1684/3004/2720
f 1684/3004/2720 1676/3003/2719 1677/3005/2721
f 1684/3004/2720 1677/3005/2721 1678/3006/2722
f 1644/2998/2701 1686/3000/2716 1678/3006/2722
f 1678/3006/2722 1686/3000/2716 1685/3007/2723
f 1678/3006/2722 1685/3007/2723 1684/3004/2720
f 1684/3004/2720 1685/3007/2723 1679/3002/2718
f 1643/2997/2692 1642/3008/2690 1683/2995/2713
f 1683/2995/2713 1642/3008/2690 858/2993/2691
f 1686/3000/2716 1680/3001/2717 1685/3007/2723
f 1685/3007/2723 1680/3001/2717 1679/3002/2718
f 1688/2996/2714 1682/2994/2712 1687/2999/2715
f 1687/2999/2715 1682/2994/2712 1681/2992/2711
f 1676/3009/2719 857/3010/2710 1702/3011/2724
f 1702/3011/2724 857/3010/2710 856/3012/2725
f 1702/3011/2724 856/3012/2725 1704/3013/2726
f 1704/3013/2726 856/3012/2725 855/3014/2727
f 1704/3013/2726 855/3014/2727 1706/3015/2728
f 1706/3015/2728 855/3014/2727 854/3016/2729
f 1706/3015/2728 854/3016/2729 1708/3017/2730
f 1708/3017/2730 854/3016/2729 853/3018/2731
f 1708/3017/2730 853/3018/2731 1710/3019/2732
f 1710/3019/2732 853/3018/2731 852/3020/2733
f 1710/3019/2732 852/3020/2733 1712/3021/2734
f 1712/3021/2734 852/3020/2733 851/3022/2735
f 1712/3021/2734 851/3022/2735 1714/3023/2736
f 1714/3023/2736 851/3022/2735 850/3024/2737
f 1714/3023/2736 850/3024/2737 1716/3025/2738
f 1716/3025/2738 850/3024/2737 849/3026/2739
f 1716/3025/2738 849/3026/2739 1718/3027/2740
f 1718/3027/2740 849/3026/2739 848/3028/2741
f 1718/3027/2740 848/3028/2741 1720/3029/2742
f 1720/3029/2742 848/3028/2741 847/3030/2743
f 1720/3029/2742 847/3030/2743 1689/3031/2744
f 1689/3031/2744 847/3030/2743 846/3032/2745
f 1689/3031/2744 1690/3033/2746 1720/3029/2742
f 1720/3029/2742 1690/3033/2746 1721/3034/2747
f 1720/3029/2742 1721/3034/2747 1718/3027/2740
f 1718/3027/2740 1721/3034/2747 1719/3035/2748
f 1718/3027/2740 1719/3035/2748 1716/3025/2738
f 1716/3025/2738 1719/3035/2748 1717/3036/2749
f 1716/3025/2738 1717/3036/2749 1714/3023/2736
f 1714/3023/2736 1717/3036/2749 1715/3037/2750
f 1714/3023/2736 1715/3037/2750 1712/3021/2734
f 1712/3021/2734 1715/3037/2750 1713/3038/2751
f 1712/3021/2734 1713/3038/2751 1710/3019/2732
f 1710/3019/2732 1713/3038/2751 1711/3039/2752
f 1710/3019/2732 1711/3039/2752 1708/3017/2730
f 1708/3017/2730 1711/3039/2752 1709/3040/2753
f 1708/3017/2730 1709/3040/2753 1706/3015/2728
f 1706/3015/2728 1709/3040/2753 1707/3041/2754
f 1706/3015/2728 1707/3041/2754 1704/3013/2726
f 1704/3013/2726 1707/3041/2754 1705/3042/2755
f 1704/3013/2726 1705/3042/2755 1702/3011/2724
f 1702/3011/2724 1705/3042/2755 1703/3043/2756
f 1702/3011/2724 1703/3043/2756 1676/3009/2719
f 1676/3009/2719 1703/3043/2756 1677/3044/2721
f 1677/3044/2721 1703/3043/2756 1701/3045/2757
f 1677/3044/2721 1701/3045/2757 1678/3046/2722
f 1690/3033/2746 1691/3047/2758 1721/3034/2747
f 1721/3034/2747 1691/3047/2758 1692/3048/2759
f 1721/3034/2747 1692/3048/2759 1719/3035/2748
f 1719/3035/2748 1692/3048/2759 1693/3049/2760
f 1719/3035/2748 1693/3049/2760 1717/3036/2749
f 1717/3036/2749 1693/3049/2760 1694/3050/2761
f 1717/3036/2749 1694/3050/2761 1715/3037/2750
f 1715/3037/2750 1694/3050/2761 1695/3051/2762
f 1715/3037/2750 1695/3051/2762 1713/3038/2751
f 1713/3038/2751 1695/3051/2762 1696/3052/2763
f 1713/3038/2751 1696/3052/2763 1711/3039/2752
f 1711/3039/2752 1696/3052/2763 1697/3053/2764
f 1711/3039/2752 1697/3053/2764 1709/3040/2753
f 1709/3040/2753 1697/3053/2764 1698/3054/2765
f 1709/3040/2753 1698/3054/2765 1707/3041/2754
f 1707/3041/2754 1698/3054/2765 1699/3055/2766
f 1707/3041/2754 1699/3055/2766 1705/3042/2755
f 1705/3042/2755 1699/3055/2766 1700/3056/2767
f 1705/3042/2755 1700/3056/2767 1703/3043/2756
f 1703/3043/2756 1700/3056/2767 1701/3045/2757
f 845/3057/2768 1636/3058/2769 846/3059/2745
f 846/3059/2745 1636/3058/2769 1689/3060/2744
f 1689/3060/2744 1636/3058/2769 1635/3061/2770
f 1689/3060/2744 1635/3061/2770 1690/3062/2746
f 1690/3062/2746 1635/3061/2770 1634/3063/2771
f 1690/3062/2746 1634/3063/2771 1691/3064/2758
f 1691/3064/2758 1634/3063/2771 1633/3065/2772
f 868/3066/2773 1657/3067/2774 869/3068/2775
f 869/3068/2775 1657/3067/2774 1656/3069/2776
f 869/3068/2775 1656/3069/2776 1655/3070/2777
f 1655/3070/2777 1654/3071/2778 869/3068/2775
f 869/3068/2775 1654/3071/2778 518/3072/2779
f 518/3072/2779 1654/3071/2778 519/3073/2780
f 519/3074/2781 1654/3075/2673 520/3076/2782
f 520/3076/2782 1654/3075/2673 1653/3077/2672
f 520/3076/2782 1653/3077/2672 521/3078/2783
f 521/3078/2783 1653/3077/2672 1652/3079/2709
f 521/3078/2783 1652/3079/2709 522/3080/2784
f 522/3080/2784 1652/3079/2709 1651/3081/2708
f 522/3080/2784 1651/3081/2708 523/3082/2785
f 523/3082/2785 1651/3081/2708 1650/3083/2707
f 523/3082/2785 1650/3083/2707 524/3084/2786
f 524/3084/2786 1650/3083/2707 1649/3085/2706
f 524/3084/2786 1649/3085/2706 525/3086/2787
f 525/3086/2787 1649/3085/2706 1648/3087/2705
f 525/3086/2787 1648/3087/2705 526/3088/2788
f 526/3088/2788 1648/3087/2705 1647/3089/2704
f 526/3088/2788 1647/3089/2704 527/3090/2789
f 527/3090/2789 1647/3089/2704 1646/3091/2703
f 527/3090/2789 1646/3091/2703 528/3092/2790
f 528/3092/2790 1646/3091/2703 1645/3093/2702
f 528/3092/2790 1645/3093/2702 529/3094/2791
f 529/3094/2791 1645/3093/2702 1644/3095/2701
f 1644/3096/2701 1678/3097/2722 529/3098/2791
f 529/3098/2791 1678/3097/2722 530/3099/2792
f 530/3100/2792 1678/3101/2722 531/3102/2793
f 531/3102/2793 1678/3101/2722 1701/3103/2757
f 531/3102/2793 1701/3103/2757 532/3104/2794
f 532/3104/2794 1701/3103/2757 1700/3105/2767
f 532/3104/2794 1700/3105/2767 533/3106/2795
f 533/3106/2795 1700/3105/2767 1699/3107/2766
f 533/3106/2795 1699/3107/2766 534/3108/2796
f 534/3108/2796 1699/3107/2766 1698/3109/2765
f 534/3108/2796 1698/3109/2765 535/3110/2797
f 535/3110/2797 1698/3109/2765 1697/3111/2764
f 535/3110/2797 1697/3111/2764 536/3112/2798
f 536/3112/2798 1697/3111/2764 1696/3113/2763
f 536/3112/2798 1696/3113/2763 537/3114/2799
f 537/3114/2799 1696/3113/2763 1695/3115/2762
f 537/3114/2799 1695/3115/2762 538/3116/2800
f 538/3116/2800 1695/3115/2762 1694/3117/2761
f 538/3116/2800 1694/3117/2761 539/3118/2801
f 539/3118/2801 1694/3117/2761 1693/3119/2760
f 539/3118/2801 1693/3119/2760 540/3120/2802
f 540/3120/2802 1693/3119/2760 1692/3121/2759
f 540/3120/2802 1692/3121/2759 541/3122/2803
f 541/3122/2803 1692/3121/2759 1691/3123/2758
f 1691/3124/2758 1633/3125/2772 541/3126/2803
f 541/3126/2803 1633/3125/2772 542/3127/2804
f 1050/3128/1782 1049/3129/1783 558/3130/2805
f 558/3130/2805 1049/3129/1783 559/3131/2806
f 1639/3132/2651 385/3133/2650 606/3134/2807
f 606/3134/2807 385/3133/2650 384/3135/2808
f 882/3136/2809 1728/3137/2810 377/3138/2811
f 377/3138/2811 1728/3137/2810 1729/3139/2812
f 377/3138/2811 1729/3139/2812 1730/3140/2813
f 1730/3140/2813 1729/3139/2812 1736/3141/2814
f 1730/3140/2813 1736/3141/2814 379/3142/2815
f 379/3142/2815 1736/3141/2814 380/3143/2816
f 380/3143/2816 1736/3141/2814 1735/3144/2817
f 380/3143/2816 1735/3144/2817 1734/3145/2818
f 1734/3145/2818 1735/3144/2817 1728/3137/2810
f 1734/3145/2818 1728/3137/2810 1727/3146/2819
f 1727/3146/2819 1728/3137/2810 882/3136/2809
f 1727/3146/2819 882/3136/2809 1726/3147/2820
f 1726/3147/2820 882/3136/2809 1725/3148/2821
f 1726/3147/2820 1725/3148/2821 1732/3149/2822
f 1732/3149/2822 1725/3148/2821 1731/3150/2823
f 1732/3149/2822 1731/3150/2823 1724/3151/2824
f 1724/3151/2824 1731/3150/2823 1723/3152/2825
f 1723/3152/2825 1731/3150/2823 1722/3153/2826
f 1722/3153/2826 1731/3150/2823 1725/3148/2821
f 1722/3153/2826 1725/3148/2821 882/3136/2809
f 1732/3149/2822 1724/3151/2824 1733/3154/2827
f 1733/3154/2827 1724/3151/2824 380/3143/2816
f 1733/3154/2827 380/3143/2816 1734/3145/2818
f 379/3142/2815 378/3155/2828 1730/3140/2813
f 1730/3140/2813 378/3155/2828 377/3138/2811
f 1732/3149/2822 1733/3154/2827 1726/3147/2820
f 1726/3147/2820 1733/3154/2827 1727/3146/2819
f 1733/3154/2827 1734/3145/2818 1727/3146/2819
f 1736/3141/2814 1729/3139/2812 1735/3144/2817
f 1735/3144/2817 1729/3139/2812 1728/3137/2810
f 882/3156/2829 881/3157/2830 1722/3158/2831
f 1722/3158/2831 881/3157/2830 1723/3159/2832
f 1723/3159/2832 881/3157/2830 1724/3160/2833
f 1724/3160/2833 881/3157/2830 506/3161/2834
f 1724/3160/2833 506/3161/2834 505/3162/2835
f 1738/3163/2836 1784/3164/2837 1737/3165/2838
f 1737/3165/2838 1784/3164/2837 1761/3166/2839
f 1737/3167/2838 1761/3168/2839 1760/3169/2840
f 1760/3169/2840 1761/3168/2839 1762/3170/2841
f 1760/3169/2840 1762/3170/2841 1759/3171/2842
f 1759/3171/2842 1762/3170/2841 1763/3172/2843
f 1759/3171/2842 1763/3172/2843 1758/3173/2844
f 1758/3173/2844 1763/3172/2843 1764/3174/2845
f 1758/3173/2844 1764/3174/2845 1757/3175/2846
f 1757/3175/2846 1764/3174/2845 1765/3176/2847
f 1757/3175/2846 1765/3176/2847 1756/3177/2848
f 1756/3177/2848 1765/3176/2847 1766/3178/2849
f 1756/3177/2848 1766/3178/2849 1755/3179/2850
f 1755/3179/2850 1766/3178/2849 1767/3180/2851
f 1755/3179/2850 1767/3180/2851 1754/3181/2852
f 1754/3181/2852 1767/3180/2851 1768/3182/2853
f 1754/3181/2852 1768/3182/2853 1753/3183/2854
f 1753/3183/2854 1768/3182/2853 1769/3184/2855
f 1753/3183/2854 1769/3184/2855 1752/3185/2856
f 1752/3185/2856 1769/3184/2855 1770/3186/2857
f 1752/3185/2856 1770/3186/2857 1751/3187/2858
f 1751/3187/2858 1770/3186/2857 1771/3188/2859
f 1751/3187/2858 1771/3188/2859 1750/3189/2860
f 1750/3189/2860 1771/3188/2859 1772/3190/2861
f 1750/3189/2860 1772/3190/2861 1749/3191/2862
f 1749/3191/2862 1772/3190/2861 1773/3192/2863
f 1749/3191/2862 1773/3192/2863 1748/3193/2864
f 1748/3193/2864 1773/3192/2863 1774/3194/2865
f 1748/3193/2864 1774/3194/2865 1747/3195/2866
f 1747/3195/2866 1774/3194/2865 1775/3196/2867
f 1747/3195/2866 1775/3196/2867 1746/3197/2868
f 1746/3197/2868 1775/3196/2867 1776/3198/2869
f 1746/3197/2868 1776/3198/2869 1745/3199/2870
f 1745/3199/2870 1776/3198/2869 1777/3200/2871
f 1745/3199/2870 1777/3200/2871 1744/3201/2872
f 1744/3201/2872 1777/3200/2871 1778/3202/2873
f 1744/3201/2872 1778/3202/2873 1743/3203/2874
f 1743/3203/2874 1778/3202/2873 1779/3204/2875
f 1743/3203/2874 1779/3204/2875 1742/3205/2876
f 1742/3205/2876 1779/3204/2875 1780/3206/2877
f 1742/3205/2876 1780/3206/2877 1741/3207/2878
f 1741/3207/2878 1780/3206/2877 1781/3208/2879
f 1741/3207/2878 1781/3208/2879 1740/3209/2880
f 1740/3209/2880 1781/3208/2879 1782/3210/2881
f 1740/3209/2880 1782/3210/2881 1739/3211/2882
f 1739/3211/2882 1782/3210/2881 1783/3212/2883
f 1739/3211/2882 1783/3212/2883 1738/3163/2836
f 1738/3163/2836 1783/3212/2883 1784/3164/2837
f 1786/3213/2884 1738/3214/2885 1785/3215/2886
f 1785/3215/2886 1738/3214/2885 1737/3216/2887
f 1785/3217/2886 1737/3218/2887 1808/3219/2888
f 1808/3219/2888 1737/3218/2887 1760/3220/2889
f 1808/3219/2888 1760/3220/2889 1807/3221/2890
f 1807/3221/2890 1760/3220/2889 1759/3222/2891
f 1807/3221/2890 1759/3222/2891 1806/3223/2892
f 1806/3223/2892 1759/3222/2891 1758/3224/2893
f 1806/3223/2892 1758/3224/2893 1805/3225/2894
f 1805/3225/2894 1758/3224/2893 1757/3226/2895
f 1805/3225/2894 1757/3226/2895 1804/3227/2896
f 1804/3227/2896 1757/3226/2895 1756/3228/2897
f 1804/3227/2896 1756/3228/2897 1803/3229/2898
f 1803/3229/2898 1756/3228/2897 1755/3230/2899
f 1803/3229/2898 1755/3230/2899 1802/3231/2900
f 1802/3231/2900 1755/3230/2899 1754/3232/2901
f 1802/3231/2900 1754/3232/2901 1801/3233/2902
f 1801/3233/2902 1754/3232/2901 1753/3234/2903
f 1801/3233/2902 1753/3234/2903 1800/3235/2904
f 1800/3235/2904 1753/3234/2903 1752/3236/2905
f 1800/3235/2904 1752/3236/2905 1799/3237/2906
f 1799/3237/2906 1752/3236/2905 1751/3238/2907
f 1799/3237/2906 1751/3238/2907 1798/3239/2908
f 1798/3239/2908 1751/3238/2907 1750/3240/2909
f 1798/3239/2908 1750/3240/2909 1797/3241/2910
f 1797/3241/2910 1750/3240/2909 1749/3242/2911
f 1797/3241/2910 1749/3242/2911 1796/3243/2912
f 1796/3243/2912 1749/3242/2911 1748/3244/2913
f 1796/3243/2912 1748/3244/2913 1795/3245/2914
f 1795/3245/2914 1748/3244/2913 1747/3246/2915
f 1795/3245/2914 1747/3246/2915 1794/3247/2916
f 1794/3247/2916 1747/3246/2915 1746/3248/2917
f 1794/3247/2916 1746/3248/2917 1793/3249/2918
f 1793/3249/2918 1746/3248/2917 1745/3250/2919
f 1793/3249/2918 1745/3250/2919 1792/3251/2920
f 1792/3251/2920 1745/3250/2919 1744/3252/2921
f 1792/3251/2920 1744/3252/2921 1791/3253/2922
f 1791/3253/2922 1744/3252/2921 1743/3254/2923
f 1791/3253/2922 1743/3254/2923 1790/3255/2924
f 1790/3255/2924 1743/3254/2923 1742/3256/2925
f 1790/3255/2924 1742/3256/2925 1789/3257/2926
f 1789/3257/2926 1742/3256/2925 1741/3258/2927
f 1789/3257/2926 1741/3258/2927 1788/3259/2928
f 1788/3259/2928 1741/3258/2927 1740/3260/2929
f 1788/3259/2928 1740/3260/2929 1787/3261/2930
f 1787/3261/2930 1740/3260/2929 1739/3262/2931
f 1787/3261/2930 1739/3262/2931 1786/3213/2884
f 1786/3213/2884 1739/3262/2931 1738/3214/2885
f 1784/3263/2932 1774/3264/2933 1761/3265/2934
f 1761/3265/2934 1774/3264/2933 1773/3266/2935
f 1761/3265/2934 1773/3266/2935 1762/3267/2936
f 1762/3267/2936 1773/3266/2935 1772/3268/2937
f 1762/3267/2936 1772/3268/2937 1763/3269/2938
f 1763/3269/2938 1772/3268/2937 1771/3270/2939
f 1763/3269/2938 1771/3270/2939 1764/3271/2940
f 1764/3271/2940 1771/3270/2939 1770/3272/2941
f 1764/3271/2940 1770/3272/2941 1765/3273/2942
f 1765/3273/2942 1770/3272/2941 1769/3274/2943
f 1765/3273/2942 1769/3274/2943 1766/3275/2944
f 1766/3275/2944 1769/3274/2943 1768/3276/2945
f 1766/3275/2944 1768/3276/2945 1767/3277/2946
f 1774/3264/2933 1784/3263/2932 1775/3278/2947
f 1775/3278/2947 1784/3263/2932 1783/3279/2948
f 1775/3278/2947 1783/3279/2948 1776/3280/2949
f 1776/3280/2949 1783/3279/2948 1782/3281/2950
f 1776/3280/2949 1782/3281/2950 1777/3282/2951
f 1777/3282/2951 1782/3281/2950 1781/3283/2952
f 1777/3282/2951 1781/3283/2952 1778/3284/2953
f 1778/3284/2953 1781/3283/2952 1780/3285/2954
f 1778/3284/2953 1780/3285/2954 1779/3286/2955
f 1810/3287/2956 1856/3288/2957 1809/3289/2958
f 1809/3289/2958 1856/3288/2957 1833/3290/2959
f 1809/3291/2958 1833/3292/2959 1832/3293/2960
f 1832/3293/2960 1833/3292/2959 1834/3294/2961
f 1832/3293/2960 1834/3294/2961 1831/3295/2962
f 1831/3295/2962 1834/3294/2961 1835/3296/2963
f 1831/3295/2962 1835/3296/2963 1830/3297/2964
f 1830/3297/2964 1835/3296/2963 1836/3298/2965
f 1830/3297/2964 1836/3298/2965 1829/3299/2966
f 1829/3299/2966 1836/3298/2965 1837/3300/2967
f 1829/3299/2966 1837/3300/2967 1828/3301/2968
f 1828/3301/2968 1837/3300/2967 1838/3302/2969
f 1828/3301/2968 1838/3302/2969 1827/3303/2970
f 1827/3303/2970 1838/3302/2969 1839/3304/2971
f 1827/3303/2970 1839/3304/2971 1826/3305/2972
f 1826/3305/2972 1839/3304/2971 1840/3306/2973
f 1826/3305/2972 1840/3306/2973 1825/3307/2974
f 1825/3307/2974 1840/3306/2973 1841/3308/2975
f 1825/3307/2974 1841/3308/2975 1824/3309/2976
f 1824/3309/2976 1841/3308/2975 1842/3310/2977
f 1824/3309/2976 1842/3310/2977 1823/3311/2978
f 1823/3311/2978 1842/3310/2977 1843/3312/2979
f 1823/3311/2978 1843/3312/2979 1822/3313/2980
f 1822/3313/2980 1843/3312/2979 1844/3314/2981
f 1822/3313/2980 1844/3314/2981 1821/3315/2982
f 1821/3315/2982 1844/3314/2981 1845/3316/2983
f 1821/3315/2982 1845/3316/2983 1820/3317/2984
f 1820/3317/2984 1845/3316/2983 1846/3318/2985
f 1820/3317/2984 1846/3318/2985 1819/3319/2986
f 1819/3319/2986 1846/3318/2985 1847/3320/2987
f 1819/3319/2986 1847/3320/2987 1818/3321/2988
f 1818/3321/2988 1847/3320/2987 1848/3322/2989
f 1818/3321/2988 1848/3322/2989 1817/3323/2990
f 1817/3323/2990 1848/3322/2989 1849/3324/2991
f 1817/3323/2990 1849/3324/2991 1816/3325/2992
f 1816/3325/2992 1849/3324/2991 1850/3326/2993
f 1816/3325/2992 1850/3326/2993 1815/3327/2994
f 1815/3327/2994 1850/3326/2993 1851/3328/2995
f 1815/3327/2994 1851/3328/2995 1814/3329/2996
f 1814/3329/2996 1851/3328/2995 1852/3330/2997
f 1814/3329/2996 1852/3330/2997 1813/3331/2998
f 1813/3331/2998 1852/3330/2997 1853/3332/2999
f 1813/3331/2998 1853/3332/2999 1812/3333/3000
f 1812/3333/3000 1853/3332/2999 1854/3334/3001
f 1812/3333/3000 1854/3334/3001 1811/3335/3002
f 1811/3335/3002 1854/3334/3001 1855/3336/3003
f 1811/3335/3002 1855/3336/3003 1810/3287/2956
f 1810/3287/2956 1855/3336/3003 1856/3288/2957
f 1858/3337/3004 1810/3338/3005 1857/3339/3006
f 1857/3339/3006 1810/3338/3005 1809/3340/3007
f 1857/3341/3006 1809/3342/3007 1880/3343/3008
f 1880/3343/3008 1809/3342/3007 1832/3344/3009
f 1880/3343/3008 1832/3344/3009 1879/3345/3010
f 1879/3345/3010 1832/3344/3009 1831/3346/3011
f 1879/3345/3010 1831/3346/3011 1878/3347/3012
f 1878/3347/3012 1831/3346/3011 1830/3348/3013
f 1878/3347/3012 1830/3348/3013 1877/3349/3014
f 1877/3349/3014 1830/3348/3013 1829/3350/3015
f 1877/3349/3014 1829/3350/3015 1876/3351/3016
f 1876/3351/3016 1829/3350/3015 1828/3352/3017
f 1876/3351/3016 1828/3352/3017 1875/3353/3018
f 1875/3353/3018 1828/3352/3017 1827/3354/3019
f 1875/3353/3018 1827/3354/3019 1874/3355/3020
f 1874/3355/3020 1827/3354/3019 1826/3356/3021
f 1874/3355/3020 1826/3356/3021 1873/3357/3022
f 1873/3357/3022 1826/3356/3021 1825/3358/3023
f 1873/3357/3022 1825/3358/3023 1872/3359/3024
f 1872/3359/3024 1825/3358/3023 1824/3360/3025
f 1872/3359/3024 1824/3360/3025 1871/3361/3026
f 1871/3361/3026 1824/3360/3025 1823/3362/3027
f 1871/3361/3026 1823/3362/3027 1870/3363/3028
f 1870/3363/3028 1823/3362/3027 1822/3364/3029
f 1870/3363/3028 1822/3364/3029 1869/3365/3030
f 1869/3365/3030 1822/3364/3029 1821/3366/3031
f 1869/3365/3030 1821/3366/3031 1868/3367/3032
f 1868/3367/3032 1821/3366/3031 1820/3368/3033
f 1868/3367/3032 1820/3368/3033 1867/3369/3034
f 1867/3369/3034 1820/3368/3033 1819/3370/3035
f 1867/3369/3034 1819/3370/3035 1866/3371/3036
f 1866/3371/3036 1819/3370/3035 1818/3372/3037
f 1866/3371/3036 1818/3372/3037 1865/3373/3038
f 1865/3373/3038 1818/3372/3037 1817/3374/3039
f 1865/3373/3038 1817/3374/3039 1864/3375/3040
f 1864/3375/3040 1817/3374/3039 1816/3376/3041
f 1864/3375/3040 1816/3376/3041 1863/3377/3042
f 1863/3377/3042 1816/3376/3041 1815/3378/3043
f 1863/3377/3042 1815/3378/3043 1862/3379/3044
f 1862/3379/3044 1815/3378/3043 1814/3380/3045
f 1862/3379/3044 1814/3380/3045 1861/3381/3046
f 1861/3381/3046 1814/3380/3045 1813/3382/3047
f 1861/3381/3046 1813/3382/3047 1860/3383/3048
f 1860/3383/3048 1813/3382/3047 1812/3384/3049
f 1860/3383/3048 1812/3384/3049 1859/3385/3050
f 1859/3385/3050 1812/3384/3049 1811/3386/3051
f 1859/3385/3050 1811/3386/3051 1858/3337/3004
f 1858/3337/3004 1811/3386/3051 1810/3338/3005
f 1856/3387/3052 1846/3388/3053 1833/3389/3054
f 1833/3389/3054 1846/3388/3053 1845/3390/3055
f 1833/3389/3054 1845/3390/3055 1834/3391/3056
f 1834/3391/3056 1845/3390/3055 1844/3392/3057
f 1834/3391/3056 1844/3392/3057 1835/3393/3058
f 1835/3393/3058 1844/3392/3057 1843/3394/3059
f 1835/3393/3058 1843/3394/3059 1836/3395/3060
f 1836/3395/3060 1843/3394/3059 1842/3396/3061
f 1836/3395/3060 1842/3396/3061 1837/3397/3062
f 1837/3397/3062 1842/3396/3061 1841/3398/3063
f 1837/3397/3062 1841/3398/3063 1838/3399/3064
f 1838/3399/3064 1841/3398/3063 1840/3400/3065
f 1838/3399/3064 1840/3400/3065 1839/3401/3066
f 1846/3388/3053 1856/3387/3052 1847/3402/3067
f 1847/3402/3067 1856/3387/3052 1855/3403/3068
f 1847/3402/3067 1855/3403/3068 1848/3404/3069
f 1848/3404/3069 1855/3403/3068 1854/3405/3070
f 1848/3404/3069 1854/3405/3070 1849/3406/3071
f 1849/3406/3071 1854/3405/3070 1853/3407/3072
f 1849/3406/3071 1853/3407/3072 1850/3408/3073
f 1850/3408/3073 1853/3407/3072 1852/3409/3074
f 1850/3408/3073 1852/3409/3074 1851/3410/3075
f 1882/3411/3076 1928/3412/3077 1881/3413/3078
f 1881/3413/3078 1928/3412/3077 1905/3414/3079
f 1881/3415/3078 1905/3416/3079 1904/3417/3080
f 1904/3417/3080 1905/3416/3079 1906/3418/3081
f 1904/3417/3080 1906/3418/3081 1903/3419/3082
f 1903/3419/3082 1906/3418/3081 1907/3420/3083
f 1903/3419/3082 1907/3420/3083 1902/3421/3084
f 1902/3421/3084 1907/3420/3083 1908/3422/3085
f 1902/3421/3084 1908/3422/3085 1901/3423/3086
f 1901/3423/3086 1908/3422/3085 1909/3424/3087
f 1901/3423/3086 1909/3424/3087 1900/3425/3088
f 1900/3425/3088 1909/3424/3087 1910/3426/3089
f 1900/3425/3088 1910/3426/3089 1899/3427/3090
f 1899/3427/3090 1910/3426/3089 1911/3428/3091
f 1899/3427/3090 1911/3428/3091 1898/3429/3092
f 1898/3429/3092 1911/3428/3091 1912/3430/3093
f 1898/3429/3092 1912/3430/3093 1897/3431/3094
f 1897/3431/3094 1912/3430/3093 1913/3432/3095
f 1897/3431/3094 1913/3432/3095 1896/3433/3096
f 1896/3433/3096 1913/3432/3095 1914/3434/3097
f 1896/3433/3096 1914/3434/3097 1895/3435/3098
f 1895/3435/3098 1914/3434/3097 1915/3436/3099
f 1895/3435/3098 1915/3436/3099 1894/3437/3100
f 1894/3437/3100 1915/3436/3099 1916/3438/3101
f 1894/3437/3100 1916/3438/3101 1893/3439/3102
f 1893/3439/3102 1916/3438/3101 1917/3440/3103
f 1893/3439/3102 1917/3440/3103 1892/3441/3104
f 1892/3441/3104 1917/3440/3103 1918/3442/3105
f 1892/3441/3104 1918/3442/3105 1891/3443/3106
f 1891/3443/3106 1918/3442/3105 1919/3444/3107
f 1891/3443/3106 1919/3444/3107 1890/3445/3108
f 1890/3445/3108 1919/3444/3107 1920/3446/3109
f 1890/3445/3108 1920/3446/3109 1889/3447/3110
f 1889/3447/3110 1920/3446/3109 1921/3448/3111
f 1889/3447/3110 1921/3448/3111 1888/3449/3112
f 1888/3449/3112 1921/3448/3111 1922/3450/3113
f 1888/3449/3112 1922/3450/3113 1887/3451/3114
f 1887/3451/3114 1922/3450/3113 1923/3452/3115
f 1887/3451/3114 1923/3452/3115 1886/3453/3116
f 1886/3453/3116 1923/3452/3115 1924/3454/3117
f 1886/3453/3116 1924/3454/3117 1885/3455/3118
f 1885/3455/3118 1924/3454/3117 1925/3456/3119
f 1885/3455/3118 1925/3456/3119 1884/3457/3120
f 1884/3457/3120 1925/3456/3119 1926/3458/3121
f 1884/3457/3120 1926/3458/3121 1883/3459/3122
f 1883/3459/3122 1926/3458/3121 1927/3460/3123
f 1883/3459/3122 1927/3460/3123 1882/3411/3076
f 1882/3411/3076 1927/3460/3123 1928/3412/3077
f 1930/3461/3124 1882/3462/3125 1929/3463/3126
f 1929/3463/3126 1882/3462/3125 1881/3464/3127
f 1929/3465/3126 1881/3466/3127 1952/3467/3128
f 1952/3467/3128 1881/3466/3127 1904/3468/3129
f 1952/3467/3128 1904/3468/3129 1951/3469/3130
f 1951/3469/3130 1904/3468/3129 1903/3470/3131
f 1951/3469/3130 1903/3470/3131 1950/3471/3132
f 1950/3471/3132 1903/3470/3131 1902/3472/3133
f 1950/3471/3132 1902/3472/3133 1949/3473/3134
f 1949/3473/3134 1902/3472/3133 1901/3474/3135
f 1949/3473/3134 1901/3474/3135 1948/3475/3136
f 1948/3475/3136 1901/3474/3135 1900/3476/3137
f 1948/3475/3136 1900/3476/3137 1947/3477/3138
f 1947/3477/3138 1900/3476/3137 1899/3478/3139
f 1947/3477/3138 1899/3478/3139 1946/3479/3140
f 1946/3479/3140 1899/3478/3139 1898/3480/3141
f 1946/3479/3140 1898/3480/3141 1945/3481/3142
f 1945/3481/3142 1898/3480/3141 1897/3482/3143
f 1945/3481/3142 1897/3482/3143 1944/3483/3144
f 1944/3483/3144 1897/3482/3143 1896/3484/3145
f 1944/3483/3144 1896/3484/3145 1943/3485/3146
f 1943/3485/3146 1896/3484/3145 1895/3486/3147
f 1943/3485/3146 1895/3486/3147 1942/3487/3148
f 1942/3487/3148 1895/3486/3147 1894/3488/3149
f 1942/3487/3148 1894/3488/3149 1941/3489/3150
f 1941/3489/3150 1894/3488/3149 1893/3490/3151
f 1941/3489/3150 1893/3490/3151 1940/3491/3152
f 1940/3491/3152 1893/3490/3151 1892/3492/3153
f 1940/3491/3152 1892/3492/3153 1939/3493/3154
f 1939/3493/3154 1892/3492/3153 1891/3494/3155
f 1939/3493/3154 1891/3494/3155 1938/3495/3156
f 1938/3495/3156 1891/3494/3155 1890/3496/3157
f 1938/3495/3156 1890/3496/3157 1937/3497/3158
f 1937/3497/3158 1890/3496/3157 1889/3498/3159
f 1937/3497/3158 1889/3498/3159 1936/3499/3160
f 1936/3499/3160 1889/3498/3159 1888/3500/3161
f 1936/3499/3160 1888/3500/3161 1935/3501/3162
f 1935/3501/3162 1888/3500/3161 1887/3502/3163
f 1935/3501/3162 1887/3502/3163 1934/3503/3164
f 1934/3503/3164 1887/3502/3163 1886/3504/3165
f 1934/3503/3164 1886/3504/3165 1933/3505/3166
f 1933/3505/3166 1886/3504/3165 1885/3506/3167
f 1933/3505/3166 1885/3506/3167 1932/3507/3168
f 1932/3507/3168 1885/3506/3167 1884/3508/3169
f 1932/3507/3168 1884/3508/3169 1931/3509/3170
f 1931/3509/3170 1884/3508/3169 1883/3510/3171
f 1931/3509/3170 1883/3510/3171 1930/3461/3124
f 1930/3461/3124 1883/3510/3171 1882/3462/3125
f 1928/3511/3172 1918/3512/3173 1905/3513/3174
f 1905/3513/3174 1918/3512/3173 1917/3514/3175
f 1905/3513/3174 1917/3514/3175 1906/3515/3176
f 1906/3515/3176 1917/3514/3175 1916/3516/3177
f 1906/3515/3176 1916/3516/3177 1907/3517/3178
f 1907/3517/3178 1916/3516/3177 1915/3518/3179
f 1907/3517/3178 1915/3518/3179 1908/3519/3180
f 1908/3519/3180 1915/3518/3179 1914/3520/3181
f 1908/3519/3180 1914/3520/3181 1909/3521/3182
f 1909/3521/3182 1914/3520/3181 1913/3522/3183
f 1909/3521/3182 1913/3522/3183 1910/3523/3184
f 1910/3523/3184 1913/3522/3183 1912/3524/3185
f 1910/3523/3184 1912/3524/3185 1911/3525/3186
f 1918/3512/3173 1928/3511/3172 1919/3526/3187
f 1919/3526/3187 1928/3511/3172 1927/3527/3188
f 1919/3526/3187 1927/3527/3188 1920/3528/3189
f 1920/3528/3189 1927/3527/3188 1926/3529/3190
f 1920/3528/3189 1926/3529/3190 1921/3530/3191
f 1921/3530/3191 1926/3529/3190 1925/3531/3192
f 1921/3530/3191 1925/3531/3192 1922/3532/3193
f 1922/3532/3193 1925/3531/3192 1924/3533/3194
f 1922/3532/3193 1924/3533/3194 1923/3534/3195
f 1808/3535/2888 1956/3536/3196 1785/3537/2886
f 1785/3537/2886 1956/3536/3196 1961/3538/3197
f 1785/3537/2886 1961/3538/3197 1786/3539/2884
f 1786/3539/2884 1961/3538/3197 2022/3540/3198
f 1786/3539/2884 2022/3540/3198 1787/3541/2930
f 1787/3541/2930 2022/3540/3198 2019/3542/3199
f 1787/3541/2930 2019/3542/3199 1788/3543/2928
f 1788/3543/2928 2019/3542/3199 2016/3544/3200
f 1788/3543/2928 2016/3544/3200 1789/3545/2926
f 1789/3545/2926 2016/3544/3200 2013/3546/3201
f 1789/3545/2926 2013/3546/3201 1790/3547/2924
f 1790/3547/2924 2013/3546/3201 2010/3548/3202
f 1790/3547/2924 2010/3548/3202 1791/3549/2922
f 1791/3549/2922 2010/3548/3202 2007/3550/3203
f 1791/3549/2922 2007/3550/3203 1792/3551/2920
f 1792/3551/2920 2007/3550/3203 2004/3552/3204
f 1792/3551/2920 2004/3552/3204 1793/3553/2918
f 1793/3553/2918 2004/3552/3204 2001/3554/3205
f 1793/3553/2918 2001/3554/3205 1794/3555/2916
f 1794/3555/2916 2001/3554/3205 1998/3556/3206
f 1794/3555/2916 1998/3556/3206 1795/3557/2914
f 1795/3557/2914 1998/3556/3206 1995/3558/3207
f 1795/3557/2914 1995/3558/3207 1796/3559/2912
f 1796/3559/2912 1995/3558/3207 1992/3560/3208
f 1796/3559/2912 1992/3560/3208 1797/3561/2910
f 1797/3561/2910 1992/3560/3208 1953/3562/3209
f 1797/3563/2910 1953/3564/3209 1798/3565/2908
f 1798/3565/2908 1953/3564/3209 1989/3566/3210
f 1798/3565/2908 1989/3566/3210 1799/3567/2906
f 1799/3567/2906 1989/3566/3210 1986/3568/3211
f 1799/3567/2906 1986/3568/3211 1800/3569/2904
f 1800/3569/2904 1986/3568/3211 1983/3570/3212
f 1800/3569/2904 1983/3570/3212 1801/3571/2902
f 1801/3571/2902 1983/3570/3212 1980/3572/3213
f 1801/3571/2902 1980/3572/3213 1802/3573/2900
f 1802/3573/2900 1980/3572/3213 1977/3574/3214
f 1802/3573/2900 1977/3574/3214 1803/3575/2898
f 1803/3575/2898 1977/3574/3214 1974/3576/3215
f 1803/3575/2898 1974/3576/3215 1804/3577/2896
f 1804/3577/2896 1974/3576/3215 1971/3578/3216
f 1804/3577/2896 1971/3578/3216 1805/3579/2894
f 1805/3579/2894 1971/3578/3216 1968/3580/3217
f 1805/3579/2894 1968/3580/3217 1806/3581/2892
f 1806/3581/2892 1968/3580/3217 1965/3582/3218
f 1806/3581/2892 1965/3582/3218 1807/3583/2890
f 1807/3583/2890 1965/3582/3218 1962/3584/3219
f 1807/3583/2890 1962/3584/3219 1808/3535/2888
f 1808/3535/2888 1962/3584/3219 1956/3536/3196
f 929/3585/3220 1991/3586/3221 906/3587/3222
f 906/3587/3222 1991/3586/3221 1955/3588/3223
f 906/3589/3222 1955/3590/3223 907/3591/3224
f 907/3591/3224 1955/3590/3223 1994/3592/3225
f 907/3591/3224 1994/3592/3225 908/3593/3226
f 908/3593/3226 1994/3592/3225 1997/3594/3227
f 908/3593/3226 1997/3594/3227 909/3595/3228
f 909/3595/3228 1997/3594/3227 2000/3596/3229
f 909/3595/3228 2000/3596/3229 910/3597/3230
f 910/3597/3230 2000/3596/3229 2003/3598/3231
f 910/3597/3230 2003/3598/3231 911/3599/3232
f 911/3599/3232 2003/3598/3231 2006/3600/3233
f 911/3599/3232 2006/3600/3233 912/3601/3234
f 912/3601/3234 2006/3600/3233 2009/3602/3235
f 912/3601/3234 2009/3602/3235 913/3603/3236
f 913/3603/3236 2009/3602/3235 2012/3604/3237
f 913/3603/3236 2012/3604/3237 914/3605/3238
f 914/3605/3238 2012/3604/3237 2015/3606/3239
f 914/3605/3238 2015/3606/3239 915/3607/3240
f 915/3607/3240 2015/3606/3239 2018/3608/3241
f 915/3607/3240 2018/3608/3241 916/3609/3242
f 916/3609/3242 2018/3608/3241 2021/3610/3243
f 916/3609/3242 2021/3610/3243 917/3611/3244
f 917/3611/3244 2021/3610/3243 2024/3612/3245
f 917/3611/3244 2024/3612/3245 918/3613/3246
f 918/3613/3246 2024/3612/3245 1959/3614/3247
f 918/3613/3246 1959/3614/3247 919/3615/3248
f 919/3615/3248 1959/3614/3247 1958/3616/3249
f 919/3615/3248 1958/3616/3249 920/3617/3250
f 920/3617/3250 1958/3616/3249 1964/3618/3251
f 920/3617/3250 1964/3618/3251 921/3619/3252
f 921/3619/3252 1964/3618/3251 1967/3620/3253
f 921/3619/3252 1967/3620/3253 922/3621/3254
f 922/3621/3254 1967/3620/3253 1970/3622/3255
f 922/3621/3254 1970/3622/3255 923/3623/3256
f 923/3623/3256 1970/3622/3255 1973/3624/3257
f 923/3623/3256 1973/3624/3257 924/3625/3258
f 924/3625/3258 1973/3624/3257 1976/3626/3259
f 924/3625/3258 1976/3626/3259 925/3627/3260
f 925/3627/3260 1976/3626/3259 1979/3628/3261
f 925/3627/3260 1979/3628/3261 926/3629/3262
f 926/3629/3262 1979/3628/3261 1982/3630/3263
f 926/3629/3262 1982/3630/3263 927/3631/3264
f 927/3631/3264 1982/3630/3263 1985/3632/3265
f 927/3631/3264 1985/3632/3265 928/3633/3266
f 928/3633/3266 1985/3632/3265 1988/3634/3267
f 928/3633/3266 1988/3634/3267 929/3585/3220
f 929/3585/3220 1988/3634/3267 1991/3586/3221
f 1953/3564/3209 1954/3635/3268 1989/3566/3210
f 1989/3566/3210 1954/3635/3268 1990/3636/3269
f 1989/3566/3210 1990/3636/3269 1986/3568/3211
f 1986/3568/3211 1990/3636/3269 1987/3637/3270
f 1986/3568/3211 1987/3637/3270 1983/3570/3212
f 1983/3570/3212 1987/3637/3270 1984/3638/3271
f 1983/3570/3212 1984/3638/3271 1980/3572/3213
f 1980/3572/3213 1984/3638/3271 1981/3639/3272
f 1980/3572/3213 1981/3639/3272 1977/3574/3214
f 1977/3574/3214 1981/3639/3272 1978/3640/3273
f 1977/3574/3214 1978/3640/3273 1974/3576/3215
f 1974/3576/3215 1978/3640/3273 1975/3641/3274
f 1974/3576/3215 1975/3641/3274 1971/3578/3216
f 1971/3578/3216 1975/3641/3274 1972/3642/3275
f 1971/3578/3216 1972/3642/3275 1968/3580/3217
f 1968/3580/3217 1972/3642/3275 1969/3643/3276
f 1968/3580/3217 1969/3643/3276 1965/3582/3218
f 1965/3582/3218 1969/3643/3276 1966/3644/3277
f 1965/3582/3218 1966/3644/3277 1962/3584/3219
f 1962/3584/3219 1966/3644/3277 1963/3645/3278
f 1962/3584/3219 1963/3645/3278 1956/3536/3196
f 1956/3536/3196 1963/3645/3278 1957/3646/3279
f 1956/3536/3196 1957/3646/3279 1961/3538/3197
f 1961/3538/3197 1957/3646/3279 1960/3647/3280
f 1961/3538/3197 1960/3647/3280 2022/3540/3198
f 2022/3540/3198 1960/3647/3280 2023/3648/3281
f 2022/3540/3198 2023/3648/3281 2019/3542/3199
f 2019/3542/3199 2023/3648/3281 2020/3649/3282
f 2019/3542/3199 2020/3649/3282 2016/3544/3200
f 2016/3544/3200 2020/3649/3282 2017/3650/3283
f 2016/3544/3200 2017/3650/3283 2013/3546/3201
f 2013/3546/3201 2017/3650/3283 2014/3651/3284
f 2013/3546/3201 2014/3651/3284 2010/3548/3202
f 2010/3548/3202 2014/3651/3284 2011/3652/3285
f 2010/3548/3202 2011/3652/3285 2007/3550/3203
f 2007/3550/3203 2011/3652/3285 2008/3653/3286
f 2007/3550/3203 2008/3653/3286 2004/3552/3204
f 2004/3552/3204 2008/3653/3286 2005/3654/3287
f 2004/3552/3204 2005/3654/3287 2001/3554/3205
f 2001/3554/3205 2005/3654/3287 2002/3655/3288
f 2001/3554/3205 2002/3655/3288 1998/3556/3206
f 1998/3556/3206 2002/3655/3288 1999/3656/3289
f 1998/3556/3206 1999/3656/3289 1995/3558/3207
f 1995/3558/3207 1999/3656/3289 1996/3657/3290
f 1995/3558/3207 1996/3657/3290 1992/3560/3208
f 1992/3560/3208 1996/3657/3290 1993/3658/3291
f 1992/3560/3208 1993/3658/3291 1953/3562/3209
f 1953/3562/3209 1993/3658/3291 1954/3659/3268
f 1954/3635/3268 1955/3588/3223 1990/3636/3269
f 1990/3636/3269 1955/3588/3223 1991/3586/3221
f 1990/3636/3269 1991/3586/3221 1987/3637/3270
f 1987/3637/3270 1991/3586/3221 1988/3634/3267
f 1987/3637/3270 1988/3634/3267 1984/3638/3271
f 1984/3638/3271 1988/3634/3267 1985/3632/3265
f 1984/3638/3271 1985/3632/3265 1981/3639/3272
f 1981/3639/3272 1985/3632/3265 1982/3630/3263
f 1981/3639/3272 1982/3630/3263 1978/3640/3273
f 1978/3640/3273 1982/3630/3263 1979/3628/3261
f 1978/3640/3273 1979/3628/3261 1975/3641/3274
f 1975/3641/3274 1979/3628/3261 1976/3626/3259
f 1975/3641/3274 1976/3626/3259 1972/3642/3275
f 1972/3642/3275 1976/3626/3259 1973/3624/3257
f 1972/3642/3275 1973/3624/3257 1969/3643/3276
f 1969/3643/3276 1973/3624/3257 1970/3622/3255
f 1969/3643/3276 1970/3622/3255 1966/3644/3277
f 1966/3644/3277 1970/3622/3255 1967/3620/3253
f 1966/3644/3277 1967/3620/3253 1963/3645/3278
f 1963/3645/3278 1967/3620/3253 1964/3618/3251
f 1963/3645/3278 1964/3618/3251 1957/3646/3279
f 1957/3646/3279 1964/3618/3251 1958/3616/3249
f 1957/3646/3279 1958/3616/3249 1960/3647/3280
f 1960/3647/3280 1958/3616/3249 1959/3614/3247
f 1960/3647/3280 1959/3614/3247 2023/3648/3281
f 2023/3648/3281 1959/3614/3247 2024/3612/3245
f 2023/3648/3281 2024/3612/3245 2020/3649/3282
f 2020/3649/3282 2024/3612/3245 2021/3610/3243
f 2020/3649/3282 2021/3610/3243 2017/3650/3283
f 2017/3650/3283 2021/3610/3243 2018/3608/3241
f 2017/3650/3283 2018/3608/3241 2014/3651/3284
f 2014/3651/3284 2018/3608/3241 2015/3606/3239
f 2014/3651/3284 2015/3606/3239 2011/3652/3285
f 2011/3652/3285 2015/3606/3239 2012/3604/3237
f 2011/3652/3285 2012/3604/3237 2008/3653/3286
f 2008/3653/3286 2012/3604/3237 2009/3602/3235
f 2008/3653/3286 2009/3602/3235 2005/3654/3287
f 2005/3654/3287 2009/3602/3235 2006/3600/3233
f 2005/3654/3287 2006/3600/3233 2002/3655/3288
f 2002/3655/3288 2006/3600/3233 2003/3598/3231
f 2002/3655/3288 2003/3598/3231 1999/3656/3289
f 1999/3656/3289 2003/3598/3231 2000/3596/3229
f 1999/3656/3289 2000/3596/3229 1996/3657/3290
f 1996/3657/3290 2000/3596/3229 1997/3594/3227
f 1996/3657/3290 1997/3594/3227 1993/3658/3291
f 1993/3658/3291 1997/3594/3227 1994/3592/3225
f 1993/3658/3291 1994/3592/3225 1954/3659/3268
f 1954/3659/3268 1994/3592/3225 1955/3590/3223
f 1952/3660/3128 2028/3661/3292 1929/3662/3126
f 1929/3662/3126 2028/3661/3292 2033/3663/3293
f 1929/3662/3126 2033/3663/3293 1930/3664/3124
f 1930/3664/3124 2033/3663/3293 2094/3665/3294
f 1930/3664/3124 2094/3665/3294 1931/3666/3170
f 1931/3666/3170 2094/3665/3294 2091/3667/3295
f 1931/3666/3170 2091/3667/3295 1932/3668/3168
f 1932/3668/3168 2091/3667/3295 2088/3669/3296
f 1932/3668/3168 2088/3669/3296 1933/3670/3166
f 1933/3670/3166 2088/3669/3296 2085/3671/3297
f 1933/3670/3166 2085/3671/3297 1934/3672/3164
f 1934/3672/3164 2085/3671/3297 2082/3673/3298
f 1934/3672/3164 2082/3673/3298 1935/3674/3162
f 1935/3674/3162 2082/3673/3298 2079/3675/3299
f 1935/3674/3162 2079/3675/3299 1936/3676/3160
f 1936/3676/3160 2079/3675/3299 2076/3677/3300
f 1936/3676/3160 2076/3677/3300 1937/3678/3158
f 1937/3678/3158 2076/3677/3300 2073/3679/3301
f 1937/3678/3158 2073/3679/3301 1938/3680/3156
f 1938/3680/3156 2073/3679/3301 2070/3681/3302
f 1938/3680/3156 2070/3681/3302 1939/3682/3154
f 1939/3682/3154 2070/3681/3302 2067/3683/3303
f 1939/3682/3154 2067/3683/3303 1940/3684/3152
f 1940/3684/3152 2067/3683/3303 2064/3685/3304
f 1940/3684/3152 2064/3685/3304 1941/3686/3150
f 1941/3686/3150 2064/3685/3304 2025/3687/3305
f 1941/3688/3150 2025/3689/3305 1942/3690/3148
f 1942/3690/3148 2025/3689/3305 2061/3691/3306
f 1942/3690/3148 2061/3691/3306 1943/3692/3146
f 1943/3692/3146 2061/3691/3306 2058/3693/3307
f 1943/3692/3146 2058/3693/3307 1944/3694/3144
f 1944/3694/3144 2058/3693/3307 2055/3695/3308
f 1944/3694/3144 2055/3695/3308 1945/3696/3142
f 1945/3696/3142 2055/3695/3308 2052/3697/3309
f 1945/3696/3142 2052/3697/3309 1946/3698/3140
f 1946/3698/3140 2052/3697/3309 2049/3699/3310
f 1946/3698/3140 2049/3699/3310 1947/3700/3138
f 1947/3700/3138 2049/3699/3310 2046/3701/3311
f 1947/3700/3138 2046/3701/3311 1948/3702/3136
f 1948/3702/3136 2046/3701/3311 2043/3703/3312
f 1948/3702/3136 2043/3703/3312 1949/3704/3134
f 1949/3704/3134 2043/3703/3312 2040/3705/3313
f 1949/3704/3134 2040/3705/3313 1950/3706/3132
f 1950/3706/3132 2040/3705/3313 2037/3707/3314
f 1950/3706/3132 2037/3707/3314 1951/3708/3130
f 1951/3708/3130 2037/3707/3314 2034/3709/3315
f 1951/3708/3130 2034/3709/3315 1952/3660/3128
f 1952/3660/3128 2034/3709/3315 2028/3661/3292
f 953/3710/3316 2063/3711/3317 930/3712/3318
f 930/3712/3318 2063/3711/3317 2027/3713/3319
f 930/3714/3318 2027/3715/3319 931/3716/3320
f 931/3716/3320 2027/3715/3319 2066/3717/3321
f 931/3716/3320 2066/3717/3321 932/3718/3322
f 932/3718/3322 2066/3717/3321 2069/3719/3323
f 932/3718/3322 2069/3719/3323 933/3720/3324
f 933/3720/3324 2069/3719/3323 2072/3721/3325
f 933/3720/3324 2072/3721/3325 934/3722/3326
f 934/3722/3326 2072/3721/3325 2075/3723/3327
f 934/3722/3326 2075/3723/3327 935/3724/3328
f 935/3724/3328 2075/3723/3327 2078/3725/3329
f 935/3724/3328 2078/3725/3329 936/3726/3330
f 936/3726/3330 2078/3725/3329 2081/3727/3331
f 936/3726/3330 2081/3727/3331 937/3728/3332
f 937/3728/3332 2081/3727/3331 2084/3729/3333
f 937/3728/3332 2084/3729/3333 938/3730/3334
f 938/3730/3334 2084/3729/3333 2087/3731/3335
f 938/3730/3334 2087/3731/3335 939/3732/3336
f 939/3732/3336 2087/3731/3335 2090/3733/3337
f 939/3732/3336 2090/3733/3337 940/3734/3338
f 940/3734/3338 2090/3733/3337 2093/3735/3339
f 940/3734/3338 2093/3735/3339 941/3736/3340
f 941/3736/3340 2093/3735/3339 2096/3737/3341
f 941/3736/3340 2096/3737/3341 942/3738/3342
f 942/3738/3342 2096/3737/3341 2031/3739/3343
f 942/3738/3342 2031/3739/3343 943/3740/3344
f 943/3740/3344 2031/3739/3343 2030/3741/3345
f 943/3740/3344 2030/3741/3345 944/3742/3346
f 944/3742/3346 2030/3741/3345 2036/3743/3347
f 944/3742/3346 2036/3743/3347 945/3744/3348
f 945/3744/3348 2036/3743/3347 2039/3745/3349
f 945/3744/3348 2039/3745/3349 946/3746/3350
f 946/3746/3350 2039/3745/3349 2042/3747/3351
f 946/3746/3350 2042/3747/3351 947/3748/3352
f 947/3748/3352 2042/3747/3351 2045/3749/3353
f 947/3748/3352 2045/3749/3353 948/3750/3354
f 948/3750/3354 2045/3749/3353 2048/3751/3355
f 948/3750/3354 2048/3751/3355 949/3752/3356
f 949/3752/3356 2048/3751/3355 2051/3753/3357
f 949/3752/3356 2051/3753/3357 950/3754/3358
f 950/3754/3358 2051/3753/3357 2054/3755/3359
f 950/3754/3358 2054/3755/3359 951/3756/3360
f 951/3756/3360 2054/3755/3359 2057/3757/3361
f 951/3756/3360 2057/3757/3361 952/3758/3362
f 952/3758/3362 2057/3757/3361 2060/3759/3363
f 952/3758/3362 2060/3759/3363 953/3710/3316
f 953/3710/3316 2060/3759/3363 2063/3711/3317
f 2025/3689/3305 2026/3760/3364 2061/3691/3306
f 2061/3691/3306 2026/3760/3364 2062/3761/3365
f 2061/3691/3306 2062/3761/3365 2058/3693/3307
f 2058/3693/3307 2062/3761/3365 2059/3762/3366
f 2058/3693/3307 2059/3762/3366 2055/3695/3308
f 2055/3695/3308 2059/3762/3366 2056/3763/3367
f 2055/3695/3308 2056/3763/3367 2052/3697/3309
f 2052/3697/3309 2056/3763/3367 2053/3764/3368
f 2052/3697/3309 2053/3764/3368 2049/3699/3310
f 2049/3699/3310 2053/3764/3368 2050/3765/3369
f 2049/3699/3310 2050/3765/3369 2046/3701/3311
f 2046/3701/3311 2050/3765/3369 2047/3766/3370
f 2046/3701/3311 2047/3766/3370 2043/3703/3312
f 2043/3703/3312 2047/3766/3370 2044/3767/3371
f 2043/3703/3312 2044/3767/3371 2040/3705/3313
f 2040/3705/3313 2044/3767/3371 2041/3768/3372
f 2040/3705/3313 2041/3768/3372 2037/3707/3314
f 2037/3707/3314 2041/3768/3372 2038/3769/3373
f 2037/3707/3314 2038/3769/3373 2034/3709/3315
f 2034/3709/3315 2038/3769/3373 2035/3770/3374
f 2034/3709/3315 2035/3770/3374 2028/3661/3292
f 2028/3661/3292 2035/3770/3374 2029/3771/3375
f 2028/3661/3292 2029/3771/3375 2033/3663/3293
f 2033/3663/3293 2029/3771/3375 2032/3772/3376
f 2033/3663/3293 2032/3772/3376 2094/3665/3294
f 2094/3665/3294 2032/3772/3376 2095/3773/3377
f 2094/3665/3294 2095/3773/3377 2091/3667/3295
f 2091/3667/3295 2095/3773/3377 2092/3774/3378
f 2091/3667/3295 2092/3774/3378 2088/3669/3296
f 2088/3669/3296 2092/3774/3378 2089/3775/3379
f 2088/3669/3296 2089/3775/3379 2085/3671/3297
f 2085/3671/3297 2089/3775/3379 2086/3776/3380
f 2085/3671/3297 2086/3776/3380 2082/3673/3298
f 2082/3673/3298 2086/3776/3380 2083/3777/3381
f 2082/3673/3298 2083/3777/3381 2079/3675/3299
f 2079/3675/3299 2083/3777/3381 2080/3778/3382
f 2079/3675/3299 2080/3778/3382 2076/3677/3300
f 2076/3677/3300 2080/3778/3382 2077/3779/3383
f 2076/3677/3300 2077/3779/3383 2073/3679/3301
f 2073/3679/3301 2077/3779/3383 2074/3780/3384
f 2073/3679/3301 2074/3780/3384 2070/3681/3302
f 2070/3681/3302 2074/3780/3384 2071/3781/3385
f 2070/3681/3302 2071/3781/3385 2067/3683/3303
f 2067/3683/3303 2071/3781/3385 2068/3782/3386
f 2067/3683/3303 2068/3782/3386 2064/3685/3304
f 2064/3685/3304 2068/3782/3386 2065/3783/3387
f 2064/3685/3304 2065/3783/3387 2025/3687/3305
f 2025/3687/3305 2065/3783/3387 2026/3784/3364
f 2026/3760/3364 2027/3713/3319 2062/3761/3365
f 2062/3761/3365 2027/3713/3319 2063/3711/3317
f 2062/3761/3365 2063/3711/3317 2059/3762/3366
f 2059/3762/3366 2063/3711/3317 2060/3759/3363
f 2059/3762/3366 2060/3759/3363 2056/3763/3367
f 2056/3763/3367 2060/3759/3363 2057/3757/3361
f 2056/3763/3367 2057/3757/3361 2053/3764/3368
f 2053/3764/3368 2057/3757/3361 2054/3755/3359
f 2053/3764/3368 2054/3755/3359 2050/3765/3369
f 2050/3765/3369 2054/3755/3359 2051/3753/3357
f 2050/3765/3369 2051/3753/3357 2047/3766/3370
f 2047/3766/3370 2051/3753/3357 2048/3751/3355
f 2047/3766/3370 2048/3751/3355 2044/3767/3371
f 2044/3767/3371 2048/3751/3355 2045/3749/3353
f 2044/3767/3371 2045/3749/3353 2041/3768/3372
f 2041/3768/3372 2045/3749/3353 2042/3747/3351
f 2041/3768/3372 2042/3747/3351 2038/3769/3373
f 2038/3769/3373 2042/3747/3351 2039/3745/3349
f 2038/3769/3373 2039/3745/3349 2035/3770/3374
f 2035/3770/3374 2039/3745/3349 2036/3743/3347
f 2035/3770/3374 2036/3743/3347 2029/3771/3375
f 2029/3771/3375 2036/3743/3347 2030/3741/3345
f 2029/3771/3375 2030/3741/3345 2032/3772/3376
f 2032/3772/3376 2030/3741/3345 2031/3739/3343
f 2032/3772/3376 2031/3739/3343 2095/3773/3377
f 2095/3773/3377 2031/3739/3343 2096/3737/3341
f 2095/3773/3377 2096/3737/3341 2092/3774/3378
f 2092/3774/3378 2096/3737/3341 2093/3735/3339
f 2092/3774/3378 2093/3735/3339 2089/3775/3379
f 2089/3775/3379 2093/3735/3339 2090/3733/3337
f 2089/3775/3379 2090/3733/3337 2086/3776/3380
f 2086/3776/3380 2090/3733/3337 2087/3731/3335
f 2086/3776/3380 2087/3731/3335 2083/3777/3381
f 2083/3777/3381 2087/3731/3335 2084/3729/3333
f 2083/3777/3381 2084/3729/3333 2080/3778/3382
f 2080/3778/3382 2084/3729/3333 2081/3727/3331
f 2080/3778/3382 2081/3727/3331 2077/3779/3383
f 2077/3779/3383 2081/3727/3331 2078/3725/3329
f 2077/3779/3383 2078/3725/3329 2074/3780/3384
f 2074/3780/3384 2078/3725/3329 2075/3723/3327
f 2074/3780/3384 2075/3723/3327 2071/3781/3385
f 2071/3781/3385 2075/3723/3327 2072/3721/3325
f 2071/3781/3385 2072/3721/3325 2068/3782/3386
f 2068/3782/3386 2072/3721/3325 2069/3719/3323
f 2068/3782/3386 2069/3719/3323 2065/3783/3387
f 2065/3783/3387 2069/3719/3323 2066/3717/3321
f 2065/3783/3387 2066/3717/3321 2026/3784/3364
f 2026/3784/3364 2066/3717/3321 2027/3715/3319
f 1880/3785/3008 2100/3786/3388 1857/3787/3006
f 1857/3787/3006 2100/3786/3388 2105/3788/3389
f 1857/3787/3006 2105/3788/3389 1858/3789/3004
f 1858/3789/3004 2105/3788/3389 2166/3790/3390
f 1858/3789/3004 2166/3790/3390 1859/3791/3050
f 1859/3791/3050 2166/3790/3390 2163/3792/3391
f 1859/3791/3050 2163/3792/3391 1860/3793/3048
f 1860/3793/3048 2163/3792/3391 2160/3794/3392
f 1860/3793/3048 2160/3794/3392 1861/3795/3046
f 1861/3795/3046 2160/3794/3392 2157/3796/3393
f 1861/3795/3046 2157/3796/3393 1862/3797/3044
f 1862/3797/3044 2157/3796/3393 2154/3798/3394
f 1862/3797/3044 2154/3798/3394 1863/3799/3042
f 1863/3799/3042 2154/3798/3394 2151/3800/3395
f 1863/3799/3042 2151/3800/3395 1864/3801/3040
f 1864/3801/3040 2151/3800/3395 2148/3802/3396
f 1864/3801/3040 2148/3802/3396 1865/3803/3038
f 1865/3803/3038 2148/3802/3396 2145/3804/3397
f 1865/3803/3038 2145/3804/3397 1866/3805/3036
f 1866/3805/3036 2145/3804/3397 2142/3806/3398
f 1866/3805/3036 2142/3806/3398 1867/3807/3034
f 1867/3807/3034 2142/3806/3398 2139/3808/3399
f 1867/3807/3034 2139/3808/3399 1868/3809/3032
f 1868/3809/3032 2139/3808/3399 2136/3810/3400
f 1868/3809/3032 2136/3810/3400 1869/3811/3030
f 1869/3811/3030 2136/3810/3400 2097/3812/3401
f 1869/3813/3030 2097/3814/3401 1870/3815/3028
f 1870/3815/3028 2097/3814/3401 2133/3816/3402
f 1870/3815/3028 2133/3816/3402 1871/3817/3026
f 1871/3817/3026 2133/3816/3402 2130/3818/3403
f 1871/3817/3026 2130/3818/3403 1872/3819/3024
f 1872/3819/3024 2130/3818/3403 2127/3820/3404
f 1872/3819/3024 2127/3820/3404 1873/3821/3022
f 1873/3821/3022 2127/3820/3404 2124/3822/3405
f 1873/3821/3022 2124/3822/3405 1874/3823/3020
f 1874/3823/3020 2124/3822/3405 2121/3824/3406
f 1874/3823/3020 2121/3824/3406 1875/3825/3018
f 1875/3825/3018 2121/3824/3406 2118/3826/3407
f 1875/3825/3018 2118/3826/3407 1876/3827/3016
f 1876/3827/3016 2118/3826/3407 2115/3828/3408
f 1876/3827/3016 2115/3828/3408 1877/3829/3014
f 1877/3829/3014 2115/3828/3408 2112/3830/3409
f 1877/3829/3014 2112/3830/3409 1878/3831/3012
f 1878/3831/3012 2112/3830/3409 2109/3832/3410
f 1878/3831/3012 2109/3832/3410 1879/3833/3010
f 1879/3833/3010 2109/3832/3410 2106/3834/3411
f 1879/3833/3010 2106/3834/3411 1880/3785/3008
f 1880/3785/3008 2106/3834/3411 2100/3786/3388
f 977/3835/3412 2135/3836/3413 954/3837/3414
f 954/3837/3414 2135/3836/3413 2099/3838/3415
f 954/3839/3414 2099/3840/3415 955/3841/3416
f 955/3841/3416 2099/3840/3415 2138/3842/3417
f 955/3841/3416 2138/3842/3417 956/3843/3418
f 956/3843/3418 2138/3842/3417 2141/3844/3419
f 956/3843/3418 2141/3844/3419 957/3845/3420
f 957/3845/3420 2141/3844/3419 2144/3846/3421
f 957/3845/3420 2144/3846/3421 958/3847/3422
f 958/3847/3422 2144/3846/3421 2147/3848/3423
f 958/3847/3422 2147/3848/3423 959/3849/3424
f 959/3849/3424 2147/3848/3423 2150/3850/3425
f 959/3849/3424 2150/3850/3425 960/3851/3426
f 960/3851/3426 2150/3850/3425 2153/3852/3427
f 960/3851/3426 2153/3852/3427 961/3853/3428
f 961/3853/3428 2153/3852/3427 2156/3854/3429
f 961/3853/3428 2156/3854/3429 962/3855/3430
f 962/3855/3430 2156/3854/3429 2159/3856/3431
f 962/3855/3430 2159/3856/3431 963/3857/3432
f 963/3857/3432 2159/3856/3431 2162/3858/3433
f 963/3857/3432 2162/3858/3433 964/3859/3434
f 964/3859/3434 2162/3858/3433 2165/3860/3435
f 964/3859/3434 2165/3860/3435 965/3861/3436
f 965/3861/3436 2165/3860/3435 2168/3862/3437
f 965/3861/3436 2168/3862/3437 966/3863/3438
f 966/3863/3438 2168/3862/3437 2103/3864/3439
f 966/3863/3438 2103/3864/3439 967/3865/3440
f 967/3865/3440 2103/3864/3439 2102/3866/3441
f 967/3865/3440 2102/3866/3441 968/3867/3442
f 968/3867/3442 2102/3866/3441 2108/3868/3443
f 968/3867/3442 2108/3868/3443 969/3869/3444
f 969/3869/3444 2108/3868/3443 2111/3870/3445
f 969/3869/3444 2111/3870/3445 970/3871/3446
f 970/3871/3446 2111/3870/3445 2114/3872/3447
f 970/3871/3446 2114/3872/3447 971/3873/3448
f 971/3873/3448 2114/3872/3447 2117/3874/3449
f 971/3873/3448 2117/3874/3449 972/3875/3450
f 972/3875/3450 2117/3874/3449 2120/3876/3451
f 972/3875/3450 2120/3876/3451 973/3877/3452
f 973/3877/3452 2120/3876/3451 2123/3878/3453
f 973/3877/3452 2123/3878/3453 974/3879/3454
f 974/3879/3454 2123/3878/3453 2126/3880/3455
f 974/3879/3454 2126/3880/3455 975/3881/3456
f 975/3881/3456 2126/3880/3455 2129/3882/3457
f 975/3881/3456 2129/3882/3457 976/3883/3458
f 976/3883/3458 2129/3882/3457 2132/3884/3459
f 976/3883/3458 2132/3884/3459 977/3835/3412
f 977/3835/3412 2132/3884/3459 2135/3836/3413
f 2097/3814/3401 2098/3885/3460 2133/3816/3402
f 2133/3816/3402 2098/3885/3460 2134/3886/3461
f 2133/3816/3402 2134/3886/3461 2130/3818/3403
f 2130/3818/3403 2134/3886/3461 2131/3887/3462
f 2130/3818/3403 2131/3887/3462 2127/3820/3404
f 2127/3820/3404 2131/3887/3462 2128/3888/3463
f 2127/3820/3404 2128/3888/3463 2124/3822/3405
f 2124/3822/3405 2128/3888/3463 2125/3889/3464
f 2124/3822/3405 2125/3889/3464 2121/3824/3406
f 2121/3824/3406 2125/3889/3464 2122/3890/3465
f 2121/3824/3406 2122/3890/3465 2118/3826/3407
f 2118/3826/3407 2122/3890/3465 2119/3891/3466
f 2118/3826/3407 2119/3891/3466 2115/3828/3408
f 2115/3828/3408 2119/3891/3466 2116/3892/3467
f 2115/3828/3408 2116/3892/3467 2112/3830/3409
f 2112/3830/3409 2116/3892/3467 2113/3893/3468
f 2112/3830/3409 2113/3893/3468 2109/3832/3410
f 2109/3832/3410 2113/3893/3468 2110/3894/3469
f 2109/3832/3410 2110/3894/3469 2106/3834/3411
f 2106/3834/3411 2110/3894/3469 2107/3895/3470
f 2106/3834/3411 2107/3895/3470 2100/3786/3388
f 2100/3786/3388 2107/3895/3470 2101/3896/3471
f 2100/3786/3388 2101/3896/3471 2105/3788/3389
f 2105/3788/3389 2101/3896/3471 2104/3897/3472
f 2105/3788/3389 2104/3897/3472 2166/3790/3390
f 2166/3790/3390 2104/3897/3472 2167/3898/3473
f 2166/3790/3390 2167/3898/3473 2163/3792/3391
f 2163/3792/3391 2167/3898/3473 2164/3899/3474
f 2163/3792/3391 2164/3899/3474 2160/3794/3392
f 2160/3794/3392 2164/3899/3474 2161/3900/3475
f 2160/3794/3392 2161/3900/3475 2157/3796/3393
f 2157/3796/3393 2161/3900/3475 2158/3901/3476
f 2157/3796/3393 2158/3901/3476 2154/3798/3394
f 2154/3798/3394 2158/3901/3476 2155/3902/3477
f 2154/3798/3394 2155/3902/3477 2151/3800/3395
f 2151/3800/3395 2155/3902/3477 2152/3903/3478
f 2151/3800/3395 2152/3903/3478 2148/3802/3396
f 2148/3802/3396 2152/3903/3478 2149/3904/3479
f 2148/3802/3396 2149/3904/3479 2145/3804/3397
f 2145/3804/3397 2149/3904/3479 2146/3905/3480
f 2145/3804/3397 2146/3905/3480 2142/3806/3398
f 2142/3806/3398 2146/3905/3480 2143/3906/3481
f 2142/3806/3398 2143/3906/3481 2139/3808/3399
f 2139/3808/3399 2143/3906/3481 2140/3907/3482
f 2139/3808/3399 2140/3907/3482 2136/3810/3400
f 2136/3810/3400 2140/3907/3482 2137/3908/3483
f 2136/3810/3400 2137/3908/3483 2097/3812/3401
f 2097/3812/3401 2137/3908/3483 2098/3909/3460
f 2098/3885/3460 2099/3838/3415 2134/3886/3461
f 2134/3886/3461 2099/3838/3415 2135/3836/3413
f 2134/3886/3461 2135/3836/3413 2131/3887/3462
f 2131/3887/3462 2135/3836/3413 2132/3884/3459
f 2131/3887/3462 2132/3884/3459 2128/3888/3463
f 2128/3888/3463 2132/3884/3459 2129/3882/3457
f 2128/3888/3463 2129/3882/3457 2125/3889/3464
f 2125/3889/3464 2129/3882/3457 2126/3880/3455
f 2125/3889/3464 2126/3880/3455 2122/3890/3465
f 2122/3890/3465 2126/3880/3455 2123/3878/3453
f 2122/3890/3465 2123/3878/3453 2119/3891/3466
f 2119/3891/3466 2123/3878/3453 2120/3876/3451
f 2119/3891/3466 2120/3876/3451 2116/3892/3467
f 2116/3892/3467 2120/3876/3451 2117/3874/3449
f 2116/3892/3467 2117/3874/3449 2113/3893/3468
f 2113/3893/3468 2117/3874/3449 2114/3872/3447
f 2113/3893/3468 2114/3872/3447 2110/3894/3469
f 2110/3894/3469 2114/3872/3447 2111/3870/3445
f 2110/3894/3469 2111/3870/3445 2107/3895/3470
f 2107/3895/3470 2111/3870/3445 2108/3868/3443
f 2107/3895/3470 2108/3868/3443 2101/3896/3471
f 2101/3896/3471 2108/3868/3443 2102/3866/3441
f 2101/3896/3471 2102/3866/3441 2104/3897/3472
f 2104/3897/3472 2102/3866/3441 2103/3864/3439
f 2104/3897/3472 2103/3864/3439 2167/3898/3473
f 2167/3898/3473 2103/3864/3439 2168/3862/3437
f 2167/3898/3473 2168/3862/3437 2164/3899/3474
f 2164/3899/3474 2168/3862/3437 2165/3860/3435
f 2164/3899/3474 2165/3860/3435 2161/3900/3475
f 2161/3900/3475 2165/3860/3435 2162/3858/3433
f 2161/3900/3475 2162/3858/3433 2158/3901/3476
f 2158/3901/3476 2162/3858/3433 2159/3856/3431
f 2158/3901/3476 2159/3856/3431 2155/3902/3477
f 2155/3902/3477 2159/3856/3431 2156/3854/3429
f 2155/3902/3477 2156/3854/3429 2152/3903/3478
f 2152/3903/3478 2156/3854/3429 2153/3852/3427
f 2152/3903/3478 2153/3852/3427 2149/3904/3479
f 2149/3904/3479 2153/3852/3427 2150/3850/3425
f 2149/3904/3479 2150/3850/3425 2146/3905/3480
f 2146/3905/3480 2150/3850/3425 2147/3848/3423
f 2146/3905/3480 2147/3848/3423 2143/3906/3481
f 2143/3906/3481 2147/3848/3423 2144/3846/3421
f 2143/3906/3481 2144/3846/3421 2140/3907/3482
f 2140/3907/3482 2144/3846/3421 2141/3844/3419
f 2140/3907/3482 2141/3844/3419 2137/3908/3483
f 2137/3908/3483 2141/3844/3419 2138/3842/3417
f 2137/3908/3483 2138/3842/3417 2098/3909/3460
f 2098/3909/3460 2138/3842/3417 2099/3840/3415
f 380/3910/2816 1724/3911/2824 381/3912/3484
f 381/3912/3484 1724/3911/2824 505/3913/3485
f 153/3914/181 152/3915/179 575/3916/3486
f 575/3916/3486 152/3915/179 719/3917/3487
f 575/3916/3486 719/3917/3487 576/3918/3488
f 576/3918/3488 719/3917/3487 718/3919/3489
f 576/3918/3488 718/3919/3489 577/3920/3490
f 577/3920/3490 718/3919/3489 717/3921/3491
f 577/3920/3490 717/3921/3491 578/3922/3492
f 578/3922/3492 717/3921/3491 716/3923/3493
f 578/3922/3492 716/3923/3493 579/3924/3494
f 579/3924/3494 716/3923/3493 715/3925/3495
f 579/3924/3494 715/3925/3495 580/3926/3496
f 580/3926/3496 715/3925/3495 714/3927/3497
f 580/3926/3496 714/3927/3497 581/3928/3498
f 581/3928/3498 714/3927/3497 713/3929/3499
f 581/3928/3498 713/3929/3499 582/3930/3500
f 582/3930/3500 713/3929/3499 712/3931/3501
f 582/3930/3500 712/3931/3501 583/3932/3502
f 583/3932/3502 712/3931/3501 711/3933/3503
f 583/3932/3502 711/3933/3503 584/3934/3504
f 584/3934/3504 711/3933/3503 710/3935/3505
f 584/3934/3504 710/3935/3505 148/3936/169
f 148/3936/169 710/3935/3505 149/3937/171
f 154/3938/3506 593/3939/3507 155/3940/3508
f 155/3940/3508 593/3939/3507 898/3941/3509
f 898/3941/3509 593/3939/3507 592/3942/3510
f 898/3941/3509 592/3942/3510 899/3943/3511
f 899/3943/3511 592/3942/3510 591/3944/3512
f 899/3943/3511 591/3944/3512 900/3945/3513
f 900/3945/3513 591/3944/3512 590/3946/3514
f 900/3945/3513 590/3946/3514 901/3947/3515
f 901/3947/3515 590/3946/3514 589/3948/3516
f 901/3947/3515 589/3948/3516 902/3949/3517
f 902/3949/3517 589/3948/3516 588/3950/3518
f 902/3949/3517 588/3950/3518 903/3951/3519
f 903/3951/3519 588/3950/3518 587/3952/3520
f 903/3951/3519 587/3952/3520 904/3953/3521
f 904/3953/3521 587/3952/3520 586/3954/3522
f 904/3953/3521 586/3954/3522 905/3955/3523
f 905/3955/3523 586/3954/3522 585/3956/3524
f 905/3955/3523 585/3956/3524 17/3957/3525
f 17/3957/3525 585/3956/3524 18/3958/3526
f 18/3958/3526 585/3956/3524 147/3959/176
f 18/3958/3526 147/3959/176 21/3960/3527
f 21/3960/3527 147/3959/176 22/3961/3528
f 22/3961/3528 147/3959/176 23/3962/177
f 506/3963/3529 881/3964/3530 507/3965/3531
f 507/3965/3531 881/3964/3530 880/3966/3532
f 507/3965/3531 880/3966/3532 508/3967/3533
f 508/3967/3533 880/3966/3532 879/3968/3534
f 508/3967/3533 879/3968/3534 509/3969/3535
f 509/3969/3535 879/3968/3534 878/3970/3536
f 509/3969/3535 878/3970/3536 510/3971/3537
f 510/3971/3537 878/3970/3536 877/3972/3538
f 510/3971/3537 877/3972/3538 511/3973/3539
f 511/3973/3539 877/3972/3538 876/3974/3540
f 511/3973/3539 876/3974/3540 512/3975/3541
f 512/3975/3541 876/3974/3540 875/3976/3542
f 512/3975/3541 875/3976/3542 513/3977/3543
f 513/3977/3543 875/3976/3542 874/3978/3544
f 513/3977/3543 874/3978/3544 514/3979/3545
f 514/3979/3545 874/3978/3544 873/3980/3546
f 514/3979/3545 873/3980/3546 515/3981/3547
f 515/3981/3547 873/3980/3546 872/3982/3548
f 515/3981/3547 872/3982/3548 516/3983/3549
f 516/3983/3549 872/3982/3548 871/3984/3550
f 516/3983/3549 871/3984/3550 517/3985/3551
f 517/3985/3551 871/3984/3550 870/3986/3552
f 517/3985/3551 870/3986/3552 518/3987/2779
f 518/3987/2779 870/3986/3552 869/3988/2775
f 695/3989/1097 632/3990/1096 1575/3991/3553
f 1575/3991/3553 632/3990/1096 631/3992/3554
f 1575/3991/3553 631/3992/3554 630/3993/3555
f 1575/3991/3553 630/3993/3555 1576/3994/3556
f 1576/3994/3556 630/3993/3555 629/3995/3557
f 1576/3994/3556 629/3995/3557 1577/3996/3558
f 1577/3996/3558 629/3995/3557 628/3997/3559
f 1577/3996/3558 628/3997/3559 1578/3998/3560
f 1578/3998/3560 628/3997/3559 627/3999/3561
f 1578/3998/3560 627/3999/3561 1579/4000/3562
f 1579/4000/3562 627/3999/3561 626/4001/3563
f 1579/4000/3562 626/4001/3563 1580/4002/3564
f 1580/4002/3564 626/4001/3563 625/4003/3565
f 1580/4002/3564 625/4003/3565 1581/4004/3566
f 1581/4004/3566 625/4003/3565 624/4005/3567
f 1581/4004/3566 624/4005/3567 1582/4006/3568
f 1582/4006/3568 624/4005/3567 623/4007/3569
f 1582/4006/3568 623/4007/3569 1583/4008/3570
f 1583/4008/3570 623/4007/3569 622/4009/3571
f 1583/4008/3570 622/4009/3571 1584/4010/3572
f 1584/4010/3572 622/4009/3571 621/4011/3573
f 1584/4010/3572 621/4011/3573 1585/4012/3574
f 1585/4012/3574 621/4011/3573 1586/4013/2368
f 1586/4013/2368 621/4011/3573 620/4014/2370
f 1587/4015/2367 619/4016/2369 1588/4017/3575
f 1588/4017/3575 619/4016/2369 618/4018/3576
f 1588/4017/3575 618/4018/3576 617/4019/3577
f 1588/4017/3575 617/4019/3577 1589/4020/3578
f 1589/4020/3578 617/4019/3577 616/4021/3579
f 1589/4020/3578 616/4021/3579 1590/4022/3580
f 1590/4022/3580 616/4021/3579 615/4023/3581
f 1590/4022/3580 615/4023/3581 1591/4024/3582
f 1591/4024/3582 615/4023/3581 614/4025/3583
f 1591/4024/3582 614/4025/3583 1592/4026/3584
f 1592/4026/3584 614/4025/3583 613/4027/3585
f 1592/4026/3584 613/4027/3585 1593/4028/3586
f 1593/4028/3586 613/4027/3585 612/4029/3587
f 1593/4028/3586 612/4029/3587 1594/4030/3588
f 1594/4030/3588 612/4029/3587 611/4031/3589
f 1594/4030/3588 611/4031/3589 1595/4032/3590
f 1595/4032/3590 611/4031/3589 610/4033/3591
f 1595/4032/3590 610/4033/3591 1596/4034/3592
f 1596/4034/3592 610/4033/3591 609/4035/3593
f 1596/4034/3592 609/4035/3593 1597/4036/3594
f 1597/4036/3594 609/4035/3593 608/4037/3595
f 1597/4036/3594 608/4037/3595 1598/4038/3596
f 1598/4038/3596 608/4037/3595 1568/4039/2414
f 1568/4039/2414 608/4037/3595 607/4040/2415
# 2168 vertices
# 4040 texture params
# 3596 normals
# 4356 facets

# 1 groups
