# WaveFront *.obj file (generated by Autodesk ATF)

mtllib top.mtl

g top

v 1.000000 90.866026 4.200000
v 1.207107 91.024945 3.992893
v 1.293353 91.123290 3.906647
v 1.366025 91.232052 3.833975
v 1.423880 91.349368 3.776120
v 1.465926 91.473233 3.734074
v 1.491445 91.601525 3.708555
v 1.500000 91.732052 3.700000
v 2.200000 91.732052 3.700000
v 2.200000 91.473233 3.734074
v 2.200000 91.232052 3.833975
v 2.200000 91.024945 3.992893
v 2.200000 90.866026 4.200000
v 2.200000 90.707108 4.407107
v 2.200000 90.500001 4.566025
v 2.200000 90.258820 4.665926
v 2.200000 90.000001 4.700000
v 0.500000 90.000001 4.700000
v 0.508555 90.130527 4.691445
v 0.534074 90.258820 4.665926
v 0.576120 90.382684 4.623880
v 0.633975 90.500001 4.566025
v 0.706647 90.608762 4.493353
v 0.792893 90.707108 4.407107
v 2.200000 102.300001 3.700000
v 2.200000 102.300001 5.700000
v 2.200000 61.200001 5.700000
v 2.200000 61.200001 3.700000
v 2.200000 71.767950 3.700000
v 2.200000 72.026769 3.734074
v 2.200000 72.267950 3.833975
v 2.200000 72.475057 3.992893
v 2.200000 72.633975 4.200000
v 2.200000 72.792894 4.407107
v 2.200000 73.000001 4.566025
v 2.200000 73.241182 4.665926
v 2.200000 73.500001 4.700000
v 1.500000 71.767950 3.700000
v 1.491445 71.898476 3.708555
v 1.465926 72.026769 3.734074
v 1.423880 72.150633 3.776120
v 1.366025 72.267950 3.833975
v 1.293353 72.376711 3.906647
v 1.207107 72.475057 3.992893
v 1.000000 72.633975 4.200000
v 0.792893 72.792894 4.407107
v 0.706647 72.891239 4.493353
v 0.633975 73.000001 4.566025
v 0.576120 73.117317 4.623880
v 0.534074 73.241182 4.665926
v 0.508555 73.369475 4.691445
v 0.500000 73.500001 4.700000
v 0.500000 104.000001 4.700000
v 0.500000 59.500001 4.700000
v 67.000000 59.500001 4.700000
v 67.000000 104.000001 4.700000
v 21.600000 53.400001 4.700000
v 22.600000 53.400001 4.700000
v 22.600000 56.000001 4.700000
v 8.000000 56.000001 4.700000
v 6.615908 55.912576 4.700000
v 5.253817 55.651690 4.700000
v 3.935378 55.221490 4.700000
v 2.681547 54.628815 4.700000
v 1.512257 53.883085 4.700000
v 0.446092 52.996154 4.700000
v -0.500000 51.982121 4.700000
v -0.500000 104.500001 4.700000
v 71.919873 104.500001 4.700000
v 71.143513 103.787880 4.700000
v 70.482814 102.967314 4.700000
v 69.952743 102.056887 4.700000
v 69.565305 101.077223 4.700000
v 69.329275 100.050509 4.700000
v 69.250000 99.000001 4.700000
v 69.250000 67.000000 4.700000
v 69.330598 65.611527 4.700000
v 69.571310 64.241705 4.700000
v 69.968901 62.908936 4.700000
v 70.518032 61.631122 4.700000
v 71.211325 60.425428 4.700000
v 72.039468 59.308050 4.700000
v 72.991336 58.293999 4.700000
v 74.054142 57.396895 4.700000
v 75.213611 56.628789 4.700000
v 76.454167 56.000001 4.700000
v 50.600000 56.000001 4.700000
v 50.600000 53.400001 4.700000
v 51.600000 53.400001 4.700000
v 51.600000 53.353554 4.700000
v 50.496447 52.250001 4.700000
v 22.703553 52.250001 4.700000
v 21.600000 53.353554 4.700000
v 1.500000 103.000001 3.700000
v 66.000000 103.000001 3.700000
v 66.000000 60.500001 3.700000
v 1.500000 60.500001 3.700000
v 8.000000 -1.775000 3.300000
v 100.000002 -1.775000 3.300000
v 100.000002 -1.775000 5.700000
v 8.000000 -1.775000 5.700000
v -1.775000 8.000000 3.300000
v -1.691374 6.724106 3.300000
v -1.441925 5.470044 3.300000
v -1.030922 4.259269 3.300000
v -0.465398 3.112500 3.300000
v 0.244971 2.049357 3.300000
v 1.088031 1.088031 3.300000
v 2.049357 0.244971 3.300000
v 3.112500 -0.465398 3.300000
v 4.259269 -1.030922 3.300000
v 5.470044 -1.441925 3.300000
v 6.724106 -1.691374 3.300000
v 6.724106 -1.691374 5.700000
v 5.470044 -1.441925 5.700000
v 4.259269 -1.030922 5.700000
v 3.112500 -0.465398 5.700000
v 2.049357 0.244971 5.700000
v 1.088031 1.088031 5.700000
v 0.244971 2.049357 5.700000
v -0.465398 3.112500 5.700000
v -1.030922 4.259269 5.700000
v -1.441925 5.470044 5.700000
v -1.691374 6.724106 5.700000
v -1.775000 8.000000 5.700000
v -1.775000 45.000382 3.300000
v -1.775000 45.000382 5.700000
v -1.775000 105.750001 3.300000
v -1.775000 105.750001 5.700000
v -1.750000 105.775001 3.300000
v -1.756470 105.774149 3.300000
v -1.762500 105.771651 3.300000
v -1.767678 105.767678 3.300000
v -1.771651 105.762501 3.300000
v -1.774148 105.756471 3.300000
v -1.774148 105.756471 5.700000
v -1.771651 105.762501 5.700000
v -1.767678 105.767678 5.700000
v -1.762500 105.771651 5.700000
v -1.756470 105.774149 5.700000
v -1.750000 105.775001 5.700000
v -1.756470 105.774149 3.441176
v -1.756470 105.774149 3.582353
v -1.756470 105.774149 3.723529
v -1.756470 105.774149 3.864706
v -1.756470 105.774149 4.005882
v -1.756470 105.774149 4.147059
v -1.756470 105.774149 4.288235
v -1.756470 105.774149 4.429412
v -1.756470 105.774149 4.570588
v -1.756470 105.774149 4.711765
v -1.756470 105.774149 4.852941
v -1.756470 105.774149 4.994118
v -1.756470 105.774149 5.135294
v -1.756470 105.774149 5.276471
v -1.756470 105.774149 5.417647
v -1.756470 105.774149 5.558824
v -1.762500 105.771651 3.441176
v -1.762500 105.771651 3.582353
v -1.762500 105.771651 3.723529
v -1.762500 105.771651 3.864706
v -1.762500 105.771651 4.005882
v -1.762500 105.771651 4.147059
v -1.762500 105.771651 4.288235
v -1.762500 105.771651 4.429412
v -1.762500 105.771651 4.570588
v -1.762500 105.771651 4.711765
v -1.762500 105.771651 4.852941
v -1.762500 105.771651 4.994118
v -1.762500 105.771651 5.135294
v -1.762500 105.771651 5.276471
v -1.762500 105.771651 5.417647
v -1.762500 105.771651 5.558824
v -1.767678 105.767678 3.441176
v -1.767678 105.767678 3.582353
v -1.767678 105.767678 3.723529
v -1.767678 105.767678 3.864706
v -1.767678 105.767678 4.005882
v -1.767678 105.767678 4.147059
v -1.767678 105.767678 4.288235
v -1.767678 105.767678 4.429412
v -1.767678 105.767678 4.570588
v -1.767678 105.767678 4.711765
v -1.767678 105.767678 4.852941
v -1.767678 105.767678 4.994118
v -1.767678 105.767678 5.135294
v -1.767678 105.767678 5.276471
v -1.767678 105.767678 5.417647
v -1.767678 105.767678 5.558824
v -1.771651 105.762501 3.441176
v -1.771651 105.762501 3.582353
v -1.771651 105.762501 3.723529
v -1.771651 105.762501 3.864706
v -1.771651 105.762501 4.005882
v -1.771651 105.762501 4.147059
v -1.771651 105.762501 4.288235
v -1.771651 105.762501 4.429412
v -1.771651 105.762501 4.570588
v -1.771651 105.762501 4.711765
v -1.771651 105.762501 4.852941
v -1.771651 105.762501 4.994118
v -1.771651 105.762501 5.135294
v -1.771651 105.762501 5.276471
v -1.771651 105.762501 5.417647
v -1.771651 105.762501 5.558824
v -1.774148 105.756471 3.441176
v -1.774148 105.756471 3.582353
v -1.774148 105.756471 3.723529
v -1.774148 105.756471 3.864706
v -1.774148 105.756471 4.005882
v -1.774148 105.756471 4.147059
v -1.774148 105.756471 4.288235
v -1.774148 105.756471 4.429412
v -1.774148 105.756471 4.570588
v -1.774148 105.756471 4.711765
v -1.774148 105.756471 4.852941
v -1.774148 105.756471 4.994118
v -1.774148 105.756471 5.135294
v -1.774148 105.756471 5.276471
v -1.774148 105.756471 5.417647
v -1.774148 105.756471 5.558824
v 109.750002 105.775001 3.300000
v 109.750002 105.775001 5.700000
v 109.775002 105.750001 3.300000
v 109.774150 105.756471 3.300000
v 109.771652 105.762501 3.300000
v 109.767679 105.767678 3.300000
v 109.762502 105.771651 3.300000
v 109.756472 105.774149 3.300000
v 109.756472 105.774149 5.700000
v 109.762502 105.771651 5.700000
v 109.767679 105.767678 5.700000
v 109.771652 105.762501 5.700000
v 109.774150 105.756471 5.700000
v 109.775002 105.750001 5.700000
v 109.774150 105.756471 3.441176
v 109.774150 105.756471 3.582353
v 109.774150 105.756471 3.723529
v 109.774150 105.756471 3.864706
v 109.774150 105.756471 4.005882
v 109.774150 105.756471 4.147059
v 109.774150 105.756471 4.288235
v 109.774150 105.756471 4.429412
v 109.774150 105.756471 4.570588
v 109.774150 105.756471 4.711765
v 109.774150 105.756471 4.852941
v 109.774150 105.756471 4.994118
v 109.774150 105.756471 5.135294
v 109.774150 105.756471 5.276471
v 109.774150 105.756471 5.417647
v 109.774150 105.756471 5.558824
v 109.771652 105.762501 3.441176
v 109.771652 105.762501 3.582353
v 109.771652 105.762501 3.723529
v 109.771652 105.762501 3.864706
v 109.771652 105.762501 4.005882
v 109.771652 105.762501 4.147059
v 109.771652 105.762501 4.288235
v 109.771652 105.762501 4.429412
v 109.771652 105.762501 4.570588
v 109.771652 105.762501 4.711765
v 109.771652 105.762501 4.852941
v 109.771652 105.762501 4.994118
v 109.771652 105.762501 5.135294
v 109.771652 105.762501 5.276471
v 109.771652 105.762501 5.417647
v 109.771652 105.762501 5.558824
v 109.767679 105.767678 3.441176
v 109.767679 105.767678 3.582353
v 109.767679 105.767678 3.723529
v 109.767679 105.767678 3.864706
v 109.767679 105.767678 4.005882
v 109.767679 105.767678 4.147059
v 109.767679 105.767678 4.288235
v 109.767679 105.767678 4.429412
v 109.767679 105.767678 4.570588
v 109.767679 105.767678 4.711765
v 109.767679 105.767678 4.852941
v 109.767679 105.767678 4.994118
v 109.767679 105.767678 5.135294
v 109.767679 105.767678 5.276471
v 109.767679 105.767678 5.417647
v 109.767679 105.767678 5.558824
v 109.762502 105.771651 3.441176
v 109.762502 105.771651 3.582353
v 109.762502 105.771651 3.723529
v 109.762502 105.771651 3.864706
v 109.762502 105.771651 4.005882
v 109.762502 105.771651 4.147059
v 109.762502 105.771651 4.288235
v 109.762502 105.771651 4.429412
v 109.762502 105.771651 4.570588
v 109.762502 105.771651 4.711765
v 109.762502 105.771651 4.852941
v 109.762502 105.771651 4.994118
v 109.762502 105.771651 5.135294
v 109.762502 105.771651 5.276471
v 109.762502 105.771651 5.417647
v 109.762502 105.771651 5.558824
v 109.756472 105.774149 3.441176
v 109.756472 105.774149 3.582353
v 109.756472 105.774149 3.723529
v 109.756472 105.774149 3.864706
v 109.756472 105.774149 4.005882
v 109.756472 105.774149 4.147059
v 109.756472 105.774149 4.288235
v 109.756472 105.774149 4.429412
v 109.756472 105.774149 4.570588
v 109.756472 105.774149 4.711765
v 109.756472 105.774149 4.852941
v 109.756472 105.774149 4.994118
v 109.756472 105.774149 5.135294
v 109.756472 105.774149 5.276471
v 109.756472 105.774149 5.417647
v 109.756472 105.774149 5.558824
v 109.775002 45.000382 3.300000
v 109.775002 45.000382 5.700000
v 109.775002 8.000000 3.300000
v 109.775002 8.000000 5.700000
v 101.275895 -1.691374 3.300000
v 102.529958 -1.441925 3.300000
v 103.740732 -1.030922 3.300000
v 104.887502 -0.465398 3.300000
v 105.950645 0.244971 3.300000
v 106.911970 1.088031 3.300000
v 107.755031 2.049357 3.300000
v 108.465400 3.112500 3.300000
v 109.030924 4.259269 3.300000
v 109.441927 5.470044 3.300000
v 109.691375 6.724106 3.300000
v 109.691375 6.724106 5.700000
v 109.441927 5.470044 5.700000
v 109.030924 4.259269 5.700000
v 108.465400 3.112500 5.700000
v 107.755031 2.049357 5.700000
v 106.911970 1.088031 5.700000
v 105.950645 0.244971 5.700000
v 104.887502 -0.465398 5.700000
v 103.740732 -1.030922 5.700000
v 102.529958 -1.441925 5.700000
v 101.275895 -1.691374 5.700000
v 95.520000 102.000001 5.700000
v 95.520000 100.890001 5.700000
v 94.410000 100.890001 5.700000
v 94.410000 102.000001 5.700000
v 65.300000 102.300001 5.700000
v 65.300000 61.200001 5.700000
v 64.955000 20.306667 5.700000
v 74.430000 20.306667 5.700000
v 74.430000 11.940001 5.700000
v 64.955000 11.940001 5.700000
v 63.955000 20.306667 5.700000
v 63.955000 11.940001 5.700000
v 54.480000 11.940001 5.700000
v 54.480000 20.306667 5.700000
v 64.955000 21.306667 5.700000
v 64.955000 29.673334 5.700000
v 74.430000 29.673334 5.700000
v 74.430000 21.306667 5.700000
v 43.005000 40.040001 5.700000
v 33.530000 40.040001 5.700000
v 33.530000 48.900001 5.700000
v 43.005000 48.900001 5.700000
v 43.005000 39.040001 5.700000
v 43.005000 30.673334 5.700000
v 33.530000 30.673334 5.700000
v 33.530000 39.040001 5.700000
v 44.005000 40.040001 5.700000
v 44.005000 48.900001 5.700000
v 53.480000 48.900001 5.700000
v 53.480000 40.040001 5.700000
v 95.380000 10.940001 5.700000
v 95.380000 2.100000 5.700000
v 85.905000 2.100000 5.700000
v 85.905000 10.940001 5.700000
v 96.380000 10.940001 5.700000
v 106.400002 10.940001 5.700000
v 106.400000 7.600000 5.700000
v 106.316444 6.644935 5.700000
v 106.068311 5.718889 5.700000
v 105.663141 4.850000 5.700000
v 105.113246 4.064668 5.700000
v 104.435333 3.386756 5.700000
v 103.650002 2.836860 5.700000
v 102.781112 2.431691 5.700000
v 101.855067 2.183557 5.700000
v 100.900002 2.100001 5.700000
v 96.380000 2.100000 5.700000
v 75.430000 21.306667 5.700000
v 75.430000 29.673334 5.700000
v 84.905000 29.673334 5.700000
v 84.905000 21.306667 5.700000
v 12.580000 21.306667 5.700000
v 12.580000 29.673334 5.700000
v 22.055000 29.673334 5.700000
v 22.055000 21.306667 5.700000
v 85.905000 30.673334 5.700000
v 85.905000 39.040001 5.700000
v 95.380000 39.040001 5.700000
v 95.380000 30.673334 5.700000
v 96.380000 30.673334 5.700000
v 96.380000 39.040001 5.700000
v 106.400002 39.040001 5.700000
v 106.400002 30.673334 5.700000
v 23.055000 30.673334 5.700000
v 23.055000 39.040001 5.700000
v 32.530000 39.040001 5.700000
v 32.530000 30.673334 5.700000
v 63.955000 10.940001 5.700000
v 63.955000 2.100000 5.700000
v 44.005000 2.100000 5.700000
v 44.005000 10.940001 5.700000
v 43.005000 10.940001 5.700000
v 43.005000 2.100000 5.700000
v 33.530000 2.100000 5.700000
v 33.530000 10.940001 5.700000
v 85.905000 21.306667 5.700000
v 85.905000 29.673334 5.700000
v 95.380000 29.673334 5.700000
v 95.380000 21.306667 5.700000
v 96.380000 21.306667 5.700000
v 96.380000 29.673334 5.700000
v 106.400002 29.673334 5.700000
v 106.400002 21.306667 5.700000
v 11.580000 11.940001 5.700000
v 1.600000 11.940001 5.700000
v 1.600000 20.306667 5.700000
v 11.580000 20.306667 5.700000
v 12.580000 11.940001 5.700000
v 12.580000 20.306667 5.700000
v 22.055000 20.306667 5.700000
v 22.055000 11.940001 5.700000
v 84.905000 10.940001 5.700000
v 84.905000 2.100000 5.700000
v 75.430000 2.100000 5.700000
v 75.430000 10.940001 5.700000
v 64.955000 40.040001 5.700000
v 64.955000 48.900001 5.700000
v 74.430000 48.900001 5.700000
v 74.430000 40.040001 5.700000
v 75.430000 40.040001 5.700000
v 75.430000 48.900001 5.700000
v 84.905000 48.900001 5.700000
v 84.905000 40.040001 5.700000
v 23.055000 40.040001 5.700000
v 23.055000 48.900001 5.700000
v 32.530000 48.900001 5.700000
v 32.530000 40.040001 5.700000
v 54.480000 40.040001 5.700000
v 54.480000 48.900001 5.700000
v 63.955000 48.900001 5.700000
v 63.955000 40.040001 5.700000
v 32.530000 10.940001 5.700000
v 32.530000 2.100000 5.700000
v 23.055000 2.100000 5.700000
v 23.055000 10.940001 5.700000
v 22.055000 10.940001 5.700000
v 22.055000 2.100000 5.700000
v 12.580000 2.100000 5.700000
v 12.580000 10.940001 5.700000
v 85.905000 11.940001 5.700000
v 85.905000 20.306667 5.700000
v 95.380000 20.306667 5.700000
v 95.380000 11.940001 5.700000
v 23.055000 11.940001 5.700000
v 23.055000 20.306667 5.700000
v 32.530000 20.306667 5.700000
v 32.530000 11.940001 5.700000
v 75.430000 11.940001 5.700000
v 75.430000 20.306667 5.700000
v 84.905000 20.306667 5.700000
v 84.905000 11.940001 5.700000
v 7.100000 2.100001 5.700000
v 6.144935 2.183557 5.700000
v 5.218889 2.431691 5.700000
v 4.350000 2.836860 5.700000
v 3.564668 3.386756 5.700000
v 2.886756 4.064668 5.700000
v 2.336860 4.850000 5.700000
v 1.931691 5.718889 5.700000
v 1.683557 6.644935 5.700000
v 1.600000 7.600000 5.700000
v 1.600000 10.940001 5.700000
v 11.580000 10.940001 5.700000
v 11.580000 2.100000 5.700000
v 75.430000 30.673334 5.700000
v 75.430000 39.040001 5.700000
v 84.905000 39.040001 5.700000
v 84.905000 30.673334 5.700000
v 64.955000 30.673334 5.700000
v 64.955000 39.040001 5.700000
v 74.430000 39.040001 5.700000
v 74.430000 30.673334 5.700000
v 11.580000 21.306667 5.700000
v 1.600000 21.306667 5.700000
v 1.600000 29.673334 5.700000
v 11.580000 29.673334 5.700000
v 11.580000 30.673334 5.700000
v 1.600000 30.673334 5.700000
v 1.600000 39.040001 5.700000
v 11.580000 39.040001 5.700000
v 1.600000 43.400001 5.700000
v 1.683557 44.355066 5.700000
v 1.931691 45.281112 5.700000
v 2.336860 46.150001 5.700000
v 2.886756 46.935333 5.700000
v 3.564668 47.613245 5.700000
v 4.350000 48.163141 5.700000
v 5.218889 48.568310 5.700000
v 6.144935 48.816443 5.700000
v 7.100000 48.900001 5.700000
v 11.580000 48.900001 5.700000
v 11.580000 40.040001 5.700000
v 1.600000 40.040001 5.700000
v 74.430000 10.940001 5.700000
v 74.430000 2.100000 5.700000
v 64.955000 2.100000 5.700000
v 64.955000 10.940001 5.700000
v 12.580000 40.040001 5.700000
v 12.580000 48.900001 5.700000
v 22.055000 48.900001 5.700000
v 22.055000 40.040001 5.700000
v 44.005000 39.040001 5.700000
v 53.480000 39.040001 5.700000
v 53.480000 30.673334 5.700000
v 44.005000 30.673334 5.700000
v 85.905000 40.040001 5.700000
v 85.905000 48.900001 5.700000
v 95.380000 48.900001 5.700000
v 95.380000 40.040001 5.700000
v 96.380000 40.040001 5.700000
v 96.380000 48.900001 5.700000
v 100.900000 48.900001 5.700000
v 101.855065 48.816443 5.700000
v 102.781111 48.568310 5.700000
v 103.650000 48.163141 5.700000
v 104.435332 47.613245 5.700000
v 105.113244 46.935333 5.700000
v 105.663140 46.150001 5.700000
v 106.068309 45.281112 5.700000
v 106.316443 44.355066 5.700000
v 106.400000 43.400001 5.700000
v 106.400002 40.040001 5.700000
v 96.380000 11.940001 5.700000
v 96.380000 20.306667 5.700000
v 106.400002 20.306667 5.700000
v 106.400002 11.940001 5.700000
v 63.955000 21.306667 5.700000
v 54.480000 21.306667 5.700000
v 54.480000 29.673334 5.700000
v 63.955000 29.673334 5.700000
v 12.580000 30.673334 5.700000
v 12.580000 39.040001 5.700000
v 22.055000 39.040001 5.700000
v 22.055000 30.673334 5.700000
v 54.480000 30.673334 5.700000
v 54.480000 39.040001 5.700000
v 63.955000 39.040001 5.700000
v 63.955000 30.673334 5.700000
v 23.055000 21.306667 5.700000
v 23.055000 29.673334 5.700000
v 32.530000 29.673334 5.700000
v 32.530000 21.306667 5.700000
v 43.005000 21.306667 5.700000
v 33.530000 21.306667 5.700000
v 33.530000 29.673334 5.700000
v 43.005000 29.673334 5.700000
v 44.005000 21.306667 5.700000
v 44.005000 29.673334 5.700000
v 53.480000 29.673334 5.700000
v 53.480000 21.306667 5.700000
v 43.005000 20.306667 5.700000
v 43.005000 11.940001 5.700000
v 33.530000 11.940001 5.700000
v 33.530000 20.306667 5.700000
v 44.005000 20.306667 5.700000
v 53.480000 20.306667 5.700000
v 53.480000 11.940001 5.700000
v 44.005000 11.940001 5.700000
v 92.190000 82.424480 5.700000
v 92.190000 87.914480 5.700000
v 93.300000 87.914480 5.700000
v 93.300000 82.424480 5.700000
v 85.530000 63.720001 5.700000
v 85.530000 68.114480 5.700000
v 86.640000 68.114480 5.700000
v 86.640000 63.720001 5.700000
v 89.970000 63.720001 5.700000
v 89.970000 68.114480 5.700000
v 91.080000 68.114480 5.700000
v 91.080000 63.720001 5.700000
v 89.970000 74.714480 5.700000
v 91.080000 74.714480 5.700000
v 91.080000 69.224480 5.700000
v 89.970000 69.224480 5.700000
v 89.970000 81.314480 5.700000
v 91.080000 81.314480 5.700000
v 91.080000 75.824480 5.700000
v 89.970000 75.824480 5.700000
v 87.750000 81.314480 5.700000
v 88.860000 81.314480 5.700000
v 88.860000 75.824480 5.700000
v 87.750000 75.824480 5.700000
v 85.530000 82.424480 5.700000
v 85.530000 87.914480 5.700000
v 86.640000 87.914480 5.700000
v 86.640000 82.424480 5.700000
v 87.750000 63.720001 5.700000
v 87.750000 68.114480 5.700000
v 88.860000 68.114480 5.700000
v 88.860000 63.720001 5.700000
v 94.410000 82.424480 5.700000
v 94.410000 87.914480 5.700000
v 95.520000 87.914480 5.700000
v 95.520000 82.424480 5.700000
v 94.410000 63.720001 5.700000
v 94.410000 68.114480 5.700000
v 95.520000 68.114480 5.700000
v 95.520000 63.720001 5.700000
v 96.630000 63.720001 5.700000
v 96.630000 68.114480 5.700000
v 97.740000 68.114480 5.700000
v 97.740000 63.720001 5.700000
v 81.090000 94.514480 5.700000
v 82.200000 94.514480 5.700000
v 82.200000 89.024480 5.700000
v 81.090000 89.024480 5.700000
v 94.410000 81.314480 5.700000
v 95.520000 81.314480 5.700000
v 95.520000 75.824480 5.700000
v 94.410000 75.824480 5.700000
v 96.630000 81.314480 5.700000
v 97.740000 81.314480 5.700000
v 97.740000 75.824480 5.700000
v 96.630000 75.824480 5.700000
v 96.630000 74.714480 5.700000
v 97.740000 74.714480 5.700000
v 97.740000 69.224480 5.700000
v 96.630000 69.224480 5.700000
v 94.410000 94.514480 5.700000
v 95.520000 94.514480 5.700000
v 95.520000 89.024480 5.700000
v 94.410000 89.024480 5.700000
v 87.750000 94.514480 5.700000
v 88.860000 94.514480 5.700000
v 88.860000 89.024480 5.700000
v 87.750000 89.024480 5.700000
v 92.190000 99.780001 5.700000
v 93.300000 99.780001 5.700000
v 93.300000 95.624480 5.700000
v 92.190000 95.624480 5.700000
v 83.310000 82.424480 5.700000
v 83.310000 87.914480 5.700000
v 84.420000 87.914480 5.700000
v 84.420000 82.424480 5.700000
v 92.190000 94.514480 5.700000
v 93.300000 94.514480 5.700000
v 93.300000 89.024480 5.700000
v 92.190000 89.024480 5.700000
v 87.750000 82.424480 5.700000
v 87.750000 87.914480 5.700000
v 88.860000 87.914480 5.700000
v 88.860000 82.424480 5.700000
v 76.650000 94.514480 5.700000
v 77.760000 94.514480 5.700000
v 77.760000 89.024480 5.700000
v 76.650000 89.024480 5.700000
v 89.970000 99.780001 5.700000
v 91.080000 99.780001 5.700000
v 91.080000 95.624480 5.700000
v 89.970000 95.624480 5.700000
v 81.090000 99.780001 5.700000
v 82.200000 99.780001 5.700000
v 82.200000 95.624480 5.700000
v 81.090000 95.624480 5.700000
v 85.530000 94.514480 5.700000
v 86.640000 94.514480 5.700000
v 86.640000 89.024480 5.700000
v 85.530000 89.024480 5.700000
v 89.970000 82.424480 5.700000
v 89.970000 87.914480 5.700000
v 91.080000 87.914480 5.700000
v 91.080000 82.424480 5.700000
v 78.870000 81.314480 5.700000
v 79.980000 81.314480 5.700000
v 79.980000 75.824480 5.700000
v 78.870000 75.824480 5.700000
v 77.760000 82.424480 5.700000
v 76.650000 82.424480 5.700000
v 76.650000 87.914480 5.700000
v 77.760000 87.914480 5.700000
v 78.870000 94.514480 5.700000
v 79.980000 94.514480 5.700000
v 79.980000 89.024480 5.700000
v 78.870000 89.024480 5.700000
v 92.190000 63.720001 5.700000
v 92.190000 68.114480 5.700000
v 93.300000 68.114480 5.700000
v 93.300000 63.720001 5.700000
v 85.530000 99.780001 5.700000
v 86.640000 99.780001 5.700000
v 86.640000 95.624480 5.700000
v 85.530000 95.624480 5.700000
v 78.870000 82.424480 5.700000
v 78.870000 87.914480 5.700000
v 79.980000 87.914480 5.700000
v 79.980000 82.424480 5.700000
v 94.410000 99.780001 5.700000
v 95.520000 99.780001 5.700000
v 95.520000 95.624480 5.700000
v 94.410000 95.624480 5.700000
v 87.750000 99.780001 5.700000
v 88.860000 99.780001 5.700000
v 88.860000 95.624480 5.700000
v 87.750000 95.624480 5.700000
v 76.650000 81.314480 5.700000
v 77.760000 81.314480 5.700000
v 77.760000 75.824480 5.700000
v 76.650000 75.824480 5.700000
v 83.310000 74.714480 5.700000
v 84.420000 74.714480 5.700000
v 84.420000 69.224480 5.700000
v 83.310000 69.224480 5.700000
v 87.750000 74.714480 5.700000
v 88.860000 74.714480 5.700000
v 88.860000 69.224480 5.700000
v 87.750000 69.224480 5.700000
v 85.530000 74.714480 5.700000
v 86.640000 74.714480 5.700000
v 86.640000 69.224480 5.700000
v 85.530000 69.224480 5.700000
v 96.630000 94.514480 5.700000
v 97.740000 94.514480 5.700000
v 97.740000 89.024480 5.700000
v 96.630000 89.024480 5.700000
v 81.090000 82.424480 5.700000
v 81.090000 87.914480 5.700000
v 82.200000 87.914480 5.700000
v 82.200000 82.424480 5.700000
v 94.410000 74.714480 5.700000
v 95.520000 74.714480 5.700000
v 95.520000 69.224480 5.700000
v 94.410000 69.224480 5.700000
v 92.190000 81.314480 5.700000
v 93.300000 81.314480 5.700000
v 93.300000 75.824480 5.700000
v 92.190000 75.824480 5.700000
v 83.310000 81.314480 5.700000
v 84.420000 81.314480 5.700000
v 84.420000 75.824480 5.700000
v 83.310000 75.824480 5.700000
v 83.310000 99.780001 5.700000
v 84.420000 99.780001 5.700000
v 84.420000 95.624480 5.700000
v 83.310000 95.624480 5.700000
v 81.090000 81.314480 5.700000
v 82.200000 81.314480 5.700000
v 82.200000 75.824480 5.700000
v 81.090000 75.824480 5.700000
v 85.530000 81.314480 5.700000
v 86.640000 81.314480 5.700000
v 86.640000 75.824480 5.700000
v 85.530000 75.824480 5.700000
v 96.630000 82.424480 5.700000
v 96.630000 87.914480 5.700000
v 97.740000 87.914480 5.700000
v 97.740000 82.424480 5.700000
v 92.190000 74.714480 5.700000
v 93.300000 74.714480 5.700000
v 93.300000 69.224480 5.700000
v 92.190000 69.224480 5.700000
v 96.630000 99.780001 5.700000
v 97.740000 99.780001 5.700000
v 97.740000 95.624480 5.700000
v 96.630000 95.624480 5.700000
v 83.310000 94.514480 5.700000
v 84.420000 94.514480 5.700000
v 84.420000 89.024480 5.700000
v 83.310000 89.024480 5.700000
v 89.970000 94.514480 5.700000
v 91.080000 94.514480 5.700000
v 91.080000 89.024480 5.700000
v 89.970000 89.024480 5.700000
v 81.090000 74.714480 5.700000
v 82.200000 74.714480 5.700000
v 82.200000 69.224480 5.700000
v 81.090000 69.224480 5.700000
v 81.090000 63.720001 5.700000
v 81.090000 68.114480 5.700000
v 82.200000 68.114480 5.700000
v 82.200000 63.720001 5.700000
v 78.870000 63.720001 5.700000
v 78.870000 68.114480 5.700000
v 79.980000 68.114480 5.700000
v 79.980000 63.720001 5.700000
v 76.650000 74.714480 5.700000
v 77.760000 74.714480 5.700000
v 77.760000 69.224480 5.700000
v 76.650000 69.224480 5.700000
v 78.870000 74.714480 5.700000
v 79.980000 74.714480 5.700000
v 79.980000 69.224480 5.700000
v 78.870000 69.224480 5.700000
v 78.870000 99.780001 5.700000
v 79.980000 99.780001 5.700000
v 79.980000 95.624480 5.700000
v 78.870000 95.624480 5.700000
v 76.650000 98.700001 5.700000
v 76.686800 98.979525 5.700000
v 76.794693 99.240001 5.700000
v 76.966325 99.463676 5.700000
v 77.190000 99.635308 5.700000
v 77.450475 99.743201 5.700000
v 77.730000 99.780001 5.700000
v 77.760000 99.780001 5.700000
v 77.760000 95.624480 5.700000
v 76.650000 95.624480 5.700000
v 83.310000 63.720001 5.700000
v 83.310000 68.114480 5.700000
v 84.420000 68.114480 5.700000
v 84.420000 63.720001 5.700000
v 77.730000 63.720001 5.700000
v 77.450475 63.756801 5.700000
v 77.190000 63.864693 5.700000
v 76.966325 64.036325 5.700000
v 76.794693 64.260001 5.700000
v 76.686800 64.520476 5.700000
v 76.650000 64.800001 5.700000
v 76.650000 68.114480 5.700000
v 77.760000 68.114480 5.700000
v 77.760000 63.720001 5.700000
v 97.740000 102.000001 5.700000
v 97.740000 100.890001 5.700000
v 96.630000 100.890001 5.700000
v 96.630000 102.000001 5.700000
v 98.900002 61.500001 5.700000
v 98.900002 102.000001 5.700000
v 102.200002 102.000001 5.700000
v 102.934321 101.917263 5.700000
v 103.631818 101.673198 5.700000
v 104.257518 101.280045 5.700000
v 104.780046 100.757517 5.700000
v 105.173199 100.131817 5.700000
v 105.417264 99.434320 5.700000
v 105.500002 98.700001 5.700000
v 105.500002 64.800001 5.700000
v 105.417264 64.065682 5.700000
v 105.173199 63.368184 5.700000
v 104.780046 62.742484 5.700000
v 104.257518 62.219957 5.700000
v 103.631818 61.826804 5.700000
v 102.934321 61.582739 5.700000
v 102.200002 61.500001 5.700000
v 96.630000 61.500001 5.700000
v 96.630000 62.624480 5.700000
v 97.740000 62.624480 5.700000
v 97.740000 61.500001 5.700000
v 94.410000 61.500001 5.700000
v 94.410000 62.624480 5.700000
v 95.520000 62.624480 5.700000
v 95.520000 61.500001 5.700000
v 92.190000 61.500001 5.700000
v 92.190000 62.624480 5.700000
v 93.300000 62.624480 5.700000
v 93.300000 61.500001 5.700000
v 89.970000 61.500001 5.700000
v 89.970000 62.624480 5.700000
v 91.080000 62.624480 5.700000
v 91.080000 61.500001 5.700000
v 87.750000 61.500001 5.700000
v 87.750000 62.624480 5.700000
v 88.860000 62.624480 5.700000
v 88.860000 61.500001 5.700000
v 85.530000 61.500001 5.700000
v 85.530000 62.624480 5.700000
v 86.640000 62.624480 5.700000
v 86.640000 61.500001 5.700000
v 83.310000 61.500001 5.700000
v 83.310000 62.624480 5.700000
v 84.420000 62.624480 5.700000
v 84.420000 61.500001 5.700000
v 81.090000 61.500001 5.700000
v 81.090000 62.624480 5.700000
v 82.200000 62.624480 5.700000
v 82.200000 61.500001 5.700000
v 74.430000 68.114480 5.700000
v 75.540000 68.114480 5.700000
v 75.540000 64.800001 5.700000
v 75.604143 64.273853 5.700000
v 75.792814 63.778526 5.700000
v 76.094962 63.343035 5.700000
v 76.492886 62.992890 5.700000
v 76.963279 62.748602 5.700000
v 77.478584 62.624480 5.700000
v 79.980000 62.624480 5.700000
v 79.980000 61.500001 5.700000
v 77.730000 61.500001 5.700000
v 76.995681 61.582739 5.700000
v 76.298184 61.826804 5.700000
v 75.672484 62.219957 5.700000
v 75.149956 62.742484 5.700000
v 74.756803 63.368184 5.700000
v 74.512738 64.065682 5.700000
v 74.430000 64.800001 5.700000
v 74.430000 74.714480 5.700000
v 75.540000 74.714480 5.700000
v 75.540000 69.224480 5.700000
v 74.430000 69.224480 5.700000
v 74.430000 81.314480 5.700000
v 75.540000 81.314480 5.700000
v 75.540000 75.824480 5.700000
v 74.430000 75.824480 5.700000
v 74.430000 87.914480 5.700000
v 75.540000 87.914480 5.700000
v 75.540000 82.424480 5.700000
v 74.430000 82.424480 5.700000
v 74.430000 94.514480 5.700000
v 75.540000 94.514480 5.700000
v 75.540000 89.024480 5.700000
v 74.430000 89.024480 5.700000
v 79.980000 102.000001 5.700000
v 79.980000 100.890001 5.700000
v 77.730000 100.890001 5.700000
v 77.163186 100.815378 5.700000
v 76.635000 100.596596 5.700000
v 76.181436 100.248565 5.700000
v 75.833404 99.795001 5.700000
v 75.614622 99.266815 5.700000
v 75.540000 98.700001 5.700000
v 75.540000 95.624480 5.700000
v 74.430000 95.624480 5.700000
v 74.430000 98.700001 5.700000
v 74.512738 99.434320 5.700000
v 74.756803 100.131817 5.700000
v 75.149956 100.757517 5.700000
v 75.672484 101.280045 5.700000
v 76.298184 101.673198 5.700000
v 76.995681 101.917263 5.700000
v 77.730000 102.000001 5.700000
v 82.200000 102.000001 5.700000
v 82.200000 100.890001 5.700000
v 81.090000 100.890001 5.700000
v 81.090000 102.000001 5.700000
v 84.420000 102.000001 5.700000
v 84.420000 100.890001 5.700000
v 83.310000 100.890001 5.700000
v 83.310000 102.000001 5.700000
v 86.640000 102.000001 5.700000
v 86.640000 100.890001 5.700000
v 85.530000 100.890001 5.700000
v 85.530000 102.000001 5.700000
v 88.860000 102.000001 5.700000
v 88.860000 100.890001 5.700000
v 87.750000 100.890001 5.700000
v 87.750000 102.000001 5.700000
v 91.080000 102.000001 5.700000
v 91.080000 100.890001 5.700000
v 89.970000 100.890001 5.700000
v 89.970000 102.000001 5.700000
v 92.190000 102.000001 5.700000
v 93.300000 102.000001 5.700000
v 93.300000 100.890001 5.700000
v 92.190000 100.890001 5.700000
v 65.000001 10.940001 5.300000
v 65.000001 11.940001 5.300000
v 65.000001 11.940001 4.900000
v 65.000001 10.940001 4.900000
v 108.400002 10.940001 4.900000
v 108.400002 11.940001 4.900000
v 74.430000 10.940001 5.300000
v 75.430000 10.940001 5.300000
v 75.430000 2.100000 5.300000
v 84.905000 2.100000 5.300000
v 84.905000 10.940001 5.300000
v 85.905000 10.940001 5.300000
v 85.905000 2.100000 5.300000
v 95.380000 2.100000 5.300000
v 95.380000 10.940001 5.300000
v 96.380000 10.940001 5.300000
v 96.380000 2.100000 5.300000
v 100.900002 2.100001 5.300000
v 101.855067 2.183557 5.300000
v 102.781112 2.431691 5.300000
v 103.650002 2.836860 5.300000
v 104.435333 3.386756 5.300000
v 105.113246 4.064668 5.300000
v 105.663141 4.850000 5.300000
v 106.068311 5.718889 5.300000
v 106.316444 6.644935 5.300000
v 106.400000 7.600000 5.300000
v 106.400002 10.940001 5.300000
v 108.400002 10.940001 5.300000
v 108.400002 8.000000 5.300000
v 108.314502 6.804555 5.300000
v 108.059743 5.633446 5.300000
v 107.640910 4.510514 5.300000
v 107.066531 3.458617 5.300000
v 106.348298 2.499170 5.300000
v 105.500832 1.651704 5.300000
v 104.541385 0.933470 5.300000
v 103.489488 0.359091 5.300000
v 102.366555 -0.059741 5.300000
v 101.195446 -0.314500 5.300000
v 100.000002 -0.400000 5.300000
v 64.955000 -0.400000 5.300000
v 64.955000 2.100000 5.300000
v 74.430000 2.100000 5.300000
v 75.430000 11.940001 5.300000
v 74.430000 11.940001 5.300000
v 74.430000 20.306667 5.300000
v 65.355000 20.306667 5.300000
v 65.355000 21.306667 5.300000
v 74.430000 21.306667 5.300000
v 74.430000 29.673334 5.300000
v 75.430000 29.673334 5.300000
v 75.430000 21.306667 5.300000
v 84.905000 21.306667 5.300000
v 84.905000 29.673334 5.300000
v 85.905000 29.673334 5.300000
v 85.905000 21.306667 5.300000
v 95.380000 21.306667 5.300000
v 95.380000 29.673334 5.300000
v 96.380000 29.673334 5.300000
v 96.380000 21.306667 5.300000
v 106.400002 21.306667 5.300000
v 106.400002 29.673334 5.300000
v 108.400002 29.673334 5.300000
v 108.400002 11.940001 5.300000
v 106.400002 11.940001 5.300000
v 106.400002 20.306667 5.300000
v 96.380000 20.306667 5.300000
v 96.380000 11.940001 5.300000
v 95.380000 11.940001 5.300000
v 95.380000 20.306667 5.300000
v 85.905000 20.306667 5.300000
v 85.905000 11.940001 5.300000
v 84.905000 11.940001 5.300000
v 84.905000 20.306667 5.300000
v 75.430000 20.306667 5.300000
v 64.955000 10.940001 5.300000
v 64.955000 11.940001 5.300000
v 44.005000 2.100000 4.900000
v 63.955000 2.100000 4.900000
v 63.955000 10.940001 4.900000
v 44.005000 10.940001 4.900000
v -0.400000 10.940001 4.900000
v -0.400000 11.940001 4.900000
v 53.480000 11.940001 4.900000
v 53.480000 29.673334 4.900000
v -0.400000 29.673334 4.900000
v -0.400000 30.673334 4.900000
v 53.480000 30.673334 4.900000
v 53.480000 53.400001 4.900000
v 54.480000 53.400001 4.900000
v 54.480000 30.673334 4.900000
v 108.400002 30.673334 4.900000
v 108.400002 29.673334 4.900000
v 54.480000 29.673334 4.900000
v 54.480000 11.940001 4.900000
v 64.955000 11.940001 4.900000
v 64.955000 -0.400000 4.900000
v 43.005000 -0.400000 4.900000
v 43.005000 10.940001 4.900000
v 54.480000 53.400001 5.300000
v 53.480000 53.400001 5.300000
v 51.600000 53.400001 5.300000
v 50.850524 53.400001 4.668111
v 51.085069 53.400001 4.574476
v 51.288677 53.400001 4.425069
v 51.448362 53.400001 4.229417
v 51.553940 53.400001 4.000000
v 51.659517 53.400001 3.770583
v 51.819202 53.400001 3.574931
v 52.022810 53.400001 3.425524
v 52.257356 53.400001 3.331889
v 52.507879 53.400001 3.300000
v 100.000002 53.400001 3.300000
v 100.000002 53.400001 5.300000
v -0.400000 30.673334 5.300000
v -0.400000 29.673334 5.300000
v -0.400000 11.940001 5.300000
v -0.400000 10.940001 5.300000
v -0.400000 8.000000 5.300000
v -0.400000 8.000000 3.300000
v -0.400000 45.000001 3.300000
v -0.400000 45.000001 5.300000
v 53.480000 40.040001 5.300000
v 53.480000 39.040001 5.300000
v 44.405000 39.040001 5.300000
v 44.405000 40.040001 5.300000
v 44.005000 30.673334 5.300000
v 43.005000 30.673334 5.300000
v 43.005000 38.640001 5.300000
v 44.005000 38.640001 5.300000
v 12.580000 48.900001 5.300000
v 12.580000 40.040001 5.300000
v 22.055000 40.040001 5.300000
v 22.055000 48.900001 5.300000
v 7.100000 48.900001 5.300000
v 6.144935 48.816443 5.300000
v 5.218889 48.568310 5.300000
v 4.350000 48.163141 5.300000
v 3.564668 47.613245 5.300000
v 2.886756 46.935333 5.300000
v 2.336860 46.150001 5.300000
v 1.931691 45.281112 5.300000
v 1.683557 44.355066 5.300000
v 1.600000 43.400001 5.300000
v 1.600000 40.040001 5.300000
v 11.580000 40.040001 5.300000
v 11.580000 48.900001 5.300000
v 23.055000 48.900001 5.300000
v 23.055000 40.040001 5.300000
v 32.530000 40.040001 5.300000
v 32.530000 48.900001 5.300000
v 53.480000 48.900001 5.300000
v 44.005000 48.900001 5.300000
v 44.005000 40.440001 5.300000
v 43.005000 40.440001 5.300000
v 43.005000 48.900001 5.300000
v 33.530000 48.900001 5.300000
v 33.530000 40.040001 5.300000
v 42.605000 40.040001 5.300000
v 42.605000 39.040001 5.300000
v 33.530000 39.040001 5.300000
v 33.530000 30.673334 5.300000
v 32.530000 30.673334 5.300000
v 32.530000 39.040001 5.300000
v 23.055000 39.040001 5.300000
v 23.055000 30.673334 5.300000
v 22.055000 30.673334 5.300000
v 22.055000 39.040001 5.300000
v 12.580000 39.040001 5.300000
v 12.580000 30.673334 5.300000
v 11.580000 30.673334 5.300000
v 11.580000 39.040001 5.300000
v 1.600000 39.040001 5.300000
v 1.600000 30.673334 5.300000
v -0.314500 46.195445 5.300000
v -0.059741 47.366554 5.300000
v 0.359091 48.489487 5.300000
v 0.933470 49.541384 5.300000
v 1.651704 50.500831 5.300000
v 2.499170 51.348297 5.300000
v 3.458617 52.066530 5.300000
v 4.510514 52.640910 5.300000
v 5.633446 53.059742 5.300000
v 6.804555 53.314501 5.300000
v 8.000000 53.400001 5.300000
v 21.600000 53.400001 5.300000
v 21.600000 53.000001 5.300000
v 22.600000 52.000001 5.300000
v 50.600000 52.000001 5.300000
v 51.600000 53.000001 5.300000
v 43.005000 29.673334 5.300000
v 44.005000 29.673334 5.300000
v 44.005000 21.706667 5.300000
v 43.005000 21.706667 5.300000
v 53.480000 21.306667 5.300000
v 53.480000 20.306667 5.300000
v 44.405000 20.306667 5.300000
v 44.405000 21.306667 5.300000
v 44.005000 11.940001 5.300000
v 43.005000 11.940001 5.300000
v 43.005000 19.906667 5.300000
v 44.005000 19.906667 5.300000
v 1.600000 29.673334 5.300000
v 1.600000 21.306667 5.300000
v 11.580000 21.306667 5.300000
v 11.580000 29.673334 5.300000
v 12.580000 29.673334 5.300000
v 12.580000 21.306667 5.300000
v 22.055000 21.306667 5.300000
v 22.055000 29.673334 5.300000
v 23.055000 29.673334 5.300000
v 23.055000 21.306667 5.300000
v 32.530000 21.306667 5.300000
v 32.530000 29.673334 5.300000
v 33.530000 29.673334 5.300000
v 33.530000 21.306667 5.300000
v 42.605000 21.306667 5.300000
v 42.605000 20.306667 5.300000
v 33.530000 20.306667 5.300000
v 33.530000 11.940001 5.300000
v 32.530000 11.940001 5.300000
v 32.530000 20.306667 5.300000
v 23.055000 20.306667 5.300000
v 23.055000 11.940001 5.300000
v 22.055000 11.940001 5.300000
v 22.055000 20.306667 5.300000
v 12.580000 20.306667 5.300000
v 12.580000 11.940001 5.300000
v 11.580000 11.940001 5.300000
v 11.580000 20.306667 5.300000
v 1.600000 20.306667 5.300000
v 1.600000 11.940001 5.300000
v 43.005000 2.100000 5.300000
v 43.005000 -0.400000 5.300000
v 8.000000 -0.400000 5.300000
v 6.804555 -0.314500 5.300000
v 5.633446 -0.059741 5.300000
v 4.510514 0.359091 5.300000
v 3.458617 0.933470 5.300000
v 2.499170 1.651704 5.300000
v 1.651704 2.499170 5.300000
v 0.933470 3.458617 5.300000
v 0.359091 4.510514 5.300000
v -0.059741 5.633446 5.300000
v -0.314500 6.804555 5.300000
v 1.600000 10.940001 5.300000
v 1.600000 7.600000 5.300000
v 1.683557 6.644935 5.300000
v 1.931691 5.718889 5.300000
v 2.336860 4.850000 5.300000
v 2.886756 4.064668 5.300000
v 3.564668 3.386756 5.300000
v 4.350000 2.836860 5.300000
v 5.218889 2.431691 5.300000
v 6.144935 2.183557 5.300000
v 7.100000 2.100001 5.300000
v 11.580000 2.100000 5.300000
v 11.580000 10.940001 5.300000
v 12.580000 10.940001 5.300000
v 12.580000 2.100000 5.300000
v 22.055000 2.100000 5.300000
v 22.055000 10.940001 5.300000
v 23.055000 10.940001 5.300000
v 23.055000 2.100000 5.300000
v 32.530000 2.100000 5.300000
v 32.530000 10.940001 5.300000
v 33.530000 10.940001 5.300000
v 33.530000 2.100000 5.300000
v 63.955000 11.940001 5.300000
v 63.955000 19.906667 5.300000
v 64.955000 19.906667 5.300000
v 54.480000 20.306667 5.300000
v 54.480000 21.306667 5.300000
v 63.555000 21.306667 5.300000
v 63.555000 20.306667 5.300000
v 63.955000 29.673334 5.300000
v 64.955000 29.673334 5.300000
v 64.955000 21.706667 5.300000
v 63.955000 21.706667 5.300000
v 96.380000 48.900001 5.300000
v 96.380000 40.040001 5.300000
v 106.400002 40.040001 5.300000
v 106.400000 43.400001 5.300000
v 106.316443 44.355066 5.300000
v 106.068309 45.281112 5.300000
v 105.663140 46.150001 5.300000
v 105.113244 46.935333 5.300000
v 104.435332 47.613245 5.300000
v 103.650000 48.163141 5.300000
v 102.781111 48.568310 5.300000
v 101.855065 48.816443 5.300000
v 100.900000 48.900001 5.300000
v 85.905000 48.900001 5.300000
v 85.905000 40.040001 5.300000
v 95.380000 40.040001 5.300000
v 95.380000 48.900001 5.300000
v 75.430000 48.900001 5.300000
v 75.430000 40.040001 5.300000
v 84.905000 40.040001 5.300000
v 84.905000 48.900001 5.300000
v 64.955000 48.900001 5.300000
v 64.955000 40.040001 5.300000
v 74.430000 40.040001 5.300000
v 74.430000 48.900001 5.300000
v 54.480000 48.900001 5.300000
v 101.195446 53.314501 5.300000
v 102.366555 53.059742 5.300000
v 103.489488 52.640910 5.300000
v 104.541385 52.066530 5.300000
v 105.500832 51.348297 5.300000
v 106.348298 50.500831 5.300000
v 107.066531 49.541384 5.300000
v 107.640910 48.489487 5.300000
v 108.059743 47.366554 5.300000
v 108.314502 46.195445 5.300000
v 108.400002 45.000001 5.300000
v 108.400002 30.673334 5.300000
v 106.400002 30.673334 5.300000
v 106.400002 39.040001 5.300000
v 96.380000 39.040001 5.300000
v 96.380000 30.673334 5.300000
v 95.380000 30.673334 5.300000
v 95.380000 39.040001 5.300000
v 85.905000 39.040001 5.300000
v 85.905000 30.673334 5.300000
v 84.905000 30.673334 5.300000
v 84.905000 39.040001 5.300000
v 75.430000 39.040001 5.300000
v 75.430000 30.673334 5.300000
v 74.430000 30.673334 5.300000
v 74.430000 39.040001 5.300000
v 64.955000 39.040001 5.300000
v 64.955000 30.673334 5.300000
v 63.955000 30.673334 5.300000
v 63.955000 39.040001 5.300000
v 54.480000 39.040001 5.300000
v 54.480000 40.040001 5.300000
v 63.955000 40.040001 5.300000
v 63.955000 48.900001 5.300000
v 21.492122 55.000001 3.700000
v 21.581827 55.143466 3.843465
v 21.646061 55.300001 4.000000
v 21.646061 53.400001 4.000000
v 21.540483 53.400001 3.770583
v 21.380798 53.400001 3.574931
v 21.177190 53.400001 3.425524
v 20.942645 53.400001 3.331889
v 20.692122 53.400001 3.300000
v 20.692122 55.000001 3.300000
v 20.921875 55.000001 3.326751
v 21.139335 55.000001 3.405573
v 21.332869 55.000001 3.532248
v 104.467159 104.500001 3.300000
v 103.800002 103.832844 3.300000
v 103.800002 100.567158 3.300000
v 104.917159 99.450001 3.300000
v 107.832844 99.450001 3.300000
v 108.500002 100.117158 3.300000
v 108.500002 104.500001 3.300000
v 101.000002 57.000000 3.300000
v 101.000002 103.000001 3.300000
v 100.000002 104.000001 3.300000
v 76.250000 104.000001 3.300000
v 75.274548 103.903927 3.300000
v 74.336583 103.619398 3.300000
v 73.472149 103.157349 3.300000
v 72.714466 102.535535 3.300000
v 72.092652 101.777852 3.300000
v 71.630602 100.913418 3.300000
v 71.346074 99.975452 3.300000
v 71.250000 99.000001 3.300000
v 71.250000 67.000000 3.300000
v 71.335551 65.694738 3.300000
v 71.590742 64.411810 3.300000
v 72.011205 63.173166 3.300000
v 72.589746 62.000000 3.300000
v 73.316467 60.912386 3.300000
v 74.178932 59.928932 3.300000
v 75.162386 59.066467 3.300000
v 76.250000 58.339746 3.300000
v 77.423166 57.761205 3.300000
v 78.661810 57.340742 3.300000
v 79.944738 57.085551 3.300000
v 81.250000 57.000000 3.300000
v 8.000000 53.400001 3.300000
v 6.804555 53.314501 3.300000
v 5.633446 53.059742 3.300000
v 4.510514 52.640910 3.300000
v 3.458617 52.066530 3.300000
v 2.499170 51.348297 3.300000
v 1.651704 50.500831 3.300000
v 0.933470 49.541384 3.300000
v 0.359091 48.489487 3.300000
v -0.059741 47.366554 3.300000
v -0.314500 46.195445 3.300000
v -0.314500 6.804555 3.300000
v -0.059741 5.633446 3.300000
v 0.359091 4.510514 3.300000
v 0.933470 3.458617 3.300000
v 1.651704 2.499170 3.300000
v 2.499170 1.651704 3.300000
v 3.458617 0.933470 3.300000
v 4.510514 0.359091 3.300000
v 5.633446 -0.059741 3.300000
v 6.804555 -0.314500 3.300000
v 8.000000 -0.400000 3.300000
v 100.000002 -0.400000 3.300000
v 101.195446 -0.314500 3.300000
v 102.366555 -0.059741 3.300000
v 103.489488 0.359091 3.300000
v 104.541385 0.933470 3.300000
v 105.500832 1.651704 3.300000
v 106.348298 2.499170 3.300000
v 107.066531 3.458617 3.300000
v 107.640910 4.510514 3.300000
v 108.059743 5.633446 3.300000
v 108.314502 6.804555 3.300000
v 108.400002 8.000000 3.300000
v 108.400002 45.000001 3.300000
v 108.314502 46.195445 3.300000
v 108.059743 47.366554 3.300000
v 107.640910 48.489487 3.300000
v 107.066531 49.541384 3.300000
v 106.348298 50.500831 3.300000
v 105.500832 51.348297 3.300000
v 104.541385 52.066530 3.300000
v 103.489488 52.640910 3.300000
v 102.366555 53.059742 3.300000
v 101.195446 53.314501 3.300000
v 52.507879 55.000001 3.300000
v 100.000002 55.000001 3.300000
v 101.364086 54.906528 3.300000
v 102.702669 54.627856 3.300000
v 103.990727 54.169194 3.300000
v 105.204180 53.539119 3.300000
v 106.320342 52.749407 3.300000
v 106.530836 52.617537 3.300000
v 106.767339 52.541616 3.300000
v 107.015258 52.526326 3.300000
v 107.259297 52.572612 3.300000
v 107.484400 52.677618 3.300000
v 107.676678 52.834865 3.300000
v 107.824269 53.034651 3.300000
v 107.918066 53.264651 3.300000
v 107.952282 53.510673 3.300000
v 107.972463 54.986325 3.300000
v 107.950026 55.211078 3.300000
v 107.877720 55.425063 3.300000
v 107.759236 55.617361 3.300000
v 107.600618 55.778164 3.300000
v 107.409957 55.899267 3.300000
v 107.196982 55.974491 3.300000
v 106.972556 56.000000 3.300000
v 81.250000 56.000000 3.300000
v 79.814212 56.094107 3.300000
v 78.402990 56.374816 3.300000
v 77.040482 56.837325 3.300000
v 75.750000 57.473721 3.300000
v 74.553624 58.273113 3.300000
v 73.471825 59.221825 3.300000
v 72.523113 60.303624 3.300000
v 71.723721 61.500000 3.300000
v 71.087325 62.790482 3.300000
v 70.624816 64.152991 3.300000
v 70.344106 65.564212 3.300000
v 70.250000 67.000000 3.300000
v 70.250000 99.000001 3.300000
v 70.330676 99.980618 3.300000
v 70.570536 100.934864 3.300000
v 70.963129 101.837077 3.300000
v 71.497898 102.662995 3.300000
v 72.160461 103.390407 3.300000
v 72.933000 103.999752 3.300000
v 72.933000 104.500001 3.300000
v -0.500000 104.500001 3.300000
v -0.500000 50.267828 3.300000
v 0.235662 51.301989 3.300000
v 1.096382 52.234644 3.300000
v 2.068299 53.050772 3.300000
v 3.135756 53.737228 3.300000
v 4.281562 54.282954 3.300000
v 5.487259 54.679161 3.300000
v 6.733429 54.919466 3.300000
v 8.000000 55.000001 3.300000
v 21.751638 53.400001 4.229417
v 21.911323 53.400001 4.425069
v 22.114932 53.400001 4.574476
v 22.349477 53.400001 4.668111
v 21.786830 55.582027 4.282026
v 21.888722 55.702912 4.402911
v 22.008392 55.806227 4.506226
v 22.142849 55.889390 4.589389
v 22.288733 55.950323 4.650323
v 22.442397 55.987503 4.687503
v 51.553940 55.300001 4.000000
v 51.618173 55.143466 3.843465
v 51.707879 55.000001 3.700000
v 51.867131 55.000001 3.532248
v 52.060665 55.000001 3.405573
v 52.278126 55.000001 3.326751
v 100.000002 55.000001 3.700000
v 51.413170 55.582027 4.282026
v 51.311279 55.702912 4.402911
v 51.191608 55.806227 4.506226
v 51.057151 55.889390 4.589389
v 50.911267 55.950323 4.650323
v 50.757604 55.987503 4.687503
v 77.653125 55.781251 4.481250
v 78.852083 55.625001 4.325000
v 80.051042 55.531250 4.231250
v 81.250000 55.500000 4.200000
v 100.000002 55.500000 4.200000
v 22.600000 52.000001 4.950000
v 21.600000 53.000001 4.950000
v 50.600000 52.000001 4.950000
v 51.600000 53.000001 4.950000
v -0.500000 50.267828 3.700000
v -0.500000 51.103813 4.164536
v 8.000000 55.000001 3.700000
v 6.733429 54.919466 3.700000
v 5.487259 54.679161 3.700000
v 4.281562 54.282954 3.700000
v 3.135756 53.737228 3.700000
v 2.068299 53.050772 3.700000
v 1.096382 52.234644 3.700000
v 0.235662 51.301989 3.700000
v 101.145646 55.468750 4.231250
v 102.291290 55.375000 4.325000
v 103.436935 55.218750 4.481250
v 104.582579 55.000000 4.700000
v 105.413337 54.575793 4.700000
v 106.205167 54.082727 4.700000
v 106.952376 53.524348 4.700000
v 106.320342 52.749407 3.700000
v 105.204180 53.539119 3.700000
v 103.990727 54.169194 3.700000
v 102.702669 54.627856 3.700000
v 101.364086 54.906528 3.700000
v 72.933000 104.500001 4.122810
v 72.933000 103.999752 3.700000
v 72.160461 103.390407 3.700000
v 71.497898 102.662995 3.700000
v 70.963129 101.837077 3.700000
v 70.570536 100.934864 3.700000
v 70.330676 99.980618 3.700000
v 70.250000 99.000001 3.700000
v 70.250000 67.000000 3.700000
v 106.972556 55.000000 4.700000
v 107.972463 54.986325 3.700000
v 107.952282 53.510673 3.700000
v 106.972556 56.000000 3.700000
v 107.196982 55.974491 3.700000
v 107.409957 55.899267 3.700000
v 107.600618 55.778164 3.700000
v 107.759236 55.617361 3.700000
v 107.877720 55.425063 3.700000
v 107.950026 55.211078 3.700000
v 70.344106 65.564212 3.700000
v 70.624816 64.152991 3.700000
v 71.087325 62.790482 3.700000
v 71.723721 61.500000 3.700000
v 72.523113 60.303624 3.700000
v 73.471825 59.221825 3.700000
v 74.553624 58.273113 3.700000
v 75.750000 57.473721 3.700000
v 77.040482 56.837325 3.700000
v 78.402990 56.374816 3.700000
v 79.814212 56.094107 3.700000
v 81.250000 56.000000 3.700000
v 107.918066 53.264651 3.700000
v 107.824269 53.034651 3.700000
v 107.676678 52.834865 3.700000
v 107.484400 52.677618 3.700000
v 107.259297 52.572612 3.700000
v 107.015258 52.526326 3.700000
v 106.767339 52.541616 3.700000
v 106.530836 52.617537 3.700000
v 77.760000 63.720001 5.100000
v 77.730000 63.720001 5.100000
v 77.450475 63.756801 5.100000
v 77.190000 63.864693 5.100000
v 76.966325 64.036325 5.100000
v 76.794693 64.260001 5.100000
v 76.686800 64.520476 5.100000
v 76.650000 64.800001 5.100000
v 84.420000 63.720001 5.100000
v 83.310000 63.720001 5.100000
v 83.310000 68.114480 5.100000
v 76.650000 95.624480 5.100000
v 76.650000 98.700001 5.100000
v 76.686800 98.979525 5.100000
v 76.794693 99.240001 5.100000
v 76.966325 99.463676 5.100000
v 77.190000 99.635308 5.100000
v 77.450475 99.743201 5.100000
v 77.730000 99.780001 5.100000
v 78.870000 95.624480 5.100000
v 78.870000 99.780001 5.100000
v 79.980000 99.780001 5.100000
v 78.870000 69.224480 5.100000
v 78.870000 74.714480 5.100000
v 79.980000 74.714480 5.100000
v 76.650000 69.224480 5.100000
v 76.650000 74.714480 5.100000
v 77.760000 74.714480 5.100000
v 79.980000 63.720001 5.100000
v 78.870000 63.720001 5.100000
v 78.870000 68.114480 5.100000
v 82.200000 63.720001 5.100000
v 81.090000 63.720001 5.100000
v 81.090000 68.114480 5.100000
v 81.090000 69.224480 5.100000
v 81.090000 74.714480 5.100000
v 82.200000 74.714480 5.100000
v 89.970000 89.024480 5.100000
v 89.970000 94.514480 5.100000
v 91.080000 94.514480 5.100000
v 83.310000 89.024480 5.100000
v 83.310000 94.514480 5.100000
v 84.420000 94.514480 5.100000
v 96.630000 95.624480 5.100000
v 96.630000 99.780001 5.100000
v 97.740000 99.780001 5.100000
v 92.190000 69.224480 5.100000
v 92.190000 74.714480 5.100000
v 93.300000 74.714480 5.100000
v 97.740000 82.424480 5.100000
v 96.630000 82.424480 5.100000
v 96.630000 87.914480 5.100000
v 85.530000 75.824480 5.100000
v 85.530000 81.314480 5.100000
v 86.640000 81.314480 5.100000
v 81.090000 75.824480 5.100000
v 81.090000 81.314480 5.100000
v 82.200000 81.314480 5.100000
v 83.310000 95.624480 5.100000
v 83.310000 99.780001 5.100000
v 84.420000 99.780001 5.100000
v 83.310000 75.824480 5.100000
v 83.310000 81.314480 5.100000
v 84.420000 81.314480 5.100000
v 92.190000 75.824480 5.100000
v 92.190000 81.314480 5.100000
v 93.300000 81.314480 5.100000
v 94.410000 69.224480 5.100000
v 94.410000 74.714480 5.100000
v 95.520000 74.714480 5.100000
v 82.200000 82.424480 5.100000
v 81.090000 82.424480 5.100000
v 81.090000 87.914480 5.100000
v 96.630000 89.024480 5.100000
v 96.630000 94.514480 5.100000
v 97.740000 94.514480 5.100000
v 85.530000 69.224480 5.100000
v 85.530000 74.714480 5.100000
v 86.640000 74.714480 5.100000
v 87.750000 69.224480 5.100000
v 87.750000 74.714480 5.100000
v 88.860000 74.714480 5.100000
v 83.310000 69.224480 5.100000
v 83.310000 74.714480 5.100000
v 84.420000 74.714480 5.100000
v 76.650000 75.824480 5.100000
v 76.650000 81.314480 5.100000
v 77.760000 81.314480 5.100000
v 87.750000 95.624480 5.100000
v 87.750000 99.780001 5.100000
v 88.860000 99.780001 5.100000
v 94.410000 95.624480 5.100000
v 94.410000 99.780001 5.100000
v 95.520000 99.780001 5.100000
v 79.980000 82.424480 5.100000
v 78.870000 82.424480 5.100000
v 78.870000 87.914480 5.100000
v 85.530000 95.624480 5.100000
v 85.530000 99.780001 5.100000
v 86.640000 99.780001 5.100000
v 93.300000 63.720001 5.100000
v 92.190000 63.720001 5.100000
v 92.190000 68.114480 5.100000
v 78.870000 89.024480 5.100000
v 78.870000 94.514480 5.100000
v 79.980000 94.514480 5.100000
v 77.760000 87.914480 5.100000
v 77.760000 82.424480 5.100000
v 76.650000 82.424480 5.100000
v 78.870000 75.824480 5.100000
v 78.870000 81.314480 5.100000
v 79.980000 81.314480 5.100000
v 91.080000 82.424480 5.100000
v 89.970000 82.424480 5.100000
v 89.970000 87.914480 5.100000
v 85.530000 89.024480 5.100000
v 85.530000 94.514480 5.100000
v 86.640000 94.514480 5.100000
v 81.090000 95.624480 5.100000
v 81.090000 99.780001 5.100000
v 82.200000 99.780001 5.100000
v 89.970000 95.624480 5.100000
v 89.970000 99.780001 5.100000
v 91.080000 99.780001 5.100000
v 76.650000 89.024480 5.100000
v 76.650000 94.514480 5.100000
v 77.760000 94.514480 5.100000
v 88.860000 82.424480 5.100000
v 87.750000 82.424480 5.100000
v 87.750000 87.914480 5.100000
v 92.190000 89.024480 5.100000
v 92.190000 94.514480 5.100000
v 93.300000 94.514480 5.100000
v 84.420000 82.424480 5.100000
v 83.310000 82.424480 5.100000
v 83.310000 87.914480 5.100000
v 92.190000 95.624480 5.100000
v 92.190000 99.780001 5.100000
v 93.300000 99.780001 5.100000
v 87.750000 89.024480 5.100000
v 87.750000 94.514480 5.100000
v 88.860000 94.514480 5.100000
v 94.410000 89.024480 5.100000
v 94.410000 94.514480 5.100000
v 95.520000 94.514480 5.100000
v 96.630000 69.224480 5.100000
v 96.630000 74.714480 5.100000
v 97.740000 74.714480 5.100000
v 96.630000 75.824480 5.100000
v 96.630000 81.314480 5.100000
v 97.740000 81.314480 5.100000
v 94.410000 75.824480 5.100000
v 94.410000 81.314480 5.100000
v 95.520000 81.314480 5.100000
v 81.090000 89.024480 5.100000
v 81.090000 94.514480 5.100000
v 82.200000 94.514480 5.100000
v 97.740000 63.720001 5.100000
v 96.630000 63.720001 5.100000
v 96.630000 68.114480 5.100000
v 95.520000 63.720001 5.100000
v 94.410000 63.720001 5.100000
v 94.410000 68.114480 5.100000
v 95.520000 82.424480 5.100000
v 94.410000 82.424480 5.100000
v 94.410000 87.914480 5.100000
v 88.860000 63.720001 5.100000
v 87.750000 63.720001 5.100000
v 87.750000 68.114480 5.100000
v 86.640000 82.424480 5.100000
v 85.530000 82.424480 5.100000
v 85.530000 87.914480 5.100000
v 87.750000 75.824480 5.100000
v 87.750000 81.314480 5.100000
v 88.860000 81.314480 5.100000
v 89.970000 75.824480 5.100000
v 89.970000 81.314480 5.100000
v 91.080000 81.314480 5.100000
v 89.970000 69.224480 5.100000
v 89.970000 74.714480 5.100000
v 91.080000 74.714480 5.100000
v 91.080000 63.720001 5.100000
v 89.970000 63.720001 5.100000
v 89.970000 68.114480 5.100000
v 86.640000 63.720001 5.100000
v 85.530000 63.720001 5.100000
v 85.530000 68.114480 5.100000
v 93.300000 82.424480 5.100000
v 92.190000 82.424480 5.100000
v 92.190000 87.914480 5.100000
v 93.300000 100.890001 5.100000
v 92.190000 100.890001 5.100000
v 92.190000 102.000001 5.100000
v 91.080000 102.000001 5.100000
v 91.080000 100.890001 5.100000
v 89.970000 100.890001 5.100000
v 89.970000 102.000001 5.100000
v 88.860000 102.000001 5.100000
v 88.860000 100.890001 5.100000
v 87.750000 100.890001 5.100000
v 87.750000 102.000001 5.100000
v 86.640000 102.000001 5.100000
v 86.640000 100.890001 5.100000
v 85.530000 100.890001 5.100000
v 85.530000 102.000001 5.100000
v 84.420000 102.000001 5.100000
v 84.420000 100.890001 5.100000
v 83.310000 100.890001 5.100000
v 83.310000 102.000001 5.100000
v 82.200000 102.000001 5.100000
v 82.200000 100.890001 5.100000
v 81.090000 100.890001 5.100000
v 81.090000 102.000001 5.100000
v 79.980000 102.000001 5.100000
v 79.980000 100.890001 5.100000
v 77.730000 100.890001 5.100000
v 77.163186 100.815378 5.100000
v 76.635000 100.596596 5.100000
v 76.181436 100.248565 5.100000
v 75.833404 99.795001 5.100000
v 75.614622 99.266815 5.100000
v 75.540000 98.700001 5.100000
v 75.540000 95.624480 5.100000
v 74.430000 95.624480 5.100000
v 74.430000 94.514480 5.100000
v 75.540000 94.514480 5.100000
v 75.540000 89.024480 5.100000
v 74.430000 89.024480 5.100000
v 74.430000 87.914480 5.100000
v 75.540000 87.914480 5.100000
v 75.540000 82.424480 5.100000
v 74.430000 82.424480 5.100000
v 74.430000 81.314480 5.100000
v 75.540000 81.314480 5.100000
v 75.540000 75.824480 5.100000
v 74.430000 75.824480 5.100000
v 74.430000 74.714480 5.100000
v 75.540000 74.714480 5.100000
v 75.540000 69.224480 5.100000
v 74.430000 69.224480 5.100000
v 74.430000 68.114480 5.100000
v 75.540000 68.114480 5.100000
v 75.540000 64.800001 5.100000
v 76.650000 68.114480 5.100000
v 77.760000 68.114480 5.100000
v 84.420000 68.114480 5.100000
v 77.760000 99.780001 5.100000
v 77.760000 95.624480 5.100000
v 79.980000 95.624480 5.100000
v 79.980000 69.224480 5.100000
v 77.760000 69.224480 5.100000
v 79.980000 68.114480 5.100000
v 82.200000 68.114480 5.100000
v 82.200000 69.224480 5.100000
v 91.080000 89.024480 5.100000
v 84.420000 89.024480 5.100000
v 97.740000 95.624480 5.100000
v 93.300000 69.224480 5.100000
v 97.740000 87.914480 5.100000
v 86.640000 75.824480 5.100000
v 82.200000 75.824480 5.100000
v 84.420000 95.624480 5.100000
v 84.420000 75.824480 5.100000
v 93.300000 75.824480 5.100000
v 95.520000 69.224480 5.100000
v 82.200000 87.914480 5.100000
v 97.740000 89.024480 5.100000
v 86.640000 69.224480 5.100000
v 88.860000 69.224480 5.100000
v 84.420000 69.224480 5.100000
v 77.760000 75.824480 5.100000
v 88.860000 95.624480 5.100000
v 95.520000 95.624480 5.100000
v 79.980000 87.914480 5.100000
v 86.640000 95.624480 5.100000
v 93.300000 68.114480 5.100000
v 79.980000 89.024480 5.100000
v 76.650000 87.914480 5.100000
v 79.980000 75.824480 5.100000
v 91.080000 87.914480 5.100000
v 86.640000 89.024480 5.100000
v 82.200000 95.624480 5.100000
v 91.080000 95.624480 5.100000
v 77.760000 89.024480 5.100000
v 88.860000 87.914480 5.100000
v 93.300000 89.024480 5.100000
v 84.420000 87.914480 5.100000
v 93.300000 95.624480 5.100000
v 88.860000 89.024480 5.100000
v 95.520000 89.024480 5.100000
v 97.740000 69.224480 5.100000
v 97.740000 75.824480 5.100000
v 95.520000 75.824480 5.100000
v 82.200000 89.024480 5.100000
v 97.740000 68.114480 5.100000
v 95.520000 68.114480 5.100000
v 95.520000 87.914480 5.100000
v 88.860000 68.114480 5.100000
v 86.640000 87.914480 5.100000
v 88.860000 75.824480 5.100000
v 91.080000 75.824480 5.100000
v 91.080000 69.224480 5.100000
v 91.080000 68.114480 5.100000
v 86.640000 68.114480 5.100000
v 93.300000 87.914480 5.100000
v 75.604143 64.273853 5.100000
v 75.792814 63.778526 5.100000
v 76.094962 63.343035 5.100000
v 76.492886 62.992890 5.100000
v 76.963279 62.748602 5.100000
v 77.478584 62.624480 5.100000
v 79.980000 62.624480 5.100000
v 79.980000 61.500001 5.100000
v 81.090000 61.500001 5.100000
v 81.090000 62.624480 5.100000
v 82.200000 62.624480 5.100000
v 82.200000 61.500001 5.100000
v 83.310000 61.500001 5.100000
v 83.310000 62.624480 5.100000
v 84.420000 62.624480 5.100000
v 84.420000 61.500001 5.100000
v 85.530000 61.500001 5.100000
v 85.530000 62.624480 5.100000
v 86.640000 62.624480 5.100000
v 86.640000 61.500001 5.100000
v 87.750000 61.500001 5.100000
v 87.750000 62.624480 5.100000
v 88.860000 62.624480 5.100000
v 88.860000 61.500001 5.100000
v 89.970000 61.500001 5.100000
v 89.970000 62.624480 5.100000
v 91.080000 62.624480 5.100000
v 91.080000 61.500001 5.100000
v 92.190000 61.500001 5.100000
v 92.190000 62.624480 5.100000
v 93.300000 62.624480 5.100000
v 93.300000 61.500001 5.100000
v 94.410000 61.500001 5.100000
v 94.410000 62.624480 5.100000
v 95.520000 62.624480 5.100000
v 95.520000 61.500001 5.100000
v 96.630000 61.500001 5.100000
v 96.630000 62.624480 5.100000
v 97.740000 62.624480 5.100000
v 97.740000 61.500001 5.100000
v 98.900002 61.500001 5.100000
v 98.900002 102.000001 5.100000
v 97.740000 102.000001 5.100000
v 97.740000 100.890001 5.100000
v 96.630000 100.890001 5.100000
v 96.630000 102.000001 5.100000
v 95.520000 102.000001 5.100000
v 95.520000 100.890001 5.100000
v 94.410000 100.890001 5.100000
v 94.410000 102.000001 5.100000
v 93.300000 102.000001 5.100000
v 74.430000 64.800001 5.100000
v 74.430000 98.700001 5.100000
v 102.200002 61.500001 5.100000
v 101.000002 61.500001 5.100000
v 77.730000 61.500001 5.100000
v 101.000002 102.000001 5.100000
v 102.200002 102.000001 5.100000
v 77.730000 102.000001 5.100000
v 76.995681 61.582739 5.100000
v 76.298184 61.826804 5.100000
v 75.672484 62.219957 5.100000
v 75.149956 62.742484 5.100000
v 74.756803 63.368184 5.100000
v 74.512738 64.065682 5.100000
v 74.512738 99.434320 5.100000
v 74.756803 100.131817 5.100000
v 75.149956 100.757517 5.100000
v 75.672484 101.280045 5.100000
v 76.298184 101.673198 5.100000
v 76.995681 101.917263 5.100000
v 103.800002 100.567158 5.100000
v 103.800002 101.586175 5.100000
v 103.292603 101.813877 5.100000
v 102.754172 101.953137 5.100000
v 102.934321 61.582739 5.100000
v 103.631818 61.826804 5.100000
v 104.257518 62.219957 5.100000
v 104.780046 62.742484 5.100000
v 105.173199 63.368184 5.100000
v 105.417264 64.065682 5.100000
v 105.500002 64.800001 5.100000
v 105.500002 98.700001 5.100000
v 105.490369 98.951959 5.100000
v 105.461527 99.202447 5.100000
v 105.413644 99.450001 5.100000
v 104.917159 99.450001 5.100000
v 104.363595 101.191760 5.100000
v 104.833174 100.689071 5.100000
v 105.188335 100.099952 5.100000
v 65.300000 61.200001 3.700000
v 65.300000 102.300001 3.700000
v 76.250000 104.000001 5.100000
v 75.274548 103.903927 5.100000
v 74.336583 103.619398 5.100000
v 73.472149 103.157349 5.100000
v 72.714466 102.535535 5.100000
v 72.092652 101.777852 5.100000
v 71.630602 100.913418 5.100000
v 71.346074 99.975452 5.100000
v 71.250000 99.000001 5.100000
v 100.000002 104.000001 5.100000
v 101.000002 103.000001 5.100000
v 107.832844 99.450001 5.100000
v 108.500002 100.117158 5.100000
v 103.800002 103.832844 5.100000
v 104.467159 104.500001 5.100000
v 101.000002 57.000000 5.100000
v 81.250000 57.000000 5.100000
v 71.250000 67.000000 5.100000
v 71.335551 65.694738 5.100000
v 71.590742 64.411810 5.100000
v 72.011205 63.173166 5.100000
v 72.589746 62.000000 5.100000
v 73.316467 60.912386 5.100000
v 74.178932 59.928932 5.100000
v 75.162386 59.066467 5.100000
v 76.250000 58.339746 5.100000
v 77.423166 57.761205 5.100000
v 78.661810 57.340742 5.100000
v 79.944738 57.085551 5.100000
v 108.500002 104.500001 5.100000
v 43.005000 40.040001 4.900000
v 43.005000 40.053630 5.003528
v 43.005000 40.093591 5.100000
v 43.005000 40.157158 5.182843
v 43.005000 40.240001 5.246410
v 43.005000 40.336473 5.286370
v 44.005000 40.336473 5.286370
v 44.005000 40.240001 5.246410
v 44.005000 40.157158 5.182843
v 44.005000 40.093591 5.100000
v 44.005000 40.053630 5.003528
v 44.005000 40.040001 4.900000
v 44.005000 40.040001 3.900000
v 43.005000 40.040001 3.900000
v 44.301472 40.040001 5.286370
v 44.205000 40.040001 5.246410
v 44.122157 40.040001 5.182843
v 44.058590 40.040001 5.100000
v 44.018630 40.040001 5.003528
v 42.991370 40.040001 5.003528
v 42.951410 40.040001 5.100000
v 42.887843 40.040001 5.182843
v 42.805000 40.040001 5.246410
v 42.708528 40.040001 5.286370
v 44.005000 39.040001 4.900000
v 44.005000 39.026371 5.003528
v 44.005000 38.986411 5.100000
v 44.005000 38.922844 5.182843
v 44.005000 38.840001 5.246410
v 44.005000 38.743528 5.286370
v 43.005000 38.743528 5.286370
v 43.005000 38.840001 5.246410
v 43.005000 38.922844 5.182843
v 43.005000 38.986411 5.100000
v 43.005000 39.026371 5.003528
v 43.005000 39.040001 4.900000
v 43.005000 39.040001 3.900000
v 44.005000 39.040001 3.900000
v 42.708528 39.040001 5.286370
v 42.805000 39.040001 5.246410
v 42.887843 39.040001 5.182843
v 42.951410 39.040001 5.100000
v 42.991370 39.040001 5.003528
v 44.018630 39.040001 5.003528
v 44.058590 39.040001 5.100000
v 44.122157 39.040001 5.182843
v 44.205000 39.040001 5.246410
v 44.301472 39.040001 5.286370
v 43.005000 21.306667 4.900000
v 43.005000 21.320297 5.003528
v 43.005000 21.360257 5.100000
v 43.005000 21.423825 5.182843
v 43.005000 21.506667 5.246410
v 43.005000 21.603140 5.286370
v 44.005000 21.603140 5.286370
v 44.005000 21.506667 5.246410
v 44.005000 21.423825 5.182843
v 44.005000 21.360257 5.100000
v 44.005000 21.320297 5.003528
v 44.005000 21.306667 4.900000
v 44.005000 21.306667 3.900000
v 43.005000 21.306667 3.900000
v 44.301472 21.306667 5.286370
v 44.205000 21.306667 5.246410
v 44.122157 21.306667 5.182843
v 44.058590 21.306667 5.100000
v 44.018630 21.306667 5.003528
v 42.991370 21.306667 5.003528
v 42.951410 21.306667 5.100000
v 42.887843 21.306667 5.182843
v 42.805000 21.306667 5.246410
v 42.708528 21.306667 5.286370
v 44.005000 20.306667 4.900000
v 44.005000 20.293038 5.003528
v 44.005000 20.253078 5.100000
v 44.005000 20.189510 5.182843
v 44.005000 20.106667 5.246410
v 44.005000 20.010195 5.286370
v 43.005000 20.010195 5.286370
v 43.005000 20.106667 5.246410
v 43.005000 20.189510 5.182843
v 43.005000 20.253078 5.100000
v 43.005000 20.293038 5.003528
v 43.005000 20.306667 4.900000
v 43.005000 20.306667 3.900000
v 44.005000 20.306667 3.900000
v 42.708528 20.306667 5.286370
v 42.805000 20.306667 5.246410
v 42.887843 20.306667 5.182843
v 42.951410 20.306667 5.100000
v 42.991370 20.306667 5.003528
v 44.018630 20.306667 5.003528
v 44.058590 20.306667 5.100000
v 44.122157 20.306667 5.182843
v 44.205000 20.306667 5.246410
v 44.301472 20.306667 5.286370
v 63.955000 21.306667 4.900000
v 63.955000 21.320297 5.003528
v 63.955000 21.360257 5.100000
v 63.955000 21.423825 5.182843
v 63.955000 21.506667 5.246410
v 63.955000 21.603140 5.286370
v 64.955000 21.603140 5.286370
v 64.955000 21.506667 5.246410
v 64.955000 21.423825 5.182843
v 64.955000 21.360257 5.100000
v 64.955000 21.320297 5.003528
v 64.955000 21.306667 4.900000
v 64.955000 21.306667 3.900000
v 63.955000 21.306667 3.900000
v 65.251472 21.306667 5.286370
v 65.155000 21.306667 5.246410
v 65.072157 21.306667 5.182843
v 65.008590 21.306667 5.100000
v 64.968630 21.306667 5.003528
v 63.941370 21.306667 5.003528
v 63.901410 21.306667 5.100000
v 63.837843 21.306667 5.182843
v 63.755000 21.306667 5.246410
v 63.658528 21.306667 5.286370
v 64.955000 20.306667 4.900000
v 64.955000 20.293038 5.003528
v 64.955000 20.253078 5.100000
v 64.955000 20.189510 5.182843
v 64.955000 20.106667 5.246410
v 64.955000 20.010195 5.286370
v 63.955000 20.010195 5.286370
v 63.955000 20.106667 5.246410
v 63.955000 20.189510 5.182843
v 63.955000 20.253078 5.100000
v 63.955000 20.293038 5.003528
v 63.955000 20.306667 4.900000
v 63.955000 20.306667 3.900000
v 64.955000 20.306667 3.900000
v 63.658528 20.306667 5.286370
v 63.755000 20.306667 5.246410
v 63.837843 20.306667 5.182843
v 63.901410 20.306667 5.100000
v 63.941370 20.306667 5.003528
v 64.968630 20.306667 5.003528
v 65.008590 20.306667 5.100000
v 65.072157 20.306667 5.182843
v 65.155000 20.306667 5.246410
v 65.251472 20.306667 5.286370
v 43.805000 39.240001 3.700000
v 43.805000 39.840001 3.700000
v 43.205000 39.840001 3.700000
v 43.205000 39.240001 3.700000
v 64.755000 20.506667 3.700000
v 64.755000 21.106667 3.700000
v 64.155000 21.106667 3.700000
v 64.155000 20.506667 3.700000
v 43.805000 20.506667 3.700000
v 43.805000 21.106667 3.700000
v 43.205000 21.106667 3.700000
v 43.205000 20.506667 3.700000
vt -2.725000 0.052360 0.000000
vt -2.704289 0.026180 0.000000
vt -2.605000 0.052360 0.000000
vt -2.605000 0.026180 0.000000
vt -2.695665 0.013090 0.000000
vt -2.605000 -0.000000 0.000000
vt -2.688398 0.000000 0.000000
vt -2.682612 -0.013090 0.000000
vt -2.605000 -0.026180 0.000000
vt -2.678407 -0.026180 0.000000
vt -2.675856 -0.039270 0.000000
vt -2.675000 -0.052360 0.000000
vt -2.605000 -0.052360 0.000000
vt 2.605000 0.026180 0.000000
vt 2.605000 0.000000 0.000000
vt 2.725000 0.026180 0.000000
vt 2.745711 0.000000 0.000000
vt 2.754335 -0.013090 0.000000
vt 2.605000 -0.026180 0.000000
vt 2.761603 -0.026180 0.000000
vt 2.767388 -0.039270 0.000000
vt 2.605000 -0.052360 0.000000
vt 2.771593 -0.052360 0.000000
vt 2.774145 -0.065450 0.000000
vt 2.605000 -0.078540 0.000000
vt 2.775000 -0.078540 0.000000
vt -1.079289 -0.089289 0.000000
vt -1.063397 -0.110000 0.000000
vt 0.080000 -0.160000 0.000000
vt -1.047506 -0.130711 0.000000
vt -1.026795 -0.146603 0.000000
vt -1.002677 -0.156593 0.000000
vt -0.976795 -0.160000 0.000000
vt -1.100000 -0.073397 0.000000
vt 0.080000 0.040000 0.000000
vt -1.124118 -0.063407 0.000000
vt -1.150000 -0.060000 0.000000
vt -4.030000 0.040000 0.000000
vt -2.800000 -0.060000 0.000000
vt -2.825882 -0.063407 0.000000
vt -2.850000 -0.073397 0.000000
vt -4.030000 -0.160000 0.000000
vt -2.870711 -0.089289 0.000000
vt -2.886603 -0.110000 0.000000
vt -2.902494 -0.130711 0.000000
vt -2.923205 -0.146603 0.000000
vt -2.947323 -0.156593 0.000000
vt -2.973205 -0.160000 0.000000
vt 2.625000 -0.052360 0.000000
vt 2.625856 -0.039270 0.000000
vt 2.555000 -0.052360 0.000000
vt 2.555000 -0.026180 0.000000
vt 2.628407 -0.026180 0.000000
vt 2.632612 -0.013090 0.000000
vt 2.555000 0.000000 0.000000
vt 2.638398 0.000000 0.000000
vt 2.645665 0.013090 0.000000
vt 2.555000 0.026180 0.000000
vt 2.654289 0.026180 0.000000
vt 2.555000 0.052360 0.000000
vt 2.675000 0.052360 0.000000
vt -2.555000 0.026180 0.000000
vt -2.675000 0.026180 0.000000
vt -2.555000 0.000000 0.000000
vt -2.695711 0.000000 0.000000
vt -2.704335 -0.013090 0.000000
vt -2.555000 -0.026180 0.000000
vt -2.711603 -0.026180 0.000000
vt -2.717388 -0.039270 0.000000
vt -2.555000 -0.052360 0.000000
vt -2.721593 -0.052360 0.000000
vt -2.724145 -0.065450 0.000000
vt -2.725000 -0.078540 0.000000
vt -2.555000 -0.078540 0.000000
vt 1.300000 -2.850000 0.000000
vt -5.350000 -2.850000 0.000000
vt -5.450000 -2.900000 0.000000
vt -5.350000 -1.450000 0.000000
vt -5.350000 0.200000 0.000000
vt -5.180000 -1.450000 0.000000
vt -5.180000 0.200000 0.000000
vt -5.450000 2.351788 0.000000
vt -5.350000 1.600000 0.000000
vt -5.355391 2.250385 0.000000
vt -5.248774 2.161692 0.000000
vt -5.131845 2.087119 0.000000
vt -5.006462 2.027851 0.000000
vt -4.874618 1.984831 0.000000
vt -4.738409 1.958743 0.000000
vt -4.600000 1.950000 0.000000
vt -3.140000 1.950000 0.000000
vt 1.300000 1.600000 0.000000
vt -0.340000 1.950000 0.000000
vt 2.121361 1.887121 0.000000
vt 2.245417 1.950000 0.000000
vt 1.525000 0.850000 0.000000
vt 1.533060 0.988847 0.000000
vt 1.557131 1.125830 0.000000
vt -3.240000 2.210000 0.000000
vt -3.140000 2.210000 0.000000
vt -3.240000 2.214645 0.000000
vt -3.129645 2.325000 0.000000
vt -0.350355 2.325000 0.000000
vt -0.340000 2.210000 0.000000
vt -0.240000 2.214645 0.000000
vt -0.240000 2.210000 0.000000
vt 1.791987 -2.900000 0.000000
vt 1.714351 -2.828788 0.000000
vt 1.648281 -2.746731 0.000000
vt 1.595274 -2.655689 0.000000
vt 1.556530 -2.557722 0.000000
vt 1.532927 -2.455051 0.000000
vt 1.525000 -2.350000 0.000000
vt 1.596890 1.259106 0.000000
vt 1.651803 1.386888 0.000000
vt 1.721132 1.507457 0.000000
vt 1.803947 1.619195 0.000000
vt 1.899133 1.720600 0.000000
vt 2.005414 1.810311 0.000000
vt -0.069501 0.835152 0.000000
vt -0.065892 0.822323 0.000000
vt -0.070711 0.848205 0.000000
vt -0.059946 0.809937 0.000000
vt -0.070711 1.975000 0.000000
vt -0.051764 0.798205 0.000000
vt -0.041486 0.787329 0.000000
vt -0.029289 0.777494 0.000000
vt 0.000000 0.761603 0.000000
vt 0.070711 2.075000 0.000000
vt 0.029289 0.745711 0.000000
vt 0.041486 0.735876 0.000000
vt 0.051764 0.725000 0.000000
vt 0.059946 0.713268 0.000000
vt 0.065892 0.700882 0.000000
vt 0.069501 0.688053 0.000000
vt 0.070711 0.675000 0.000000
vt 2.725000 0.070711 0.000000
vt -3.925000 0.070711 0.000000
vt 2.625000 -0.070711 0.000000
vt -3.825000 -0.070711 0.000000
vt -0.070711 1.475000 0.000000
vt -0.070711 -2.975000 0.000000
vt 0.070711 1.375000 0.000000
vt 0.070711 -2.875000 0.000000
vt 5.850000 0.070711 0.000000
vt -0.600000 0.070711 0.000000
vt 5.950000 -0.070711 0.000000
vt -0.700000 -0.070711 0.000000
vt -0.029289 0.447506 0.000000
vt -0.070711 -0.750000 0.000000
vt 0.000000 0.463397 0.000000
vt 0.070711 -0.850000 0.000000
vt 0.029289 0.479289 0.000000
vt 0.041486 0.489124 0.000000
vt 0.051764 0.500000 0.000000
vt 0.059946 0.511732 0.000000
vt 0.065892 0.524118 0.000000
vt 0.069501 0.536947 0.000000
vt 0.070711 0.550000 0.000000
vt -0.041486 0.437671 0.000000
vt -0.051764 0.426795 0.000000
vt -0.059946 0.415063 0.000000
vt -0.070711 0.376795 0.000000
vt -0.065892 0.402677 0.000000
vt -0.069501 0.389848 0.000000
vt -0.000000 0.240000 0.000000
vt -9.200000 0.240000 0.000000
vt -0.000000 0.000000 0.000000
vt -9.200000 0.000000 0.000000
vt -0.000000 0.000000 0.000000
vt -0.240000 0.000000 0.000000
vt 0.000000 -0.127954 0.000000
vt -0.240000 -0.127954 0.000000
vt -0.240000 -0.255909 0.000000
vt 0.000000 -0.255909 0.000000
vt -0.240000 -0.383863 0.000000
vt 0.000000 -0.383863 0.000000
vt -0.240000 -0.511818 0.000000
vt 0.000000 -0.511818 0.000000
vt -0.240000 -0.639772 0.000000
vt 0.000000 -0.639772 0.000000
vt -0.240000 -0.767727 0.000000
vt 0.000000 -0.767727 0.000000
vt -0.240000 -0.895681 0.000000
vt 0.000000 -0.895681 0.000000
vt -0.240000 -1.023636 0.000000
vt 0.000000 -1.023636 0.000000
vt -0.240000 -1.151590 0.000000
vt 0.000000 -1.151590 0.000000
vt -0.240000 -1.279545 0.000000
vt 0.000000 -1.279545 0.000000
vt -0.240000 -1.407499 0.000000
vt 0.000000 -1.407499 0.000000
vt -0.000000 -1.535453 0.000000
vt -0.240000 -1.535453 0.000000
vt 0.000038 0.240000 0.000000
vt -3.700000 0.240000 0.000000
vt 0.000038 0.000000 0.000000
vt -3.700000 0.000000 0.000000
vt 0.000000 0.240000 0.000000
vt -6.074962 0.240000 0.000000
vt 0.000000 0.000000 0.000000
vt -6.074962 0.000000 0.000000
vt -0.240000 -0.000654 0.000000
vt -0.225882 -0.000654 0.000000
vt -0.240000 0.000000 0.000000
vt -0.211765 -0.000654 0.000000
vt -0.197647 -0.000654 0.000000
vt -0.197647 -0.001309 0.000000
vt -0.183529 -0.001309 0.000000
vt -0.183529 -0.001963 0.000000
vt -0.169412 -0.001963 0.000000
vt -0.169412 -0.002618 0.000000
vt -0.155294 -0.002618 0.000000
vt -0.155294 -0.003272 0.000000
vt -0.141176 -0.003272 0.000000
vt -0.240000 -0.003927 0.000000
vt -0.127059 -0.003272 0.000000
vt -0.000000 -0.003927 0.000000
vt -0.112941 -0.003272 0.000000
vt -0.098824 -0.003272 0.000000
vt -0.112941 -0.002618 0.000000
vt -0.098824 -0.002618 0.000000
vt -0.112941 -0.001963 0.000000
vt -0.098824 -0.001963 0.000000
vt -0.112941 -0.001309 0.000000
vt -0.098824 -0.001309 0.000000
vt -0.112941 -0.000654 0.000000
vt -0.098824 -0.000654 0.000000
vt -0.000000 0.000000 0.000000
vt -0.084706 -0.000654 0.000000
vt -0.070588 -0.000654 0.000000
vt -0.070588 -0.001309 0.000000
vt -0.056471 -0.001309 0.000000
vt -0.056471 -0.001963 0.000000
vt -0.042353 -0.001963 0.000000
vt -0.042353 -0.002618 0.000000
vt -0.028235 -0.002618 0.000000
vt -0.028235 -0.003272 0.000000
vt -0.014118 -0.003272 0.000000
vt 0.000000 -0.003272 0.000000
vt -0.225882 -0.001309 0.000000
vt -0.240000 -0.001309 0.000000
vt -0.225882 -0.001963 0.000000
vt -0.240000 -0.001963 0.000000
vt -0.225882 -0.002618 0.000000
vt -0.240000 -0.002618 0.000000
vt -0.225882 -0.003272 0.000000
vt -0.240000 -0.003272 0.000000
vt -0.014118 -0.002618 0.000000
vt 0.000000 -0.002618 0.000000
vt -0.014118 -0.001963 0.000000
vt -0.000000 -0.001963 0.000000
vt -0.014118 -0.001309 0.000000
vt -0.000000 -0.001309 0.000000
vt -0.014118 -0.000654 0.000000
vt -0.000000 -0.000654 0.000000
vt -0.127059 -0.000654 0.000000
vt -0.127059 -0.001309 0.000000
vt -0.127059 -0.001963 0.000000
vt -0.127059 -0.002618 0.000000
vt -0.211765 -0.001309 0.000000
vt -0.211765 -0.001963 0.000000
vt -0.211765 -0.002618 0.000000
vt -0.211765 -0.003272 0.000000
vt -0.183529 -0.000654 0.000000
vt -0.169412 -0.000654 0.000000
vt -0.155294 -0.000654 0.000000
vt -0.155294 -0.001309 0.000000
vt -0.141176 -0.001309 0.000000
vt -0.141176 -0.001963 0.000000
vt -0.169412 -0.001309 0.000000
vt -0.141176 -0.000654 0.000000
vt -0.084706 -0.001309 0.000000
vt -0.084706 -0.001963 0.000000
vt -0.084706 -0.002618 0.000000
vt -0.084706 -0.003272 0.000000
vt -0.056471 -0.000654 0.000000
vt -0.042353 -0.000654 0.000000
vt -0.028235 -0.000654 0.000000
vt -0.028235 -0.001309 0.000000
vt -0.042353 -0.001309 0.000000
vt -0.197647 -0.001963 0.000000
vt -0.183529 -0.002618 0.000000
vt -0.169412 -0.003272 0.000000
vt -0.155294 -0.001963 0.000000
vt -0.070588 -0.001963 0.000000
vt -0.056471 -0.002618 0.000000
vt -0.042353 -0.003272 0.000000
vt -0.028235 -0.001963 0.000000
vt -0.197647 -0.002618 0.000000
vt -0.197647 -0.003272 0.000000
vt -0.141176 -0.002618 0.000000
vt -0.070588 -0.002618 0.000000
vt -0.070588 -0.003272 0.000000
vt -0.183529 -0.003272 0.000000
vt -0.056471 -0.003272 0.000000
vt 0.000000 0.240000 0.000000
vt -11.150000 0.240000 0.000000
vt -0.000000 0.000000 0.000000
vt -11.150000 -0.000000 0.000000
vt -0.240000 -0.000654 0.000000
vt -0.225882 -0.000654 0.000000
vt -0.240000 0.000000 0.000000
vt -0.211765 -0.000654 0.000000
vt -0.197647 -0.000654 0.000000
vt -0.197647 -0.001309 0.000000
vt -0.183529 -0.001309 0.000000
vt -0.183529 -0.001963 0.000000
vt -0.169412 -0.001963 0.000000
vt -0.169412 -0.002618 0.000000
vt -0.155294 -0.002618 0.000000
vt -0.155294 -0.003272 0.000000
vt -0.141176 -0.003272 0.000000
vt -0.240000 -0.003927 0.000000
vt -0.127059 -0.003272 0.000000
vt -0.000000 -0.003927 0.000000
vt -0.112941 -0.003272 0.000000
vt -0.098824 -0.003272 0.000000
vt -0.112941 -0.002618 0.000000
vt -0.098824 -0.002618 0.000000
vt -0.112941 -0.001963 0.000000
vt -0.098824 -0.001963 0.000000
vt -0.112941 -0.001309 0.000000
vt -0.098824 -0.001309 0.000000
vt -0.112941 -0.000654 0.000000
vt -0.098824 -0.000654 0.000000
vt -0.000000 0.000000 0.000000
vt -0.084706 -0.000654 0.000000
vt -0.070588 -0.000654 0.000000
vt -0.070588 -0.001309 0.000000
vt -0.056471 -0.001309 0.000000
vt -0.056471 -0.001963 0.000000
vt -0.042353 -0.001963 0.000000
vt -0.042353 -0.002618 0.000000
vt -0.028235 -0.002618 0.000000
vt -0.028235 -0.003272 0.000000
vt -0.014118 -0.003272 0.000000
vt -0.000000 -0.003272 0.000000
vt -0.225882 -0.001309 0.000000
vt -0.240000 -0.001309 0.000000
vt -0.225882 -0.001963 0.000000
vt -0.240000 -0.001963 0.000000
vt -0.225882 -0.002618 0.000000
vt -0.240000 -0.002618 0.000000
vt -0.225882 -0.003272 0.000000
vt -0.240000 -0.003272 0.000000
vt -0.014118 -0.002618 0.000000
vt -0.000000 -0.002618 0.000000
vt -0.014118 -0.001963 0.000000
vt -0.000000 -0.001963 0.000000
vt -0.014118 -0.001309 0.000000
vt -0.000000 -0.001309 0.000000
vt -0.014118 -0.000654 0.000000
vt -0.000000 -0.000654 0.000000
vt -0.127059 -0.000654 0.000000
vt -0.127059 -0.001309 0.000000
vt -0.127059 -0.001963 0.000000
vt -0.127059 -0.002618 0.000000
vt -0.211765 -0.001309 0.000000
vt -0.211765 -0.001963 0.000000
vt -0.211765 -0.002618 0.000000
vt -0.211765 -0.003272 0.000000
vt -0.183529 -0.000654 0.000000
vt -0.169412 -0.000654 0.000000
vt -0.155294 -0.000654 0.000000
vt -0.155294 -0.001309 0.000000
vt -0.141176 -0.001309 0.000000
vt -0.141176 -0.001963 0.000000
vt -0.169412 -0.001309 0.000000
vt -0.141176 -0.000654 0.000000
vt -0.084706 -0.001309 0.000000
vt -0.084706 -0.001963 0.000000
vt -0.084706 -0.002618 0.000000
vt -0.084706 -0.003272 0.000000
vt -0.056471 -0.000654 0.000000
vt -0.042353 -0.000654 0.000000
vt -0.028235 -0.000654 0.000000
vt -0.028235 -0.001309 0.000000
vt -0.042353 -0.001309 0.000000
vt -0.197647 -0.001963 0.000000
vt -0.183529 -0.002618 0.000000
vt -0.169412 -0.003272 0.000000
vt -0.155294 -0.001963 0.000000
vt -0.070588 -0.001963 0.000000
vt -0.056471 -0.002618 0.000000
vt -0.042353 -0.003272 0.000000
vt -0.028235 -0.001963 0.000000
vt -0.197647 -0.002618 0.000000
vt -0.197647 -0.003272 0.000000
vt -0.141176 -0.002618 0.000000
vt -0.070588 -0.002618 0.000000
vt -0.070588 -0.003272 0.000000
vt -0.183529 -0.003272 0.000000
vt -0.056471 -0.003272 0.000000
vt 0.000038 0.240000 0.000000
vt -6.074924 0.240000 0.000000
vt 0.000038 -0.000000 0.000000
vt -6.074924 0.000000 0.000000
vt -0.000000 0.240000 0.000000
vt -3.700038 0.240000 0.000000
vt -0.000000 0.000000 0.000000
vt -3.700038 0.000000 0.000000
vt -0.000000 0.000000 0.000000
vt -0.240000 0.000000 0.000000
vt -0.000000 -0.127954 0.000000
vt -0.240000 -0.127954 0.000000
vt -0.240000 -0.255909 0.000000
vt 0.000000 -0.255909 0.000000
vt -0.240000 -0.383863 0.000000
vt 0.000000 -0.383863 0.000000
vt -0.240000 -0.511818 0.000000
vt 0.000000 -0.511818 0.000000
vt -0.240000 -0.639772 0.000000
vt -0.000000 -0.639772 0.000000
vt -0.240000 -0.767727 0.000000
vt 0.000000 -0.767727 0.000000
vt -0.240000 -0.895681 0.000000
vt 0.000000 -0.895681 0.000000
vt -0.240000 -1.023636 0.000000
vt 0.000000 -1.023636 0.000000
vt -0.240000 -1.151590 0.000000
vt -0.000000 -1.151590 0.000000
vt -0.240000 -1.279545 0.000000
vt -0.000000 -1.279545 0.000000
vt -0.240000 -1.407499 0.000000
vt -0.000000 -1.407499 0.000000
vt -0.000000 -1.535453 0.000000
vt -0.240000 -1.535453 0.000000
vt -4.152000 -7.439000 0.000000
vt -4.263000 -7.439000 0.000000
vt -4.152000 -7.550000 0.000000
vt -4.263000 -7.550000 0.000000
vt -5.575000 -7.927500 0.000000
vt -4.374000 -7.550000 0.000000
vt -4.490000 -7.550000 0.000000
vt -4.374000 -7.439000 0.000000
vt -4.374000 -7.328000 0.000000
vt -4.263000 -7.328000 0.000000
vt -4.152000 -7.328000 0.000000
vt -4.041000 -7.439000 0.000000
vt -4.041000 -7.328000 0.000000
vt -3.930000 -7.439000 0.000000
vt -3.930000 -7.328000 0.000000
vt -3.819000 -7.439000 0.000000
vt -3.819000 -7.328000 0.000000
vt -3.708000 -7.439000 0.000000
vt -3.708000 -7.328000 0.000000
vt -3.597000 -7.439000 0.000000
vt -3.597000 -7.328000 0.000000
vt -3.486000 -7.439000 0.000000
vt -3.486000 -7.328000 0.000000
vt -3.375000 -7.439000 0.000000
vt -3.375000 -7.328000 0.000000
vt -3.264000 -7.439000 0.000000
vt -3.264000 -7.328000 0.000000
vt -3.153000 -7.439000 0.000000
vt -3.153000 -7.328000 0.000000
vt -3.042000 -7.439000 0.000000
vt -3.042000 -7.328000 0.000000
vt -2.931000 -7.439000 0.000000
vt -2.931000 -7.328000 0.000000
vt -2.820000 -7.439000 0.000000
vt -2.820000 -7.328000 0.000000
vt -2.709000 -7.439000 0.000000
vt -2.709000 -7.328000 0.000000
vt -2.598000 -7.439000 0.000000
vt -2.598000 -7.328000 0.000000
vt -2.487000 -7.328000 0.000000
vt -2.373000 -7.439000 0.000000
vt -2.376000 -7.328000 0.000000
vt -2.373000 -7.328000 0.000000
vt -2.316319 -7.431538 0.000000
vt -2.345047 -7.324320 0.000000
vt -2.263500 -7.409660 0.000000
vt -2.319000 -7.313531 0.000000
vt -2.218144 -7.374856 0.000000
vt -2.296632 -7.296368 0.000000
vt -2.183340 -7.329500 0.000000
vt -2.279469 -7.274000 0.000000
vt -2.161462 -7.276681 0.000000
vt -2.268680 -7.247952 0.000000
vt -2.154000 -7.220000 0.000000
vt -2.265000 -7.220000 0.000000
vt -2.265000 -6.912448 0.000000
vt -2.154000 -6.912448 0.000000
vt -2.265000 -6.801448 0.000000
vt -2.154000 -6.801448 0.000000
vt -2.265000 -6.252448 0.000000
vt -2.154000 -6.252448 0.000000
vt -2.265000 -6.141448 0.000000
vt -2.154000 -6.141448 0.000000
vt -2.265000 -5.592448 0.000000
vt -2.154000 -5.592448 0.000000
vt -2.265000 -5.481448 0.000000
vt -2.154000 -5.481448 0.000000
vt -2.265000 -4.932448 0.000000
vt -2.154000 -4.932448 0.000000
vt -2.265000 -4.821448 0.000000
vt -2.154000 -4.821448 0.000000
vt -2.265000 -4.272448 0.000000
vt -2.154000 -4.272448 0.000000
vt -2.265000 -4.161448 0.000000
vt -2.154000 -4.161448 0.000000
vt -2.265000 -3.830000 0.000000
vt -2.154000 -3.830000 0.000000
vt -2.160414 -3.777385 0.000000
vt -3.930000 -7.550000 0.000000
vt -4.041000 -7.550000 0.000000
vt -1.130000 -3.470000 0.000000
vt -2.043000 -5.481448 0.000000
vt -1.130000 -7.580000 0.000000
vt -2.043000 -5.592448 0.000000
vt -2.043000 -6.141448 0.000000
vt 5.180000 -3.470000 0.000000
vt 2.047000 -2.240000 0.000000
vt 1.099500 -2.240000 0.000000
vt 0.999500 -2.240000 0.000000
vt 0.999500 -1.354000 0.000000
vt 1.099500 -1.354000 0.000000
vt 0.999500 -1.254000 0.000000
vt 1.099500 -1.254000 0.000000
vt 0.999500 -0.417333 0.000000
vt 1.099500 -0.417333 0.000000
vt 0.999500 -0.317333 0.000000
vt 1.099500 -0.317333 0.000000
vt 0.999500 0.519333 0.000000
vt 1.099500 0.519333 0.000000
vt 0.999500 0.619333 0.000000
vt 1.099500 0.619333 0.000000
vt 0.999500 1.456000 0.000000
vt 1.099500 1.456000 0.000000
vt 0.999500 1.556000 0.000000
vt 1.099500 1.556000 0.000000
vt 0.999500 2.440000 0.000000
vt 1.099500 2.440000 0.000000
vt 4.600000 2.827500 0.000000
vt 2.047000 2.440000 0.000000
vt 2.147000 2.440000 0.000000
vt 2.147000 1.556000 0.000000
vt 2.047000 1.556000 0.000000
vt 2.147000 1.456000 0.000000
vt 2.047000 1.456000 0.000000
vt 2.147000 0.619333 0.000000
vt 2.047000 0.619333 0.000000
vt 2.147000 0.519333 0.000000
vt 2.047000 0.519333 0.000000
vt 2.147000 -0.317333 0.000000
vt 2.047000 -0.317333 0.000000
vt 2.147000 -0.417333 0.000000
vt 2.047000 -0.417333 0.000000
vt 2.147000 -1.254000 0.000000
vt 2.047000 -1.254000 0.000000
vt 2.147000 -1.354000 0.000000
vt 2.047000 -1.354000 0.000000
vt 2.147000 -2.240000 0.000000
vt 5.180000 -7.580000 0.000000
vt 5.577500 -7.925000 0.000000
vt 5.577500 -1.850038 0.000000
vt 5.043533 -2.111324 0.000000
vt 5.111325 -2.043533 0.000000
vt 5.166314 -1.965000 0.000000
vt 5.206831 -1.878111 0.000000
vt 5.231644 -1.785507 0.000000
vt 5.240000 -1.690000 0.000000
vt 5.240000 -1.354000 0.000000
vt 5.240000 -1.254000 0.000000
vt 4.242000 -1.254000 0.000000
vt 5.575000 -7.927500 0.000000
vt -2.373000 -7.550000 0.000000
vt -2.598000 -7.550000 0.000000
vt -2.043000 0.619333 0.000000
vt -1.095500 0.519333 0.000000
vt -1.095500 0.619333 0.000000
vt -0.995500 0.519333 0.000000
vt -0.995500 0.619333 0.000000
vt -0.048000 0.519333 0.000000
vt -0.048000 0.619333 0.000000
vt 0.052000 0.519333 0.000000
vt 0.052000 0.619333 0.000000
vt -2.043000 1.456000 0.000000
vt -2.143000 1.456000 0.000000
vt -2.143000 0.619333 0.000000
vt -2.043000 0.519333 0.000000
vt -2.143000 0.519333 0.000000
vt -2.043000 -0.317333 0.000000
vt -2.143000 -0.317333 0.000000
vt -2.043000 -0.417333 0.000000
vt -2.143000 -0.417333 0.000000
vt -2.043000 -1.254000 0.000000
vt -2.143000 -1.254000 0.000000
vt -2.043000 -1.354000 0.000000
vt -2.143000 -1.354000 0.000000
vt -2.043000 -2.240000 0.000000
vt -2.143000 -2.240000 0.000000
vt -2.299568 -3.508274 0.000000
vt -2.373000 -3.500000 0.000000
vt -2.598000 -3.500000 0.000000
vt -3.090500 -2.240000 0.000000
vt -2.709000 -3.500000 0.000000
vt -2.820000 -3.500000 0.000000
vt -2.931000 -3.500000 0.000000
vt -2.820000 -3.612448 0.000000
vt -2.931000 -3.612448 0.000000
vt -2.820000 -3.722000 0.000000
vt -2.931000 -3.722000 0.000000
vt -2.820000 -4.161448 0.000000
vt -2.931000 -4.161448 0.000000
vt -2.820000 -4.272448 0.000000
vt -2.931000 -4.272448 0.000000
vt -2.820000 -4.821448 0.000000
vt -2.931000 -4.821448 0.000000
vt -2.820000 -4.932448 0.000000
vt -2.931000 -4.932448 0.000000
vt -2.820000 -5.481448 0.000000
vt -2.931000 -5.481448 0.000000
vt -2.820000 -5.592448 0.000000
vt -2.931000 -5.592448 0.000000
vt -2.820000 -6.141448 0.000000
vt -2.931000 -6.141448 0.000000
vt -2.820000 -6.252448 0.000000
vt -2.931000 -6.252448 0.000000
vt -2.820000 -6.801448 0.000000
vt -2.931000 -6.801448 0.000000
vt -2.820000 -6.912448 0.000000
vt -2.931000 -6.912448 0.000000
vt -1.095500 1.456000 0.000000
vt -2.043000 1.556000 0.000000
vt -2.143000 1.556000 0.000000
vt -3.090500 1.556000 0.000000
vt -3.090500 1.456000 0.000000
vt -3.190500 1.556000 0.000000
vt -3.190500 1.456000 0.000000
vt -4.138000 1.556000 0.000000
vt -4.138000 1.456000 0.000000
vt -4.238000 1.556000 0.000000
vt -4.238000 1.456000 0.000000
vt -5.240000 1.556000 0.000000
vt -5.240000 1.456000 0.000000
vt -5.577500 1.850000 0.000000
vt -5.240000 0.619333 0.000000
vt -5.240000 0.519333 0.000000
vt -4.238000 0.519333 0.000000
vt -0.995500 1.456000 0.000000
vt -1.095500 1.556000 0.000000
vt -0.995500 1.556000 0.000000
vt -1.095500 2.440000 0.000000
vt -0.995500 2.440000 0.000000
vt -4.600000 2.827500 0.000000
vt -0.048000 1.456000 0.000000
vt 0.052000 1.456000 0.000000
vt -0.995500 -0.317333 0.000000
vt -1.095500 -0.317333 0.000000
vt -0.995500 -0.417333 0.000000
vt -1.095500 -0.417333 0.000000
vt -0.995500 -1.254000 0.000000
vt -1.095500 -1.254000 0.000000
vt -0.995500 -1.354000 0.000000
vt -1.095500 -1.354000 0.000000
vt -0.995500 -2.240000 0.000000
vt -1.095500 -2.240000 0.000000
vt -2.167248 -3.571996 0.000000
vt -2.229818 -3.532680 0.000000
vt 0.052000 -2.240000 0.000000
vt -0.048000 -2.240000 0.000000
vt -0.048000 -1.354000 0.000000
vt 0.052000 -1.354000 0.000000
vt -0.048000 -1.254000 0.000000
vt 0.052000 -1.254000 0.000000
vt -0.048000 -0.417333 0.000000
vt 0.052000 -0.417333 0.000000
vt -0.048000 -0.317333 0.000000
vt 0.052000 -0.317333 0.000000
vt -4.238000 2.440000 0.000000
vt -4.138000 2.440000 0.000000
vt -3.190500 2.440000 0.000000
vt -3.090500 2.440000 0.000000
vt -5.240000 1.890000 0.000000
vt -5.569137 1.977589 0.000000
vt -5.231644 1.985507 0.000000
vt -5.544193 2.102996 0.000000
vt -5.206831 2.078111 0.000000
vt -5.503092 2.224073 0.000000
vt -5.166314 2.165000 0.000000
vt -5.446540 2.338750 0.000000
vt -5.111325 2.243533 0.000000
vt -5.375503 2.445064 0.000000
vt -5.291197 2.541197 0.000000
vt -5.043533 2.311324 0.000000
vt -5.195064 2.625503 0.000000
vt -4.965000 2.366314 0.000000
vt -5.088750 2.696540 0.000000
vt -4.878111 2.406831 0.000000
vt -4.974073 2.753092 0.000000
vt -4.785507 2.431644 0.000000
vt -4.852996 2.794193 0.000000
vt -4.690000 2.440000 0.000000
vt -4.727589 2.819137 0.000000
vt -3.090500 -0.317333 0.000000
vt -3.090500 -0.417333 0.000000
vt -3.190500 -0.317333 0.000000
vt -3.190500 -0.417333 0.000000
vt -4.138000 -0.317333 0.000000
vt -4.138000 -0.417333 0.000000
vt -4.238000 -0.317333 0.000000
vt -4.238000 -0.417333 0.000000
vt -5.240000 -0.317333 0.000000
vt -5.240000 -0.417333 0.000000
vt -5.577500 -1.850038 0.000000
vt -5.240000 -1.254000 0.000000
vt -5.240000 -1.354000 0.000000
vt -4.238000 -1.354000 0.000000
vt -3.190500 0.519333 0.000000
vt -3.090500 0.519333 0.000000
vt -3.190500 0.619333 0.000000
vt -3.090500 0.619333 0.000000
vt 4.142000 -0.317333 0.000000
vt 4.242000 -0.317333 0.000000
vt 4.142000 0.519333 0.000000
vt 4.242000 0.519333 0.000000
vt 4.142000 0.619333 0.000000
vt 4.242000 0.619333 0.000000
vt 4.142000 1.456000 0.000000
vt 4.242000 1.456000 0.000000
vt 4.142000 1.556000 0.000000
vt 4.242000 1.556000 0.000000
vt 4.142000 2.440000 0.000000
vt 4.242000 2.440000 0.000000
vt 4.690000 2.440000 0.000000
vt 4.727589 2.819137 0.000000
vt 4.852996 2.794193 0.000000
vt 4.785507 2.431644 0.000000
vt 4.974073 2.753092 0.000000
vt 4.878111 2.406831 0.000000
vt 5.088750 2.696540 0.000000
vt 4.965000 2.366314 0.000000
vt 5.195064 2.625503 0.000000
vt 5.043533 2.311324 0.000000
vt 5.291197 2.541197 0.000000
vt 5.111325 2.243533 0.000000
vt 5.375503 2.445064 0.000000
vt 5.446540 2.338750 0.000000
vt 5.166314 2.165000 0.000000
vt 5.503092 2.224073 0.000000
vt 5.206831 2.078111 0.000000
vt 5.544193 2.102996 0.000000
vt 5.231644 1.985507 0.000000
vt 5.569137 1.977589 0.000000
vt 5.240000 1.890000 0.000000
vt 5.577500 1.850000 0.000000
vt 5.240000 1.556000 0.000000
vt 5.240000 1.456000 0.000000
vt 3.194500 -0.317333 0.000000
vt 4.142000 -0.417333 0.000000
vt 4.242000 -0.417333 0.000000
vt 5.240000 -0.417333 0.000000
vt 5.240000 -0.317333 0.000000
vt 3.194500 0.519333 0.000000
vt 3.094500 0.519333 0.000000
vt 3.094500 -0.317333 0.000000
vt 3.194500 -0.417333 0.000000
vt 3.094500 -0.417333 0.000000
vt 3.194500 -1.254000 0.000000
vt 3.094500 -1.254000 0.000000
vt 3.194500 -1.354000 0.000000
vt 3.094500 -1.354000 0.000000
vt 3.194500 -2.240000 0.000000
vt 3.094500 -2.240000 0.000000
vt 3.194500 0.619333 0.000000
vt 3.094500 0.619333 0.000000
vt -3.090500 -1.254000 0.000000
vt -3.190500 -1.254000 0.000000
vt -3.090500 -1.354000 0.000000
vt -3.190500 -1.354000 0.000000
vt -3.190500 -2.240000 0.000000
vt -3.153000 -3.500000 0.000000
vt -3.264000 -3.500000 0.000000
vt -3.375000 -3.500000 0.000000
vt -3.264000 -3.612448 0.000000
vt -3.375000 -3.612448 0.000000
vt -3.264000 -3.722000 0.000000
vt -3.375000 -3.722000 0.000000
vt -3.264000 -4.161448 0.000000
vt -3.375000 -4.161448 0.000000
vt -3.264000 -4.272448 0.000000
vt -3.375000 -4.272448 0.000000
vt -3.264000 -4.821448 0.000000
vt -3.375000 -4.821448 0.000000
vt -3.264000 -4.932448 0.000000
vt -3.375000 -4.932448 0.000000
vt -3.264000 -5.481448 0.000000
vt -3.375000 -5.481448 0.000000
vt -3.264000 -5.592448 0.000000
vt -3.375000 -5.592448 0.000000
vt -3.264000 -6.141448 0.000000
vt -3.375000 -6.141448 0.000000
vt -3.264000 -6.252448 0.000000
vt -3.375000 -6.252448 0.000000
vt -3.264000 -6.801448 0.000000
vt -3.375000 -6.801448 0.000000
vt -3.264000 -6.912448 0.000000
vt -3.375000 -6.912448 0.000000
vt -4.138000 -1.254000 0.000000
vt -4.138000 -1.354000 0.000000
vt -4.238000 -1.254000 0.000000
vt -4.138000 0.519333 0.000000
vt -4.238000 0.619333 0.000000
vt -4.138000 0.619333 0.000000
vt 5.240000 0.619333 0.000000
vt 5.240000 0.519333 0.000000
vt 3.094500 1.456000 0.000000
vt 3.194500 1.456000 0.000000
vt 3.094500 1.556000 0.000000
vt 3.194500 1.556000 0.000000
vt 3.094500 2.440000 0.000000
vt 3.194500 2.440000 0.000000
vt -2.143000 2.440000 0.000000
vt -2.043000 2.440000 0.000000
vt 4.142000 -1.254000 0.000000
vt 4.242000 -1.354000 0.000000
vt 4.142000 -1.354000 0.000000
vt 4.242000 -2.240000 0.000000
vt 4.142000 -2.240000 0.000000
vt 4.965000 -2.166314 0.000000
vt 4.878111 -2.206831 0.000000
vt 4.785507 -2.231644 0.000000
vt 4.690000 -2.240000 0.000000
vt -4.138000 -2.240000 0.000000
vt -3.708000 -3.500000 0.000000
vt -3.597000 -3.500000 0.000000
vt -3.486000 -3.500000 0.000000
vt -3.486000 -3.612448 0.000000
vt -3.597000 -3.612448 0.000000
vt -3.486000 -3.722000 0.000000
vt -3.597000 -3.722000 0.000000
vt -3.486000 -4.161448 0.000000
vt -3.597000 -4.161448 0.000000
vt -3.486000 -4.272448 0.000000
vt -3.597000 -4.272448 0.000000
vt -3.486000 -4.821448 0.000000
vt -3.597000 -4.821448 0.000000
vt -3.486000 -4.932448 0.000000
vt -3.597000 -4.932448 0.000000
vt -3.486000 -5.481448 0.000000
vt -3.597000 -5.481448 0.000000
vt -3.486000 -5.592448 0.000000
vt -3.597000 -5.592448 0.000000
vt -3.486000 -6.141448 0.000000
vt -3.597000 -6.141448 0.000000
vt -3.486000 -6.252448 0.000000
vt -3.597000 -6.252448 0.000000
vt -3.486000 -6.801448 0.000000
vt -3.597000 -6.801448 0.000000
vt -3.486000 -6.912448 0.000000
vt -3.597000 -6.912448 0.000000
vt -4.238000 -2.240000 0.000000
vt -4.152000 -3.500000 0.000000
vt -4.263000 -3.500000 0.000000
vt -4.152000 -3.612448 0.000000
vt -4.263000 -3.612448 0.000000
vt -4.152000 -3.722000 0.000000
vt -4.263000 -3.722000 0.000000
vt -4.152000 -4.161448 0.000000
vt -4.263000 -4.161448 0.000000
vt -4.152000 -4.272448 0.000000
vt -4.263000 -4.272448 0.000000
vt -4.152000 -4.821448 0.000000
vt -4.263000 -4.821448 0.000000
vt -4.152000 -4.932448 0.000000
vt -4.263000 -4.932448 0.000000
vt -4.152000 -5.481448 0.000000
vt -4.263000 -5.481448 0.000000
vt -4.152000 -5.592448 0.000000
vt -4.263000 -5.592448 0.000000
vt -4.152000 -6.141448 0.000000
vt -4.263000 -6.141448 0.000000
vt -4.152000 -6.252448 0.000000
vt -4.263000 -6.252448 0.000000
vt -4.152000 -6.801448 0.000000
vt -4.263000 -6.801448 0.000000
vt -4.152000 -6.912448 0.000000
vt -4.263000 -6.912448 0.000000
vt -4.690000 -2.240000 0.000000
vt -4.490000 -3.500000 0.000000
vt -4.374000 -3.500000 0.000000
vt -4.820000 -3.500000 0.000000
vt -4.785506 -2.231644 0.000000
vt -4.893432 -3.508274 0.000000
vt -4.878111 -2.206831 0.000000
vt -4.963182 -3.532680 0.000000
vt -4.965000 -2.166314 0.000000
vt -5.025752 -3.571996 0.000000
vt -5.043533 -2.111324 0.000000
vt -5.111324 -2.043533 0.000000
vt -5.166314 -1.965000 0.000000
vt -5.206831 -1.878111 0.000000
vt -5.231644 -1.785507 0.000000
vt -5.240000 -1.690000 0.000000
vt -3.819000 -6.141448 0.000000
vt -3.708000 -6.141448 0.000000
vt -3.819000 -5.592448 0.000000
vt -3.708000 -5.592448 0.000000
vt -3.819000 -5.481448 0.000000
vt -3.708000 -5.481448 0.000000
vt -3.819000 -4.932448 0.000000
vt -3.708000 -4.932448 0.000000
vt -3.819000 -4.821448 0.000000
vt -3.708000 -4.821448 0.000000
vt -3.819000 -4.272448 0.000000
vt -3.708000 -4.272448 0.000000
vt -3.819000 -4.161448 0.000000
vt -3.708000 -4.161448 0.000000
vt -3.819000 -3.722000 0.000000
vt -3.708000 -3.722000 0.000000
vt -3.819000 -3.612448 0.000000
vt -3.708000 -3.612448 0.000000
vt -3.819000 -3.500000 0.000000
vt -3.930000 -6.141448 0.000000
vt -3.819000 -6.252448 0.000000
vt -3.708000 -6.252448 0.000000
vt -3.930000 -5.592448 0.000000
vt -4.041000 -5.592448 0.000000
vt -4.041000 -6.141448 0.000000
vt -3.930000 -6.252448 0.000000
vt -4.041000 -6.252448 0.000000
vt -3.930000 -6.801448 0.000000
vt -4.041000 -6.801448 0.000000
vt -3.930000 -6.912448 0.000000
vt -4.041000 -6.912448 0.000000
vt -3.930000 -5.481448 0.000000
vt -4.041000 -5.481448 0.000000
vt -3.153000 -4.161448 0.000000
vt -3.042000 -4.161448 0.000000
vt -3.153000 -3.722000 0.000000
vt -3.042000 -3.722000 0.000000
vt -3.153000 -3.612448 0.000000
vt -3.042000 -3.612448 0.000000
vt -3.042000 -3.500000 0.000000
vt -3.153000 -4.272448 0.000000
vt -3.042000 -4.272448 0.000000
vt -3.153000 -6.141448 0.000000
vt -3.042000 -6.141448 0.000000
vt -3.153000 -5.592448 0.000000
vt -3.042000 -5.592448 0.000000
vt -3.153000 -5.481448 0.000000
vt -3.042000 -5.481448 0.000000
vt -3.153000 -4.932448 0.000000
vt -3.042000 -4.932448 0.000000
vt -3.153000 -4.821448 0.000000
vt -3.042000 -4.821448 0.000000
vt -3.153000 -6.252448 0.000000
vt -3.042000 -6.252448 0.000000
vt -4.041000 -4.161448 0.000000
vt -3.930000 -4.161448 0.000000
vt -4.041000 -3.722000 0.000000
vt -3.930000 -3.722000 0.000000
vt -4.041000 -3.612448 0.000000
vt -3.930000 -3.612448 0.000000
vt -4.041000 -3.500000 0.000000
vt -3.930000 -3.500000 0.000000
vt -4.041000 -4.272448 0.000000
vt -3.930000 -4.272448 0.000000
vt -4.374000 -4.161448 0.000000
vt -4.374000 -4.272448 0.000000
vt -4.374000 -4.821448 0.000000
vt -4.374000 -4.932448 0.000000
vt -4.374000 -3.722000 0.000000
vt -4.374000 -3.612448 0.000000
vt -2.709000 -6.912448 0.000000
vt -2.709000 -6.801448 0.000000
vt -2.598000 -6.912448 0.000000
vt -2.598000 -6.801448 0.000000
vt -2.487000 -6.912448 0.000000
vt -2.487000 -6.801448 0.000000
vt -2.376000 -6.912448 0.000000
vt -2.376000 -6.801448 0.000000
vt -2.709000 -6.252448 0.000000
vt -2.709000 -6.141448 0.000000
vt -2.598000 -6.252448 0.000000
vt -2.598000 -6.141448 0.000000
vt -2.487000 -6.252448 0.000000
vt -2.487000 -6.141448 0.000000
vt -2.376000 -6.252448 0.000000
vt -2.376000 -6.141448 0.000000
vt -4.041000 -4.932448 0.000000
vt -4.041000 -4.821448 0.000000
vt -3.930000 -4.932448 0.000000
vt -3.930000 -4.821448 0.000000
vt -4.374000 -5.481448 0.000000
vt -4.374000 -5.592448 0.000000
vt -4.374000 -6.141448 0.000000
vt -4.374000 -6.252448 0.000000
vt -3.819000 -6.912448 0.000000
vt -3.819000 -6.801448 0.000000
vt -3.708000 -6.912448 0.000000
vt -3.708000 -6.801448 0.000000
vt -3.153000 -6.912448 0.000000
vt -3.153000 -6.801448 0.000000
vt -3.042000 -6.912448 0.000000
vt -3.042000 -6.801448 0.000000
vt -2.598000 -5.481448 0.000000
vt -2.487000 -5.592448 0.000000
vt -2.487000 -5.481448 0.000000
vt -2.376000 -5.592448 0.000000
vt -2.376000 -5.481448 0.000000
vt -2.598000 -4.932448 0.000000
vt -2.709000 -4.932448 0.000000
vt -2.709000 -5.481448 0.000000
vt -2.598000 -5.592448 0.000000
vt -2.709000 -5.592448 0.000000
vt -2.487000 -4.932448 0.000000
vt -2.598000 -4.821448 0.000000
vt -2.709000 -4.821448 0.000000
vt -2.376000 -4.932448 0.000000
vt -2.487000 -4.821448 0.000000
vt -2.376000 -4.821448 0.000000
vt -2.487000 -4.272448 0.000000
vt -2.376000 -4.272448 0.000000
vt -2.487000 -4.161448 0.000000
vt -2.376000 -4.161448 0.000000
vt -2.487000 -3.722000 0.000000
vt -2.376000 -3.722000 0.000000
vt -2.347858 -3.612448 0.000000
vt -2.373000 -3.722000 0.000000
vt -2.345047 -3.725680 0.000000
vt -4.374000 -6.801448 0.000000
vt -4.374000 -6.912448 0.000000
vt -2.709000 -4.272448 0.000000
vt -2.709000 -4.161448 0.000000
vt -2.598000 -4.272448 0.000000
vt -2.598000 -4.161448 0.000000
vt -2.709000 -3.722000 0.000000
vt -2.598000 -3.722000 0.000000
vt -2.709000 -3.612448 0.000000
vt -2.598000 -3.612448 0.000000
vt -2.296328 -3.624860 0.000000
vt -2.319000 -3.736469 0.000000
vt -2.249289 -3.649289 0.000000
vt -2.296632 -3.753633 0.000000
vt -2.209496 -3.684303 0.000000
vt -2.279469 -3.776000 0.000000
vt -2.179281 -3.727853 0.000000
vt -2.268680 -3.802048 0.000000
vt -4.820000 -7.550000 0.000000
vt -4.893432 -7.541726 0.000000
vt -4.963182 -7.517320 0.000000
vt -5.025752 -7.478004 0.000000
vt -5.078004 -7.425752 0.000000
vt -5.577500 -7.925000 0.000000
vt -5.117320 -7.363182 0.000000
vt -5.141726 -7.293432 0.000000
vt -5.150000 -7.220000 0.000000
vt -5.150000 -3.830000 0.000000
vt -5.141726 -3.756568 0.000000
vt -5.117320 -3.686818 0.000000
vt -5.078004 -3.624248 0.000000
vt -2.043000 -4.272448 0.000000
vt -2.043000 -4.161448 0.000000
vt -2.043000 -3.830000 0.000000
vt -2.051274 -3.756568 0.000000
vt -2.075680 -3.686818 0.000000
vt -2.114996 -3.624248 0.000000
vt -2.043000 -4.932448 0.000000
vt -2.043000 -4.821448 0.000000
vt -2.043000 -6.252448 0.000000
vt -2.043000 -6.912448 0.000000
vt -2.043000 -6.801448 0.000000
vt -2.709000 -7.550000 0.000000
vt -2.820000 -7.550000 0.000000
vt -2.931000 -7.550000 0.000000
vt -2.043000 -7.220000 0.000000
vt -2.051274 -7.293432 0.000000
vt -2.075680 -7.363182 0.000000
vt -2.114996 -7.425752 0.000000
vt -2.167248 -7.478004 0.000000
vt -2.229818 -7.517320 0.000000
vt -2.299568 -7.541726 0.000000
vt -3.042000 -7.550000 0.000000
vt -3.153000 -7.550000 0.000000
vt -3.264000 -7.550000 0.000000
vt -3.375000 -7.550000 0.000000
vt -3.486000 -7.550000 0.000000
vt -3.597000 -7.550000 0.000000
vt -3.708000 -7.550000 0.000000
vt -3.819000 -7.550000 0.000000
vt -5.577415 -7.925647 0.000000
vt -5.577165 -7.926250 0.000000
vt -5.576768 -7.926768 0.000000
vt -5.576250 -7.927165 0.000000
vt -5.575647 -7.927415 0.000000
vt 5.575647 -7.927415 0.000000
vt 5.576250 -7.927165 0.000000
vt 5.576768 -7.926768 0.000000
vt 5.577165 -7.926250 0.000000
vt 5.577415 -7.925647 0.000000
vt 0.000000 0.000000 0.000000
vt 0.100000 0.000000 0.000000
vt 0.000000 0.040000 0.000000
vt 0.100000 0.040000 0.000000
vt -2.170000 -0.050000 0.000000
vt 2.170000 -0.050000 0.000000
vt -2.170000 0.050000 0.000000
vt 2.170000 0.050000 0.000000
vt 2.043000 1.556000 0.000000
vt 2.143000 1.556000 0.000000
vt 2.043000 2.440000 0.000000
vt 2.143000 2.440000 0.000000
vt 1.095500 2.690000 0.000000
vt 3.090500 2.440000 0.000000
vt 4.600000 2.690000 0.000000
vt 3.190500 2.440000 0.000000
vt 4.138000 2.440000 0.000000
vt 3.090500 1.556000 0.000000
vt 3.190500 1.556000 0.000000
vt 4.138000 1.556000 0.000000
vt 4.238000 1.556000 0.000000
vt 4.238000 2.440000 0.000000
vt 4.836655 2.655974 0.000000
vt 4.719545 2.681450 0.000000
vt 4.948949 2.614091 0.000000
vt 4.690000 2.440000 0.000000
vt 5.054138 2.556653 0.000000
vt 4.785507 2.431644 0.000000
vt 5.150083 2.484830 0.000000
vt 4.878111 2.406831 0.000000
vt 5.234830 2.400083 0.000000
vt 4.965000 2.366314 0.000000
vt 5.043533 2.311324 0.000000
vt 5.306653 2.304138 0.000000
vt 5.111325 2.243533 0.000000
vt 5.364091 2.198949 0.000000
vt 5.166314 2.165000 0.000000
vt 5.405974 2.086655 0.000000
vt 5.206831 2.078111 0.000000
vt 5.231644 1.985507 0.000000
vt 5.431450 1.969545 0.000000
vt 5.240000 1.890000 0.000000
vt 5.440000 1.850000 0.000000
vt 5.240000 1.556000 0.000000
vt 5.440000 1.556000 0.000000
vt 1.095500 2.440000 0.000000
vt 2.143000 1.456000 0.000000
vt 2.043000 1.456000 0.000000
vt 2.143000 0.619333 0.000000
vt 2.043000 0.619333 0.000000
vt 2.143000 0.519333 0.000000
vt 2.043000 0.519333 0.000000
vt 2.143000 -0.317333 0.000000
vt 2.043000 -0.317333 0.000000
vt 1.135500 0.619333 0.000000
vt 1.135500 0.519333 0.000000
vt 3.090500 0.519333 0.000000
vt 3.090500 0.619333 0.000000
vt 3.190500 0.519333 0.000000
vt 3.190500 0.619333 0.000000
vt 4.138000 0.519333 0.000000
vt 4.138000 0.619333 0.000000
vt 4.238000 0.519333 0.000000
vt 4.238000 0.619333 0.000000
vt 5.240000 0.519333 0.000000
vt 5.240000 0.619333 0.000000
vt 5.440000 -0.317333 0.000000
vt 5.440000 1.456000 0.000000
vt 3.090500 -0.317333 0.000000
vt 3.190500 -0.317333 0.000000
vt 4.138000 -0.317333 0.000000
vt 4.238000 -0.317333 0.000000
vt 5.240000 -0.317333 0.000000
vt 5.240000 1.456000 0.000000
vt 4.238000 1.456000 0.000000
vt 4.138000 1.456000 0.000000
vt 3.190500 1.456000 0.000000
vt 3.090500 1.456000 0.000000
vt 1.100000 1.556000 0.000000
vt 1.095500 1.556000 0.000000
vt 1.100000 1.456000 0.000000
vt 1.095500 1.456000 0.000000
vt -0.995500 -2.440000 0.000000
vt 1.099500 -2.690000 0.000000
vt 0.999500 -2.440000 0.000000
vt 1.099500 -1.556000 0.000000
vt 0.999500 -1.556000 0.000000
vt 0.052000 -1.456000 0.000000
vt -0.048000 -1.456000 0.000000
vt -0.048000 0.317333 0.000000
vt 0.052000 0.317333 0.000000
vt -0.048000 0.417333 0.000000
vt 0.052000 0.417333 0.000000
vt -0.048000 2.690000 0.000000
vt 0.052000 2.690000 0.000000
vt -0.995500 -1.556000 0.000000
vt -1.095500 -1.456000 0.000000
vt -1.095500 -2.690000 0.000000
vt 5.440000 -1.556000 0.000000
vt 5.440000 -1.456000 0.000000
vt 5.440000 0.317333 0.000000
vt 5.440000 0.417333 0.000000
vt -5.440000 0.417333 0.000000
vt -5.440000 0.317333 0.000000
vt 4.648000 0.200000 0.000000
vt 4.648000 0.160000 0.000000
vt 9.200000 0.200000 0.000000
vt 4.328868 0.112507 0.000000
vt 4.344836 0.092942 0.000000
vt 4.548000 0.160000 0.000000
vt 4.360000 0.140000 0.000000
vt 4.308507 0.127448 0.000000
vt 4.548000 0.200000 0.000000
vt 4.360000 0.200000 0.000000
vt 4.260000 0.140000 0.000000
vt 4.285052 0.136811 0.000000
vt 9.200000 0.000000 0.000000
vt 4.355394 0.070000 0.000000
vt 4.365952 0.047058 0.000000
vt 4.381920 0.027493 0.000000
vt 4.402281 0.012552 0.000000
vt 4.450788 0.000000 0.000000
vt 4.425736 0.003189 0.000000
vt 2.267333 0.200000 0.000000
vt 2.267333 0.160000 0.000000
vt 3.700000 0.200000 0.000000
vt 3.700000 0.000000 0.000000
vt 2.167333 0.160000 0.000000
vt 0.000000 0.000000 0.000000
vt 0.394000 0.160000 0.000000
vt 0.294000 0.160000 0.000000
vt 2.167333 0.200000 0.000000
vt 0.394000 0.200000 0.000000
vt 0.294000 0.200000 0.000000
vt 0.000000 0.200000 0.000000
vt -0.052000 -1.254000 0.000000
vt -0.959500 -1.254000 0.000000
vt -0.052000 -1.354000 0.000000
vt -0.959500 -1.354000 0.000000
vt -0.999500 -0.417333 0.000000
vt -1.099500 -0.417333 0.000000
vt -0.999500 -1.214000 0.000000
vt -1.099500 -1.214000 0.000000
vt -4.142000 -1.354000 0.000000
vt -4.242000 -1.354000 0.000000
vt -4.142000 -2.240000 0.000000
vt -4.242000 -2.240000 0.000000
vt -4.600000 -2.690000 0.000000
vt -4.690000 -2.240000 0.000000
vt -4.719545 -2.681450 0.000000
vt -4.836655 -2.655974 0.000000
vt -4.948949 -2.614091 0.000000
vt -5.054138 -2.556653 0.000000
vt -5.150083 -2.484830 0.000000
vt -4.785507 -2.231644 0.000000
vt -5.234830 -2.400083 0.000000
vt -4.878111 -2.206831 0.000000
vt -5.306653 -2.304138 0.000000
vt -4.965000 -2.166314 0.000000
vt -5.364091 -2.198949 0.000000
vt -5.043533 -2.111324 0.000000
vt -5.405974 -2.086655 0.000000
vt -5.111325 -2.043533 0.000000
vt -5.166314 -1.965000 0.000000
vt -3.194500 -1.354000 0.000000
vt -4.142000 -1.254000 0.000000
vt -4.242000 -1.254000 0.000000
vt -5.240000 -1.254000 0.000000
vt -5.240000 -1.354000 0.000000
vt -5.440000 -1.850000 0.000000
vt -5.240000 -1.690000 0.000000
vt -5.231644 -1.785507 0.000000
vt -5.206831 -1.878111 0.000000
vt -5.431450 -1.969545 0.000000
vt -3.194500 -2.240000 0.000000
vt -3.094500 -2.240000 0.000000
vt -3.094500 -1.354000 0.000000
vt -3.194500 -1.254000 0.000000
vt -3.094500 -1.254000 0.000000
vt -3.194500 -0.417333 0.000000
vt -3.094500 -0.417333 0.000000
vt -3.140000 -2.550000 0.000000
vt -3.240000 -2.650000 0.000000
vt -3.240000 -2.690000 0.000000
vt -2.147000 -1.354000 0.000000
vt -2.147000 -1.254000 0.000000
vt -2.047000 -1.354000 0.000000
vt -2.047000 -1.254000 0.000000
vt -1.139500 -1.354000 0.000000
vt -1.139500 -1.254000 0.000000
vt -2.047000 -2.240000 0.000000
vt -2.147000 -2.240000 0.000000
vt -0.052000 -2.240000 0.000000
vt -0.340000 -2.550000 0.000000
vt -0.052000 -2.690000 0.000000
vt -0.240000 -2.650000 0.000000
vt -0.240000 -2.690000 0.000000
vt -0.999500 -2.240000 0.000000
vt -1.099500 -2.240000 0.000000
vt -0.999500 -1.394000 0.000000
vt -1.099500 -1.394000 0.000000
vt -2.047000 -0.417333 0.000000
vt -2.147000 -0.417333 0.000000
vt -4.142000 -0.417333 0.000000
vt -4.242000 -0.417333 0.000000
vt -5.240000 -0.417333 0.000000
vt -5.440000 -0.417333 0.000000
vt -1.099500 -0.317333 0.000000
vt -0.999500 -0.317333 0.000000
vt -1.099500 0.479333 0.000000
vt -0.999500 0.479333 0.000000
vt -0.052000 0.619333 0.000000
vt -0.959500 0.619333 0.000000
vt -0.052000 0.519333 0.000000
vt -0.959500 0.519333 0.000000
vt -0.999500 1.456000 0.000000
vt -1.099500 1.456000 0.000000
vt -0.999500 0.659333 0.000000
vt -1.099500 0.659333 0.000000
vt -5.240000 -0.317333 0.000000
vt -5.240000 0.519333 0.000000
vt -5.440000 -0.317333 0.000000
vt -5.240000 0.619333 0.000000
vt -5.440000 1.456000 0.000000
vt -5.240000 1.456000 0.000000
vt -4.242000 0.519333 0.000000
vt -4.242000 0.619333 0.000000
vt -4.142000 0.519333 0.000000
vt -4.142000 0.619333 0.000000
vt -3.194500 0.519333 0.000000
vt -3.194500 0.619333 0.000000
vt -3.094500 0.519333 0.000000
vt -3.094500 0.619333 0.000000
vt -2.147000 0.519333 0.000000
vt -2.147000 0.619333 0.000000
vt -2.047000 0.519333 0.000000
vt -2.047000 0.619333 0.000000
vt -1.139500 0.519333 0.000000
vt -1.139500 0.619333 0.000000
vt -4.242000 -0.317333 0.000000
vt -4.142000 -0.317333 0.000000
vt -3.194500 -0.317333 0.000000
vt -3.094500 -0.317333 0.000000
vt -2.147000 -0.317333 0.000000
vt -2.047000 -0.317333 0.000000
vt -2.047000 1.456000 0.000000
vt -2.147000 1.456000 0.000000
vt -3.094500 1.456000 0.000000
vt -3.194500 1.456000 0.000000
vt -4.142000 1.456000 0.000000
vt -4.242000 1.456000 0.000000
vt -1.099500 2.440000 0.000000
vt -1.099500 2.690000 0.000000
vt -2.047000 2.440000 0.000000
vt -2.147000 2.440000 0.000000
vt -2.047000 1.556000 0.000000
vt -2.147000 1.556000 0.000000
vt -3.094500 2.440000 0.000000
vt -4.600000 2.690000 0.000000
vt -3.194500 2.440000 0.000000
vt -4.142000 2.440000 0.000000
vt -4.242000 2.440000 0.000000
vt -4.142000 1.556000 0.000000
vt -4.242000 1.556000 0.000000
vt -4.719545 2.681450 0.000000
vt -4.836655 2.655974 0.000000
vt -4.948949 2.614091 0.000000
vt -4.690000 2.440000 0.000000
vt -5.054138 2.556653 0.000000
vt -4.785507 2.431644 0.000000
vt -5.150083 2.484830 0.000000
vt -4.878111 2.406831 0.000000
vt -5.234830 2.400083 0.000000
vt -4.965000 2.366314 0.000000
vt -5.043533 2.311324 0.000000
vt -5.306653 2.304138 0.000000
vt -5.111325 2.243533 0.000000
vt -5.364091 2.198949 0.000000
vt -5.166314 2.165000 0.000000
vt -5.405974 2.086655 0.000000
vt -5.206831 2.078111 0.000000
vt -5.231644 1.985507 0.000000
vt -5.431450 1.969545 0.000000
vt -5.240000 1.890000 0.000000
vt -5.440000 1.850000 0.000000
vt -5.240000 1.556000 0.000000
vt -5.440000 1.556000 0.000000
vt -3.194500 1.556000 0.000000
vt -3.094500 1.556000 0.000000
vt 1.095500 1.456000 0.000000
vt 0.995500 1.456000 0.000000
vt 1.095500 0.659333 0.000000
vt 0.995500 0.659333 0.000000
vt 0.048000 0.519333 0.000000
vt 0.955500 0.519333 0.000000
vt 0.048000 0.619333 0.000000
vt 0.955500 0.619333 0.000000
vt 0.995500 -0.317333 0.000000
vt 1.095500 -0.317333 0.000000
vt 0.995500 0.479333 0.000000
vt 1.095500 0.479333 0.000000
vt 4.238000 -1.354000 0.000000
vt 4.138000 -1.354000 0.000000
vt 4.238000 -2.240000 0.000000
vt 4.138000 -2.240000 0.000000
vt 4.600000 -2.690000 0.000000
vt 3.190500 -2.240000 0.000000
vt 3.090500 -2.240000 0.000000
vt 3.090500 -1.354000 0.000000
vt 3.190500 -1.354000 0.000000
vt 3.090500 -1.254000 0.000000
vt 3.190500 -1.254000 0.000000
vt 3.090500 -0.417333 0.000000
vt 3.190500 -0.417333 0.000000
vt 5.240000 -1.354000 0.000000
vt 4.238000 -1.254000 0.000000
vt 4.138000 -1.254000 0.000000
vt 5.240000 -1.690000 0.000000
vt 5.440000 -1.850000 0.000000
vt 5.240000 -1.254000 0.000000
vt 5.231644 -1.785507 0.000000
vt 5.206831 -1.878111 0.000000
vt 5.431450 -1.969545 0.000000
vt 5.166314 -1.965000 0.000000
vt 5.405974 -2.086655 0.000000
vt 5.111324 -2.043533 0.000000
vt 5.043533 -2.111324 0.000000
vt 5.364091 -2.198949 0.000000
vt 4.965000 -2.166314 0.000000
vt 5.306653 -2.304138 0.000000
vt 4.878111 -2.206831 0.000000
vt 5.234830 -2.400083 0.000000
vt 4.785506 -2.231644 0.000000
vt 5.150083 -2.484830 0.000000
vt 4.690000 -2.240000 0.000000
vt 5.054138 -2.556653 0.000000
vt 4.948949 -2.614091 0.000000
vt 4.836655 -2.655974 0.000000
vt 4.719545 -2.681450 0.000000
vt 2.143000 -1.354000 0.000000
vt 2.043000 -1.354000 0.000000
vt 2.143000 -2.240000 0.000000
vt 2.043000 -2.240000 0.000000
vt 0.048000 -2.690000 0.000000
vt 1.095500 -2.240000 0.000000
vt 0.995500 -2.240000 0.000000
vt 0.995500 -1.354000 0.000000
vt 1.095500 -1.354000 0.000000
vt 0.995500 -1.254000 0.000000
vt 1.095500 -1.254000 0.000000
vt 0.995500 -0.417333 0.000000
vt 1.095500 -0.417333 0.000000
vt 2.143000 -1.254000 0.000000
vt 2.043000 -1.254000 0.000000
vt 0.048000 -2.240000 0.000000
vt 5.440000 -0.417333 0.000000
vt 5.240000 -0.417333 0.000000
vt 4.238000 -0.417333 0.000000
vt 4.138000 -0.417333 0.000000
vt 2.143000 -0.417333 0.000000
vt 2.043000 -0.417333 0.000000
vt 0.048000 -1.254000 0.000000
vt 0.048000 -1.354000 0.000000
vt -0.860654 -0.204489 0.000000
vt -1.035000 -0.212871 0.000000
vt -0.875000 -0.221430 0.000000
vt -1.035000 -0.238193 0.000000
vt -0.875000 -0.244612 0.000000
vt -1.035000 -0.263515 0.000000
vt -0.875000 -0.267795 0.000000
vt -1.035000 -0.288837 0.000000
vt -0.875000 -0.290977 0.000000
vt -1.035000 -0.314159 0.000000
vt -0.875000 -0.314159 0.000000
vt -0.845000 -0.187549 0.000000
vt -1.035000 -0.187549 0.000000
vt 4.727589 2.819137 0.000000
vt 4.600000 2.827500 0.000000
vt 4.600000 2.690000 0.000000
vt -4.600000 2.827500 0.000000
vt -4.600000 2.690000 0.000000
vt -4.727589 2.819137 0.000000
vt -4.719545 2.681450 0.000000
vt -4.852996 2.794193 0.000000
vt -4.836655 2.655974 0.000000
vt -4.974073 2.753092 0.000000
vt -4.948949 2.614091 0.000000
vt -5.088750 2.696540 0.000000
vt -5.054138 2.556653 0.000000
vt -5.195064 2.625503 0.000000
vt -5.150083 2.484830 0.000000
vt -5.291197 2.541197 0.000000
vt -5.234830 2.400083 0.000000
vt -5.375503 2.445064 0.000000
vt -5.306653 2.304138 0.000000
vt -5.446540 2.338750 0.000000
vt -5.364091 2.198949 0.000000
vt -5.503092 2.224073 0.000000
vt -5.405974 2.086655 0.000000
vt -5.544193 2.102996 0.000000
vt -5.431450 1.969545 0.000000
vt -5.569137 1.977589 0.000000
vt -5.440000 1.850000 0.000000
vt -5.577500 1.850000 0.000000
vt -5.440000 -1.850000 0.000000
vt -5.577500 -1.850038 0.000000
vt -5.431450 -1.969545 0.000000
vt -5.405974 -2.086655 0.000000
vt -5.450000 -2.376783 0.000000
vt -5.364091 -2.198949 0.000000
vt -5.306653 -2.304138 0.000000
vt -5.376434 -2.480199 0.000000
vt -5.234830 -2.400083 0.000000
vt -5.290362 -2.573464 0.000000
vt -5.150083 -2.484830 0.000000
vt -5.193170 -2.655077 0.000000
vt -5.054138 -2.556653 0.000000
vt -5.086424 -2.723723 0.000000
vt -4.948949 -2.614091 0.000000
vt -4.971844 -2.778295 0.000000
vt -4.836655 -2.655974 0.000000
vt -4.851274 -2.817916 0.000000
vt -4.719545 -2.681450 0.000000
vt -4.726657 -2.841947 0.000000
vt -4.600000 -2.690000 0.000000
vt -4.600000 -2.850000 0.000000
vt -3.330788 -2.850000 0.000000
vt -5.577500 -7.925000 0.000000
vt -5.450000 -7.800000 0.000000
vt -5.575000 -7.927500 0.000000
vt 1.893300 -7.800000 0.000000
vt 5.575000 -7.927500 0.000000
vt 4.600000 -7.750000 0.000000
vt 5.046716 -7.800000 0.000000
vt 4.980000 -7.733284 0.000000
vt -5.577415 -7.925647 0.000000
vt -5.577165 -7.926250 0.000000
vt -5.576768 -7.926768 0.000000
vt -5.576250 -7.927165 0.000000
vt -5.575647 -7.927415 0.000000
vt 5.575647 -7.927415 0.000000
vt 5.576250 -7.927165 0.000000
vt 5.576768 -7.926768 0.000000
vt 5.577165 -7.926250 0.000000
vt 5.577415 -7.925647 0.000000
vt 5.577500 -7.925000 0.000000
vt 5.450000 -7.800000 0.000000
vt 5.450000 -7.361716 0.000000
vt 5.395002 -2.871108 0.000000
vt 5.387772 -2.892506 0.000000
vt 5.577500 -1.850038 0.000000
vt 5.397246 -2.848633 0.000000
vt 5.395228 -2.701067 0.000000
vt 5.391807 -2.676465 0.000000
vt 5.405974 -2.086655 0.000000
vt 5.364091 -2.198949 0.000000
vt 5.577500 1.850000 0.000000
vt 5.440000 -1.850000 0.000000
vt 5.431450 -1.969545 0.000000
vt 5.440000 1.850000 0.000000
vt 5.569137 1.977589 0.000000
vt 5.431450 1.969545 0.000000
vt 5.544193 2.102996 0.000000
vt 5.405974 2.086655 0.000000
vt 5.503092 2.224073 0.000000
vt 5.364091 2.198949 0.000000
vt 5.446540 2.338750 0.000000
vt 5.306653 2.304138 0.000000
vt 5.375503 2.445064 0.000000
vt 5.234830 2.400083 0.000000
vt 5.291197 2.541197 0.000000
vt 5.150083 2.484830 0.000000
vt 5.195064 2.625503 0.000000
vt 5.054138 2.556653 0.000000
vt 5.088750 2.696540 0.000000
vt 4.948949 2.614091 0.000000
vt 4.974073 2.753092 0.000000
vt 4.836655 2.655974 0.000000
vt 4.852996 2.794193 0.000000
vt 4.719545 2.681450 0.000000
vt 4.700000 -7.650000 0.000000
vt 4.980000 -7.406716 0.000000
vt 4.700000 -3.050000 0.000000
vt 5.091716 -7.295000 0.000000
vt 5.383284 -7.295000 0.000000
vt 5.375924 -2.911736 0.000000
vt 5.360062 -2.927816 0.000000
vt 5.340996 -2.939927 0.000000
vt 2.225000 -7.750000 0.000000
vt 2.127455 -7.740393 0.000000
vt 2.033658 -7.711940 0.000000
vt 1.893300 -7.749975 0.000000
vt 1.947215 -7.665735 0.000000
vt 1.816046 -7.689041 0.000000
vt 1.871447 -7.603553 0.000000
vt 1.749790 -7.616299 0.000000
vt 1.809265 -7.527785 0.000000
vt 1.696313 -7.533708 0.000000
vt 1.763060 -7.441342 0.000000
vt 1.657054 -7.443486 0.000000
vt 1.734607 -7.347545 0.000000
vt 1.633068 -7.348062 0.000000
vt 1.725000 -7.250000 0.000000
vt 1.625000 -7.250000 0.000000
vt 1.625000 -4.050000 0.000000
vt 1.725000 -4.050000 0.000000
vt 1.733555 -3.919474 0.000000
vt 1.634411 -3.906421 0.000000
vt 1.759074 -3.791181 0.000000
vt 1.662482 -3.765299 0.000000
vt 1.801120 -3.667317 0.000000
vt 1.708732 -3.629048 0.000000
vt 1.858975 -3.550000 0.000000
vt 1.772372 -3.500000 0.000000
vt 1.931647 -3.441239 0.000000
vt 1.852311 -3.380362 0.000000
vt 2.017893 -3.342893 0.000000
vt 1.947182 -3.272183 0.000000
vt 2.116238 -3.256647 0.000000
vt 2.055362 -3.177311 0.000000
vt 2.225000 -3.183975 0.000000
vt 2.175000 -3.097372 0.000000
vt 2.342316 -3.126120 0.000000
vt 2.304048 -3.033732 0.000000
vt 2.466181 -3.084074 0.000000
vt 2.440299 -2.987482 0.000000
vt 2.594474 -3.058555 0.000000
vt 2.581421 -2.959411 0.000000
vt 2.725000 -3.050000 0.000000
vt 2.725000 -2.950000 0.000000
vt 5.297256 -2.950000 0.000000
vt 5.319698 -2.947449 0.000000
vt -3.330788 -2.690000 0.000000
vt 5.306653 -2.304138 0.000000
vt 5.367668 -2.633486 0.000000
vt 5.382427 -2.653465 0.000000
vt 5.234830 -2.400083 0.000000
vt 5.325930 -2.607261 0.000000
vt 5.348440 -2.617762 0.000000
vt 5.150083 -2.484830 0.000000
vt 5.276734 -2.604162 0.000000
vt 5.301526 -2.602633 0.000000
vt 5.054138 -2.556653 0.000000
vt 5.232034 -2.624941 0.000000
vt 5.253084 -2.611754 0.000000
vt 5.120418 -2.703912 0.000000
vt 4.948949 -2.614091 0.000000
vt 4.999073 -2.766919 0.000000
vt 4.836655 -2.655974 0.000000
vt 4.870267 -2.812786 0.000000
vt 4.719545 -2.681450 0.000000
vt 4.736409 -2.840653 0.000000
vt 4.600000 -2.690000 0.000000
vt 4.600000 -2.850000 0.000000
vt -0.149212 -2.850000 0.000000
vt -0.149212 -2.690000 0.000000
vt 1.294264 0.003189 0.000000
vt 1.317719 0.012552 0.000000
vt 1.269212 0.000000 0.000000
vt 1.338080 0.027493 0.000000
vt 0.000000 0.000000 0.000000
vt 1.354048 0.047058 0.000000
vt 1.364606 0.070000 0.000000
vt 1.375164 0.092942 0.000000
vt 0.000000 0.200000 0.000000
vt 1.391132 0.112507 0.000000
vt 1.360000 0.140000 0.000000
vt 1.411493 0.127448 0.000000
vt 1.434948 0.136811 0.000000
vt 1.460000 0.140000 0.000000
vt 1.360000 0.200000 0.000000
vt 1.035000 0.048071 0.000000
vt 0.845000 0.048071 0.000000
vt 1.035000 0.022748 0.000000
vt 0.816797 0.016418 0.000000
vt 1.035000 -0.002574 0.000000
vt 0.804709 0.000592 0.000000
vt 0.794377 -0.015235 0.000000
vt 1.035000 -0.027896 0.000000
vt 0.786061 -0.031061 0.000000
vt 0.779968 -0.046887 0.000000
vt 1.035000 -0.053218 0.000000
vt 0.776250 -0.062714 0.000000
vt 1.035000 -0.078540 0.000000
vt 0.775000 -0.078540 0.000000
vt 1.025000 -0.314159 0.000000
vt 1.185000 -0.314159 0.000000
vt 1.025000 -0.290977 0.000000
vt 1.185000 -0.288837 0.000000
vt 1.025000 -0.267795 0.000000
vt 1.185000 -0.263515 0.000000
vt 1.025000 -0.244612 0.000000
vt 1.185000 -0.238193 0.000000
vt 1.025000 -0.221430 0.000000
vt 1.185000 -0.212871 0.000000
vt 1.010654 -0.204489 0.000000
vt 1.185000 -0.187549 0.000000
vt 0.995000 -0.187549 0.000000
vt 4.749212 0.000000 0.000000
vt 4.772188 0.002675 0.000000
vt -0.000000 0.000000 0.000000
vt 4.793934 0.010557 0.000000
vt 4.813287 0.023225 0.000000
vt 4.829212 0.040000 0.000000
vt -0.000000 0.040000 0.000000
vt -2.300000 -0.070711 0.000000
vt 2.529212 -0.070711 0.000000
vt -0.425000 -0.000000 0.000000
vt 2.538183 -0.050422 0.000000
vt 2.544606 -0.028284 0.000000
vt -0.305104 0.004419 0.000000
vt 2.558683 0.011600 0.000000
vt -0.185208 0.017678 0.000000
vt 2.568872 0.028696 0.000000
vt -0.065312 0.039775 0.000000
vt 2.580839 0.043307 0.000000
vt 2.594285 0.055068 0.000000
vt 0.054583 0.070711 0.000000
vt 2.608873 0.063685 0.000000
vt 2.624240 0.068943 0.000000
vt 2.640000 0.070711 0.000000
vt -2.300000 -0.000000 0.000000
vt -1.185000 0.048071 0.000000
vt -1.185000 0.022748 0.000000
vt -0.995000 0.048071 0.000000
vt -0.966797 0.016418 0.000000
vt -1.185000 -0.002574 0.000000
vt -0.954709 0.000592 0.000000
vt -0.944377 -0.015235 0.000000
vt -1.185000 -0.027896 0.000000
vt -0.936061 -0.031061 0.000000
vt -0.929968 -0.046887 0.000000
vt -1.185000 -0.053218 0.000000
vt -0.926250 -0.062714 0.000000
vt -1.185000 -0.078540 0.000000
vt -0.925000 -0.078540 0.000000
vt 0.175692 0.217847 0.000000
vt 0.257342 0.333317 0.000000
vt 0.152803 0.246715 0.000000
vt 0.242908 0.374142 0.000000
vt 0.180355 0.017678 0.000000
vt 0.170000 -0.017678 0.000000
vt 2.959645 0.017678 0.000000
vt 2.970000 -0.017678 0.000000
vt 0.508269 -0.688182 0.000000
vt 0.493835 -0.729007 0.000000
vt 0.598374 -0.815610 0.000000
vt 0.575485 -0.844477 0.000000
vt 0.200000 0.040000 0.000000
vt 0.200000 0.075000 0.000000
vt 0.160000 0.040000 0.000000
vt 0.164645 0.100000 0.000000
vt 0.160000 0.100000 0.000000
vt -0.070711 -1.066785 0.000000
vt -0.005015 -0.995430 0.000000
vt -0.070711 -0.933436 0.000000
vt 0.070711 -0.927283 0.000000
vt -0.070711 -0.800088 0.000000
vt 0.070711 -0.794814 0.000000
vt -0.070711 -0.666740 0.000000
vt 0.070711 -0.662345 0.000000
vt -0.070711 -0.533392 0.000000
vt 0.070711 -0.529876 0.000000
vt -0.070711 -0.400044 0.000000
vt 0.070711 -0.397407 0.000000
vt -0.070711 -0.266696 0.000000
vt 0.070711 -0.264938 0.000000
vt -0.070711 -0.133348 0.000000
vt 0.070711 -0.132469 0.000000
vt -0.070711 0.000000 0.000000
vt 0.070711 0.000000 0.000000
vt 5.521317 0.011600 0.000000
vt 5.535394 -0.028284 0.000000
vt 6.900000 -0.070711 0.000000
vt 5.541817 -0.050422 0.000000
vt 5.550788 -0.070711 0.000000
vt 6.900000 0.070711 0.000000
vt 5.511128 0.028696 0.000000
vt 5.499161 0.043307 0.000000
vt 5.485715 0.055068 0.000000
vt 5.471127 0.063685 0.000000
vt 5.455760 0.068943 0.000000
vt 5.440000 0.070711 0.000000
vt -0.000000 -1.649336 0.000000
vt 0.004419 -1.534885 0.000000
vt -0.070711 -1.649336 0.000000
vt -0.070711 -1.505659 0.000000
vt 0.017678 -1.421110 0.000000
vt -0.070711 -1.361983 0.000000
vt 0.039775 -1.308663 0.000000
vt -0.070711 -1.218306 0.000000
vt 0.070711 -1.198151 0.000000
vt 0.070711 -1.109085 0.000000
vt -0.070711 -1.074629 0.000000
vt 0.070711 -1.020019 0.000000
vt -0.070711 -0.930952 0.000000
vt 0.070711 -0.930952 0.000000
vt -0.010916 0.668270 0.000000
vt -0.070711 0.640273 0.000000
vt 0.070711 0.587502 0.000000
vt -0.070711 0.533561 0.000000
vt 0.070711 0.489585 0.000000
vt -0.070711 0.426849 0.000000
vt 0.070711 0.391668 0.000000
vt -0.070711 0.320137 0.000000
vt 0.070711 0.293751 0.000000
vt -0.070711 0.213424 0.000000
vt 0.070711 0.195834 0.000000
vt -0.070711 0.106712 0.000000
vt 0.070711 0.097917 0.000000
vt -0.070711 0.000000 0.000000
vt 0.070711 0.000000 0.000000
vt 0.070711 2.775000 0.000000
vt -0.070711 2.775000 0.000000
vt 0.070711 -0.425000 0.000000
vt -0.070711 -0.425000 0.000000
vt -0.061860 -0.915537 0.000000
vt -0.060433 -1.063109 0.000000
vt 0.079554 -0.914169 0.000000
vt 0.080981 -1.061741 0.000000
vt 0.000000 0.000000 0.000000
vt -0.000000 -0.011318 0.000000
vt 0.141421 -0.013204 0.000000
vt -0.000000 -0.022635 0.000000
vt 0.000000 -0.033953 0.000000
vt 0.141421 -0.026408 0.000000
vt -0.000000 -0.045271 0.000000
vt 0.141421 -0.039612 0.000000
vt -0.000000 -0.056588 0.000000
vt 0.141421 -0.052816 0.000000
vt 0.000000 -0.067906 0.000000
vt 0.141421 -0.066020 0.000000
vt 0.000000 -0.079224 0.000000
vt 0.141421 -0.079224 0.000000
vt -0.000000 0.000000 0.000000
vt 0.004419 0.119787 0.000000
vt -0.070711 0.000000 0.000000
vt -0.070711 0.150535 0.000000
vt 0.017678 0.238928 0.000000
vt -0.070711 0.301069 0.000000
vt 0.039775 0.356798 0.000000
vt -0.070711 0.451604 0.000000
vt 0.070711 0.472809 0.000000
vt -0.070711 0.602139 0.000000
vt 0.070711 0.606169 0.000000
vt 0.070711 0.739530 0.000000
vt -0.070711 0.752673 0.000000
vt 0.070711 0.872891 0.000000
vt -0.070711 0.903208 0.000000
vt 0.070711 1.006252 0.000000
vt -0.070711 1.053743 0.000000
vt 0.070711 1.139612 0.000000
vt -0.070711 1.204277 0.000000
vt 0.070711 1.272973 0.000000
vt -0.070711 1.354812 0.000000
vt 0.070711 1.406334 0.000000
vt -0.070711 1.505346 0.000000
vt 0.070711 1.539694 0.000000
vt -0.070711 1.655881 0.000000
vt 0.070711 1.673055 0.000000
vt -0.070711 1.806416 0.000000
vt 0.070711 1.806416 0.000000
vt 0.000000 0.000000 0.000000
vt 0.000000 -0.012452 0.000000
vt 0.141421 -0.012452 0.000000
vt -0.000000 -0.024903 0.000000
vt 0.141421 -0.024903 0.000000
vt -0.000000 -0.037355 0.000000
vt 0.141421 -0.037355 0.000000
vt 0.000000 -0.049807 0.000000
vt 0.141421 -0.049807 0.000000
vt -0.000000 -0.062258 0.000000
vt 0.141421 -0.062258 0.000000
vt 0.000000 -0.074710 0.000000
vt 0.141421 -0.074710 0.000000
vt 0.000000 -0.087162 0.000000
vt 0.141421 -0.087162 0.000000
vt -0.000000 -0.099613 0.000000
vt 0.141421 -0.099613 0.000000
vt -0.000000 -0.112065 0.000000
vt 0.141421 -0.112065 0.000000
vt -2.409630 -0.070711 0.000000
vt -2.295066 -0.039775 0.000000
vt -2.648628 -0.070711 0.000000
vt -2.648628 0.070711 0.000000
vt -2.180501 -0.017678 0.000000
vt -2.065937 -0.004419 0.000000
vt -1.951372 0.000000 0.000000
vt -0.076372 0.070711 0.000000
vt -0.076372 0.000000 0.000000
vt -0.040000 1.570796 0.000000
vt -0.040000 1.433961 0.000000
vt -0.000000 1.570796 0.000000
vt -0.000000 1.433961 0.000000
vt -0.040000 1.297126 0.000000
vt -0.000000 1.297126 0.000000
vt -0.040000 1.160291 0.000000
vt -0.000000 1.160291 0.000000
vt -0.040000 1.023456 0.000000
vt -0.000000 1.023456 0.000000
vt -0.040000 0.886621 0.000000
vt -0.000000 0.886621 0.000000
vt 0.140000 0.224130 0.000000
vt 0.140000 0.199226 0.000000
vt 0.180000 0.224130 0.000000
vt 0.180000 0.199226 0.000000
vt 0.140000 0.174323 0.000000
vt 0.180000 0.174323 0.000000
vt 0.140000 0.149420 0.000000
vt 0.180000 0.149420 0.000000
vt 0.140000 0.124516 0.000000
vt 0.180000 0.124516 0.000000
vt 0.140000 0.099613 0.000000
vt 0.180000 0.099613 0.000000
vt 0.140000 0.074710 0.000000
vt 0.180000 0.074710 0.000000
vt 0.140000 0.049807 0.000000
vt 0.180000 0.049807 0.000000
vt 0.140000 0.024903 0.000000
vt 0.180000 0.024903 0.000000
vt 0.140000 0.000000 0.000000
vt 0.180000 0.000000 0.000000
vt 0.000000 0.140000 0.000000
vt 0.147579 0.140000 0.000000
vt 0.000000 0.180000 0.000000
vt 0.147579 0.180000 0.000000
vt 5.295238 2.197565 0.000000
vt 5.220517 2.141727 0.000000
vt 5.297256 2.050000 0.000000
vt 5.141334 2.092421 0.000000
vt 5.058258 2.050000 0.000000
vt 0.180000 0.158447 0.000000
vt 0.140000 0.158447 0.000000
vt 0.180000 0.135812 0.000000
vt 0.140000 0.135812 0.000000
vt 0.140000 0.113177 0.000000
vt 0.180000 0.113177 0.000000
vt 0.140000 0.090541 0.000000
vt 0.180000 0.090541 0.000000
vt 0.140000 0.067906 0.000000
vt 0.180000 0.067906 0.000000
vt 0.140000 0.045271 0.000000
vt 0.180000 0.045271 0.000000
vt 0.140000 0.022635 0.000000
vt 0.180000 0.022635 0.000000
vt 0.180000 0.000000 0.000000
vt 0.140000 0.000000 0.000000
vt 0.000000 0.140000 0.000000
vt 2.572256 0.140000 0.000000
vt 0.000000 0.180000 0.000000
vt 2.572256 0.180000 0.000000
vt -0.180000 0.000000 0.000000
vt -0.140000 0.000000 0.000000
vt -0.180000 0.143990 0.000000
vt -0.140000 0.143990 0.000000
vt -0.180000 0.287979 0.000000
vt -0.140000 0.287979 0.000000
vt -0.180000 0.431969 0.000000
vt -0.140000 0.431969 0.000000
vt -0.180000 0.575959 0.000000
vt -0.140000 0.575959 0.000000
vt -0.180000 0.719948 0.000000
vt -0.140000 0.719948 0.000000
vt -0.180000 0.863938 0.000000
vt -0.140000 0.863938 0.000000
vt -0.180000 1.007928 0.000000
vt -0.140000 1.007928 0.000000
vt -0.180000 1.151917 0.000000
vt -0.140000 1.151917 0.000000
vt -0.180000 1.295907 0.000000
vt -0.140000 1.295907 0.000000
vt -0.180000 1.439897 0.000000
vt -0.140000 1.439897 0.000000
vt -0.180000 1.583886 0.000000
vt -0.140000 1.583886 0.000000
vt -0.180000 1.727876 0.000000
vt -0.140000 1.727876 0.000000
vt 0.000000 0.140000 0.000000
vt 3.200000 0.140000 0.000000
vt 0.000000 0.180000 0.000000
vt 3.200000 0.180000 0.000000
vt -0.180000 0.000000 0.000000
vt -0.140000 0.000000 0.000000
vt -0.180000 0.098504 0.000000
vt -0.140000 0.098504 0.000000
vt -0.180000 0.197007 0.000000
vt -0.140000 0.197007 0.000000
vt -0.180000 0.295511 0.000000
vt -0.140000 0.295511 0.000000
vt -0.180000 0.394014 0.000000
vt -0.140000 0.394014 0.000000
vt -0.180000 0.492518 0.000000
vt -0.140000 0.492518 0.000000
vt -0.180000 0.591021 0.000000
vt -0.140000 0.591021 0.000000
vt 0.003000 0.060000 0.000000
vt 0.000000 0.060000 0.000000
vt 0.003000 0.000000 0.000000
vt 0.000000 0.000000 0.000000
vt 0.000000 -0.169646 0.000000
vt 0.060000 -0.169646 0.000000
vt -0.000000 -0.141372 0.000000
vt 0.060000 -0.141372 0.000000
vt -0.000000 -0.113097 0.000000
vt 0.060000 -0.113097 0.000000
vt -0.000000 -0.084823 0.000000
vt 0.060000 -0.084823 0.000000
vt -0.000000 -0.056549 0.000000
vt 0.060000 -0.056549 0.000000
vt -0.000000 -0.028274 0.000000
vt 0.060000 -0.028274 0.000000
vt 0.000000 0.000000 0.000000
vt 0.060000 0.000000 0.000000
vt 0.111000 0.060000 0.000000
vt 0.000000 0.060000 0.000000
vt 0.111000 0.000000 0.000000
vt 0.000000 0.000000 0.000000
vt 0.439448 0.060000 0.000000
vt -0.000000 0.060000 0.000000
vt 0.439448 0.000000 0.000000
vt 0.000000 0.000000 0.000000
vt 0.307552 0.060000 0.000000
vt 0.000000 0.060000 0.000000
vt 0.307552 -0.000000 0.000000
vt -0.000000 0.000000 0.000000
vt 0.000000 -0.169646 0.000000
vt 0.060000 -0.169646 0.000000
vt 0.000000 -0.141372 0.000000
vt 0.060000 -0.141372 0.000000
vt 0.000000 -0.113097 0.000000
vt 0.060000 -0.113097 0.000000
vt 0.000000 -0.084823 0.000000
vt 0.060000 -0.084823 0.000000
vt -0.000000 -0.056549 0.000000
vt 0.060000 -0.056549 0.000000
vt -0.000000 -0.028274 0.000000
vt 0.060000 -0.028274 0.000000
vt 0.000000 0.000000 0.000000
vt 0.060000 0.000000 0.000000
vt 0.415552 0.060000 0.000000
vt -0.000000 0.060000 0.000000
vt 0.415552 0.000000 0.000000
vt 0.000000 0.000000 0.000000
vt 0.111000 0.060000 0.000000
vt 0.000000 0.060000 0.000000
vt 0.111000 0.000000 0.000000
vt -0.000000 0.000000 0.000000
vt 0.549000 0.060000 0.000000
vt -0.000000 0.060000 0.000000
vt 0.549000 0.000000 0.000000
vt 0.000000 0.000000 0.000000
vt 0.111000 0.060000 0.000000
vt -0.000000 0.060000 0.000000
vt 0.111000 -0.000000 0.000000
vt 0.000000 0.000000 0.000000
vt 0.549000 0.060000 0.000000
vt 0.000000 0.060000 0.000000
vt 0.549000 0.000000 0.000000
vt -0.000000 0.000000 0.000000
vt 0.111000 0.060000 0.000000
vt -0.000000 0.060000 0.000000
vt 0.111000 -0.000000 0.000000
vt 0.000000 0.000000 0.000000
vt 0.111000 0.060000 0.000000
vt 0.000000 0.060000 0.000000
vt 0.111000 0.000000 0.000000
vt 0.000000 0.000000 0.000000
vt 0.439448 0.060000 0.000000
vt -0.000000 0.060000 0.000000
vt 0.439448 0.000000 0.000000
vt 0.000000 0.000000 0.000000
vt 0.111000 0.060000 0.000000
vt 0.000000 0.060000 0.000000
vt 0.111000 0.000000 0.000000
vt 0.000000 0.000000 0.000000
vt 0.439448 0.060000 0.000000
vt -0.000000 0.060000 0.000000
vt 0.439448 0.000000 0.000000
vt 0.000000 0.000000 0.000000
vt 0.549000 0.060000 0.000000
vt -0.000000 0.060000 0.000000
vt 0.549000 0.000000 0.000000
vt 0.000000 0.000000 0.000000
vt 0.111000 0.060000 0.000000
vt -0.000000 0.060000 0.000000
vt 0.111000 -0.000000 0.000000
vt 0.000000 0.000000 0.000000
vt 0.549000 0.060000 0.000000
vt -0.000000 0.060000 0.000000
vt 0.549000 0.000000 0.000000
vt 0.000000 0.000000 0.000000
vt 0.111000 0.060000 0.000000
vt -0.000000 0.060000 0.000000
vt 0.111000 -0.000000 0.000000
vt 0.000000 0.000000 0.000000
vt 0.549000 0.060000 0.000000
vt -0.000000 0.060000 0.000000
vt 0.549000 0.000000 0.000000
vt 0.000000 0.000000 0.000000
vt 0.111000 0.060000 0.000000
vt -0.000000 0.060000 0.000000
vt 0.111000 -0.000000 0.000000
vt 0.000000 0.000000 0.000000
vt 0.415552 0.060000 0.000000
vt -0.000000 0.060000 0.000000
vt 0.415552 0.000000 0.000000
vt 0.000000 0.000000 0.000000
vt 0.111000 0.060000 0.000000
vt 0.000000 0.060000 0.000000
vt 0.111000 0.000000 0.000000
vt -0.000000 0.000000 0.000000
vt 0.549000 0.060000 0.000000
vt -0.000000 0.060000 0.000000
vt 0.549000 0.000000 0.000000
vt 0.000000 0.000000 0.000000
vt 0.111000 0.060000 0.000000
vt -0.000000 0.060000 0.000000
vt 0.111000 -0.000000 0.000000
vt 0.000000 0.000000 0.000000
vt 0.111000 0.060000 0.000000
vt 0.000000 0.060000 0.000000
vt 0.111000 0.000000 0.000000
vt 0.000000 0.000000 0.000000
vt 0.549000 0.060000 0.000000
vt -0.000000 0.060000 0.000000
vt 0.549000 0.000000 0.000000
vt 0.000000 0.000000 0.000000
vt 0.549000 0.060000 0.000000
vt -0.000000 0.060000 0.000000
vt 0.549000 0.000000 0.000000
vt 0.000000 0.000000 0.000000
vt 0.111000 0.060000 0.000000
vt -0.000000 0.060000 0.000000
vt 0.111000 -0.000000 0.000000
vt 0.000000 0.000000 0.000000
vt 0.549000 0.060000 0.000000
vt -0.000000 0.060000 0.000000
vt 0.549000 0.000000 0.000000
vt 0.000000 0.000000 0.000000
vt 0.111000 0.060000 0.000000
vt -0.000000 0.060000 0.000000
vt 0.111000 -0.000000 0.000000
vt 0.000000 0.000000 0.000000
vt 0.415552 0.060000 0.000000
vt -0.000000 0.060000 0.000000
vt 0.415552 0.000000 0.000000
vt 0.000000 0.000000 0.000000
vt 0.111000 0.060000 0.000000
vt 0.000000 0.060000 0.000000
vt 0.111000 0.000000 0.000000
vt -0.000000 0.000000 0.000000
vt 0.549000 0.060000 0.000000
vt -0.000000 0.060000 0.000000
vt 0.549000 0.000000 0.000000
vt 0.000000 0.000000 0.000000
vt 0.111000 0.060000 0.000000
vt -0.000000 0.060000 0.000000
vt 0.111000 -0.000000 0.000000
vt 0.000000 0.000000 0.000000
vt 0.549000 0.060000 0.000000
vt -0.000000 0.060000 0.000000
vt 0.549000 0.000000 0.000000
vt 0.000000 0.000000 0.000000
vt 0.111000 0.060000 0.000000
vt -0.000000 0.060000 0.000000
vt 0.111000 -0.000000 0.000000
vt 0.000000 0.000000 0.000000
vt 0.549000 0.060000 0.000000
vt -0.000000 0.060000 0.000000
vt 0.549000 0.000000 0.000000
vt 0.000000 0.000000 0.000000
vt 0.111000 0.060000 0.000000
vt -0.000000 0.060000 0.000000
vt 0.111000 -0.000000 0.000000
vt 0.000000 0.000000 0.000000
vt 0.111000 0.060000 0.000000
vt 0.000000 0.060000 0.000000
vt 0.111000 0.000000 0.000000
vt 0.000000 0.000000 0.000000
vt 0.549000 0.060000 0.000000
vt -0.000000 0.060000 0.000000
vt 0.549000 0.000000 0.000000
vt 0.000000 0.000000 0.000000
vt 0.549000 0.060000 0.000000
vt -0.000000 0.060000 0.000000
vt 0.549000 0.000000 0.000000
vt 0.000000 0.000000 0.000000
vt 0.111000 0.060000 0.000000
vt -0.000000 0.060000 0.000000
vt 0.111000 -0.000000 0.000000
vt 0.000000 0.000000 0.000000
vt 0.549000 0.060000 0.000000
vt -0.000000 0.060000 0.000000
vt 0.549000 0.000000 0.000000
vt 0.000000 0.000000 0.000000
vt 0.111000 0.060000 0.000000
vt -0.000000 0.060000 0.000000
vt 0.111000 -0.000000 0.000000
vt 0.000000 0.000000 0.000000
vt 0.549000 0.060000 0.000000
vt -0.000000 0.060000 0.000000
vt 0.549000 0.000000 0.000000
vt 0.000000 0.000000 0.000000
vt 0.111000 0.060000 0.000000
vt -0.000000 0.060000 0.000000
vt 0.111000 -0.000000 0.000000
vt 0.000000 0.000000 0.000000
vt 0.549000 0.060000 0.000000
vt -0.000000 0.060000 0.000000
vt 0.549000 0.000000 0.000000
vt 0.000000 0.000000 0.000000
vt 0.111000 0.060000 0.000000
vt -0.000000 0.060000 0.000000
vt 0.111000 -0.000000 0.000000
vt 0.000000 0.000000 0.000000
vt 0.549000 0.060000 0.000000
vt 0.000000 0.060000 0.000000
vt 0.549000 0.000000 0.000000
vt -0.000000 0.000000 0.000000
vt 0.111000 0.060000 0.000000
vt -0.000000 0.060000 0.000000
vt 0.111000 -0.000000 0.000000
vt 0.000000 0.000000 0.000000
vt 0.415552 0.060000 0.000000
vt -0.000000 0.060000 0.000000
vt 0.415552 0.000000 0.000000
vt 0.000000 0.000000 0.000000
vt 0.111000 0.060000 0.000000
vt 0.000000 0.060000 0.000000
vt 0.111000 0.000000 0.000000
vt -0.000000 0.000000 0.000000
vt 0.415552 0.060000 0.000000
vt -0.000000 0.060000 0.000000
vt 0.415552 0.000000 0.000000
vt 0.000000 0.000000 0.000000
vt 0.111000 0.060000 0.000000
vt 0.000000 0.060000 0.000000
vt 0.111000 0.000000 0.000000
vt -0.000000 0.000000 0.000000
vt 0.111000 0.060000 0.000000
vt 0.000000 0.060000 0.000000
vt 0.111000 0.000000 0.000000
vt 0.000000 0.000000 0.000000
vt 0.549000 0.060000 0.000000
vt -0.000000 0.060000 0.000000
vt 0.549000 0.000000 0.000000
vt 0.000000 0.000000 0.000000
vt 0.415552 0.060000 0.000000
vt -0.000000 0.060000 0.000000
vt 0.415552 0.000000 0.000000
vt 0.000000 0.000000 0.000000
vt 0.111000 0.060000 0.000000
vt 0.000000 0.060000 0.000000
vt 0.111000 0.000000 0.000000
vt -0.000000 0.000000 0.000000
vt 0.111000 0.060000 0.000000
vt 0.000000 0.060000 0.000000
vt 0.111000 0.000000 0.000000
vt 0.000000 0.000000 0.000000
vt 0.439448 0.060000 0.000000
vt -0.000000 0.060000 0.000000
vt 0.439448 0.000000 0.000000
vt 0.000000 0.000000 0.000000
vt 0.549000 0.060000 0.000000
vt -0.000000 0.060000 0.000000
vt 0.549000 0.000000 0.000000
vt 0.000000 0.000000 0.000000
vt 0.111000 0.060000 0.000000
vt -0.000000 0.060000 0.000000
vt 0.111000 -0.000000 0.000000
vt 0.000000 0.000000 0.000000
vt 0.549000 0.060000 0.000000
vt 0.000000 0.060000 0.000000
vt 0.549000 0.000000 0.000000
vt 0.000000 0.000000 0.000000
vt 0.111000 0.060000 0.000000
vt 0.000000 0.060000 0.000000
vt 0.111000 0.000000 0.000000
vt 0.000000 0.000000 0.000000
vt 0.549000 0.060000 0.000000
vt -0.000000 0.060000 0.000000
vt 0.549000 0.000000 0.000000
vt 0.000000 0.000000 0.000000
vt 0.111000 0.060000 0.000000
vt -0.000000 0.060000 0.000000
vt 0.111000 -0.000000 0.000000
vt 0.000000 0.000000 0.000000
vt 0.111000 0.060000 0.000000
vt 0.000000 0.060000 0.000000
vt 0.111000 0.000000 0.000000
vt 0.000000 0.000000 0.000000
vt 0.549000 0.060000 0.000000
vt -0.000000 0.060000 0.000000
vt 0.549000 0.000000 0.000000
vt 0.000000 0.000000 0.000000
vt 0.549000 0.060000 0.000000
vt -0.000000 0.060000 0.000000
vt 0.549000 0.000000 0.000000
vt 0.000000 0.000000 0.000000
vt 0.111000 0.060000 0.000000
vt -0.000000 0.060000 0.000000
vt 0.111000 -0.000000 0.000000
vt 0.000000 0.000000 0.000000
vt 0.415552 0.060000 0.000000
vt -0.000000 0.060000 0.000000
vt 0.415552 0.000000 0.000000
vt 0.000000 0.000000 0.000000
vt 0.111000 0.060000 0.000000
vt 0.000000 0.060000 0.000000
vt 0.111000 0.000000 0.000000
vt -0.000000 0.000000 0.000000
vt 0.415552 0.060000 0.000000
vt -0.000000 0.060000 0.000000
vt 0.415552 0.000000 0.000000
vt 0.000000 0.000000 0.000000
vt 0.111000 0.060000 0.000000
vt 0.000000 0.060000 0.000000
vt 0.111000 0.000000 0.000000
vt -0.000000 0.000000 0.000000
vt 0.549000 0.060000 0.000000
vt 0.000000 0.060000 0.000000
vt 0.549000 -0.000000 0.000000
vt 0.000000 0.000000 0.000000
vt 0.111000 0.060000 0.000000
vt -0.000000 0.060000 0.000000
vt 0.111000 -0.000000 0.000000
vt 0.000000 0.000000 0.000000
vt 0.111000 0.060000 0.000000
vt 0.000000 0.060000 0.000000
vt 0.111000 0.000000 0.000000
vt 0.000000 0.000000 0.000000
vt 0.549000 0.060000 0.000000
vt -0.000000 0.060000 0.000000
vt 0.549000 0.000000 0.000000
vt 0.000000 0.000000 0.000000
vt 0.549000 0.060000 0.000000
vt -0.000000 0.060000 0.000000
vt 0.549000 0.000000 0.000000
vt 0.000000 0.000000 0.000000
vt 0.111000 0.060000 0.000000
vt -0.000000 0.060000 0.000000
vt 0.111000 -0.000000 0.000000
vt 0.000000 0.000000 0.000000
vt 0.111000 0.060000 0.000000
vt 0.000000 0.060000 0.000000
vt 0.111000 0.000000 0.000000
vt 0.000000 0.000000 0.000000
vt 0.549000 0.060000 0.000000
vt -0.000000 0.060000 0.000000
vt 0.549000 0.000000 0.000000
vt 0.000000 0.000000 0.000000
vt 0.415552 0.060000 0.000000
vt -0.000000 0.060000 0.000000
vt 0.415552 0.000000 0.000000
vt 0.000000 0.000000 0.000000
vt 0.111000 0.060000 0.000000
vt 0.000000 0.060000 0.000000
vt 0.111000 0.000000 0.000000
vt -0.000000 0.000000 0.000000
vt 0.549000 0.060000 0.000000
vt -0.000000 0.060000 0.000000
vt 0.549000 0.000000 0.000000
vt 0.000000 0.000000 0.000000
vt 0.111000 0.060000 0.000000
vt -0.000000 0.060000 0.000000
vt 0.111000 -0.000000 0.000000
vt 0.000000 0.000000 0.000000
vt 0.549000 0.060000 0.000000
vt -0.000000 0.060000 0.000000
vt 0.549000 0.000000 0.000000
vt 0.000000 0.000000 0.000000
vt 0.111000 0.060000 0.000000
vt -0.000000 0.060000 0.000000
vt 0.111000 -0.000000 0.000000
vt 0.000000 0.000000 0.000000
vt 0.549000 0.060000 0.000000
vt -0.000000 0.060000 0.000000
vt 0.549000 0.000000 0.000000
vt 0.000000 0.000000 0.000000
vt 0.111000 0.060000 0.000000
vt -0.000000 0.060000 0.000000
vt 0.111000 -0.000000 0.000000
vt 0.000000 0.000000 0.000000
vt 0.549000 0.060000 0.000000
vt -0.000000 0.060000 0.000000
vt 0.549000 0.000000 0.000000
vt 0.000000 0.000000 0.000000
vt 0.111000 0.060000 0.000000
vt -0.000000 0.060000 0.000000
vt 0.111000 -0.000000 0.000000
vt 0.000000 0.000000 0.000000
vt 0.549000 0.060000 0.000000
vt -0.000000 0.060000 0.000000
vt 0.549000 0.000000 0.000000
vt 0.000000 0.000000 0.000000
vt 0.111000 0.060000 0.000000
vt -0.000000 0.060000 0.000000
vt 0.111000 -0.000000 0.000000
vt 0.000000 0.000000 0.000000
vt 0.549000 0.060000 0.000000
vt -0.000000 0.060000 0.000000
vt 0.549000 0.000000 0.000000
vt 0.000000 0.000000 0.000000
vt 0.111000 0.060000 0.000000
vt -0.000000 0.060000 0.000000
vt 0.111000 -0.000000 0.000000
vt 0.000000 0.000000 0.000000
vt 0.111000 0.060000 0.000000
vt 0.000000 0.060000 0.000000
vt 0.111000 0.000000 0.000000
vt 0.000000 0.000000 0.000000
vt 0.439448 0.060000 0.000000
vt -0.000000 0.060000 0.000000
vt 0.439448 0.000000 0.000000
vt 0.000000 0.000000 0.000000
vt 0.111000 0.060000 0.000000
vt 0.000000 0.060000 0.000000
vt 0.111000 0.000000 0.000000
vt 0.000000 0.000000 0.000000
vt 0.439448 0.060000 0.000000
vt -0.000000 0.060000 0.000000
vt 0.439448 0.000000 0.000000
vt 0.000000 0.000000 0.000000
vt 0.111000 0.060000 0.000000
vt 0.000000 0.060000 0.000000
vt 0.111000 0.000000 0.000000
vt 0.000000 0.000000 0.000000
vt 0.549000 0.060000 0.000000
vt -0.000000 0.060000 0.000000
vt 0.549000 0.000000 0.000000
vt 0.000000 0.000000 0.000000
vt 0.111000 0.060000 0.000000
vt 0.000000 0.060000 0.000000
vt 0.111000 0.000000 0.000000
vt 0.000000 0.000000 0.000000
vt 0.439448 0.060000 0.000000
vt -0.000000 0.060000 0.000000
vt 0.439448 0.000000 0.000000
vt 0.000000 0.000000 0.000000
vt 0.111000 0.060000 0.000000
vt 0.000000 0.060000 0.000000
vt 0.111000 0.000000 0.000000
vt 0.000000 0.000000 0.000000
vt 0.549000 0.060000 0.000000
vt -0.000000 0.060000 0.000000
vt 0.549000 0.000000 0.000000
vt 0.000000 0.000000 0.000000
vt 0.549000 0.060000 0.000000
vt -0.000000 0.060000 0.000000
vt 0.549000 0.000000 0.000000
vt 0.000000 0.000000 0.000000
vt 0.111000 0.060000 0.000000
vt -0.000000 0.060000 0.000000
vt 0.111000 -0.000000 0.000000
vt 0.000000 0.000000 0.000000
vt 0.549000 0.060000 0.000000
vt -0.000000 0.060000 0.000000
vt 0.549000 0.000000 0.000000
vt 0.000000 0.000000 0.000000
vt 0.111000 0.060000 0.000000
vt -0.000000 0.060000 0.000000
vt 0.111000 -0.000000 0.000000
vt 0.000000 0.000000 0.000000
vt 0.549000 0.060000 0.000000
vt -0.000000 0.060000 0.000000
vt 0.549000 0.000000 0.000000
vt 0.000000 0.000000 0.000000
vt 0.111000 0.060000 0.000000
vt -0.000000 0.060000 0.000000
vt 0.111000 -0.000000 0.000000
vt 0.000000 0.000000 0.000000
vt 0.111000 0.060000 0.000000
vt 0.000000 0.060000 0.000000
vt 0.111000 0.000000 0.000000
vt 0.000000 0.000000 0.000000
vt 0.439448 0.060000 0.000000
vt -0.000000 0.060000 0.000000
vt 0.439448 0.000000 0.000000
vt 0.000000 0.000000 0.000000
vt 0.111000 0.060000 0.000000
vt 0.000000 0.060000 0.000000
vt 0.111000 0.000000 0.000000
vt 0.000000 0.000000 0.000000
vt 0.439448 0.060000 0.000000
vt -0.000000 0.060000 0.000000
vt 0.439448 0.000000 0.000000
vt 0.000000 0.000000 0.000000
vt 0.111000 0.060000 0.000000
vt 0.000000 0.060000 0.000000
vt 0.111000 0.000000 0.000000
vt 0.000000 0.000000 0.000000
vt 0.549000 0.060000 0.000000
vt -0.000000 0.060000 0.000000
vt 0.549000 0.000000 0.000000
vt 0.000000 0.000000 0.000000
vt 0.111000 0.060000 0.000000
vt 0.000000 0.060000 0.000000
vt 0.111000 0.000000 0.000000
vt 0.000000 0.000000 0.000000
vt 0.111000 0.060000 0.000000
vt 0.000000 0.060000 0.000000
vt 0.111000 0.000000 0.000000
vt 0.000000 0.000000 0.000000
vt 0.111000 0.060000 0.000000
vt 0.000000 0.060000 0.000000
vt 0.111000 0.000000 0.000000
vt 0.000000 0.000000 0.000000
vt 0.111000 0.060000 0.000000
vt 0.000000 0.060000 0.000000
vt 0.111000 0.000000 0.000000
vt 0.000000 0.000000 0.000000
vt 0.111000 0.060000 0.000000
vt 0.000000 0.060000 0.000000
vt 0.111000 0.000000 0.000000
vt 0.000000 0.000000 0.000000
vt 0.111000 0.060000 0.000000
vt 0.000000 0.060000 0.000000
vt 0.111000 0.000000 0.000000
vt 0.000000 0.000000 0.000000
vt 0.111000 0.060000 0.000000
vt 0.000000 0.060000 0.000000
vt 0.111000 0.000000 0.000000
vt 0.000000 0.000000 0.000000
vt 0.111000 0.060000 0.000000
vt 0.000000 0.060000 0.000000
vt 0.111000 0.000000 0.000000
vt 0.000000 0.000000 0.000000
vt 0.111000 0.060000 0.000000
vt 0.000000 0.060000 0.000000
vt 0.111000 0.000000 0.000000
vt 0.000000 0.000000 0.000000
vt 0.111000 0.060000 0.000000
vt 0.000000 0.060000 0.000000
vt 0.111000 0.000000 0.000000
vt 0.000000 0.000000 0.000000
vt 0.111000 0.060000 0.000000
vt 0.000000 0.060000 0.000000
vt 0.111000 0.000000 0.000000
vt 0.000000 0.000000 0.000000
vt 0.111000 0.060000 0.000000
vt 0.000000 0.060000 0.000000
vt 0.111000 0.000000 0.000000
vt 0.000000 0.000000 0.000000
vt 0.111000 0.060000 0.000000
vt 0.000000 0.060000 0.000000
vt 0.111000 0.000000 0.000000
vt 0.000000 0.000000 0.000000
vt 0.111000 0.060000 0.000000
vt 0.000000 0.060000 0.000000
vt 0.111000 0.000000 0.000000
vt 0.000000 0.000000 0.000000
vt 0.111000 0.060000 0.000000
vt 0.000000 0.060000 0.000000
vt 0.111000 0.000000 0.000000
vt 0.000000 0.000000 0.000000
vt 0.111000 0.060000 0.000000
vt 0.000000 0.060000 0.000000
vt 0.111000 0.000000 0.000000
vt 0.000000 0.000000 0.000000
vt 0.111000 0.060000 0.000000
vt 0.000000 0.060000 0.000000
vt 0.111000 0.000000 0.000000
vt 0.000000 0.000000 0.000000
vt 0.111000 0.060000 0.000000
vt 0.000000 0.060000 0.000000
vt 0.111000 0.000000 0.000000
vt 0.000000 0.000000 0.000000
vt 0.225000 0.060000 0.000000
vt 0.000000 0.060000 0.000000
vt 0.225000 0.000000 0.000000
vt 0.000000 0.000000 0.000000
vt -0.060000 0.000000 0.000000
vt -0.000000 -0.057334 0.000000
vt -0.060000 -0.057334 0.000000
vt -0.000000 -0.114668 0.000000
vt -0.060000 -0.114668 0.000000
vt -0.000000 -0.172002 0.000000
vt -0.060000 -0.172002 0.000000
vt -0.000000 -0.229336 0.000000
vt -0.060000 -0.229336 0.000000
vt -0.000000 -0.286670 0.000000
vt -0.060000 -0.286670 0.000000
vt -0.000000 -0.344004 0.000000
vt -0.060000 -0.344004 0.000000
vt 0.307552 0.060000 0.000000
vt -0.000000 0.060000 0.000000
vt 0.307552 0.000000 0.000000
vt -0.000000 0.000000 0.000000
vt 0.111000 0.060000 0.000000
vt 0.000000 0.060000 0.000000
vt 0.111000 0.000000 0.000000
vt 0.000000 0.000000 0.000000
vt 0.111000 0.060000 0.000000
vt 0.000000 0.060000 0.000000
vt 0.111000 0.000000 0.000000
vt 0.000000 0.000000 0.000000
vt 0.549000 0.060000 0.000000
vt -0.000000 0.060000 0.000000
vt 0.549000 0.000000 0.000000
vt -0.000000 0.000000 0.000000
vt 0.111000 0.060000 0.000000
vt 0.000000 0.060000 0.000000
vt 0.111000 0.000000 0.000000
vt 0.000000 0.000000 0.000000
vt 0.111000 0.060000 0.000000
vt 0.000000 0.060000 0.000000
vt 0.111000 0.000000 0.000000
vt 0.000000 0.000000 0.000000
vt 0.549000 0.060000 0.000000
vt -0.000000 0.060000 0.000000
vt 0.549000 0.000000 0.000000
vt -0.000000 0.000000 0.000000
vt 0.111000 0.060000 0.000000
vt 0.000000 0.060000 0.000000
vt 0.111000 0.000000 0.000000
vt 0.000000 0.000000 0.000000
vt 0.111000 0.060000 0.000000
vt 0.000000 0.060000 0.000000
vt 0.111000 0.000000 0.000000
vt 0.000000 0.000000 0.000000
vt 0.549000 0.060000 0.000000
vt 0.000000 0.060000 0.000000
vt 0.549000 0.000000 0.000000
vt 0.000000 0.000000 0.000000
vt 0.111000 0.060000 0.000000
vt 0.000000 0.060000 0.000000
vt 0.111000 0.000000 0.000000
vt 0.000000 0.000000 0.000000
vt 0.111000 0.060000 0.000000
vt 0.000000 0.060000 0.000000
vt 0.111000 0.000000 0.000000
vt 0.000000 0.000000 0.000000
vt 0.549000 0.060000 0.000000
vt 0.000000 0.060000 0.000000
vt 0.549000 0.000000 0.000000
vt 0.000000 0.000000 0.000000
vt 0.111000 0.060000 0.000000
vt 0.000000 0.060000 0.000000
vt 0.111000 0.000000 0.000000
vt 0.000000 0.000000 0.000000
vt 0.111000 0.060000 0.000000
vt 0.000000 0.060000 0.000000
vt 0.111000 0.000000 0.000000
vt 0.000000 0.000000 0.000000
vt 0.331448 0.060000 0.000000
vt 0.000000 0.060000 0.000000
vt 0.331448 0.000000 0.000000
vt 0.000000 0.000000 0.000000
vt 0.331448 0.060000 0.000000
vt 0.000000 0.060000 0.000000
vt 0.331448 0.000000 0.000000
vt -0.000000 0.000000 0.000000
vt 0.111000 0.060000 0.000000
vt -0.000000 0.060000 0.000000
vt 0.111000 -0.000000 0.000000
vt 0.000000 0.000000 0.000000
vt 0.439448 0.060000 0.000000
vt 0.000000 0.060000 0.000000
vt 0.439448 0.000000 0.000000
vt 0.000000 0.000000 0.000000
vt 0.111000 0.060000 0.000000
vt -0.000000 0.060000 0.000000
vt 0.111000 -0.000000 0.000000
vt 0.000000 0.000000 0.000000
vt 0.439448 0.060000 0.000000
vt 0.000000 0.060000 0.000000
vt 0.439448 0.000000 0.000000
vt 0.000000 0.000000 0.000000
vt 0.003000 0.060000 0.000000
vt 0.000000 0.060000 0.000000
vt 0.003000 0.000000 0.000000
vt -0.000000 0.000000 0.000000
vt 0.415552 0.060000 0.000000
vt 0.000000 0.060000 0.000000
vt 0.415552 0.000000 0.000000
vt 0.000000 0.000000 0.000000
vt 0.111000 0.060000 0.000000
vt 0.000000 0.060000 0.000000
vt 0.111000 0.000000 0.000000
vt 0.000000 0.000000 0.000000
vt 0.415552 0.060000 0.000000
vt 0.000000 0.060000 0.000000
vt 0.415552 0.000000 0.000000
vt 0.000000 0.000000 0.000000
vt 0.111000 0.060000 0.000000
vt 0.000000 0.060000 0.000000
vt 0.111000 0.000000 0.000000
vt 0.000000 0.000000 0.000000
vt 0.549000 0.060000 0.000000
vt 0.000000 0.060000 0.000000
vt 0.549000 0.000000 0.000000
vt 0.000000 0.000000 0.000000
vt 0.111000 0.060000 0.000000
vt 0.000000 0.060000 0.000000
vt 0.111000 0.000000 0.000000
vt 0.000000 0.000000 0.000000
vt 0.549000 0.060000 0.000000
vt 0.000000 0.060000 0.000000
vt 0.549000 0.000000 0.000000
vt 0.000000 0.000000 0.000000
vt 0.111000 0.060000 0.000000
vt 0.000000 0.060000 0.000000
vt 0.111000 0.000000 0.000000
vt 0.000000 0.000000 0.000000
vt 0.111000 0.060000 0.000000
vt -0.000000 0.060000 0.000000
vt 0.111000 -0.000000 0.000000
vt 0.000000 0.000000 0.000000
vt 0.439448 0.060000 0.000000
vt 0.000000 0.060000 0.000000
vt 0.439448 0.000000 0.000000
vt 0.000000 0.000000 0.000000
vt 0.111000 0.060000 0.000000
vt -0.000000 0.060000 0.000000
vt 0.111000 -0.000000 0.000000
vt 0.000000 0.000000 0.000000
vt 0.439448 0.060000 0.000000
vt 0.000000 0.060000 0.000000
vt 0.439448 0.000000 0.000000
vt 0.000000 0.000000 0.000000
vt 0.549000 0.060000 0.000000
vt 0.000000 0.060000 0.000000
vt 0.549000 0.000000 0.000000
vt 0.000000 0.000000 0.000000
vt 0.111000 0.060000 0.000000
vt 0.000000 0.060000 0.000000
vt 0.111000 0.000000 0.000000
vt 0.000000 0.000000 0.000000
vt 0.549000 0.060000 0.000000
vt 0.000000 0.060000 0.000000
vt 0.549000 0.000000 0.000000
vt 0.000000 0.000000 0.000000
vt 0.111000 0.060000 0.000000
vt 0.000000 0.060000 0.000000
vt 0.111000 0.000000 0.000000
vt 0.000000 0.000000 0.000000
vt 0.549000 0.060000 0.000000
vt 0.000000 0.060000 0.000000
vt 0.549000 0.000000 0.000000
vt 0.000000 0.000000 0.000000
vt 0.111000 0.060000 0.000000
vt 0.000000 0.060000 0.000000
vt 0.111000 0.000000 0.000000
vt 0.000000 0.000000 0.000000
vt 0.415552 0.060000 0.000000
vt 0.000000 0.060000 0.000000
vt 0.415552 0.000000 0.000000
vt 0.000000 0.000000 0.000000
vt 0.111000 0.060000 0.000000
vt 0.000000 0.060000 0.000000
vt 0.111000 0.000000 0.000000
vt 0.000000 0.000000 0.000000
vt 0.549000 0.060000 0.000000
vt 0.000000 0.060000 0.000000
vt 0.549000 0.000000 0.000000
vt 0.000000 0.000000 0.000000
vt 0.111000 0.060000 0.000000
vt 0.000000 0.060000 0.000000
vt 0.111000 0.000000 0.000000
vt 0.000000 0.000000 0.000000
vt 0.111000 0.060000 0.000000
vt -0.000000 0.060000 0.000000
vt 0.111000 -0.000000 0.000000
vt 0.000000 0.000000 0.000000
vt 0.549000 0.060000 0.000000
vt 0.000000 0.060000 0.000000
vt 0.549000 0.000000 0.000000
vt 0.000000 0.000000 0.000000
vt 0.549000 0.060000 0.000000
vt 0.000000 0.060000 0.000000
vt 0.549000 0.000000 0.000000
vt 0.000000 0.000000 0.000000
vt 0.111000 0.060000 0.000000
vt 0.000000 0.060000 0.000000
vt 0.111000 0.000000 0.000000
vt 0.000000 0.000000 0.000000
vt 0.549000 0.060000 0.000000
vt 0.000000 0.060000 0.000000
vt 0.549000 0.000000 0.000000
vt 0.000000 0.000000 0.000000
vt 0.111000 0.060000 0.000000
vt 0.000000 0.060000 0.000000
vt 0.111000 0.000000 0.000000
vt 0.000000 0.000000 0.000000
vt 0.415552 0.060000 0.000000
vt 0.000000 0.060000 0.000000
vt 0.415552 0.000000 0.000000
vt 0.000000 0.000000 0.000000
vt 0.111000 0.060000 0.000000
vt 0.000000 0.060000 0.000000
vt 0.111000 0.000000 0.000000
vt 0.000000 0.000000 0.000000
vt 0.549000 0.060000 0.000000
vt 0.000000 0.060000 0.000000
vt 0.549000 0.000000 0.000000
vt 0.000000 0.000000 0.000000
vt 0.111000 0.060000 0.000000
vt 0.000000 0.060000 0.000000
vt 0.111000 0.000000 0.000000
vt 0.000000 0.000000 0.000000
vt 0.549000 0.060000 0.000000
vt 0.000000 0.060000 0.000000
vt 0.549000 0.000000 0.000000
vt 0.000000 0.000000 0.000000
vt 0.111000 0.060000 0.000000
vt 0.000000 0.060000 0.000000
vt 0.111000 0.000000 0.000000
vt 0.000000 0.000000 0.000000
vt 0.549000 0.060000 0.000000
vt 0.000000 0.060000 0.000000
vt 0.549000 0.000000 0.000000
vt 0.000000 0.000000 0.000000
vt 0.111000 0.060000 0.000000
vt 0.000000 0.060000 0.000000
vt 0.111000 0.000000 0.000000
vt 0.000000 0.000000 0.000000
vt 0.111000 0.060000 0.000000
vt -0.000000 0.060000 0.000000
vt 0.111000 -0.000000 0.000000
vt 0.000000 0.000000 0.000000
vt 0.549000 0.060000 0.000000
vt 0.000000 0.060000 0.000000
vt 0.549000 0.000000 0.000000
vt 0.000000 0.000000 0.000000
vt 0.549000 0.060000 0.000000
vt 0.000000 0.060000 0.000000
vt 0.549000 0.000000 0.000000
vt 0.000000 0.000000 0.000000
vt 0.111000 0.060000 0.000000
vt 0.000000 0.060000 0.000000
vt 0.111000 0.000000 0.000000
vt 0.000000 0.000000 0.000000
vt 0.549000 0.060000 0.000000
vt 0.000000 0.060000 0.000000
vt 0.549000 0.000000 0.000000
vt 0.000000 0.000000 0.000000
vt 0.111000 0.060000 0.000000
vt 0.000000 0.060000 0.000000
vt 0.111000 0.000000 0.000000
vt 0.000000 0.000000 0.000000
vt 0.549000 0.060000 0.000000
vt 0.000000 0.060000 0.000000
vt 0.549000 0.000000 0.000000
vt 0.000000 0.000000 0.000000
vt 0.111000 0.060000 0.000000
vt 0.000000 0.060000 0.000000
vt 0.111000 0.000000 0.000000
vt 0.000000 0.000000 0.000000
vt 0.549000 0.060000 0.000000
vt 0.000000 0.060000 0.000000
vt 0.549000 0.000000 0.000000
vt 0.000000 0.000000 0.000000
vt 0.111000 0.060000 0.000000
vt 0.000000 0.060000 0.000000
vt 0.111000 0.000000 0.000000
vt 0.000000 0.000000 0.000000
vt 0.549000 0.060000 0.000000
vt 0.000000 0.060000 0.000000
vt 0.549000 0.000000 0.000000
vt 0.000000 0.000000 0.000000
vt 0.111000 0.060000 0.000000
vt 0.000000 0.060000 0.000000
vt 0.111000 0.000000 0.000000
vt 0.000000 0.000000 0.000000
vt 0.415552 0.060000 0.000000
vt 0.000000 0.060000 0.000000
vt 0.415552 0.000000 0.000000
vt 0.000000 0.000000 0.000000
vt 0.111000 0.060000 0.000000
vt 0.000000 0.060000 0.000000
vt 0.111000 0.000000 0.000000
vt 0.000000 0.000000 0.000000
vt 0.415552 0.060000 0.000000
vt 0.000000 0.060000 0.000000
vt 0.415552 0.000000 0.000000
vt 0.000000 0.000000 0.000000
vt 0.111000 0.060000 0.000000
vt 0.000000 0.060000 0.000000
vt 0.111000 0.000000 0.000000
vt 0.000000 0.000000 0.000000
vt 0.111000 0.060000 0.000000
vt -0.000000 0.060000 0.000000
vt 0.111000 -0.000000 0.000000
vt 0.000000 0.000000 0.000000
vt 0.549000 0.060000 0.000000
vt 0.000000 0.060000 0.000000
vt 0.549000 0.000000 0.000000
vt 0.000000 0.000000 0.000000
vt 0.415552 0.060000 0.000000
vt 0.000000 0.060000 0.000000
vt 0.415552 0.000000 0.000000
vt 0.000000 0.000000 0.000000
vt 0.111000 0.060000 0.000000
vt 0.000000 0.060000 0.000000
vt 0.111000 0.000000 0.000000
vt 0.000000 0.000000 0.000000
vt 0.111000 0.060000 0.000000
vt -0.000000 0.060000 0.000000
vt 0.111000 -0.000000 0.000000
vt 0.000000 0.000000 0.000000
vt 0.439448 0.060000 0.000000
vt 0.000000 0.060000 0.000000
vt 0.439448 0.000000 0.000000
vt 0.000000 0.000000 0.000000
vt 0.549000 0.060000 0.000000
vt 0.000000 0.060000 0.000000
vt 0.549000 0.000000 0.000000
vt 0.000000 0.000000 0.000000
vt 0.111000 0.060000 0.000000
vt 0.000000 0.060000 0.000000
vt 0.111000 0.000000 0.000000
vt 0.000000 0.000000 0.000000
vt 0.549000 0.060000 0.000000
vt 0.000000 0.060000 0.000000
vt 0.549000 -0.000000 0.000000
vt 0.000000 0.000000 0.000000
vt 0.111000 0.060000 0.000000
vt -0.000000 0.060000 0.000000
vt 0.111000 -0.000000 0.000000
vt 0.000000 0.000000 0.000000
vt 0.549000 0.060000 0.000000
vt 0.000000 0.060000 0.000000
vt 0.549000 0.000000 0.000000
vt 0.000000 0.000000 0.000000
vt 0.111000 0.060000 0.000000
vt 0.000000 0.060000 0.000000
vt 0.111000 0.000000 0.000000
vt 0.000000 0.000000 0.000000
vt 0.111000 0.060000 0.000000
vt -0.000000 0.060000 0.000000
vt 0.111000 -0.000000 0.000000
vt 0.000000 0.000000 0.000000
vt 0.549000 0.060000 0.000000
vt 0.000000 0.060000 0.000000
vt 0.549000 0.000000 0.000000
vt 0.000000 0.000000 0.000000
vt 0.549000 0.060000 0.000000
vt 0.000000 0.060000 0.000000
vt 0.549000 0.000000 0.000000
vt 0.000000 0.000000 0.000000
vt 0.111000 0.060000 0.000000
vt 0.000000 0.060000 0.000000
vt 0.111000 0.000000 0.000000
vt 0.000000 0.000000 0.000000
vt 0.415552 0.060000 0.000000
vt 0.000000 0.060000 0.000000
vt 0.415552 0.000000 0.000000
vt 0.000000 0.000000 0.000000
vt 0.111000 0.060000 0.000000
vt 0.000000 0.060000 0.000000
vt 0.111000 0.000000 0.000000
vt 0.000000 0.000000 0.000000
vt 0.415552 0.060000 0.000000
vt 0.000000 0.060000 0.000000
vt 0.415552 0.000000 0.000000
vt 0.000000 0.000000 0.000000
vt 0.111000 0.060000 0.000000
vt 0.000000 0.060000 0.000000
vt 0.111000 0.000000 0.000000
vt 0.000000 0.000000 0.000000
vt 0.549000 0.060000 0.000000
vt 0.000000 0.060000 0.000000
vt 0.549000 0.000000 0.000000
vt 0.000000 0.000000 0.000000
vt 0.111000 0.060000 0.000000
vt 0.000000 0.060000 0.000000
vt 0.111000 0.000000 0.000000
vt 0.000000 0.000000 0.000000
vt 0.111000 0.060000 0.000000
vt -0.000000 0.060000 0.000000
vt 0.111000 -0.000000 0.000000
vt 0.000000 0.000000 0.000000
vt 0.549000 0.060000 0.000000
vt 0.000000 0.060000 0.000000
vt 0.549000 0.000000 0.000000
vt 0.000000 0.000000 0.000000
vt 0.549000 0.060000 0.000000
vt 0.000000 0.060000 0.000000
vt 0.549000 0.000000 0.000000
vt 0.000000 0.000000 0.000000
vt 0.111000 0.060000 0.000000
vt 0.000000 0.060000 0.000000
vt 0.111000 0.000000 0.000000
vt 0.000000 0.000000 0.000000
vt 0.111000 0.060000 0.000000
vt -0.000000 0.060000 0.000000
vt 0.111000 -0.000000 0.000000
vt 0.000000 0.000000 0.000000
vt 0.549000 0.060000 0.000000
vt 0.000000 0.060000 0.000000
vt 0.549000 0.000000 0.000000
vt 0.000000 0.000000 0.000000
vt 0.415552 0.060000 0.000000
vt 0.000000 0.060000 0.000000
vt 0.415552 0.000000 0.000000
vt 0.000000 0.000000 0.000000
vt 0.111000 0.060000 0.000000
vt 0.000000 0.060000 0.000000
vt 0.111000 0.000000 0.000000
vt 0.000000 0.000000 0.000000
vt 0.549000 0.060000 0.000000
vt 0.000000 0.060000 0.000000
vt 0.549000 0.000000 0.000000
vt 0.000000 0.000000 0.000000
vt 0.111000 0.060000 0.000000
vt 0.000000 0.060000 0.000000
vt 0.111000 0.000000 0.000000
vt 0.000000 0.000000 0.000000
vt 0.549000 0.060000 0.000000
vt 0.000000 0.060000 0.000000
vt 0.549000 0.000000 0.000000
vt 0.000000 0.000000 0.000000
vt 0.111000 0.060000 0.000000
vt 0.000000 0.060000 0.000000
vt 0.111000 0.000000 0.000000
vt 0.000000 0.000000 0.000000
vt 0.549000 0.060000 0.000000
vt 0.000000 0.060000 0.000000
vt 0.549000 0.000000 0.000000
vt 0.000000 0.000000 0.000000
vt 0.111000 0.060000 0.000000
vt 0.000000 0.060000 0.000000
vt 0.111000 0.000000 0.000000
vt 0.000000 0.000000 0.000000
vt 0.549000 0.060000 0.000000
vt 0.000000 0.060000 0.000000
vt 0.549000 0.000000 0.000000
vt 0.000000 0.000000 0.000000
vt 0.111000 0.060000 0.000000
vt 0.000000 0.060000 0.000000
vt 0.111000 0.000000 0.000000
vt 0.000000 0.000000 0.000000
vt 0.549000 0.060000 0.000000
vt 0.000000 0.060000 0.000000
vt 0.549000 0.000000 0.000000
vt 0.000000 0.000000 0.000000
vt 0.111000 0.060000 0.000000
vt 0.000000 0.060000 0.000000
vt 0.111000 0.000000 0.000000
vt 0.000000 0.000000 0.000000
vt 0.549000 0.060000 0.000000
vt 0.000000 0.060000 0.000000
vt 0.549000 0.000000 0.000000
vt 0.000000 0.000000 0.000000
vt 0.111000 0.060000 0.000000
vt 0.000000 0.060000 0.000000
vt 0.111000 0.000000 0.000000
vt 0.000000 0.000000 0.000000
vt 0.111000 0.060000 0.000000
vt -0.000000 0.060000 0.000000
vt 0.111000 -0.000000 0.000000
vt 0.000000 0.000000 0.000000
vt 0.439448 0.060000 0.000000
vt 0.000000 0.060000 0.000000
vt 0.439448 0.000000 0.000000
vt 0.000000 0.000000 0.000000
vt 0.111000 0.060000 0.000000
vt -0.000000 0.060000 0.000000
vt 0.111000 -0.000000 0.000000
vt 0.000000 0.000000 0.000000
vt 0.439448 0.060000 0.000000
vt 0.000000 0.060000 0.000000
vt 0.439448 0.000000 0.000000
vt 0.000000 0.000000 0.000000
vt 0.111000 0.060000 0.000000
vt -0.000000 0.060000 0.000000
vt 0.111000 -0.000000 0.000000
vt 0.000000 0.000000 0.000000
vt 0.549000 0.060000 0.000000
vt 0.000000 0.060000 0.000000
vt 0.549000 0.000000 0.000000
vt 0.000000 0.000000 0.000000
vt 0.111000 0.060000 0.000000
vt -0.000000 0.060000 0.000000
vt 0.111000 -0.000000 0.000000
vt 0.000000 0.000000 0.000000
vt 0.439448 0.060000 0.000000
vt 0.000000 0.060000 0.000000
vt 0.439448 0.000000 0.000000
vt 0.000000 0.000000 0.000000
vt 0.111000 0.060000 0.000000
vt -0.000000 0.060000 0.000000
vt 0.111000 -0.000000 0.000000
vt 0.000000 0.000000 0.000000
vt 0.549000 0.060000 0.000000
vt 0.000000 0.060000 0.000000
vt 0.549000 0.000000 0.000000
vt 0.000000 0.000000 0.000000
vt 0.549000 0.060000 0.000000
vt 0.000000 0.060000 0.000000
vt 0.549000 0.000000 0.000000
vt 0.000000 0.000000 0.000000
vt 0.111000 0.060000 0.000000
vt 0.000000 0.060000 0.000000
vt 0.111000 0.000000 0.000000
vt 0.000000 0.000000 0.000000
vt 0.549000 0.060000 0.000000
vt 0.000000 0.060000 0.000000
vt 0.549000 0.000000 0.000000
vt 0.000000 0.000000 0.000000
vt 0.111000 0.060000 0.000000
vt 0.000000 0.060000 0.000000
vt 0.111000 0.000000 0.000000
vt 0.000000 0.000000 0.000000
vt 0.549000 0.060000 0.000000
vt 0.000000 0.060000 0.000000
vt 0.549000 0.000000 0.000000
vt 0.000000 0.000000 0.000000
vt 0.111000 0.060000 0.000000
vt 0.000000 0.060000 0.000000
vt 0.111000 0.000000 0.000000
vt 0.000000 0.000000 0.000000
vt 0.111000 0.060000 0.000000
vt -0.000000 0.060000 0.000000
vt 0.111000 -0.000000 0.000000
vt 0.000000 0.000000 0.000000
vt 0.439448 0.060000 0.000000
vt 0.000000 0.060000 0.000000
vt 0.439448 0.000000 0.000000
vt 0.000000 0.000000 0.000000
vt 0.111000 0.060000 0.000000
vt -0.000000 0.060000 0.000000
vt 0.111000 -0.000000 0.000000
vt 0.000000 0.000000 0.000000
vt 0.439448 0.060000 0.000000
vt 0.000000 0.060000 0.000000
vt 0.439448 0.000000 0.000000
vt 0.000000 0.000000 0.000000
vt 0.111000 0.060000 0.000000
vt -0.000000 0.060000 0.000000
vt 0.111000 -0.000000 0.000000
vt 0.000000 0.000000 0.000000
vt 0.549000 0.060000 0.000000
vt 0.000000 0.060000 0.000000
vt 0.549000 0.000000 0.000000
vt 0.000000 0.000000 0.000000
vt -0.000000 0.000000 0.000000
vt -0.060000 0.000000 0.000000
vt -0.000000 -0.053135 0.000000
vt -0.060000 -0.053135 0.000000
vt 0.000000 -0.106269 0.000000
vt -0.060000 -0.106269 0.000000
vt 0.000000 -0.159404 0.000000
vt -0.060000 -0.159404 0.000000
vt 0.000000 -0.212538 0.000000
vt -0.060000 -0.212538 0.000000
vt 0.000000 -0.265673 0.000000
vt -0.060000 -0.265673 0.000000
vt -0.000000 -0.318807 0.000000
vt -0.060000 -0.318807 0.000000
vt 0.250142 0.060000 0.000000
vt 0.000000 0.060000 0.000000
vt 0.250142 0.000000 0.000000
vt -0.000000 0.000000 0.000000
vt 0.112448 0.060000 0.000000
vt 0.000000 0.060000 0.000000
vt 0.112448 0.000000 0.000000
vt 0.000000 0.000000 0.000000
vt 0.112448 0.060000 0.000000
vt 0.000000 0.060000 0.000000
vt 0.112448 0.000000 0.000000
vt 0.000000 0.000000 0.000000
vt 0.111000 0.060000 0.000000
vt 0.000000 0.060000 0.000000
vt 0.111000 0.000000 0.000000
vt -0.000000 0.000000 0.000000
vt 0.112448 0.060000 0.000000
vt 0.000000 0.060000 0.000000
vt 0.112448 0.000000 0.000000
vt 0.000000 0.000000 0.000000
vt 0.112448 0.060000 0.000000
vt 0.000000 0.060000 0.000000
vt 0.112448 0.000000 0.000000
vt 0.000000 0.000000 0.000000
vt 0.111000 0.060000 0.000000
vt 0.000000 0.060000 0.000000
vt 0.111000 0.000000 0.000000
vt -0.000000 0.000000 0.000000
vt 0.112448 0.060000 0.000000
vt 0.000000 0.060000 0.000000
vt 0.112448 0.000000 0.000000
vt 0.000000 0.000000 0.000000
vt 0.112448 0.060000 0.000000
vt 0.000000 0.060000 0.000000
vt 0.112448 0.000000 0.000000
vt 0.000000 0.000000 0.000000
vt 0.111000 0.060000 0.000000
vt 0.000000 0.060000 0.000000
vt 0.111000 0.000000 0.000000
vt -0.000000 0.000000 0.000000
vt 0.112448 0.060000 0.000000
vt 0.000000 0.060000 0.000000
vt 0.112448 0.000000 0.000000
vt 0.000000 0.000000 0.000000
vt 0.112448 0.060000 0.000000
vt 0.000000 0.060000 0.000000
vt 0.112448 0.000000 0.000000
vt 0.000000 0.000000 0.000000
vt 0.111000 0.060000 0.000000
vt 0.000000 0.060000 0.000000
vt 0.111000 0.000000 0.000000
vt -0.000000 0.000000 0.000000
vt 0.112448 0.060000 0.000000
vt 0.000000 0.060000 0.000000
vt 0.112448 0.000000 0.000000
vt 0.000000 0.000000 0.000000
vt 0.112448 0.060000 0.000000
vt 0.000000 0.060000 0.000000
vt 0.112448 0.000000 0.000000
vt 0.000000 0.000000 0.000000
vt 0.111000 0.060000 0.000000
vt 0.000000 0.060000 0.000000
vt 0.111000 0.000000 0.000000
vt -0.000000 0.000000 0.000000
vt 0.112448 0.060000 0.000000
vt 0.000000 0.060000 0.000000
vt 0.112448 0.000000 0.000000
vt 0.000000 0.000000 0.000000
vt 0.112448 0.060000 0.000000
vt 0.000000 0.060000 0.000000
vt 0.112448 0.000000 0.000000
vt 0.000000 0.000000 0.000000
vt 0.111000 0.060000 0.000000
vt 0.000000 0.060000 0.000000
vt 0.111000 0.000000 0.000000
vt -0.000000 0.000000 0.000000
vt 0.112448 0.060000 0.000000
vt 0.000000 0.060000 0.000000
vt 0.112448 0.000000 0.000000
vt 0.000000 0.000000 0.000000
vt 0.112448 0.060000 0.000000
vt 0.000000 0.060000 0.000000
vt 0.112448 0.000000 0.000000
vt 0.000000 0.000000 0.000000
vt 0.111000 0.060000 0.000000
vt 0.000000 0.060000 0.000000
vt 0.111000 0.000000 0.000000
vt -0.000000 0.000000 0.000000
vt 0.112448 0.060000 0.000000
vt 0.000000 0.060000 0.000000
vt 0.112448 0.000000 0.000000
vt 0.000000 0.000000 0.000000
vt 0.112448 0.060000 0.000000
vt 0.000000 0.060000 0.000000
vt 0.112448 0.000000 0.000000
vt 0.000000 0.000000 0.000000
vt 0.111000 0.060000 0.000000
vt 0.000000 0.060000 0.000000
vt 0.111000 0.000000 0.000000
vt -0.000000 0.000000 0.000000
vt 0.112448 0.060000 0.000000
vt 0.000000 0.060000 0.000000
vt 0.112448 0.000000 0.000000
vt 0.000000 0.000000 0.000000
vt 4.050000 0.060000 0.000000
vt 0.000000 0.060000 0.000000
vt 4.050000 0.000000 0.000000
vt 0.000000 0.000000 0.000000
vt 0.111000 0.060000 0.000000
vt 0.000000 0.060000 0.000000
vt 0.111000 0.000000 0.000000
vt 0.000000 0.000000 0.000000
vt 0.111000 0.060000 0.000000
vt 0.000000 0.060000 0.000000
vt 0.111000 0.000000 0.000000
vt 0.000000 0.000000 0.000000
vt 0.111000 0.060000 0.000000
vt 0.000000 0.060000 0.000000
vt 0.111000 0.000000 0.000000
vt 0.000000 0.000000 0.000000
vt 0.111000 0.060000 0.000000
vt 0.000000 0.060000 0.000000
vt 0.111000 0.000000 0.000000
vt 0.000000 0.000000 0.000000
vt 0.111000 0.060000 0.000000
vt 0.000000 0.060000 0.000000
vt 0.111000 0.000000 0.000000
vt 0.000000 0.000000 0.000000
vt 0.111000 0.060000 0.000000
vt 0.000000 0.060000 0.000000
vt 0.111000 0.000000 0.000000
vt 0.000000 0.000000 0.000000
vt 0.111000 0.060000 0.000000
vt 0.000000 0.060000 0.000000
vt 0.111000 0.000000 0.000000
vt 0.000000 0.000000 0.000000
vt -0.661448 0.000000 0.000000
vt -0.330000 0.000000 0.000000
vt -0.661448 0.060000 0.000000
vt -0.330000 0.060000 0.000000
vt -1.321448 0.000000 0.000000
vt -0.772448 0.000000 0.000000
vt -1.321448 0.060000 0.000000
vt -0.772448 0.060000 0.000000
vt -1.981448 0.000000 0.000000
vt -1.432448 0.000000 0.000000
vt -1.981448 0.060000 0.000000
vt -1.432448 0.060000 0.000000
vt -2.641448 0.000000 0.000000
vt -2.092448 0.000000 0.000000
vt -2.641448 0.060000 0.000000
vt -2.092448 0.060000 0.000000
vt -3.412448 0.060000 0.000000
vt -3.720000 0.060000 0.000000
vt -3.412448 0.000000 0.000000
vt -3.720000 0.000000 0.000000
vt -3.301448 0.000000 0.000000
vt -2.752448 0.000000 0.000000
vt -3.301448 0.060000 0.000000
vt -2.752448 0.060000 0.000000
vt -0.660000 0.060000 0.000000
vt -0.660000 0.000000 0.000000
vt -0.450000 0.060000 0.000000
vt -0.330000 0.000000 0.000000
vt -0.330000 0.060000 0.000000
vt -0.887000 0.000000 0.000000
vt -0.776000 0.000000 0.000000
vt -0.887000 0.060000 0.000000
vt -0.776000 0.060000 0.000000
vt -1.109000 0.000000 0.000000
vt -0.998000 0.000000 0.000000
vt -1.109000 0.060000 0.000000
vt -0.998000 0.060000 0.000000
vt -1.331000 0.000000 0.000000
vt -1.220000 0.000000 0.000000
vt -1.331000 0.060000 0.000000
vt -1.220000 0.060000 0.000000
vt -1.553000 0.000000 0.000000
vt -1.442000 0.000000 0.000000
vt -1.553000 0.060000 0.000000
vt -1.442000 0.060000 0.000000
vt -1.775000 0.000000 0.000000
vt -1.664000 0.000000 0.000000
vt -1.775000 0.060000 0.000000
vt -1.664000 0.060000 0.000000
vt -1.997000 0.000000 0.000000
vt -1.886000 0.000000 0.000000
vt -1.997000 0.060000 0.000000
vt -1.886000 0.060000 0.000000
vt -2.219000 0.000000 0.000000
vt -2.108000 0.000000 0.000000
vt -2.219000 0.060000 0.000000
vt -2.108000 0.060000 0.000000
vt -2.552000 0.060000 0.000000
vt -2.777000 0.060000 0.000000
vt -2.552000 0.000000 0.000000
vt -2.777000 0.000000 0.000000
vt -2.441000 0.000000 0.000000
vt -2.330000 0.000000 0.000000
vt -2.441000 0.060000 0.000000
vt -2.330000 0.060000 0.000000
vt 0.338000 0.000000 0.000000
vt 0.449000 0.000000 0.000000
vt 0.338000 0.060000 0.000000
vt 0.449000 0.060000 0.000000
vt -0.000000 0.060000 0.000000
vt -0.210000 0.060000 0.000000
vt -0.000000 0.000000 0.000000
vt -0.330000 0.000000 0.000000
vt -0.330000 0.060000 0.000000
vt 0.116000 0.000000 0.000000
vt 0.227000 0.000000 0.000000
vt 0.116000 0.060000 0.000000
vt 0.227000 0.060000 0.000000
vt 1.892000 0.000000 0.000000
vt 2.117000 0.000000 0.000000
vt 1.892000 0.060000 0.000000
vt 2.117000 0.060000 0.000000
vt 1.670000 0.000000 0.000000
vt 1.781000 0.000000 0.000000
vt 1.670000 0.060000 0.000000
vt 1.781000 0.060000 0.000000
vt 1.448000 0.000000 0.000000
vt 1.559000 0.000000 0.000000
vt 1.448000 0.060000 0.000000
vt 1.559000 0.060000 0.000000
vt 1.226000 0.000000 0.000000
vt 1.337000 0.000000 0.000000
vt 1.226000 0.060000 0.000000
vt 1.337000 0.060000 0.000000
vt 1.004000 0.000000 0.000000
vt 1.115000 0.000000 0.000000
vt 1.004000 0.060000 0.000000
vt 1.115000 0.060000 0.000000
vt 0.671000 0.060000 0.000000
vt 0.560000 0.060000 0.000000
vt 0.671000 0.000000 0.000000
vt 0.560000 0.000000 0.000000
vt 0.782000 0.000000 0.000000
vt 0.893000 0.000000 0.000000
vt 0.782000 0.060000 0.000000
vt 0.893000 0.060000 0.000000
vt 0.060000 0.259181 0.000000
vt 0.000000 0.259181 0.000000
vt 0.060000 0.185130 0.000000
vt -0.000000 0.185130 0.000000
vt 0.060000 0.111078 0.000000
vt 0.000000 0.111078 0.000000
vt 0.060000 0.037026 0.000000
vt -0.000000 0.037026 0.000000
vt 0.060000 -0.037026 0.000000
vt -0.000000 -0.037026 0.000000
vt 0.060000 -0.111078 0.000000
vt 0.000000 -0.111078 0.000000
vt 0.060000 -0.185130 0.000000
vt -0.000000 -0.185130 0.000000
vt 0.060000 -0.259181 0.000000
vt -0.000000 -0.259181 0.000000
vt 0.060000 0.259181 0.000000
vt -0.000000 0.259181 0.000000
vt 0.060000 0.185130 0.000000
vt 0.000000 0.185130 0.000000
vt 0.060000 0.111078 0.000000
vt -0.000000 0.111078 0.000000
vt 0.060000 0.037026 0.000000
vt -0.000000 0.037026 0.000000
vt 0.060000 -0.037026 0.000000
vt -0.000000 -0.037026 0.000000
vt 0.060000 -0.111078 0.000000
vt 0.000000 -0.111078 0.000000
vt 0.060000 -0.185130 0.000000
vt -0.000000 -0.185130 0.000000
vt 0.060000 -0.259181 0.000000
vt -0.000000 -0.259181 0.000000
vt 0.160000 1.983617 0.000000
vt 0.109260 2.006388 0.000000
vt 0.160000 1.881716 0.000000
vt 0.073432 -2.016726 0.000000
vt 0.143182 -1.992320 0.000000
vt 0.055417 2.020314 0.000000
vt 0.000000 -2.025000 0.000000
vt -0.000000 2.025000 0.000000
vt -0.120000 -2.025000 0.000000
vt -0.120000 2.025000 0.000000
vt 0.205752 -1.953004 0.000000
vt 0.271716 1.770000 0.000000
vt 0.258004 -1.900752 0.000000
vt 0.330000 -1.695000 0.000000
vt 0.297320 -1.838182 0.000000
vt 0.321726 -1.768432 0.000000
vt 0.330000 1.695000 0.000000
vt 0.321364 1.770000 0.000000
vt 0.326153 1.745245 0.000000
vt 0.329037 1.720196 0.000000
vt 0.060000 0.114606 0.000000
vt 0.060000 0.183520 0.000000
vt 0.000000 0.185130 0.000000
vt 0.060000 0.208741 0.000000
vt 0.060000 0.233961 0.000000
vt 0.060000 0.259181 0.000000
vt 0.000000 0.259181 0.000000
vt 0.000000 0.111078 0.000000
vt 0.060000 0.045691 0.000000
vt 0.000000 0.037026 0.000000
vt 0.060000 -0.023224 0.000000
vt 0.000000 -0.037026 0.000000
vt 0.060000 -0.092139 0.000000
vt 0.000000 -0.111078 0.000000
vt 0.060000 -0.147820 0.000000
vt 0.000000 -0.185130 0.000000
vt 0.060000 -0.203501 0.000000
vt 0.000000 -0.259181 0.000000
vt 0.060000 -0.259181 0.000000
vt -0.330000 0.060000 0.000000
vt -3.720000 0.060000 0.000000
vt -0.330000 0.000000 0.000000
vt -3.720000 0.000000 0.000000
vt 0.000000 -0.259181 0.000000
vt 0.060000 -0.259181 0.000000
vt 0.000000 -0.185130 0.000000
vt 0.060000 -0.185130 0.000000
vt 0.000000 -0.111078 0.000000
vt 0.060000 -0.111078 0.000000
vt 0.000000 -0.037026 0.000000
vt 0.060000 -0.037026 0.000000
vt 0.000000 0.037026 0.000000
vt 0.060000 0.037026 0.000000
vt 0.000000 0.111078 0.000000
vt 0.060000 0.111078 0.000000
vt 0.000000 0.185130 0.000000
vt 0.060000 0.185130 0.000000
vt 0.000000 0.259181 0.000000
vt 0.060000 0.259181 0.000000
vt 3.155000 0.998205 0.000000
vt 3.225000 0.998205 0.000000
vt 3.155000 2.055000 0.000000
vt 3.225000 2.125000 0.000000
vt -3.225000 2.125000 0.000000
vt -3.155000 2.055000 0.000000
vt -3.225000 -2.125000 0.000000
vt -3.155000 -2.055000 0.000000
vt 3.225000 -2.125000 0.000000
vt 3.155000 -2.055000 0.000000
vt 3.225000 -0.998205 0.000000
vt 3.155000 -0.998205 0.000000
vt 0.000000 0.000000 0.000000
vt 0.180000 0.000000 0.000000
vt 0.000000 0.098175 0.000000
vt 0.180000 0.098175 0.000000
vt 0.000000 0.196350 0.000000
vt 0.180000 0.196350 0.000000
vt 0.000000 0.294524 0.000000
vt 0.180000 0.294524 0.000000
vt 0.000000 0.392699 0.000000
vt 0.180000 0.392699 0.000000
vt -0.000000 0.490874 0.000000
vt 0.180000 0.490874 0.000000
vt 0.000000 0.589049 0.000000
vt 0.180000 0.589049 0.000000
vt -0.000000 0.687223 0.000000
vt 0.180000 0.687223 0.000000
vt 0.000000 0.785398 0.000000
vt 0.180000 0.785398 0.000000
vt 2.375000 0.180000 0.000000
vt 0.000000 0.180000 0.000000
vt 2.375000 0.000000 0.000000
vt 0.000000 0.000000 0.000000
vt 0.141421 0.180000 0.000000
vt 0.000000 0.180000 0.000000
vt 0.141421 0.000000 0.000000
vt 0.000000 0.000000 0.000000
vt 0.094350 0.180000 0.000000
vt 0.000000 0.180000 0.000000
vt 0.094350 0.000000 0.000000
vt 0.000000 0.000000 0.000000
vt 0.291569 0.000000 0.000000
vt 0.291569 0.180000 0.000000
vt 0.049649 0.000000 0.000000
vt 0.000000 0.180000 0.000000
vt 0.000000 0.000000 0.000000
vt 0.157990 0.180000 0.000000
vt 0.000000 0.180000 0.000000
vt 0.157990 0.000000 0.000000
vt 0.000000 0.000000 0.000000
vt 0.326569 0.000000 0.000000
vt 0.326569 0.180000 0.000000
vt 0.224667 0.000000 0.000000
vt 0.000000 0.180000 0.000000
vt -0.000000 0.000000 0.000000
vt 0.094350 0.180000 0.000000
vt 0.000000 0.180000 0.000000
vt 0.094350 -0.000000 0.000000
vt -0.000000 0.000000 0.000000
vt 0.050025 0.097719 0.000000
vt 0.050025 0.180000 0.000000
vt 0.000000 0.140000 0.000000
vt 0.000000 0.180000 0.000000
vt 0.000000 0.180000 0.000000
vt 0.450000 0.000000 0.000000
vt 4.600000 0.180000 0.000000
vt 4.500000 0.000000 0.000000
vt 4.600000 0.000000 0.000000
vt 0.000000 0.000000 0.000000
vt 1.975000 0.180000 0.000000
vt 0.000000 0.180000 0.000000
vt 1.975000 0.000000 0.000000
vt 0.000000 0.000000 0.000000
vt 0.180000 0.000000 0.000000
vt -0.000000 0.130900 0.000000
vt 0.180000 0.130900 0.000000
vt -0.000000 0.261799 0.000000
vt 0.180000 0.261799 0.000000
vt -0.000000 0.392699 0.000000
vt 0.180000 0.392699 0.000000
vt -0.000000 0.523599 0.000000
vt 0.180000 0.523599 0.000000
vt -0.000000 0.654498 0.000000
vt 0.180000 0.654498 0.000000
vt -0.000000 0.785398 0.000000
vt 0.180000 0.785398 0.000000
vt -0.000000 0.916298 0.000000
vt 0.180000 0.916298 0.000000
vt -0.000000 1.047198 0.000000
vt 0.180000 1.047198 0.000000
vt -0.000000 1.178097 0.000000
vt 0.180000 1.178097 0.000000
vt -0.000000 1.308997 0.000000
vt 0.180000 1.308997 0.000000
vt -0.000000 1.439897 0.000000
vt 0.180000 1.439897 0.000000
vt 0.000000 1.570796 0.000000
vt 0.180000 1.570796 0.000000
vt 3.200000 0.180000 0.000000
vt 0.000000 0.180000 0.000000
vt 3.200000 0.000000 0.000000
vt 0.000000 0.000000 0.000000
vt 0.403284 0.180000 0.000000
vt 0.000000 0.180000 0.000000
vt 0.403284 0.000000 0.000000
vt -0.000000 0.000000 0.000000
vt 3.658013 0.040000 0.000000
vt 10.900000 0.040000 0.000000
vt 3.556700 0.097719 0.000000
vt 10.900000 0.180000 0.000000
vt 3.556700 0.180000 0.000000
vt 5.141364 -2.395000 0.000000
vt 5.118833 -2.459995 0.000000
vt 5.383284 -2.395000 0.000000
vt 5.450000 -2.461716 0.000000
vt 5.083317 -2.518907 0.000000
vt 5.450000 -2.900000 0.000000
vt 5.046716 -2.900000 0.000000
vt 5.036359 -2.569176 0.000000
vt 4.980000 -2.833284 0.000000
vt 4.980000 -2.608617 0.000000
vt 5.251788 0.040000 0.000000
vt 5.339619 0.093546 0.000000
vt 0.000000 0.040000 0.000000
vt 0.000000 0.180000 0.000000
vt 5.423217 0.140000 0.000000
vt 5.423217 0.180000 0.000000
vt 4.984933 0.000000 0.000000
vt 5.423217 0.000000 0.000000
vt 4.984933 0.180000 0.000000
vt 5.423217 0.180000 0.000000
vt -0.000000 1.015985 0.000000
vt -0.040000 1.015985 0.000000
vt -0.000000 0.888987 0.000000
vt -0.040000 0.888987 0.000000
vt -0.000000 0.761989 0.000000
vt -0.040000 0.761989 0.000000
vt -0.000000 0.634991 0.000000
vt -0.040000 0.634991 0.000000
vt -0.000000 0.507993 0.000000
vt -0.040000 0.507993 0.000000
vt -0.000000 0.380994 0.000000
vt -0.040000 0.380994 0.000000
vt -0.000000 0.253996 0.000000
vt -0.040000 0.253996 0.000000
vt -0.000000 0.126998 0.000000
vt -0.040000 0.126998 0.000000
vt -0.000000 0.000000 0.000000
vt -0.040000 0.000000 0.000000
vt 3.597000 -2.650000 0.000000
vt 4.600000 -2.850000 0.000000
vt 3.708000 -2.650000 0.000000
vt 3.819000 -2.650000 0.000000
vt 3.708000 -2.539000 0.000000
vt 3.819000 -2.539000 0.000000
vt 3.708000 -2.428000 0.000000
vt 3.819000 -2.428000 0.000000
vt 3.708000 -2.012448 0.000000
vt 3.819000 -2.012448 0.000000
vt 3.708000 -1.901448 0.000000
vt 3.819000 -1.901448 0.000000
vt 3.708000 -1.352448 0.000000
vt 3.819000 -1.352448 0.000000
vt 3.708000 -1.241448 0.000000
vt 3.819000 -1.241448 0.000000
vt 3.708000 -0.692448 0.000000
vt 3.819000 -0.692448 0.000000
vt 3.708000 -0.581448 0.000000
vt 3.819000 -0.581448 0.000000
vt 3.708000 -0.032448 0.000000
vt 3.819000 -0.032448 0.000000
vt 3.708000 0.078552 0.000000
vt 3.819000 0.078552 0.000000
vt 3.708000 0.627552 0.000000
vt 3.819000 0.627552 0.000000
vt 3.708000 0.738552 0.000000
vt 3.819000 0.738552 0.000000
vt 3.708000 1.178000 0.000000
vt 3.819000 1.178000 0.000000
vt 3.708000 1.287552 0.000000
vt 3.819000 1.287552 0.000000
vt 3.708000 1.400000 0.000000
vt 3.819000 1.400000 0.000000
vt 4.700000 1.850000 0.000000
vt 3.930000 1.400000 0.000000
vt 4.041000 1.400000 0.000000
vt 4.041000 1.287552 0.000000
vt 3.930000 1.287552 0.000000
vt 4.041000 1.178000 0.000000
vt 3.930000 1.178000 0.000000
vt 4.041000 0.738552 0.000000
vt 3.930000 0.738552 0.000000
vt 4.041000 0.627552 0.000000
vt 3.930000 0.627552 0.000000
vt 4.041000 0.078552 0.000000
vt 3.930000 0.078552 0.000000
vt 4.041000 -0.032448 0.000000
vt 3.930000 -0.032448 0.000000
vt 4.041000 -0.581448 0.000000
vt 3.930000 -0.581448 0.000000
vt 4.041000 -0.692448 0.000000
vt 3.930000 -0.692448 0.000000
vt 4.041000 -1.241448 0.000000
vt 3.930000 -1.241448 0.000000
vt 4.041000 -1.352448 0.000000
vt 3.930000 -1.352448 0.000000
vt 4.041000 -1.901448 0.000000
vt 3.930000 -1.901448 0.000000
vt 4.041000 -2.012448 0.000000
vt 3.930000 -2.012448 0.000000
vt 4.041000 -2.428000 0.000000
vt 3.930000 -2.428000 0.000000
vt 4.041000 -2.539000 0.000000
vt 3.930000 -2.539000 0.000000
vt 4.041000 -2.650000 0.000000
vt 3.930000 -2.650000 0.000000
vt 3.597000 -2.539000 0.000000
vt 3.486000 -2.539000 0.000000
vt 3.486000 -2.650000 0.000000
vt 3.375000 -2.650000 0.000000
vt 2.225000 -2.850000 0.000000
vt 3.264000 -2.650000 0.000000
vt 3.153000 -2.650000 0.000000
vt 3.597000 -2.428000 0.000000
vt 3.486000 -2.428000 0.000000
vt 3.375000 -2.428000 0.000000
vt 3.375000 -2.539000 0.000000
vt 3.264000 -2.428000 0.000000
vt 3.264000 -2.539000 0.000000
vt 3.153000 -2.428000 0.000000
vt 3.153000 -2.539000 0.000000
vt 3.042000 -2.428000 0.000000
vt 3.042000 -2.539000 0.000000
vt 2.931000 -2.428000 0.000000
vt 2.931000 -2.539000 0.000000
vt 2.820000 -2.428000 0.000000
vt 2.820000 -2.539000 0.000000
vt 2.709000 -2.428000 0.000000
vt 2.709000 -2.539000 0.000000
vt 2.598000 -2.428000 0.000000
vt 2.598000 -2.539000 0.000000
vt 2.487000 -2.428000 0.000000
vt 2.373000 -2.539000 0.000000
vt 2.376000 -2.428000 0.000000
vt 2.373000 -2.428000 0.000000
vt 3.042000 -2.650000 0.000000
vt 2.931000 -2.650000 0.000000
vt 2.820000 -2.650000 0.000000
vt 2.709000 -2.650000 0.000000
vt 2.598000 -2.650000 0.000000
vt 2.373000 -2.650000 0.000000
vt 2.299568 -2.641726 0.000000
vt 2.229818 -2.617320 0.000000
vt 2.127455 -2.840393 0.000000
vt 2.167248 -2.578004 0.000000
vt 2.033658 -2.811940 0.000000
vt 2.114996 -2.525752 0.000000
vt 1.947215 -2.765735 0.000000
vt 2.075680 -2.463182 0.000000
vt 1.871447 -2.703553 0.000000
vt 2.051274 -2.393432 0.000000
vt 1.809265 -2.627785 0.000000
vt 1.763060 -2.541342 0.000000
vt 2.043000 -2.320000 0.000000
vt 1.734607 -2.447545 0.000000
vt 1.725000 -2.350000 0.000000
vt 2.043000 -2.012448 0.000000
vt 2.043000 -1.901448 0.000000
vt 2.154000 -2.012448 0.000000
vt 2.154000 -1.901448 0.000000
vt 2.265000 -2.012448 0.000000
vt 2.265000 -1.901448 0.000000
vt 2.376000 -2.012448 0.000000
vt 2.376000 -1.901448 0.000000
vt 2.487000 -2.012448 0.000000
vt 2.487000 -1.901448 0.000000
vt 2.598000 -2.012448 0.000000
vt 2.598000 -1.901448 0.000000
vt 2.709000 -2.012448 0.000000
vt 2.709000 -1.901448 0.000000
vt 2.820000 -2.012448 0.000000
vt 2.820000 -1.901448 0.000000
vt 2.931000 -2.012448 0.000000
vt 2.931000 -1.901448 0.000000
vt 3.042000 -2.012448 0.000000
vt 3.042000 -1.901448 0.000000
vt 3.153000 -2.012448 0.000000
vt 3.153000 -1.901448 0.000000
vt 3.264000 -2.012448 0.000000
vt 3.264000 -1.901448 0.000000
vt 3.375000 -2.012448 0.000000
vt 3.375000 -1.901448 0.000000
vt 3.486000 -2.012448 0.000000
vt 3.486000 -1.901448 0.000000
vt 3.597000 -2.012448 0.000000
vt 3.597000 -1.901448 0.000000
vt 2.265000 -2.320000 0.000000
vt 2.154000 -2.320000 0.000000
vt 2.161462 -2.376681 0.000000
vt 2.268680 -2.347952 0.000000
vt 2.183340 -2.429500 0.000000
vt 2.218144 -2.474856 0.000000
vt 2.279469 -2.374000 0.000000
vt 2.263500 -2.509660 0.000000
vt 2.296632 -2.396368 0.000000
vt 2.319000 -2.413531 0.000000
vt 2.316319 -2.531538 0.000000
vt 2.345047 -2.424320 0.000000
vt 2.043000 -1.352448 0.000000
vt 2.043000 -1.241448 0.000000
vt 2.043000 -0.692448 0.000000
vt 2.154000 -1.352448 0.000000
vt 2.154000 -1.241448 0.000000
vt 2.265000 -1.352448 0.000000
vt 2.265000 -1.241448 0.000000
vt 2.376000 -1.352448 0.000000
vt 2.376000 -1.241448 0.000000
vt 2.487000 -1.352448 0.000000
vt 2.487000 -1.241448 0.000000
vt 2.598000 -1.352448 0.000000
vt 2.598000 -1.241448 0.000000
vt 2.709000 -1.352448 0.000000
vt 2.709000 -1.241448 0.000000
vt 2.820000 -1.352448 0.000000
vt 2.820000 -1.241448 0.000000
vt 2.931000 -1.352448 0.000000
vt 2.931000 -1.241448 0.000000
vt 3.042000 -1.352448 0.000000
vt 3.042000 -1.241448 0.000000
vt 3.153000 -1.352448 0.000000
vt 3.153000 -1.241448 0.000000
vt 3.264000 -1.352448 0.000000
vt 3.264000 -1.241448 0.000000
vt 3.375000 -1.352448 0.000000
vt 3.375000 -1.241448 0.000000
vt 3.486000 -1.352448 0.000000
vt 3.486000 -1.241448 0.000000
vt 3.597000 -1.352448 0.000000
vt 3.597000 -1.241448 0.000000
vt 2.154000 -0.692448 0.000000
vt 2.043000 -0.581448 0.000000
vt 1.725000 0.850000 0.000000
vt 2.265000 -0.692448 0.000000
vt 2.154000 -0.581448 0.000000
vt 2.265000 -0.581448 0.000000
vt 2.154000 -0.032448 0.000000
vt 2.265000 -0.032448 0.000000
vt 2.154000 0.078552 0.000000
vt 2.265000 0.078552 0.000000
vt 2.154000 0.627552 0.000000
vt 2.265000 0.627552 0.000000
vt 2.154000 0.738552 0.000000
vt 2.265000 0.738552 0.000000
vt 2.154000 1.070000 0.000000
vt 2.265000 1.070000 0.000000
vt 2.160414 1.122615 0.000000
vt 2.268680 1.097952 0.000000
vt 2.179281 1.172147 0.000000
vt 2.209496 1.215697 0.000000
vt 2.279469 1.124000 0.000000
vt 2.249289 1.250711 0.000000
vt 2.296632 1.146368 0.000000
vt 2.296328 1.275140 0.000000
vt 2.319000 1.163531 0.000000
vt 2.345047 1.174320 0.000000
vt 2.043000 -0.032448 0.000000
vt 2.043000 0.078552 0.000000
vt 2.043000 0.627552 0.000000
vt 2.043000 0.738552 0.000000
vt 1.733555 0.980526 0.000000
vt 2.043000 1.070000 0.000000
vt 1.759074 1.108819 0.000000
vt 1.801120 1.232684 0.000000
vt 2.051274 1.143432 0.000000
vt 1.858975 1.350000 0.000000
vt 2.075680 1.213182 0.000000
vt 1.931647 1.458762 0.000000
vt 2.114996 1.275752 0.000000
vt 2.017893 1.557107 0.000000
vt 2.167248 1.328004 0.000000
vt 2.116238 1.643353 0.000000
vt 2.229818 1.367320 0.000000
vt 2.225000 1.716025 0.000000
vt 2.299568 1.391726 0.000000
vt 2.342316 1.773880 0.000000
vt 2.373000 1.400000 0.000000
vt 2.466181 1.815926 0.000000
vt 2.598000 1.400000 0.000000
vt 2.594474 1.841445 0.000000
vt 2.709000 1.400000 0.000000
vt 2.725000 1.850000 0.000000
vt 2.820000 1.400000 0.000000
vt 2.931000 1.400000 0.000000
vt 2.931000 1.287552 0.000000
vt 2.820000 1.287552 0.000000
vt 2.931000 1.178000 0.000000
vt 2.820000 1.178000 0.000000
vt 2.931000 0.738552 0.000000
vt 2.820000 0.738552 0.000000
vt 2.931000 0.627552 0.000000
vt 2.820000 0.627552 0.000000
vt 2.931000 0.078552 0.000000
vt 2.820000 0.078552 0.000000
vt 2.931000 -0.032448 0.000000
vt 2.820000 -0.032448 0.000000
vt 2.931000 -0.581448 0.000000
vt 2.820000 -0.581448 0.000000
vt 2.931000 -0.692448 0.000000
vt 2.820000 -0.692448 0.000000
vt 2.709000 1.287552 0.000000
vt 2.598000 1.287552 0.000000
vt 2.709000 1.178000 0.000000
vt 2.598000 1.178000 0.000000
vt 2.709000 0.738552 0.000000
vt 2.598000 0.738552 0.000000
vt 2.709000 0.627552 0.000000
vt 2.598000 0.627552 0.000000
vt 2.709000 0.078552 0.000000
vt 2.598000 0.078552 0.000000
vt 2.709000 -0.032448 0.000000
vt 2.598000 -0.032448 0.000000
vt 2.709000 -0.581448 0.000000
vt 2.598000 -0.581448 0.000000
vt 2.709000 -0.692448 0.000000
vt 2.598000 -0.692448 0.000000
vt 2.487000 1.178000 0.000000
vt 2.347858 1.287552 0.000000
vt 2.376000 1.178000 0.000000
vt 2.373000 1.178000 0.000000
vt 3.042000 1.400000 0.000000
vt 3.153000 1.400000 0.000000
vt 3.264000 1.400000 0.000000
vt 3.153000 1.287552 0.000000
vt 3.042000 1.287552 0.000000
vt 3.153000 1.178000 0.000000
vt 3.042000 1.178000 0.000000
vt 3.153000 0.738552 0.000000
vt 3.042000 0.738552 0.000000
vt 3.153000 0.627552 0.000000
vt 3.042000 0.627552 0.000000
vt 3.153000 0.078552 0.000000
vt 3.042000 0.078552 0.000000
vt 3.153000 -0.032448 0.000000
vt 3.042000 -0.032448 0.000000
vt 3.153000 -0.581448 0.000000
vt 3.042000 -0.581448 0.000000
vt 3.153000 -0.692448 0.000000
vt 3.042000 -0.692448 0.000000
vt 3.264000 1.287552 0.000000
vt 3.375000 1.287552 0.000000
vt 3.375000 1.400000 0.000000
vt 3.486000 1.400000 0.000000
vt 3.597000 1.400000 0.000000
vt 3.597000 1.287552 0.000000
vt 3.486000 1.287552 0.000000
vt 3.597000 1.178000 0.000000
vt 3.486000 1.178000 0.000000
vt 3.597000 0.738552 0.000000
vt 3.486000 0.738552 0.000000
vt 3.597000 0.627552 0.000000
vt 3.486000 0.627552 0.000000
vt 3.597000 0.078552 0.000000
vt 3.486000 0.078552 0.000000
vt 3.597000 -0.032448 0.000000
vt 3.486000 -0.032448 0.000000
vt 3.597000 -0.581448 0.000000
vt 3.486000 -0.581448 0.000000
vt 3.597000 -0.692448 0.000000
vt 3.486000 -0.692448 0.000000
vt 3.264000 1.178000 0.000000
vt 3.375000 1.178000 0.000000
vt 4.152000 1.400000 0.000000
vt 4.263000 1.400000 0.000000
vt 4.374000 1.400000 0.000000
vt 4.263000 1.287552 0.000000
vt 4.152000 1.287552 0.000000
vt 4.263000 1.178000 0.000000
vt 4.152000 1.178000 0.000000
vt 4.263000 0.738552 0.000000
vt 4.152000 0.738552 0.000000
vt 4.263000 0.627552 0.000000
vt 4.152000 0.627552 0.000000
vt 4.263000 0.078552 0.000000
vt 4.152000 0.078552 0.000000
vt 4.263000 -0.032448 0.000000
vt 4.152000 -0.032448 0.000000
vt 4.263000 -0.581448 0.000000
vt 4.152000 -0.581448 0.000000
vt 4.263000 -0.692448 0.000000
vt 4.152000 -0.692448 0.000000
vt 4.263000 -1.241448 0.000000
vt 4.152000 -1.241448 0.000000
vt 4.263000 -1.352448 0.000000
vt 4.152000 -1.352448 0.000000
vt 4.263000 -1.901448 0.000000
vt 4.152000 -1.901448 0.000000
vt 4.263000 -2.012448 0.000000
vt 4.152000 -2.012448 0.000000
vt 4.263000 -2.428000 0.000000
vt 4.152000 -2.428000 0.000000
vt 4.263000 -2.539000 0.000000
vt 4.152000 -2.539000 0.000000
vt 4.263000 -2.650000 0.000000
vt 4.152000 -2.650000 0.000000
vt 4.490000 1.400000 0.000000
vt 4.374000 1.287552 0.000000
vt 4.374000 1.178000 0.000000
vt 4.700000 1.400000 0.000000
vt 4.700000 -2.750000 0.000000
vt 4.700000 -2.650000 0.000000
vt 4.490000 -2.650000 0.000000
vt 4.374000 -2.650000 0.000000
vt 4.374000 -2.539000 0.000000
vt 4.374000 -2.428000 0.000000
vt 4.374000 -0.581448 0.000000
vt 4.374000 -0.692448 0.000000
vt 4.374000 -1.241448 0.000000
vt 2.487000 0.738552 0.000000
vt 2.376000 0.738552 0.000000
vt 2.487000 0.627552 0.000000
vt 2.376000 0.627552 0.000000
vt 2.487000 0.078552 0.000000
vt 2.376000 0.078552 0.000000
vt 2.487000 -0.032448 0.000000
vt 2.376000 -0.032448 0.000000
vt 2.487000 -0.581448 0.000000
vt 2.376000 -0.581448 0.000000
vt 2.487000 -0.692448 0.000000
vt 2.376000 -0.692448 0.000000
vt 4.374000 -2.012448 0.000000
vt 4.374000 -1.901448 0.000000
vt 4.374000 -1.352448 0.000000
vt 3.264000 -0.581448 0.000000
vt 3.375000 -0.581448 0.000000
vt 3.264000 -0.032448 0.000000
vt 3.375000 -0.032448 0.000000
vt 3.264000 0.078552 0.000000
vt 3.375000 0.078552 0.000000
vt 3.264000 0.627552 0.000000
vt 3.375000 0.627552 0.000000
vt 3.264000 0.738552 0.000000
vt 3.375000 0.738552 0.000000
vt 3.264000 -0.692448 0.000000
vt 3.375000 -0.692448 0.000000
vt 4.374000 0.078552 0.000000
vt 4.374000 0.627552 0.000000
vt 4.374000 0.738552 0.000000
vt 4.374000 -0.032448 0.000000
vt 0.080000 0.040000 0.000000
vt -6.230000 0.040000 0.000000
vt 0.080000 -0.160000 0.000000
vt -6.230000 -0.160000 0.000000
vt 0.080000 0.040000 0.000000
vt -4.030000 0.040000 0.000000
vt 0.080000 -0.160000 0.000000
vt -4.030000 -0.160000 0.000000
vt 0.080000 0.040000 0.000000
vt -6.230000 0.040000 0.000000
vt 0.080000 -0.160000 0.000000
vt -6.230000 -0.160000 0.000000
vt 0.040000 0.100000 0.000000
vt 0.035355 0.100000 0.000000
vt 0.040000 0.040000 0.000000
vt 0.000000 0.075000 0.000000
vt 0.000000 0.040000 0.000000
vt 0.141421 0.075000 0.000000
vt 0.000000 0.075000 0.000000
vt 0.141421 0.040000 0.000000
vt 0.000000 0.040000 0.000000
vt 2.800000 0.075000 0.000000
vt 0.000000 0.075000 0.000000
vt 2.800000 0.040000 0.000000
vt 0.000000 0.040000 0.000000
vt 0.141421 0.075000 0.000000
vt -0.000000 0.075000 0.000000
vt 0.141421 0.040000 0.000000
vt -0.000000 0.040000 0.000000
vt 7.850788 0.040000 0.000000
vt 7.866713 0.023225 0.000000
vt 9.200000 0.040000 0.000000
vt 9.200000 0.000000 0.000000
vt 7.886067 0.010557 0.000000
vt 7.907813 0.002675 0.000000
vt 7.930788 0.000000 0.000000
vt 0.449750 -0.031416 0.000000
vt 0.549750 -0.031416 0.000000
vt 0.449750 -0.020944 0.000000
vt 0.549750 -0.020944 0.000000
vt 0.449750 -0.010472 0.000000
vt 0.549750 -0.010472 0.000000
vt 0.449750 -0.000000 0.000000
vt 0.549750 -0.000000 0.000000
vt 0.449750 0.010472 0.000000
vt 0.549750 0.010472 0.000000
vt 0.449750 0.020944 0.000000
vt 0.549750 0.020944 0.000000
vt 0.449750 0.031416 0.000000
vt 0.549750 0.031416 0.000000
vt 0.000000 0.080000 0.000000
vt 0.100000 0.080000 0.000000
vt 0.000000 0.180000 0.000000
vt 0.100000 0.180000 0.000000
vt 0.100000 0.000000 0.000000
vt 0.101363 0.069647 0.000000
vt 0.105359 0.060000 0.000000
vt 0.111716 0.051716 0.000000
vt 0.120000 0.045359 0.000000
vt 0.129647 0.041363 0.000000
vt 0.140000 0.040000 0.000000
vt 1.047500 0.000000 0.000000
vt 1.047500 0.040000 0.000000
vt 0.000000 0.080000 0.000000
vt -0.001363 0.069647 0.000000
vt 0.000000 0.000000 0.000000
vt -0.005359 0.060000 0.000000
vt -0.011716 0.051716 0.000000
vt -0.020000 0.045359 0.000000
vt -0.029647 0.041363 0.000000
vt -0.040000 0.040000 0.000000
vt -0.947500 0.040000 0.000000
vt -0.947500 0.000000 0.000000
vt -0.599750 -0.031416 0.000000
vt -0.499750 -0.031416 0.000000
vt -0.599750 -0.020944 0.000000
vt -0.499750 -0.020944 0.000000
vt -0.599750 -0.010472 0.000000
vt -0.499750 -0.010472 0.000000
vt -0.599750 -0.000000 0.000000
vt -0.499750 -0.000000 0.000000
vt -0.599750 0.010472 0.000000
vt -0.499750 0.010472 0.000000
vt -0.599750 0.020944 0.000000
vt -0.499750 0.020944 0.000000
vt -0.599750 0.031416 0.000000
vt -0.499750 0.031416 0.000000
vt 0.000000 0.080000 0.000000
vt 0.100000 0.080000 0.000000
vt 0.000000 0.180000 0.000000
vt 0.100000 0.180000 0.000000
vt 0.100000 0.000000 0.000000
vt 0.101363 0.069647 0.000000
vt 0.105359 0.060000 0.000000
vt 0.111716 0.051716 0.000000
vt 0.120000 0.045359 0.000000
vt 0.129647 0.041363 0.000000
vt 0.140000 0.040000 0.000000
vt 1.047500 0.000000 0.000000
vt 1.047500 0.040000 0.000000
vt 0.000000 0.080000 0.000000
vt -0.001363 0.069647 0.000000
vt 0.000000 0.000000 0.000000
vt -0.005359 0.060000 0.000000
vt -0.011716 0.051716 0.000000
vt -0.020000 0.045359 0.000000
vt -0.029647 0.041363 0.000000
vt -0.040000 0.040000 0.000000
vt -0.947500 0.040000 0.000000
vt -0.947500 0.000000 0.000000
vt 0.449750 -0.031416 0.000000
vt 0.549750 -0.031416 0.000000
vt 0.449750 -0.020944 0.000000
vt 0.549750 -0.020944 0.000000
vt 0.449750 -0.010472 0.000000
vt 0.549750 -0.010472 0.000000
vt 0.449750 -0.000000 0.000000
vt 0.549750 -0.000000 0.000000
vt 0.449750 0.010472 0.000000
vt 0.549750 0.010472 0.000000
vt 0.449750 0.020944 0.000000
vt 0.549750 0.020944 0.000000
vt 0.449750 0.031416 0.000000
vt 0.549750 0.031416 0.000000
vt 0.000000 0.080000 0.000000
vt 0.100000 0.080000 0.000000
vt 0.000000 0.180000 0.000000
vt 0.100000 0.180000 0.000000
vt 0.100000 0.000000 0.000000
vt 0.101363 0.069647 0.000000
vt 0.105359 0.060000 0.000000
vt 0.111716 0.051716 0.000000
vt 0.120000 0.045359 0.000000
vt 0.129647 0.041363 0.000000
vt 0.140000 0.040000 0.000000
vt 1.047500 0.000000 0.000000
vt 1.047500 0.040000 0.000000
vt 0.000000 0.080000 0.000000
vt -0.001363 0.069647 0.000000
vt 0.000000 0.000000 0.000000
vt -0.005359 0.060000 0.000000
vt -0.011716 0.051716 0.000000
vt -0.020000 0.045359 0.000000
vt -0.029647 0.041363 0.000000
vt -0.040000 0.040000 0.000000
vt -0.947500 0.040000 0.000000
vt -0.947500 0.000000 0.000000
vt -0.599750 -0.031416 0.000000
vt -0.499750 -0.031416 0.000000
vt -0.599750 -0.020944 0.000000
vt -0.499750 -0.020944 0.000000
vt -0.599750 -0.010472 0.000000
vt -0.499750 -0.010472 0.000000
vt -0.599750 -0.000000 0.000000
vt -0.499750 -0.000000 0.000000
vt -0.599750 0.010472 0.000000
vt -0.499750 0.010472 0.000000
vt -0.599750 0.020944 0.000000
vt -0.499750 0.020944 0.000000
vt -0.599750 0.031416 0.000000
vt -0.499750 0.031416 0.000000
vt 0.000000 0.080000 0.000000
vt 0.100000 0.080000 0.000000
vt 0.000000 0.180000 0.000000
vt 0.100000 0.180000 0.000000
vt 0.100000 0.000000 0.000000
vt 0.101363 0.069647 0.000000
vt 0.105359 0.060000 0.000000
vt 0.111716 0.051716 0.000000
vt 0.120000 0.045359 0.000000
vt 0.129647 0.041363 0.000000
vt 0.140000 0.040000 0.000000
vt 1.047500 0.000000 0.000000
vt 1.047500 0.040000 0.000000
vt 0.000000 0.080000 0.000000
vt -0.001363 0.069647 0.000000
vt 0.000000 0.000000 0.000000
vt -0.005359 0.060000 0.000000
vt -0.011716 0.051716 0.000000
vt -0.020000 0.045359 0.000000
vt -0.029647 0.041363 0.000000
vt -0.040000 0.040000 0.000000
vt -0.947500 0.040000 0.000000
vt -0.947500 0.000000 0.000000
vt -0.547750 -0.031416 0.000000
vt -0.447750 -0.031416 0.000000
vt -0.547750 -0.020944 0.000000
vt -0.447750 -0.020944 0.000000
vt -0.547750 -0.010472 0.000000
vt -0.447750 -0.010472 0.000000
vt -0.547750 -0.000000 0.000000
vt -0.447750 -0.000000 0.000000
vt -0.547750 0.010472 0.000000
vt -0.447750 0.010472 0.000000
vt -0.547750 0.020944 0.000000
vt -0.447750 0.020944 0.000000
vt -0.547750 0.031416 0.000000
vt -0.447750 0.031416 0.000000
vt -0.100000 0.080000 0.000000
vt 0.000000 0.080000 0.000000
vt -0.100000 0.180000 0.000000
vt 0.000000 0.180000 0.000000
vt 0.000000 0.000000 0.000000
vt 0.001363 0.069647 0.000000
vt 0.005359 0.060000 0.000000
vt 0.011716 0.051716 0.000000
vt 0.020000 0.045359 0.000000
vt 0.029647 0.041363 0.000000
vt 0.040000 0.040000 0.000000
vt 0.947500 0.000000 0.000000
vt 0.947500 0.040000 0.000000
vt -0.100000 0.080000 0.000000
vt -0.101363 0.069647 0.000000
vt -0.100000 0.000000 0.000000
vt -0.105359 0.060000 0.000000
vt -0.111716 0.051716 0.000000
vt -0.120000 0.045359 0.000000
vt -0.129647 0.041363 0.000000
vt -0.140000 0.040000 0.000000
vt -1.047500 0.040000 0.000000
vt -1.047500 0.000000 0.000000
vt -0.026000 -0.031416 0.000000
vt 0.074000 -0.031416 0.000000
vt -0.026000 -0.020944 0.000000
vt 0.074000 -0.020944 0.000000
vt -0.026000 -0.010472 0.000000
vt 0.074000 -0.010472 0.000000
vt -0.026000 -0.000000 0.000000
vt 0.074000 -0.000000 0.000000
vt -0.026000 0.010472 0.000000
vt 0.074000 0.010472 0.000000
vt -0.026000 0.020944 0.000000
vt 0.074000 0.020944 0.000000
vt -0.026000 0.031416 0.000000
vt 0.074000 0.031416 0.000000
vt 0.947500 0.080000 0.000000
vt 1.047500 0.080000 0.000000
vt 0.947500 0.180000 0.000000
vt 1.047500 0.180000 0.000000
vt 1.047500 0.000000 0.000000
vt 1.048863 0.069647 0.000000
vt 1.052859 0.060000 0.000000
vt 1.059216 0.051716 0.000000
vt 1.067500 0.045359 0.000000
vt 1.077147 0.041363 0.000000
vt 1.087500 0.040000 0.000000
vt 1.995000 0.000000 0.000000
vt 1.995000 0.040000 0.000000
vt 0.947500 0.080000 0.000000
vt 0.946137 0.069647 0.000000
vt 0.947500 0.000000 0.000000
vt 0.942141 0.060000 0.000000
vt 0.935784 0.051716 0.000000
vt 0.927500 0.045359 0.000000
vt 0.917853 0.041363 0.000000
vt 0.907500 0.040000 0.000000
vt 0.000000 0.040000 0.000000
vt 0.000000 -0.000000 0.000000
vt 0.014142 -0.055000 0.000000
vt 0.014142 0.005000 0.000000
vt -0.014142 -0.075000 0.000000
vt -0.014142 0.025000 0.000000
vt -0.055000 -0.014142 0.000000
vt 0.005000 -0.014142 0.000000
vt -0.075000 0.014142 0.000000
vt 0.025000 0.014142 0.000000
vt -0.014142 -0.005000 0.000000
vt 0.014142 -0.025000 0.000000
vt -0.014142 0.055000 0.000000
vt 0.014142 0.075000 0.000000
vt -0.025000 -0.014142 0.000000
vt 0.075000 -0.014142 0.000000
vt -0.005000 0.014142 0.000000
vt 0.055000 0.014142 0.000000
vt 0.100000 0.180000 0.000000
vt 0.000000 0.180000 0.000000
vt 0.100000 0.080000 0.000000
vt 0.000000 0.080000 0.000000
vt -0.030000 -0.030000 0.000000
vt 0.030000 -0.030000 0.000000
vt -0.030000 0.030000 0.000000
vt 0.030000 0.030000 0.000000
vt 0.014142 -0.055000 0.000000
vt 0.014142 0.005000 0.000000
vt -0.014142 -0.075000 0.000000
vt -0.014142 0.025000 0.000000
vt -0.005000 -0.014142 0.000000
vt 0.055000 -0.014142 0.000000
vt -0.025000 0.014142 0.000000
vt 0.075000 0.014142 0.000000
vt -0.014142 -0.005000 0.000000
vt 0.014142 -0.025000 0.000000
vt -0.014142 0.055000 0.000000
vt 0.014142 0.075000 0.000000
vt 0.448750 -0.014142 0.000000
vt 0.548750 -0.014142 0.000000
vt 0.468750 0.014142 0.000000
vt 0.528750 0.014142 0.000000
vt 0.100000 0.180000 0.000000
vt 0.000000 0.180000 0.000000
vt 0.100000 0.080000 0.000000
vt 0.000000 0.080000 0.000000
vt -0.030000 -0.030000 0.000000
vt 0.030000 -0.030000 0.000000
vt -0.030000 0.030000 0.000000
vt 0.030000 0.030000 0.000000
vt 0.014142 -0.055000 0.000000
vt 0.014142 0.005000 0.000000
vt -0.014142 -0.075000 0.000000
vt -0.014142 0.025000 0.000000
vt -0.055000 -0.014142 0.000000
vt 0.005000 -0.014142 0.000000
vt -0.075000 0.014142 0.000000
vt 0.025000 0.014142 0.000000
vt -0.014142 -0.005000 0.000000
vt 0.014142 -0.025000 0.000000
vt -0.014142 0.055000 0.000000
vt 0.014142 0.075000 0.000000
vt -0.025000 -0.014142 0.000000
vt 0.075000 -0.014142 0.000000
vt -0.005000 0.014142 0.000000
vt 0.055000 0.014142 0.000000
vt 0.100000 0.180000 0.000000
vt 0.000000 0.180000 0.000000
vt 0.100000 0.080000 0.000000
vt 0.000000 0.080000 0.000000
vt -0.030000 -0.030000 0.000000
vt 0.030000 -0.030000 0.000000
vt -0.030000 0.030000 0.000000
vt 0.030000 0.030000 0.000000
vt -0.359667 -0.031416 0.000000
vt -0.259667 -0.031416 0.000000
vt -0.359667 -0.020944 0.000000
vt -0.259667 -0.020944 0.000000
vt -0.359667 -0.010472 0.000000
vt -0.259667 -0.010472 0.000000
vt -0.359667 0.000000 0.000000
vt -0.259667 0.000000 0.000000
vt -0.359667 0.010472 0.000000
vt -0.259667 0.010472 0.000000
vt -0.359667 0.020944 0.000000
vt -0.259667 0.020944 0.000000
vt -0.359667 0.031416 0.000000
vt -0.259667 0.031416 0.000000
vt 0.209667 -0.031416 0.000000
vt 0.309667 -0.031416 0.000000
vt 0.209667 -0.020944 0.000000
vt 0.309667 -0.020944 0.000000
vt 0.209667 -0.010472 0.000000
vt 0.309667 -0.010472 0.000000
vt 0.209667 0.000000 0.000000
vt 0.309667 0.000000 0.000000
vt 0.209667 0.010472 0.000000
vt 0.309667 0.010472 0.000000
vt 0.209667 0.020944 0.000000
vt 0.309667 0.020944 0.000000
vt 0.209667 0.031416 0.000000
vt 0.309667 0.031416 0.000000
vt 0.100000 0.180000 0.000000
vt 0.000000 0.180000 0.000000
vt 0.100000 0.080000 0.000000
vt 0.000000 0.080000 0.000000
vt -0.359667 -0.031416 0.000000
vt -0.259667 -0.031416 0.000000
vt -0.359667 -0.020944 0.000000
vt -0.259667 -0.020944 0.000000
vt -0.359667 -0.010472 0.000000
vt -0.259667 -0.010472 0.000000
vt -0.359667 0.000000 0.000000
vt -0.259667 0.000000 0.000000
vt -0.359667 0.010472 0.000000
vt -0.259667 0.010472 0.000000
vt -0.359667 0.020944 0.000000
vt -0.259667 0.020944 0.000000
vt -0.359667 0.031416 0.000000
vt -0.259667 0.031416 0.000000
vt 0.209667 -0.031416 0.000000
vt 0.309667 -0.031416 0.000000
vt 0.209667 -0.020944 0.000000
vt 0.309667 -0.020944 0.000000
vt 0.209667 -0.010472 0.000000
vt 0.309667 -0.010472 0.000000
vt 0.209667 0.000000 0.000000
vt 0.309667 0.000000 0.000000
vt 0.209667 0.010472 0.000000
vt 0.309667 0.010472 0.000000
vt 0.209667 0.020944 0.000000
vt 0.309667 0.020944 0.000000
vt 0.209667 0.031416 0.000000
vt 0.309667 0.031416 0.000000
vt 0.100000 0.180000 0.000000
vt 0.000000 0.180000 0.000000
vt 0.100000 0.080000 0.000000
vt 0.000000 0.080000 0.000000
vt 0.577000 -0.031416 0.000000
vt 0.677000 -0.031416 0.000000
vt 0.577000 -0.020944 0.000000
vt 0.677000 -0.020944 0.000000
vt 0.577000 -0.010472 0.000000
vt 0.677000 -0.010472 0.000000
vt 0.577000 0.000000 0.000000
vt 0.677000 0.000000 0.000000
vt 0.577000 0.010472 0.000000
vt 0.677000 0.010472 0.000000
vt 0.577000 0.020944 0.000000
vt 0.677000 0.020944 0.000000
vt 0.577000 0.031416 0.000000
vt 0.677000 0.031416 0.000000
vt -0.727000 -0.031416 0.000000
vt -0.627000 -0.031416 0.000000
vt -0.727000 -0.020944 0.000000
vt -0.627000 -0.020944 0.000000
vt -0.727000 -0.010472 0.000000
vt -0.627000 -0.010472 0.000000
vt -0.727000 0.000000 0.000000
vt -0.627000 0.000000 0.000000
vt -0.727000 0.010472 0.000000
vt -0.627000 0.010472 0.000000
vt -0.727000 0.020944 0.000000
vt -0.627000 0.020944 0.000000
vt -0.727000 0.031416 0.000000
vt -0.627000 0.031416 0.000000
vt 0.100000 0.180000 0.000000
vt 0.000000 0.180000 0.000000
vt 0.100000 0.080000 0.000000
vt 0.000000 0.080000 0.000000
vt 0.000000 0.040000 0.000000
vt 0.000000 0.000000 0.000000
vt 0.796667 0.040000 0.000000
vt 0.836667 0.000000 0.000000
vt 0.807019 0.041363 0.000000
vt 0.816667 0.045359 0.000000
vt 0.824951 0.051716 0.000000
vt 0.831308 0.060000 0.000000
vt 0.835304 0.069647 0.000000
vt 0.836667 0.080000 0.000000
vt 0.000000 0.000000 0.000000
vt 0.836667 0.000000 0.000000
vt 0.000000 0.040000 0.000000
vt 0.836667 0.040000 0.000000
vt 0.000000 0.000000 0.000000
vt 0.836667 0.000000 0.000000
vt 0.000000 0.040000 0.000000
vt 0.836667 0.040000 0.000000
vt 0.000000 0.000000 0.000000
vt 0.947500 0.000000 0.000000
vt 0.000000 0.040000 0.000000
vt 0.947500 0.040000 0.000000
vt 0.000000 0.000000 0.000000
vt 0.836667 0.000000 0.000000
vt 0.000000 0.040000 0.000000
vt 0.836667 0.040000 0.000000
vt 0.836667 0.000000 0.000000
vt 0.040000 0.040000 0.000000
vt 0.000000 0.000000 0.000000
vt 0.029647 0.041363 0.000000
vt 0.020000 0.045359 0.000000
vt 0.836667 0.040000 0.000000
vt 0.011716 0.051716 0.000000
vt 0.005359 0.060000 0.000000
vt 0.001363 0.069647 0.000000
vt 0.000000 0.080000 0.000000
vt 0.000000 0.000000 0.000000
vt 0.836667 0.000000 0.000000
vt 0.000000 0.040000 0.000000
vt 0.836667 0.040000 0.000000
vt 0.000000 0.000000 0.000000
vt 0.836667 0.000000 0.000000
vt 0.000000 0.040000 0.000000
vt 0.836667 0.040000 0.000000
vt 0.000000 0.040000 0.000000
vt 0.000000 0.000000 0.000000
vt 0.004500 0.040000 0.000000
vt 0.947500 0.000000 0.000000
vt 0.947500 0.040000 0.000000
vt 0.004500 0.080000 0.000000
vt 1.047500 0.040000 0.000000
vt 1.995000 0.040000 0.000000
vt 1.995000 0.000000 0.000000
vt 1.047500 0.000000 0.000000
vt 2.095000 0.040000 0.000000
vt 4.344500 0.080000 0.000000
vt 3.042500 0.040000 0.000000
vt 3.142500 0.040000 0.000000
vt 2.095000 0.000000 0.000000
vt 3.042500 0.000000 0.000000
vt 3.142500 0.000000 0.000000
vt 4.144500 0.000000 0.000000
vt 4.144500 0.040000 0.000000
vt 4.344500 0.040000 0.000000
vt 0.836667 0.000000 0.000000
vt 0.040000 0.040000 0.000000
vt 0.000000 0.000000 0.000000
vt 0.029647 0.041363 0.000000
vt 0.020000 0.045359 0.000000
vt 0.836667 0.040000 0.000000
vt 0.011716 0.051716 0.000000
vt 0.005359 0.060000 0.000000
vt 0.001363 0.069647 0.000000
vt 0.000000 0.080000 0.000000
vt 0.000000 -0.000000 0.000000
vt 0.947500 0.000000 0.000000
vt 0.000000 0.040000 0.000000
vt 0.947500 0.040000 0.000000
vt 0.000000 0.000000 0.000000
vt 0.836667 0.000000 0.000000
vt 0.000000 0.040000 0.000000
vt 0.836667 0.040000 0.000000
vt 0.947500 0.000000 0.000000
vt 0.947500 0.040000 0.000000
vt 0.000000 0.000000 0.000000
vt 0.000000 0.080000 0.000000
vt 1.047500 0.040000 0.000000
vt 1.995000 0.040000 0.000000
vt 1.995000 0.000000 0.000000
vt 1.047500 0.000000 0.000000
vt 2.095000 0.040000 0.000000
vt 3.042500 0.040000 0.000000
vt 5.392000 0.080000 0.000000
vt 3.142500 0.040000 0.000000
vt 4.090000 0.040000 0.000000
vt 4.090000 0.000000 0.000000
vt 3.142500 0.000000 0.000000
vt 2.095000 0.000000 0.000000
vt 3.042500 0.000000 0.000000
vt 4.190000 0.040000 0.000000
vt 5.192000 0.040000 0.000000
vt 5.392000 0.040000 0.000000
vt 4.190000 0.000000 0.000000
vt 5.192000 0.000000 0.000000
vt 0.000000 -0.000000 0.000000
vt 0.947500 0.000000 0.000000
vt 0.000000 0.040000 0.000000
vt 0.947500 0.040000 0.000000
vt 0.000000 0.000000 0.000000
vt 0.836667 0.000000 0.000000
vt 0.000000 0.040000 0.000000
vt 0.836667 0.040000 0.000000
vt 0.000000 0.000000 0.000000
vt 0.836667 0.000000 0.000000
vt -0.000000 0.040000 0.000000
vt 0.836667 0.040000 0.000000
vt 0.000000 0.040000 0.000000
vt 0.000000 0.000000 0.000000
vt 0.796667 0.040000 0.000000
vt 0.836667 0.000000 0.000000
vt 0.807019 0.041363 0.000000
vt 0.816667 0.045359 0.000000
vt 0.824951 0.051716 0.000000
vt 0.831308 0.060000 0.000000
vt 0.835304 0.069647 0.000000
vt 0.836667 0.080000 0.000000
vt 0.947500 0.000000 0.000000
vt 0.947500 0.040000 0.000000
vt 0.000000 0.000000 0.000000
vt 0.000000 0.080000 0.000000
vt 1.047500 0.080000 0.000000
vt 1.047500 0.040000 0.000000
vt 0.000000 -0.000000 0.000000
vt 1.002000 0.000000 0.000000
vt 0.000000 0.040000 0.000000
vt 1.002000 0.040000 0.000000
vt 0.000000 0.000000 0.000000
vt 0.836667 0.000000 0.000000
vt 0.000000 0.040000 0.000000
vt 0.836667 0.040000 0.000000
vt 0.000000 0.000000 0.000000
vt 0.836667 0.000000 0.000000
vt 0.000000 0.040000 0.000000
vt 0.836667 0.040000 0.000000
vt -0.000000 0.000000 0.000000
vt 0.452000 0.000000 0.000000
vt 0.000000 0.040000 0.000000
vt 0.452000 0.040000 0.000000
vt 0.040000 0.000000 0.000000
vt 0.000000 0.000000 0.000000
vt 0.040000 -0.095993 0.000000
vt -0.000000 -0.095993 0.000000
vt 0.040000 -0.191986 0.000000
vt 0.000000 -0.191986 0.000000
vt 0.040000 -0.287979 0.000000
vt -0.000000 -0.287979 0.000000
vt 0.040000 -0.383972 0.000000
vt 0.000000 -0.383972 0.000000
vt 0.040000 -0.479966 0.000000
vt 0.000000 -0.479966 0.000000
vt 0.040000 -0.575959 0.000000
vt -0.000000 -0.575959 0.000000
vt 0.040000 -0.671952 0.000000
vt 0.000000 -0.671952 0.000000
vt 0.040000 -0.767945 0.000000
vt -0.000000 -0.767945 0.000000
vt 0.040000 -0.863938 0.000000
vt 0.000000 -0.863938 0.000000
vt 0.000000 0.000000 0.000000
vt 0.336000 0.000000 0.000000
vt 0.000000 0.040000 0.000000
vt 0.336000 0.040000 0.000000
vt 0.000000 0.000000 0.000000
vt 1.002000 0.000000 0.000000
vt 0.000000 0.040000 0.000000
vt 1.002000 0.040000 0.000000
vt 0.000000 0.000000 0.000000
vt 0.886000 0.000000 0.000000
vt 0.000000 0.040000 0.000000
vt 0.886000 0.040000 0.000000
vt -0.000000 0.000000 0.000000
vt 0.947500 0.000000 0.000000
vt 0.000000 0.040000 0.000000
vt 0.947500 0.040000 0.000000
vt 0.000000 0.000000 0.000000
vt 0.886000 0.000000 0.000000
vt 0.000000 0.040000 0.000000
vt 0.886000 0.040000 0.000000
vt 0.000000 0.000000 0.000000
vt 0.947500 0.000000 0.000000
vt 0.000000 0.040000 0.000000
vt 0.947500 0.040000 0.000000
vt 0.000000 0.000000 0.000000
vt 0.886000 0.000000 0.000000
vt 0.000000 0.040000 0.000000
vt 0.886000 0.040000 0.000000
vt -0.000000 0.000000 0.000000
vt 0.947500 0.000000 0.000000
vt 0.000000 0.040000 0.000000
vt 0.947500 0.040000 0.000000
vt 0.000000 0.000000 0.000000
vt 0.886000 0.000000 0.000000
vt 0.000000 0.040000 0.000000
vt 0.886000 0.040000 0.000000
vt 1.336000 0.080000 0.000000
vt 1.336000 0.040000 0.000000
vt -0.936667 0.080000 0.000000
vt -0.100000 0.040000 0.000000
vt -0.936667 0.000000 0.000000
vt -0.100000 0.000000 0.000000
vt 0.000000 0.040000 0.000000
vt 0.000000 0.000000 0.000000
vt 0.846000 0.040000 0.000000
vt 0.886000 0.000000 0.000000
vt 0.856353 0.041363 0.000000
vt 0.866000 0.045359 0.000000
vt 0.874284 0.051716 0.000000
vt 0.880641 0.060000 0.000000
vt 0.884637 0.069647 0.000000
vt 0.886000 0.080000 0.000000
vt -0.000000 0.000000 0.000000
vt 0.947500 0.000000 0.000000
vt 0.000000 0.040000 0.000000
vt 0.947500 0.040000 0.000000
vt 0.000000 0.000000 0.000000
vt 0.886000 0.000000 0.000000
vt 0.000000 0.040000 0.000000
vt 0.886000 0.040000 0.000000
vt 0.000000 0.000000 0.000000
vt 0.947500 0.000000 0.000000
vt -0.000000 0.040000 0.000000
vt 0.947500 0.040000 0.000000
vt 0.000000 0.000000 0.000000
vt 0.886000 0.000000 0.000000
vt -0.000000 0.040000 0.000000
vt 0.886000 0.040000 0.000000
vt 0.000000 0.000000 0.000000
vt 0.947500 0.000000 0.000000
vt 0.000000 0.040000 0.000000
vt 0.947500 0.040000 0.000000
vt 0.000000 0.000000 0.000000
vt 0.884000 0.000000 0.000000
vt 0.000000 0.040000 0.000000
vt 0.884000 0.040000 0.000000
vt -0.100000 0.080000 0.000000
vt 1.134000 0.080000 0.000000
vt 1.134000 0.040000 0.000000
vt -0.100000 0.040000 0.000000
vt 0.000000 0.040000 0.000000
vt 0.000000 -0.000000 0.000000
vt 0.943000 0.040000 0.000000
vt 0.947500 0.000000 0.000000
vt 0.947500 0.040000 0.000000
vt 0.943000 0.080000 0.000000
vt -0.100000 0.040000 0.000000
vt -1.047500 0.040000 0.000000
vt -0.100000 -0.000000 0.000000
vt -1.047500 -0.000000 0.000000
vt -1.147500 0.040000 0.000000
vt -3.397000 0.080000 0.000000
vt -2.095000 0.040000 0.000000
vt -2.195000 0.040000 0.000000
vt -3.197000 0.040000 0.000000
vt -2.195000 -0.000000 0.000000
vt -3.197000 -0.000000 0.000000
vt -3.397000 0.040000 0.000000
vt -2.095000 -0.000000 0.000000
vt -1.147500 -0.000000 0.000000
vt 0.000000 0.000000 0.000000
vt 0.884000 0.000000 0.000000
vt 0.000000 0.040000 0.000000
vt 0.884000 0.040000 0.000000
vt -0.000000 0.000000 0.000000
vt 0.448000 0.000000 0.000000
vt -0.000000 0.040000 0.000000
vt 0.448000 0.040000 0.000000
vt 0.000000 0.000000 0.000000
vt 0.886000 0.000000 0.000000
vt 0.000000 0.040000 0.000000
vt 0.886000 0.040000 0.000000
vt 0.000000 0.000000 0.000000
vt 0.998000 0.000000 0.000000
vt -0.000000 0.040000 0.000000
vt 0.998000 0.040000 0.000000
vt -0.000000 0.000000 0.000000
vt 0.336000 0.000000 0.000000
vt 0.000000 0.040000 0.000000
vt 0.336000 0.040000 0.000000
vt 0.040000 -0.000000 0.000000
vt 0.000000 0.000000 0.000000
vt 0.040000 -0.095993 0.000000
vt 0.000000 -0.095993 0.000000
vt 0.040000 -0.191986 0.000000
vt 0.000000 -0.191986 0.000000
vt 0.040000 -0.287979 0.000000
vt -0.000000 -0.287979 0.000000
vt 0.040000 -0.383972 0.000000
vt -0.000000 -0.383972 0.000000
vt 0.040000 -0.479966 0.000000
vt 0.000000 -0.479966 0.000000
vt 0.040000 -0.575959 0.000000
vt 0.000000 -0.575959 0.000000
vt 0.040000 -0.671952 0.000000
vt 0.000000 -0.671952 0.000000
vt 0.040000 -0.767945 0.000000
vt 0.000000 -0.767945 0.000000
vt 0.040000 -0.863938 0.000000
vt 0.000000 -0.863938 0.000000
vt 0.000000 0.000000 0.000000
vt 0.836667 0.000000 0.000000
vt 0.000000 0.040000 0.000000
vt 0.836667 0.040000 0.000000
vt 0.000000 -0.000000 0.000000
vt 0.998000 0.000000 0.000000
vt 0.000000 0.040000 0.000000
vt 0.998000 0.040000 0.000000
vt 0.000000 0.000000 0.000000
vt 0.836667 0.000000 0.000000
vt 0.000000 0.040000 0.000000
vt 0.836667 0.040000 0.000000
vt -0.000000 0.000000 0.000000
vt 0.836667 0.000000 0.000000
vt -0.000000 0.040000 0.000000
vt 0.836667 0.040000 0.000000
vt 0.000000 -0.000000 0.000000
vt 0.998000 0.000000 0.000000
vt 0.000000 0.040000 0.000000
vt 0.998000 0.040000 0.000000
vt 1.198000 0.080000 0.000000
vt 1.198000 0.040000 0.000000
vt -4.190000 0.080000 0.000000
vt -1.147500 0.040000 0.000000
vt -1.047500 0.040000 0.000000
vt -0.100000 0.040000 0.000000
vt -0.100000 -0.000000 0.000000
vt -1.047500 -0.000000 0.000000
vt -4.190000 -0.000000 0.000000
vt -3.242500 0.040000 0.000000
vt -3.142500 0.040000 0.000000
vt -2.195000 0.040000 0.000000
vt -2.195000 -0.000000 0.000000
vt -3.142500 -0.000000 0.000000
vt -3.242500 -0.000000 0.000000
vt -2.095000 0.040000 0.000000
vt -2.095000 -0.000000 0.000000
vt -1.147500 -0.000000 0.000000
vt 0.000000 0.000000 0.000000
vt 0.836667 0.000000 0.000000
vt 0.000000 0.040000 0.000000
vt 0.836667 0.040000 0.000000
vt 0.000000 0.000000 0.000000
vt 0.998000 0.000000 0.000000
vt -0.000000 0.040000 0.000000
vt 0.998000 0.040000 0.000000
vt 0.000000 -0.000000 0.000000
vt 0.947500 0.000000 0.000000
vt 0.000000 0.040000 0.000000
vt 0.947500 0.040000 0.000000
vt 0.000000 0.000000 0.000000
vt 0.836667 0.000000 0.000000
vt 0.000000 0.040000 0.000000
vt 0.836667 0.040000 0.000000
vt 0.000000 0.000000 0.000000
vt 0.836667 0.000000 0.000000
vt 0.000000 0.040000 0.000000
vt 0.836667 0.040000 0.000000
vt 0.000000 -0.000000 0.000000
vt 0.947500 0.000000 0.000000
vt 0.000000 0.040000 0.000000
vt 0.947500 0.040000 0.000000
vt 0.000000 0.000000 0.000000
vt 0.836667 0.000000 0.000000
vt 0.000000 0.040000 0.000000
vt 0.836667 0.040000 0.000000
vt 0.000000 0.000000 0.000000
vt 0.836667 0.000000 0.000000
vt 0.000000 0.040000 0.000000
vt 0.836667 0.040000 0.000000
vt 0.000000 0.000000 0.000000
vt 0.334000 0.000000 0.000000
vt 0.000000 0.040000 0.000000
vt 0.334000 0.040000 0.000000
vt 0.000000 0.000000 0.000000
vt 0.884000 0.000000 0.000000
vt 0.000000 0.040000 0.000000
vt 0.884000 0.040000 0.000000
vt 0.000000 0.000000 0.000000
vt 0.448000 0.000000 0.000000
vt -0.000000 0.040000 0.000000
vt 0.448000 0.040000 0.000000
vt 0.040000 0.000000 0.000000
vt 0.000000 0.000000 0.000000
vt 0.040000 -0.095993 0.000000
vt -0.000000 -0.095993 0.000000
vt 0.040000 -0.191986 0.000000
vt -0.000000 -0.191986 0.000000
vt 0.040000 -0.287979 0.000000
vt -0.000000 -0.287979 0.000000
vt 0.040000 -0.383972 0.000000
vt -0.000000 -0.383972 0.000000
vt 0.040000 -0.479966 0.000000
vt -0.000000 -0.479966 0.000000
vt 0.040000 -0.575959 0.000000
vt -0.000000 -0.575959 0.000000
vt 0.040000 -0.671952 0.000000
vt -0.000000 -0.671952 0.000000
vt 0.040000 -0.767945 0.000000
vt -0.000000 -0.767945 0.000000
vt 0.040000 -0.863938 0.000000
vt 0.000000 -0.863938 0.000000
vt 0.000000 -0.000000 0.000000
vt 0.947500 0.000000 0.000000
vt 0.000000 0.040000 0.000000
vt 0.947500 0.040000 0.000000
vt 0.000000 0.000000 0.000000
vt 0.836667 0.000000 0.000000
vt 0.000000 0.040000 0.000000
vt 0.836667 0.040000 0.000000
vt 0.000000 0.000000 0.000000
vt 0.836667 0.000000 0.000000
vt 0.000000 0.040000 0.000000
vt 0.836667 0.040000 0.000000
vt 0.000000 -0.000000 0.000000
vt 0.947500 0.000000 0.000000
vt 0.000000 0.040000 0.000000
vt 0.947500 0.040000 0.000000
vt 0.000000 0.000000 0.000000
vt 0.836667 0.000000 0.000000
vt 0.000000 0.040000 0.000000
vt 0.836667 0.040000 0.000000
vt 0.000000 0.000000 0.000000
vt 0.836667 0.000000 0.000000
vt 0.000000 0.040000 0.000000
vt 0.836667 0.040000 0.000000
vt 0.000000 -0.000000 0.000000
vt 0.947500 0.000000 0.000000
vt 0.000000 0.040000 0.000000
vt 0.947500 0.040000 0.000000
vt 0.000000 0.000000 0.000000
vt 0.836667 0.000000 0.000000
vt 0.000000 0.040000 0.000000
vt 0.836667 0.040000 0.000000
vt 0.000000 0.000000 0.000000
vt 0.836667 0.000000 0.000000
vt 0.000000 0.040000 0.000000
vt 0.836667 0.040000 0.000000
vt -0.000000 0.000000 0.000000
vt 0.947500 0.000000 0.000000
vt 0.000000 0.040000 0.000000
vt 0.947500 0.040000 0.000000
vt 0.886000 0.000000 0.000000
vt 0.040000 0.040000 0.000000
vt 0.000000 0.000000 0.000000
vt 0.029647 0.041363 0.000000
vt 0.020000 0.045359 0.000000
vt 0.886000 0.040000 0.000000
vt 0.011716 0.051716 0.000000
vt 0.005359 0.060000 0.000000
vt 0.001363 0.069647 0.000000
vt 0.000000 0.080000 0.000000
vt 0.000000 0.000000 0.000000
vt 0.886000 0.000000 0.000000
vt 0.000000 0.040000 0.000000
vt 0.886000 0.040000 0.000000
vt 0.000000 0.000000 0.000000
vt 0.947500 0.000000 0.000000
vt 0.000000 0.040000 0.000000
vt 0.947500 0.080000 0.000000
vt -0.100000 0.040000 0.000000
vt -1.047500 0.040000 0.000000
vt -0.100000 0.000000 0.000000
vt -1.047500 0.000000 0.000000
vt -4.440500 0.080000 0.000000
vt -2.095000 0.040000 0.000000
vt -1.147500 0.040000 0.000000
vt -4.440500 0.040000 0.000000
vt -4.240500 0.040000 0.000000
vt -3.242500 0.040000 0.000000
vt -3.142500 0.040000 0.000000
vt -4.240500 0.000000 0.000000
vt -3.242500 0.000000 0.000000
vt -3.142500 0.000000 0.000000
vt -2.195000 0.000000 0.000000
vt -2.195000 0.040000 0.000000
vt -2.095000 0.000000 0.000000
vt -1.147500 0.000000 0.000000
vt 0.836667 0.000000 0.000000
vt 0.040000 0.040000 0.000000
vt 0.000000 0.000000 0.000000
vt 0.029647 0.041363 0.000000
vt 0.020000 0.045359 0.000000
vt 0.836667 0.040000 0.000000
vt 0.011716 0.051716 0.000000
vt 0.005359 0.060000 0.000000
vt 0.001363 0.069647 0.000000
vt 0.000000 0.080000 0.000000
vt 0.000000 0.040000 0.000000
vt 0.000000 0.000000 0.000000
vt 0.796667 0.040000 0.000000
vt 0.836667 0.000000 0.000000
vt 0.807019 0.041363 0.000000
vt 0.816667 0.045359 0.000000
vt 0.824951 0.051716 0.000000
vt 0.831308 0.060000 0.000000
vt 0.835304 0.069647 0.000000
vt 0.836667 0.080000 0.000000
vt 0.000000 0.000000 0.000000
vt 0.836667 0.000000 0.000000
vt 0.000000 0.040000 0.000000
vt 0.836667 0.040000 0.000000
vt 0.000000 0.000000 0.000000
vt 0.947500 0.000000 0.000000
vt -0.000000 0.040000 0.000000
vt 0.947500 0.040000 0.000000
vt 0.000000 0.000000 0.000000
vt 0.884000 0.000000 0.000000
vt -0.000000 0.040000 0.000000
vt 0.884000 0.040000 0.000000
vt 0.000000 0.000000 0.000000
vt 0.884000 0.000000 0.000000
vt 0.000000 0.040000 0.000000
vt 0.884000 0.040000 0.000000
vt 0.000000 0.000000 0.000000
vt 0.947500 0.000000 0.000000
vt 0.000000 0.040000 0.000000
vt 0.947500 0.040000 0.000000
vt 0.000000 0.000000 0.000000
vt 0.884000 0.000000 0.000000
vt 0.000000 0.040000 0.000000
vt 0.884000 0.040000 0.000000
vt 0.000000 0.000000 0.000000
vt 0.884000 0.000000 0.000000
vt 0.000000 0.040000 0.000000
vt 0.884000 0.040000 0.000000
vt -0.000000 0.000000 0.000000
vt 0.947500 0.000000 0.000000
vt 0.000000 0.040000 0.000000
vt 0.947500 0.040000 0.000000
vt 0.000000 0.000000 0.000000
vt 0.886000 0.000000 0.000000
vt 0.000000 0.040000 0.000000
vt 0.886000 0.040000 0.000000
vt 0.000000 0.000000 0.000000
vt 0.947500 0.000000 0.000000
vt 0.000000 0.040000 0.000000
vt 0.947500 0.040000 0.000000
vt 0.000000 0.000000 0.000000
vt 0.886000 0.000000 0.000000
vt 0.000000 0.040000 0.000000
vt 0.886000 0.040000 0.000000
vt -0.450000 0.080000 0.000000
vt 1.822667 0.080000 0.000000
vt 0.986000 0.040000 0.000000
vt 1.822667 0.000000 0.000000
vt 0.986000 0.000000 0.000000
vt -0.450000 0.040000 0.000000
vt 0.000000 0.000000 0.000000
vt 0.947500 0.000000 0.000000
vt 0.000000 0.040000 0.000000
vt 0.947500 0.080000 0.000000
vt -0.100000 0.040000 0.000000
vt -1.047500 0.040000 0.000000
vt -0.100000 0.000000 0.000000
vt -1.047500 0.000000 0.000000
vt -4.440500 0.080000 0.000000
vt -2.095000 0.040000 0.000000
vt -1.147500 0.040000 0.000000
vt -4.440500 0.040000 0.000000
vt -4.240500 0.040000 0.000000
vt -3.242500 0.040000 0.000000
vt -3.142500 0.040000 0.000000
vt -4.240500 0.000000 0.000000
vt -3.242500 0.000000 0.000000
vt -3.142500 0.000000 0.000000
vt -2.195000 0.000000 0.000000
vt -2.195000 0.040000 0.000000
vt -2.095000 0.000000 0.000000
vt -1.147500 0.000000 0.000000
vt 0.836667 0.000000 0.000000
vt 0.040000 0.040000 0.000000
vt 0.000000 0.000000 0.000000
vt 0.029647 0.041363 0.000000
vt 0.020000 0.045359 0.000000
vt 0.836667 0.040000 0.000000
vt 0.011716 0.051716 0.000000
vt 0.005359 0.060000 0.000000
vt 0.001363 0.069647 0.000000
vt 0.000000 0.080000 0.000000
vt -0.000000 0.000000 0.000000
vt 0.947500 0.000000 0.000000
vt 0.000000 0.040000 0.000000
vt 0.947500 0.040000 0.000000
vt 0.000000 0.000000 0.000000
vt 0.886000 0.000000 0.000000
vt 0.000000 0.040000 0.000000
vt 0.886000 0.040000 0.000000
vt 0.000000 0.000000 0.000000
vt 0.947500 0.000000 0.000000
vt 0.000000 0.040000 0.000000
vt 0.947500 0.040000 0.000000
vt 0.000000 0.000000 0.000000
vt 0.886000 0.000000 0.000000
vt 0.000000 0.040000 0.000000
vt 0.886000 0.040000 0.000000
vt -0.000000 0.000000 0.000000
vt 0.947500 0.000000 0.000000
vt 0.000000 0.040000 0.000000
vt 0.947500 0.040000 0.000000
vt 0.000000 0.000000 0.000000
vt 0.886000 0.000000 0.000000
vt 0.000000 0.040000 0.000000
vt 0.886000 0.040000 0.000000
vt 0.000000 0.000000 0.000000
vt 0.947500 0.000000 0.000000
vt 0.000000 0.040000 0.000000
vt 0.947500 0.040000 0.000000
vt 0.000000 0.000000 0.000000
vt 0.886000 0.000000 0.000000
vt 0.000000 0.040000 0.000000
vt 0.886000 0.040000 0.000000
vt -0.000000 0.000000 0.000000
vt 0.947500 0.000000 0.000000
vt 0.000000 0.040000 0.000000
vt 0.947500 0.040000 0.000000
vt 0.000000 0.000000 0.000000
vt 0.886000 0.000000 0.000000
vt 0.000000 0.040000 0.000000
vt 0.886000 0.040000 0.000000
vt 0.000000 0.000000 0.000000
vt 0.947500 0.000000 0.000000
vt 0.000000 0.040000 0.000000
vt 0.947500 0.040000 0.000000
vt 0.000000 0.000000 0.000000
vt 0.886000 0.000000 0.000000
vt 0.000000 0.040000 0.000000
vt 0.886000 0.040000 0.000000
vt 0.000000 0.000000 0.000000
vt 0.947500 0.000000 0.000000
vt 0.000000 0.040000 0.000000
vt 0.947500 0.040000 0.000000
vt 0.000000 0.000000 0.000000
vt 0.884000 0.000000 0.000000
vt 0.000000 0.040000 0.000000
vt 0.884000 0.040000 0.000000
vt 0.000000 0.000000 0.000000
vt 0.884000 0.000000 0.000000
vt 0.000000 0.040000 0.000000
vt 0.884000 0.040000 0.000000
vt 0.000000 -0.000000 0.000000
vt 0.947500 0.000000 0.000000
vt 0.000000 0.040000 0.000000
vt 0.947500 0.040000 0.000000
vt 0.000000 0.000000 0.000000
vt 0.836667 0.000000 0.000000
vt 0.000000 0.040000 0.000000
vt 0.836667 0.040000 0.000000
vt 0.000000 0.000000 0.000000
vt 0.836667 0.000000 0.000000
vt -0.000000 0.040000 0.000000
vt 0.836667 0.040000 0.000000
vt 0.000000 0.000000 0.000000
vt 0.836667 0.000000 0.000000
vt 0.000000 0.040000 0.000000
vt 0.836667 0.040000 0.000000
vt 0.000000 -0.000000 0.000000
vt 0.998000 0.000000 0.000000
vt 0.000000 0.040000 0.000000
vt 0.998000 0.040000 0.000000
vt 0.000000 0.000000 0.000000
vt 0.836667 0.000000 0.000000
vt 0.000000 0.040000 0.000000
vt 0.836667 0.040000 0.000000
vt 0.000000 -0.000000 0.000000
vt 1.002000 0.000000 0.000000
vt 0.000000 0.040000 0.000000
vt 1.002000 0.040000 0.000000
vt -0.200000 0.080000 0.000000
vt 1.102000 0.040000 0.000000
vt 2.049500 0.040000 0.000000
vt 2.049500 0.000000 0.000000
vt 1.102000 0.000000 0.000000
vt 2.149500 0.040000 0.000000
vt 5.192000 0.080000 0.000000
vt 3.097000 0.040000 0.000000
vt 3.197000 0.040000 0.000000
vt 2.149500 0.000000 0.000000
vt 3.097000 0.000000 0.000000
vt 3.197000 0.000000 0.000000
vt 4.144500 0.000000 0.000000
vt 4.144500 0.040000 0.000000
vt 4.244500 0.040000 0.000000
vt 5.192000 0.000000 0.000000
vt 4.244500 0.000000 0.000000
vt -0.200000 0.040000 0.000000
vt 0.000000 0.000000 0.000000
vt 0.836667 0.000000 0.000000
vt 0.000000 0.040000 0.000000
vt 0.836667 0.040000 0.000000
vt 0.000000 0.000000 0.000000
vt 1.002000 0.000000 0.000000
vt 0.000000 0.040000 0.000000
vt 1.002000 0.040000 0.000000
vt 0.000000 0.000000 0.000000
vt 0.836667 0.000000 0.000000
vt 0.000000 0.040000 0.000000
vt 0.836667 0.040000 0.000000
vt 0.000000 0.000000 0.000000
vt 0.836667 0.000000 0.000000
vt 0.000000 0.040000 0.000000
vt 0.836667 0.040000 0.000000
vt 0.000000 0.000000 0.000000
vt 0.947500 0.000000 0.000000
vt 0.000000 0.040000 0.000000
vt 0.947500 0.040000 0.000000
vt 0.000000 0.000000 0.000000
vt 0.836667 0.000000 0.000000
vt 0.000000 0.040000 0.000000
vt 0.836667 0.040000 0.000000
vt 0.000000 0.000000 0.000000
vt 0.947500 0.000000 0.000000
vt 0.000000 0.040000 0.000000
vt 0.947500 0.040000 0.000000
vt 0.000000 0.000000 0.000000
vt 0.884000 0.000000 0.000000
vt 0.000000 0.040000 0.000000
vt 0.884000 0.040000 0.000000
vt 0.947500 0.000000 0.000000
vt 0.947500 0.040000 0.000000
vt 0.000000 -0.000000 0.000000
vt 0.000000 0.080000 0.000000
vt 1.047500 0.040000 0.000000
vt 1.995000 0.040000 0.000000
vt 1.995000 0.000000 0.000000
vt 1.047500 0.000000 0.000000
vt 2.095000 0.040000 0.000000
vt 4.340500 0.080000 0.000000
vt 3.042500 0.040000 0.000000
vt 3.142500 0.040000 0.000000
vt 2.095000 0.000000 0.000000
vt 3.042500 0.000000 0.000000
vt 3.142500 0.000000 0.000000
vt 4.140500 0.000000 0.000000
vt 4.140500 0.040000 0.000000
vt 4.340500 0.040000 0.000000
vt 0.000000 0.000000 0.000000
vt 0.884000 0.000000 0.000000
vt 0.000000 0.040000 0.000000
vt 0.884000 0.080000 0.000000
vt -0.250000 0.080000 0.000000
vt -0.250000 0.040000 0.000000
vt 0.000000 0.000000 0.000000
vt 1.995000 0.000000 0.000000
vt 0.000000 0.080000 0.000000
vt 1.995000 0.080000 0.000000
vt 0.000000 0.000000 0.000000
vt 0.884000 0.000000 0.000000
vt 0.000000 0.080000 0.000000
vt 0.884000 0.080000 0.000000
vt 0.000000 -0.000000 0.000000
vt 1.995000 0.000000 0.000000
vt 0.000000 0.080000 0.000000
vt 1.995000 0.080000 0.000000
vt 0.000000 0.000000 0.000000
vt 0.884000 0.000000 0.000000
vt 0.000000 0.080000 0.000000
vt 0.884000 0.080000 0.000000
vt 0.000000 -0.000000 0.000000
vt 0.947500 0.000000 0.000000
vt 0.000000 0.040000 0.000000
vt 0.947500 0.040000 0.000000
vt 0.000000 0.000000 0.000000
vt 0.836667 0.000000 0.000000
vt 0.000000 0.040000 0.000000
vt 0.836667 0.040000 0.000000
vt 0.000000 0.000000 0.000000
vt 0.836667 0.000000 0.000000
vt 0.000000 0.040000 0.000000
vt 0.836667 0.040000 0.000000
vt 0.000000 -0.000000 0.000000
vt 1.002000 0.000000 0.000000
vt 0.000000 0.040000 0.000000
vt 1.002000 0.040000 0.000000
vt 0.000000 0.000000 0.000000
vt 0.836667 0.000000 0.000000
vt 0.000000 0.040000 0.000000
vt 0.836667 0.040000 0.000000
vt 0.000000 0.000000 0.000000
vt 0.836667 0.000000 0.000000
vt 0.000000 0.040000 0.000000
vt 0.836667 0.040000 0.000000
vt 0.000000 -0.000000 0.000000
vt 0.947500 0.000000 0.000000
vt 0.000000 0.040000 0.000000
vt 0.947500 0.040000 0.000000
vt 0.000000 0.000000 0.000000
vt 0.836667 0.000000 0.000000
vt 0.000000 0.040000 0.000000
vt 0.836667 0.040000 0.000000
vt 0.000000 0.000000 0.000000
vt 0.836667 0.000000 0.000000
vt 0.000000 0.040000 0.000000
vt 0.836667 0.040000 0.000000
vt 0.000000 0.000000 0.000000
vt 0.836667 0.000000 0.000000
vt 0.000000 0.040000 0.000000
vt 0.836667 0.040000 0.000000
vt 0.000000 0.000000 0.000000
vt 0.947500 0.000000 0.000000
vt -0.000000 0.040000 0.000000
vt 0.947500 0.040000 0.000000
vt 0.000000 0.000000 0.000000
vt 0.836667 0.000000 0.000000
vt -0.000000 0.040000 0.000000
vt 0.836667 0.040000 0.000000
vt 0.000000 0.000000 0.000000
vt 0.836667 0.000000 0.000000
vt 0.000000 0.040000 0.000000
vt 0.836667 0.080000 0.000000
vt -0.936667 0.080000 0.000000
vt -0.100000 0.040000 0.000000
vt -0.936667 0.000000 0.000000
vt -0.100000 0.000000 0.000000
vt 0.000000 0.040000 0.000000
vt 0.000000 0.000000 0.000000
vt 0.796667 0.040000 0.000000
vt 0.836667 0.000000 0.000000
vt 0.807019 0.041363 0.000000
vt 0.816667 0.045359 0.000000
vt 0.824951 0.051716 0.000000
vt 0.831308 0.060000 0.000000
vt 0.835304 0.069647 0.000000
vt 0.836667 0.080000 0.000000
vt 0.836667 0.000000 0.000000
vt 0.040000 0.040000 0.000000
vt 0.000000 0.000000 0.000000
vt 0.029647 0.041363 0.000000
vt 0.020000 0.045359 0.000000
vt 0.836667 0.040000 0.000000
vt 0.011716 0.051716 0.000000
vt 0.005359 0.060000 0.000000
vt 0.001363 0.069647 0.000000
vt 0.000000 0.080000 0.000000
vt 0.836667 0.000000 0.000000
vt 0.836667 0.040000 0.000000
vt 0.000000 0.000000 0.000000
vt 0.000000 0.080000 0.000000
vt 0.936667 0.040000 0.000000
vt 1.773333 0.080000 0.000000
vt 1.773333 0.000000 0.000000
vt 0.936667 0.000000 0.000000
vt 0.000000 0.000000 0.000000
vt 0.836667 0.000000 0.000000
vt 0.000000 0.040000 0.000000
vt 0.836667 0.040000 0.000000
vt 0.000000 0.000000 0.000000
vt 0.947500 0.000000 0.000000
vt 0.000000 0.040000 0.000000
vt 0.947500 0.040000 0.000000
vt 0.000000 0.000000 0.000000
vt 0.836667 0.000000 0.000000
vt 0.000000 0.040000 0.000000
vt 0.836667 0.040000 0.000000
vt 0.000000 0.000000 0.000000
vt 0.334000 0.000000 0.000000
vt 0.000000 0.040000 0.000000
vt 0.334000 0.040000 0.000000
vt 0.040000 0.000000 0.000000
vt 0.000000 0.000000 0.000000
vt 0.040000 -0.095993 0.000000
vt 0.000000 -0.095993 0.000000
vt 0.040000 -0.191986 0.000000
vt -0.000000 -0.191986 0.000000
vt 0.040000 -0.287979 0.000000
vt -0.000000 -0.287979 0.000000
vt 0.040000 -0.383972 0.000000
vt -0.000000 -0.383972 0.000000
vt 0.040000 -0.479966 0.000000
vt 0.000000 -0.479966 0.000000
vt 0.040000 -0.575959 0.000000
vt -0.000000 -0.575959 0.000000
vt 0.040000 -0.671952 0.000000
vt -0.000000 -0.671952 0.000000
vt 0.040000 -0.767945 0.000000
vt 0.000000 -0.767945 0.000000
vt 0.040000 -0.863938 0.000000
vt 0.000000 -0.863938 0.000000
vt 0.000000 0.000000 0.000000
vt 0.452000 0.000000 0.000000
vt 0.000000 0.040000 0.000000
vt 0.452000 0.040000 0.000000
vt 0.000000 0.000000 0.000000
vt 0.884000 0.000000 0.000000
vt 0.000000 0.040000 0.000000
vt 0.884000 0.040000 0.000000
vt 0.000000 0.000000 0.000000
vt 0.836667 0.000000 0.000000
vt 0.000000 0.040000 0.000000
vt 0.836667 0.040000 0.000000
vt 0.000000 0.040000 0.000000
vt 0.000000 0.000000 0.000000
vt 0.796667 0.040000 0.000000
vt 0.836667 0.000000 0.000000
vt 0.807019 0.041363 0.000000
vt 0.816667 0.045359 0.000000
vt 0.824951 0.051716 0.000000
vt 0.831308 0.060000 0.000000
vt 0.835304 0.069647 0.000000
vt 0.836667 0.080000 0.000000
vt 0.000000 0.000000 0.000000
vt 0.947500 0.000000 0.000000
vt 0.000000 0.040000 0.000000
vt 0.947500 0.040000 0.000000
vt 0.000000 0.000000 0.000000
vt 0.884000 0.000000 0.000000
vt 0.000000 0.040000 0.000000
vt 0.884000 0.040000 0.000000
vt 0.000000 0.000000 0.000000
vt 0.884000 0.000000 0.000000
vt 0.000000 0.040000 0.000000
vt 0.884000 0.040000 0.000000
vt 0.000000 0.000000 0.000000
vt 0.200000 0.000000 0.000000
vt 0.000000 0.119952 0.000000
vt 0.200000 0.119952 0.000000
vt 0.000000 0.239903 0.000000
vt 0.200000 0.239903 0.000000
vt 0.000000 0.359855 0.000000
vt 0.200000 0.359855 0.000000
vt 0.000000 0.479807 0.000000
vt 0.200000 0.479807 0.000000
vt 0.000000 0.599759 0.000000
vt 0.200000 0.599759 0.000000
vt 0.000000 0.719710 0.000000
vt 0.200000 0.719710 0.000000
vt 0.000000 0.839662 0.000000
vt 0.200000 0.839662 0.000000
vt 0.000000 0.959614 0.000000
vt 0.200000 0.959614 0.000000
vt 0.000000 1.079565 0.000000
vt 0.200000 1.079565 0.000000
vt 0.000000 1.199517 0.000000
vt 0.200000 1.199517 0.000000
vt 0.000000 1.319469 0.000000
vt 0.200000 1.319469 0.000000
vt 0.000000 0.000000 0.000000
vt 0.200000 -0.000000 0.000000
vt -0.000000 0.119952 0.000000
vt 0.200000 0.119952 0.000000
vt 0.000000 0.239903 0.000000
vt 0.200000 0.239903 0.000000
vt -0.000000 0.359855 0.000000
vt 0.200000 0.359855 0.000000
vt -0.000000 0.479807 0.000000
vt 0.200000 0.479807 0.000000
vt -0.000000 0.599759 0.000000
vt 0.200000 0.599759 0.000000
vt 0.000000 0.719710 0.000000
vt 0.200000 0.719710 0.000000
vt 0.000000 0.839662 0.000000
vt 0.200000 0.839662 0.000000
vt 0.000000 0.959614 0.000000
vt 0.200000 0.959614 0.000000
vt 0.000000 1.079565 0.000000
vt 0.200000 1.079565 0.000000
vt -0.000000 1.199517 0.000000
vt 0.200000 1.199517 0.000000
vt -0.000000 1.319469 0.000000
vt 0.200000 1.319469 0.000000
vt 0.000000 -0.000000 0.000000
vt 0.200000 -0.000000 0.000000
vt 0.000000 0.119952 0.000000
vt 0.200000 0.119952 0.000000
vt 0.000000 0.239903 0.000000
vt 0.200000 0.239903 0.000000
vt 0.000000 0.359855 0.000000
vt 0.200000 0.359855 0.000000
vt 0.000000 0.479807 0.000000
vt 0.200000 0.479807 0.000000
vt -0.000000 0.599759 0.000000
vt 0.200000 0.599759 0.000000
vt -0.000000 0.719710 0.000000
vt 0.200000 0.719710 0.000000
vt 0.000000 0.839662 0.000000
vt 0.200000 0.839662 0.000000
vt 0.000000 0.959614 0.000000
vt 0.200000 0.959614 0.000000
vt 0.000000 1.079565 0.000000
vt 0.200000 1.079565 0.000000
vt 0.000000 1.199517 0.000000
vt 0.200000 1.199517 0.000000
vt 0.000000 1.319469 0.000000
vt 0.200000 1.319469 0.000000
vt 3.504500 0.200000 0.000000
vt 0.000000 0.200000 0.000000
vt 3.504500 0.160000 0.000000
vt 0.000000 0.000000 0.000000
vt 9.200000 0.000000 0.000000
vt 5.699500 0.160000 0.000000
vt 9.200000 0.200000 0.000000
vt 5.699500 0.200000 0.000000
vt 0.200000 0.000000 0.000000
vt 0.000000 0.119952 0.000000
vt 0.200000 0.119952 0.000000
vt -0.000000 0.239903 0.000000
vt 0.200000 0.239903 0.000000
vt 0.000000 0.359855 0.000000
vt 0.200000 0.359855 0.000000
vt 0.000000 0.479807 0.000000
vt 0.200000 0.479807 0.000000
vt -0.000000 0.599759 0.000000
vt 0.200000 0.599759 0.000000
vt -0.000000 0.719710 0.000000
vt 0.200000 0.719710 0.000000
vt -0.000000 0.839662 0.000000
vt 0.200000 0.839662 0.000000
vt 0.000000 0.959614 0.000000
vt 0.200000 0.959614 0.000000
vt 0.000000 1.079565 0.000000
vt 0.200000 1.079565 0.000000
vt 0.000000 1.199517 0.000000
vt 0.200000 1.199517 0.000000
vt 0.000000 1.319469 0.000000
vt 0.200000 1.319469 0.000000
vt 3.306000 0.200000 0.000000
vt 1.532667 0.200000 0.000000
vt 3.306000 0.160000 0.000000
vt 1.532667 0.160000 0.000000
vt 3.700000 0.000000 0.000000
vt 0.000000 0.000000 0.000000
vt 1.432667 0.160000 0.000000
vt 0.000000 0.200000 0.000000
vt 1.432667 0.200000 0.000000
vt 3.406000 0.160000 0.000000
vt 3.700000 0.200000 0.000000
vt 3.406000 0.200000 0.000000
vn 0.000000 -0.086603 -0.050000
vn 0.000000 -0.070711 -0.070711
vn 0.000000 -0.086603 -0.050000
vn 0.000000 -0.070711 -0.070711
vn 0.000000 -0.060876 -0.079335
vn 0.000000 -0.050000 -0.086603
vn 0.000000 -0.050000 -0.086603
vn 0.000000 -0.038268 -0.092388
vn 0.000000 -0.025882 -0.096593
vn 0.000000 -0.025882 -0.096593
vn 0.000000 -0.013053 -0.099144
vn 0.000000 -0.000000 -0.100000
vn 0.000000 -0.000000 -0.100000
vn 0.000000 -0.070711 -0.070711
vn 0.000000 -0.070711 -0.070711
vn 0.000000 -0.060876 -0.079335
vn 0.000000 -0.050000 -0.086603
vn 0.000000 -0.050000 -0.086603
vn 0.000000 -0.038268 -0.092388
vn 0.000000 -0.025882 -0.096593
vn 0.000000 -0.025882 -0.096593
vn 0.000000 -0.013053 -0.099144
vn 0.000000 0.000000 -0.100000
vn 0.000000 0.000000 -0.100000
vn 0.100000 0.000000 0.000000
vn 0.100000 0.000000 0.000000
vn 0.100000 0.000000 0.000000
vn 0.100000 0.000000 0.000000
vn 0.100000 0.000000 0.000000
vn 0.100000 0.000000 0.000000
vn 0.100000 0.000000 0.000000
vn 0.100000 0.000000 0.000000
vn 0.100000 0.000000 0.000000
vn 0.100000 0.000000 0.000000
vn 0.100000 0.000000 0.000000
vn 0.100000 0.000000 0.000000
vn 0.100000 0.000000 0.000000
vn 0.100000 0.000000 0.000000
vn 0.100000 0.000000 0.000000
vn 0.100000 0.000000 0.000000
vn 0.100000 0.000000 0.000000
vn 0.100000 0.000000 0.000000
vn 0.100000 0.000000 0.000000
vn 0.100000 0.000000 0.000000
vn 0.100000 0.000000 0.000000
vn 0.100000 0.000000 0.000000
vn 0.000000 -0.000000 -0.100000
vn -0.000000 0.013053 -0.099144
vn 0.000000 -0.000000 -0.100000
vn -0.000000 0.025882 -0.096593
vn -0.000000 0.025882 -0.096593
vn -0.000000 0.038268 -0.092388
vn -0.000000 0.050000 -0.086603
vn -0.000000 0.050000 -0.086603
vn -0.000000 0.060876 -0.079335
vn -0.000000 0.070711 -0.070711
vn -0.000000 0.070711 -0.070711
vn -0.000000 0.086603 -0.050000
vn -0.000000 0.086603 -0.050000
vn -0.000000 0.070711 -0.070711
vn -0.000000 0.070711 -0.070711
vn -0.000000 0.060876 -0.079335
vn -0.000000 0.050000 -0.086603
vn -0.000000 0.050000 -0.086603
vn -0.000000 0.038268 -0.092388
vn -0.000000 0.025882 -0.096593
vn -0.000000 0.025882 -0.096593
vn -0.000000 0.013053 -0.099144
vn 0.000000 -0.000000 -0.100000
vn 0.000000 -0.000000 -0.100000
vn 0.000000 0.000000 -0.100000
vn 0.000000 0.000000 -0.100000
vn 0.000000 0.000000 -0.100000
vn 0.000000 0.000000 -0.100000
vn 0.000000 0.000000 -0.100000
vn 0.000000 0.000000 -0.100000
vn 0.000000 0.000000 -0.100000
vn 0.000000 0.000000 -0.100000
vn 0.000000 0.000000 -0.100000
vn 0.000000 0.000000 -0.100000
vn 0.000000 0.000000 -0.100000
vn 0.000000 0.000000 -0.100000
vn 0.000000 0.000000 -0.100000
vn 0.000000 0.000000 -0.100000
vn 0.000000 0.000000 -0.100000
vn 0.000000 0.000000 -0.100000
vn 0.000000 0.000000 -0.100000
vn 0.000000 0.000000 -0.100000
vn 0.000000 0.000000 -0.100000
vn 0.000000 0.000000 -0.100000
vn 0.000000 0.000000 -0.100000
vn 0.000000 0.000000 -0.100000
vn 0.000000 0.000000 -0.100000
vn 0.000000 0.000000 -0.100000
vn 0.000000 0.000000 -0.100000
vn 0.000000 0.000000 -0.100000
vn 0.000000 0.000000 -0.100000
vn 0.000000 0.000000 -0.100000
vn 0.000000 0.000000 -0.100000
vn 0.000000 0.000000 -0.100000
vn 0.000000 0.000000 -0.100000
vn 0.000000 0.000000 -0.100000
vn 0.000000 0.000000 -0.100000
vn 0.000000 0.000000 -0.100000
vn 0.000000 0.000000 -0.100000
vn 0.000000 0.000000 -0.100000
vn 0.000000 0.000000 -0.100000
vn 0.000000 0.000000 -0.100000
vn 0.000000 0.000000 -0.100000
vn 0.000000 0.000000 -0.100000
vn 0.000000 0.000000 -0.100000
vn -0.070711 0.000000 -0.070711
vn -0.070711 0.000000 -0.070711
vn -0.070711 0.000000 -0.070711
vn -0.070711 0.000000 -0.070711
vn -0.070711 0.000000 -0.070711
vn -0.070711 0.000000 -0.070711
vn -0.070711 0.000000 -0.070711
vn -0.070711 0.000000 -0.070711
vn -0.070711 0.000000 -0.070711
vn -0.070711 0.000000 -0.070711
vn -0.070711 0.000000 -0.070711
vn -0.070711 0.000000 -0.070711
vn -0.070711 0.000000 -0.070711
vn -0.070711 0.000000 -0.070711
vn -0.070711 0.000000 -0.070711
vn -0.070711 0.000000 -0.070711
vn -0.070711 0.000000 -0.070711
vn 0.000000 0.070711 -0.070711
vn 0.000000 0.070711 -0.070711
vn 0.000000 0.070711 -0.070711
vn 0.000000 0.070711 -0.070711
vn 0.070711 0.000000 -0.070711
vn 0.070711 0.000000 -0.070711
vn 0.070711 0.000000 -0.070711
vn 0.070711 0.000000 -0.070711
vn 0.000000 -0.070711 -0.070711
vn 0.000000 -0.070711 -0.070711
vn 0.000000 -0.070711 -0.070711
vn 0.000000 -0.070711 -0.070711
vn -0.070711 0.000000 -0.070711
vn -0.070711 0.000000 -0.070711
vn -0.070711 0.000000 -0.070711
vn -0.070711 0.000000 -0.070711
vn -0.070711 0.000000 -0.070711
vn -0.070711 0.000000 -0.070711
vn -0.070711 0.000000 -0.070711
vn -0.070711 0.000000 -0.070711
vn -0.070711 0.000000 -0.070711
vn -0.070711 0.000000 -0.070711
vn -0.070711 0.000000 -0.070711
vn -0.070711 0.000000 -0.070711
vn -0.070711 0.000000 -0.070711
vn -0.070711 0.000000 -0.070711
vn -0.070711 0.000000 -0.070711
vn -0.070711 0.000000 -0.070711
vn -0.070711 0.000000 -0.070711
vn 0.000000 -0.100000 0.000000
vn 0.000000 -0.100000 0.000000
vn 0.000000 -0.100000 0.000000
vn 0.000000 -0.100000 0.000000
vn -0.100000 0.000000 -0.000000
vn -0.100000 0.000000 -0.000000
vn -0.099144 -0.013053 0.000000
vn -0.099144 -0.013053 0.000000
vn -0.096593 -0.025882 0.000000
vn -0.096593 -0.025882 0.000000
vn -0.092388 -0.038268 0.000000
vn -0.092388 -0.038268 0.000000
vn -0.086603 -0.050000 0.000000
vn -0.086603 -0.050000 0.000000
vn -0.079335 -0.060876 0.000000
vn -0.079335 -0.060876 0.000000
vn -0.070711 -0.070711 0.000000
vn -0.070711 -0.070711 0.000000
vn -0.060876 -0.079335 0.000000
vn -0.060876 -0.079335 0.000000
vn -0.050000 -0.086603 0.000000
vn -0.050000 -0.086603 0.000000
vn -0.038268 -0.092388 0.000000
vn -0.038268 -0.092388 0.000000
vn -0.025882 -0.096593 0.000000
vn -0.025882 -0.096593 0.000000
vn -0.013053 -0.099144 0.000000
vn -0.013053 -0.099144 0.000000
vn -0.100000 -0.000000 0.000000
vn -0.100000 -0.000000 0.000000
vn -0.100000 0.000000 -0.000000
vn -0.100000 0.000000 -0.000000
vn -0.025882 0.096593 -0.000000
vn -0.025882 0.096593 -0.000000
vn -0.000000 0.100000 -0.000000
vn -0.025882 0.096593 -0.000000
vn -0.025882 0.096593 -0.000000
vn -0.050000 0.086603 -0.000000
vn -0.050000 0.086603 -0.000000
vn -0.070711 0.070711 -0.000000
vn -0.070711 0.070711 -0.000000
vn -0.086603 0.050000 -0.000000
vn -0.086603 0.050000 -0.000000
vn -0.096593 0.025882 -0.000000
vn -0.096593 0.025882 -0.000000
vn -0.096593 0.025882 -0.000000
vn -0.096593 0.025882 -0.000000
vn -0.096593 0.025882 -0.000000
vn -0.086603 0.050000 -0.000000
vn -0.086603 0.050000 -0.000000
vn -0.070711 0.070711 -0.000000
vn -0.070711 0.070711 -0.000000
vn -0.050000 0.086603 -0.000000
vn -0.050000 0.086603 -0.000000
vn -0.025882 0.096593 -0.000000
vn -0.025882 0.096593 -0.000000
vn -0.000000 0.100000 -0.000000
vn -0.025882 0.096593 -0.000000
vn -0.025882 0.096593 -0.000000
vn -0.050000 0.086603 -0.000000
vn -0.050000 0.086603 -0.000000
vn -0.070711 0.070711 -0.000000
vn -0.070711 0.070711 -0.000000
vn -0.086603 0.050000 -0.000000
vn -0.086603 0.050000 -0.000000
vn -0.096593 0.025882 -0.000000
vn -0.096593 0.025882 -0.000000
vn -0.096593 0.025882 -0.000000
vn -0.050000 0.086603 -0.000000
vn -0.050000 0.086603 -0.000000
vn -0.070711 0.070711 -0.000000
vn -0.070711 0.070711 -0.000000
vn -0.086603 0.050000 -0.000000
vn -0.086603 0.050000 -0.000000
vn -0.096593 0.025882 -0.000000
vn -0.096593 0.025882 -0.000000
vn -0.086603 0.050000 -0.000000
vn -0.086603 0.050000 -0.000000
vn -0.070711 0.070711 -0.000000
vn -0.070711 0.070711 -0.000000
vn -0.050000 0.086603 -0.000000
vn -0.050000 0.086603 -0.000000
vn -0.025882 0.096593 -0.000000
vn -0.025882 0.096593 -0.000000
vn -0.025882 0.096593 -0.000000
vn -0.050000 0.086603 -0.000000
vn -0.070711 0.070711 -0.000000
vn -0.086603 0.050000 -0.000000
vn -0.050000 0.086603 -0.000000
vn -0.070711 0.070711 -0.000000
vn -0.086603 0.050000 -0.000000
vn -0.096593 0.025882 -0.000000
vn -0.025882 0.096593 -0.000000
vn -0.025882 0.096593 -0.000000
vn -0.025882 0.096593 -0.000000
vn -0.050000 0.086603 -0.000000
vn -0.050000 0.086603 -0.000000
vn -0.070711 0.070711 -0.000000
vn -0.050000 0.086603 -0.000000
vn -0.025882 0.096593 -0.000000
vn -0.050000 0.086603 -0.000000
vn -0.070711 0.070711 -0.000000
vn -0.086603 0.050000 -0.000000
vn -0.096593 0.025882 -0.000000
vn -0.025882 0.096593 -0.000000
vn -0.025882 0.096593 -0.000000
vn -0.025882 0.096593 -0.000000
vn -0.050000 0.086603 -0.000000
vn -0.050000 0.086603 -0.000000
vn -0.070711 0.070711 -0.000000
vn -0.086603 0.050000 -0.000000
vn -0.096593 0.025882 -0.000000
vn -0.070711 0.070711 -0.000000
vn -0.070711 0.070711 -0.000000
vn -0.086603 0.050000 -0.000000
vn -0.096593 0.025882 -0.000000
vn -0.070711 0.070711 -0.000000
vn -0.086603 0.050000 -0.000000
vn -0.096593 0.025882 -0.000000
vn -0.086603 0.050000 -0.000000
vn -0.086603 0.050000 -0.000000
vn -0.096593 0.025882 -0.000000
vn -0.096593 0.025882 -0.000000
vn -0.096593 0.025882 -0.000000
vn -0.000000 0.100000 -0.000000
vn -0.000000 0.100000 -0.000000
vn -0.000000 0.100000 -0.000000
vn -0.000000 0.100000 -0.000000
vn 0.096593 0.025882 0.000000
vn 0.096593 0.025882 0.000000
vn 0.100000 0.000000 0.000000
vn 0.096593 0.025882 0.000000
vn 0.096593 0.025882 0.000000
vn 0.086603 0.050000 0.000000
vn 0.086603 0.050000 0.000000
vn 0.070711 0.070711 0.000000
vn 0.070711 0.070711 0.000000
vn 0.050000 0.086603 0.000000
vn 0.050000 0.086603 0.000000
vn 0.025882 0.096593 0.000000
vn 0.025882 0.096593 0.000000
vn 0.025882 0.096593 0.000000
vn 0.025882 0.096593 0.000000
vn 0.025882 0.096593 0.000000
vn 0.050000 0.086603 0.000000
vn 0.050000 0.086603 0.000000
vn 0.070711 0.070711 0.000000
vn 0.070711 0.070711 0.000000
vn 0.086603 0.050000 0.000000
vn 0.086603 0.050000 0.000000
vn 0.096593 0.025882 0.000000
vn 0.096593 0.025882 0.000000
vn 0.100000 0.000000 0.000000
vn 0.096593 0.025882 0.000000
vn 0.096593 0.025882 0.000000
vn 0.086603 0.050000 0.000000
vn 0.086603 0.050000 0.000000
vn 0.070711 0.070711 0.000000
vn 0.070711 0.070711 0.000000
vn 0.050000 0.086603 0.000000
vn 0.050000 0.086603 0.000000
vn 0.025882 0.096593 0.000000
vn 0.025882 0.096593 0.000000
vn 0.025882 0.096593 0.000000
vn 0.086603 0.050000 0.000000
vn 0.086603 0.050000 0.000000
vn 0.070711 0.070711 0.000000
vn 0.070711 0.070711 0.000000
vn 0.050000 0.086603 0.000000
vn 0.050000 0.086603 0.000000
vn 0.025882 0.096593 0.000000
vn 0.025882 0.096593 0.000000
vn 0.050000 0.086603 0.000000
vn 0.050000 0.086603 0.000000
vn 0.070711 0.070711 0.000000
vn 0.070711 0.070711 0.000000
vn 0.086603 0.050000 0.000000
vn 0.086603 0.050000 0.000000
vn 0.096593 0.025882 0.000000
vn 0.096593 0.025882 0.000000
vn 0.096593 0.025882 0.000000
vn 0.086603 0.050000 0.000000
vn 0.070711 0.070711 0.000000
vn 0.050000 0.086603 0.000000
vn 0.086603 0.050000 0.000000
vn 0.070711 0.070711 0.000000
vn 0.050000 0.086603 0.000000
vn 0.025882 0.096593 0.000000
vn 0.096593 0.025882 0.000000
vn 0.096593 0.025882 0.000000
vn 0.096593 0.025882 0.000000
vn 0.086603 0.050000 0.000000
vn 0.086603 0.050000 0.000000
vn 0.070711 0.070711 0.000000
vn 0.086603 0.050000 0.000000
vn 0.096593 0.025882 0.000000
vn 0.086603 0.050000 0.000000
vn 0.070711 0.070711 0.000000
vn 0.050000 0.086603 0.000000
vn 0.025882 0.096593 0.000000
vn 0.096593 0.025882 0.000000
vn 0.096593 0.025882 0.000000
vn 0.096593 0.025882 0.000000
vn 0.086603 0.050000 0.000000
vn 0.086603 0.050000 0.000000
vn 0.070711 0.070711 0.000000
vn 0.050000 0.086603 0.000000
vn 0.025882 0.096593 0.000000
vn 0.070711 0.070711 0.000000
vn 0.070711 0.070711 0.000000
vn 0.050000 0.086603 0.000000
vn 0.025882 0.096593 0.000000
vn 0.070711 0.070711 0.000000
vn 0.050000 0.086603 0.000000
vn 0.025882 0.096593 0.000000
vn 0.050000 0.086603 0.000000
vn 0.050000 0.086603 0.000000
vn 0.025882 0.096593 0.000000
vn 0.025882 0.096593 0.000000
vn 0.025882 0.096593 0.000000
vn 0.100000 -0.000000 0.000000
vn 0.100000 -0.000000 0.000000
vn 0.100000 0.000000 0.000000
vn 0.100000 0.000000 0.000000
vn 0.013053 -0.099144 0.000000
vn 0.013053 -0.099144 0.000000
vn 0.025882 -0.096593 0.000000
vn 0.025882 -0.096593 0.000000
vn 0.038268 -0.092388 0.000000
vn 0.038268 -0.092388 0.000000
vn 0.050000 -0.086603 0.000000
vn 0.050000 -0.086603 0.000000
vn 0.060876 -0.079335 0.000000
vn 0.060876 -0.079335 0.000000
vn 0.070711 -0.070711 0.000000
vn 0.070711 -0.070711 0.000000
vn 0.079335 -0.060876 0.000000
vn 0.079335 -0.060876 0.000000
vn 0.086603 -0.050000 0.000000
vn 0.086603 -0.050000 0.000000
vn 0.092388 -0.038268 0.000000
vn 0.092388 -0.038268 0.000000
vn 0.096593 -0.025882 0.000000
vn 0.096593 -0.025882 0.000000
vn 0.099144 -0.013053 0.000000
vn 0.099144 -0.013053 0.000000
vn 0.000000 0.000000 0.100000
vn 0.000000 0.000000 0.100000
vn 0.000000 0.000000 0.100000
vn 0.000000 0.000000 0.100000
vn 0.000000 0.000000 0.100000
vn 0.000000 0.000000 0.100000
vn 0.000000 0.000000 0.100000
vn 0.000000 0.000000 0.100000
vn 0.000000 0.000000 0.100000
vn 0.000000 0.000000 0.100000
vn 0.000000 0.000000 0.100000
vn 0.000000 0.000000 0.100000
vn 0.000000 0.000000 0.100000
vn 0.000000 0.000000 0.100000
vn 0.000000 0.000000 0.100000
vn 0.000000 0.000000 0.100000
vn 0.000000 0.000000 0.100000
vn 0.000000 0.000000 0.100000
vn 0.000000 0.000000 0.100000
vn 0.000000 0.000000 0.100000
vn 0.000000 0.000000 0.100000
vn 0.000000 0.000000 0.100000
vn 0.000000 0.000000 0.100000
vn 0.000000 0.000000 0.100000
vn 0.000000 0.000000 0.100000
vn 0.000000 0.000000 0.100000
vn 0.000000 0.000000 0.100000
vn 0.000000 0.000000 0.100000
vn 0.000000 0.000000 0.100000
vn 0.000000 0.000000 0.100000
vn 0.000000 0.000000 0.100000
vn 0.000000 0.000000 0.100000
vn 0.000000 0.000000 0.100000
vn 0.000000 0.000000 0.100000
vn 0.000000 0.000000 0.100000
vn 0.000000 0.000000 0.100000
vn 0.000000 0.000000 0.100000
vn 0.000000 0.000000 0.100000
vn 0.000000 0.000000 0.100000
vn 0.000000 0.000000 0.100000
vn 0.000000 0.000000 0.100000
vn 0.000000 0.000000 0.100000
vn 0.000000 0.000000 0.100000
vn 0.000000 0.000000 0.100000
vn 0.000000 0.000000 0.100000
vn 0.000000 0.000000 0.100000
vn 0.000000 0.000000 0.100000
vn 0.000000 0.000000 0.100000
vn 0.000000 0.000000 0.100000
vn 0.000000 0.000000 0.100000
vn 0.000000 0.000000 0.100000
vn 0.000000 0.000000 0.100000
vn 0.000000 0.000000 0.100000
vn 0.000000 0.000000 0.100000
vn 0.000000 0.000000 0.100000
vn 0.000000 0.000000 0.100000
vn 0.000000 0.000000 0.100000
vn 0.000000 0.000000 0.100000
vn 0.000000 0.000000 0.100000
vn 0.000000 0.000000 0.100000
vn 0.000000 0.000000 0.100000
vn 0.000000 0.000000 0.100000
vn 0.000000 0.000000 0.100000
vn 0.000000 0.000000 0.100000
vn 0.000000 0.000000 0.100000
vn 0.000000 0.000000 0.100000
vn 0.000000 0.000000 0.100000
vn 0.000000 0.000000 0.100000
vn 0.000000 0.000000 0.100000
vn 0.000000 0.000000 0.100000
vn 0.000000 0.000000 0.100000
vn 0.000000 0.000000 0.100000
vn 0.000000 0.000000 0.100000
vn 0.000000 0.000000 0.100000
vn 0.000000 0.000000 0.100000
vn 0.000000 0.000000 0.100000
vn 0.000000 0.000000 0.100000
vn 0.000000 0.000000 0.100000
vn 0.000000 0.000000 0.100000
vn 0.000000 0.000000 0.100000
vn 0.000000 0.000000 0.100000
vn 0.000000 0.000000 0.100000
vn 0.000000 0.000000 0.100000
vn 0.000000 0.000000 0.100000
vn 0.000000 0.000000 0.100000
vn 0.000000 0.000000 0.100000
vn 0.000000 0.000000 0.100000
vn 0.000000 0.000000 0.100000
vn 0.000000 0.000000 0.100000
vn 0.000000 0.000000 0.100000
vn 0.000000 0.000000 0.100000
vn 0.000000 0.000000 0.100000
vn 0.000000 0.000000 0.100000
vn 0.000000 0.000000 0.100000
vn 0.000000 0.000000 0.100000
vn 0.000000 0.000000 0.100000
vn 0.000000 0.000000 0.100000
vn 0.000000 0.000000 0.100000
vn 0.000000 0.000000 0.100000
vn 0.000000 0.000000 0.100000
vn 0.000000 0.000000 0.100000
vn 0.000000 0.000000 0.100000
vn 0.000000 0.000000 0.100000
vn 0.000000 0.000000 0.100000
vn 0.000000 0.000000 0.100000
vn 0.000000 0.000000 0.100000
vn 0.000000 0.000000 0.100000
vn 0.000000 0.000000 0.100000
vn 0.000000 0.000000 0.100000
vn 0.000000 0.000000 0.100000
vn 0.000000 0.000000 0.100000
vn 0.000000 0.000000 0.100000
vn 0.000000 0.000000 0.100000
vn 0.000000 0.000000 0.100000
vn 0.000000 0.000000 0.100000
vn 0.000000 0.000000 0.100000
vn 0.000000 0.000000 0.100000
vn 0.000000 0.000000 0.100000
vn 0.000000 0.000000 0.100000
vn 0.000000 0.000000 0.100000
vn 0.000000 0.000000 0.100000
vn 0.000000 0.000000 0.100000
vn 0.000000 0.000000 0.100000
vn 0.000000 0.000000 0.100000
vn 0.000000 0.000000 0.100000
vn 0.000000 0.000000 0.100000
vn 0.000000 0.000000 0.100000
vn 0.000000 0.000000 0.100000
vn 0.000000 0.000000 0.100000
vn 0.000000 0.000000 0.100000
vn 0.000000 0.000000 0.100000
vn 0.000000 0.000000 0.100000
vn 0.000000 0.000000 0.100000
vn 0.000000 0.000000 0.100000
vn 0.000000 0.000000 0.100000
vn 0.000000 0.000000 0.100000
vn 0.000000 0.000000 0.100000
vn 0.000000 0.000000 0.100000
vn 0.000000 0.000000 0.100000
vn 0.000000 0.000000 0.100000
vn 0.000000 0.000000 0.100000
vn 0.000000 0.000000 0.100000
vn 0.000000 0.000000 0.100000
vn 0.000000 0.000000 0.100000
vn 0.000000 0.000000 0.100000
vn 0.000000 0.000000 0.100000
vn 0.000000 0.000000 0.100000
vn 0.000000 0.000000 0.100000
vn 0.000000 0.000000 0.100000
vn 0.000000 0.000000 0.100000
vn 0.000000 0.000000 0.100000
vn 0.000000 0.000000 0.100000
vn 0.000000 0.000000 0.100000
vn 0.000000 0.000000 0.100000
vn 0.000000 0.000000 0.100000
vn 0.000000 0.000000 0.100000
vn 0.000000 0.000000 0.100000
vn 0.000000 0.000000 0.100000
vn 0.000000 0.000000 0.100000
vn 0.000000 0.000000 0.100000
vn 0.000000 0.000000 0.100000
vn 0.000000 0.000000 0.100000
vn 0.000000 0.000000 0.100000
vn 0.000000 0.000000 0.100000
vn 0.000000 0.000000 0.100000
vn 0.000000 0.000000 0.100000
vn 0.000000 0.000000 0.100000
vn 0.000000 0.000000 0.100000
vn 0.000000 0.000000 0.100000
vn 0.000000 0.000000 0.100000
vn 0.000000 0.000000 0.100000
vn 0.000000 0.000000 0.100000
vn 0.000000 0.000000 0.100000
vn 0.000000 0.000000 0.100000
vn 0.000000 0.000000 0.100000
vn 0.000000 0.000000 0.100000
vn 0.000000 0.000000 0.100000
vn 0.000000 0.000000 0.100000
vn 0.000000 0.000000 0.100000
vn 0.000000 0.000000 0.100000
vn 0.000000 0.000000 0.100000
vn 0.000000 0.000000 0.100000
vn 0.000000 0.000000 0.100000
vn 0.000000 0.000000 0.100000
vn 0.000000 0.000000 0.100000
vn 0.000000 0.000000 0.100000
vn 0.000000 0.000000 0.100000
vn 0.000000 0.000000 0.100000
vn 0.000000 0.000000 0.100000
vn 0.000000 0.000000 0.100000
vn 0.000000 0.000000 0.100000
vn 0.000000 0.000000 0.100000
vn 0.000000 0.000000 0.100000
vn 0.000000 0.000000 0.100000
vn 0.000000 0.000000 0.100000
vn 0.000000 0.000000 0.100000
vn 0.000000 0.000000 0.100000
vn 0.000000 0.000000 0.100000
vn 0.000000 0.000000 0.100000
vn 0.000000 0.000000 0.100000
vn 0.000000 0.000000 0.100000
vn 0.000000 0.000000 0.100000
vn 0.000000 0.000000 0.100000
vn 0.000000 0.000000 0.100000
vn 0.000000 0.000000 0.100000
vn 0.000000 0.000000 0.100000
vn 0.000000 0.000000 0.100000
vn 0.000000 0.000000 0.100000
vn 0.000000 0.000000 0.100000
vn 0.000000 0.000000 0.100000
vn 0.000000 0.000000 0.100000
vn 0.000000 0.000000 0.100000
vn 0.000000 0.000000 0.100000
vn 0.000000 0.000000 0.100000
vn 0.000000 0.000000 0.100000
vn 0.000000 0.000000 0.100000
vn 0.000000 0.000000 0.100000
vn 0.000000 0.000000 0.100000
vn 0.000000 0.000000 0.100000
vn 0.000000 0.000000 0.100000
vn 0.000000 0.000000 0.100000
vn 0.000000 0.000000 0.100000
vn 0.000000 0.000000 0.100000
vn 0.000000 0.000000 0.100000
vn 0.000000 0.000000 0.100000
vn 0.000000 0.000000 0.100000
vn 0.000000 0.000000 0.100000
vn 0.000000 0.000000 0.100000
vn 0.000000 0.000000 0.100000
vn 0.000000 0.000000 0.100000
vn 0.000000 0.000000 0.100000
vn 0.000000 0.000000 0.100000
vn 0.000000 0.000000 0.100000
vn 0.000000 0.000000 0.100000
vn 0.000000 0.000000 0.100000
vn 0.000000 0.000000 0.100000
vn 0.000000 0.000000 0.100000
vn 0.000000 0.000000 0.100000
vn 0.000000 0.000000 0.100000
vn 0.000000 0.000000 0.100000
vn 0.000000 0.000000 0.100000
vn 0.000000 0.000000 0.100000
vn 0.000000 0.000000 0.100000
vn 0.000000 0.000000 0.100000
vn 0.000000 0.000000 0.100000
vn 0.000000 0.000000 0.100000
vn 0.000000 0.000000 0.100000
vn 0.000000 0.000000 0.100000
vn 0.000000 0.000000 0.100000
vn 0.000000 0.000000 0.100000
vn 0.000000 0.000000 0.100000
vn 0.000000 0.000000 0.100000
vn 0.000000 0.000000 0.100000
vn 0.000000 0.000000 0.100000
vn 0.000000 0.000000 0.100000
vn 0.000000 0.000000 0.100000
vn 0.000000 0.000000 0.100000
vn 0.000000 0.000000 0.100000
vn 0.000000 0.000000 0.100000
vn 0.000000 0.000000 0.100000
vn 0.000000 0.000000 0.100000
vn 0.000000 0.000000 0.100000
vn 0.000000 0.000000 0.100000
vn 0.000000 0.000000 0.100000
vn 0.000000 0.000000 0.100000
vn 0.000000 0.000000 0.100000
vn 0.000000 0.000000 0.100000
vn 0.000000 0.000000 0.100000
vn 0.000000 0.000000 0.100000
vn 0.000000 0.000000 0.100000
vn 0.000000 0.000000 0.100000
vn 0.000000 0.000000 0.100000
vn 0.000000 0.000000 0.100000
vn 0.000000 0.000000 0.100000
vn 0.000000 0.000000 0.100000
vn 0.000000 0.000000 0.100000
vn 0.000000 0.000000 0.100000
vn 0.000000 0.000000 0.100000
vn 0.000000 0.000000 0.100000
vn 0.000000 0.000000 0.100000
vn 0.000000 0.000000 0.100000
vn 0.000000 0.000000 0.100000
vn 0.000000 0.000000 0.100000
vn 0.000000 0.000000 0.100000
vn 0.000000 0.000000 0.100000
vn 0.000000 0.000000 0.100000
vn 0.000000 0.000000 0.100000
vn 0.000000 0.000000 0.100000
vn 0.000000 0.000000 0.100000
vn 0.000000 0.000000 0.100000
vn 0.000000 0.000000 0.100000
vn 0.000000 0.000000 0.100000
vn 0.000000 0.000000 0.100000
vn 0.000000 0.000000 0.100000
vn 0.000000 0.000000 0.100000
vn 0.000000 0.000000 0.100000
vn 0.000000 0.000000 0.100000
vn 0.000000 0.000000 0.100000
vn 0.000000 0.000000 0.100000
vn 0.000000 0.000000 0.100000
vn 0.000000 0.000000 0.100000
vn 0.000000 0.000000 0.100000
vn 0.000000 0.000000 0.100000
vn 0.000000 0.000000 0.100000
vn 0.000000 0.000000 0.100000
vn 0.000000 0.000000 0.100000
vn 0.000000 0.000000 0.100000
vn 0.000000 0.000000 0.100000
vn 0.000000 0.000000 0.100000
vn 0.000000 0.000000 0.100000
vn 0.000000 0.000000 0.100000
vn 0.000000 0.000000 0.100000
vn 0.000000 0.000000 0.100000
vn 0.000000 0.000000 0.100000
vn 0.000000 0.000000 0.100000
vn 0.000000 0.000000 0.100000
vn 0.000000 0.000000 0.100000
vn 0.000000 0.000000 0.100000
vn 0.000000 0.000000 0.100000
vn 0.000000 0.000000 0.100000
vn 0.000000 0.000000 0.100000
vn 0.000000 0.000000 0.100000
vn 0.000000 0.000000 0.100000
vn 0.000000 0.000000 0.100000
vn 0.000000 0.000000 0.100000
vn 0.000000 0.000000 0.100000
vn 0.000000 0.000000 0.100000
vn 0.000000 0.000000 0.100000
vn 0.000000 0.000000 0.100000
vn 0.000000 0.000000 0.100000
vn 0.000000 0.000000 0.100000
vn 0.000000 0.000000 0.100000
vn 0.000000 0.000000 0.100000
vn 0.000000 0.000000 0.100000
vn 0.000000 0.000000 0.100000
vn 0.000000 0.000000 0.100000
vn 0.000000 0.000000 0.100000
vn 0.000000 0.000000 0.100000
vn 0.000000 0.000000 0.100000
vn 0.000000 0.000000 0.100000
vn 0.000000 0.000000 0.100000
vn 0.000000 0.000000 0.100000
vn 0.000000 0.000000 0.100000
vn 0.000000 0.000000 0.100000
vn 0.000000 0.000000 0.100000
vn 0.000000 0.000000 0.100000
vn 0.000000 0.000000 0.100000
vn 0.000000 0.000000 0.100000
vn 0.000000 0.000000 0.100000
vn 0.000000 0.000000 0.100000
vn 0.000000 0.000000 0.100000
vn 0.000000 0.000000 0.100000
vn 0.000000 0.000000 0.100000
vn 0.000000 0.000000 0.100000
vn 0.000000 0.000000 0.100000
vn 0.000000 0.000000 0.100000
vn 0.000000 0.000000 0.100000
vn 0.000000 0.000000 0.100000
vn 0.000000 0.000000 0.100000
vn 0.000000 0.000000 0.100000
vn 0.000000 0.000000 0.100000
vn 0.000000 0.000000 0.100000
vn 0.000000 0.000000 0.100000
vn 0.000000 0.000000 0.100000
vn 0.000000 0.000000 0.100000
vn 0.000000 0.000000 0.100000
vn 0.000000 0.000000 0.100000
vn 0.000000 0.000000 0.100000
vn 0.000000 0.000000 0.100000
vn 0.000000 0.000000 0.100000
vn 0.000000 0.000000 0.100000
vn 0.000000 0.000000 0.100000
vn 0.000000 0.000000 0.100000
vn 0.000000 0.000000 0.100000
vn 0.000000 0.000000 0.100000
vn 0.000000 0.000000 0.100000
vn 0.000000 0.000000 0.100000
vn 0.000000 0.000000 0.100000
vn 0.000000 0.000000 0.100000
vn 0.000000 0.000000 0.100000
vn 0.000000 0.000000 0.100000
vn 0.000000 0.000000 0.100000
vn 0.000000 0.000000 0.100000
vn 0.000000 0.000000 0.100000
vn 0.000000 0.000000 0.100000
vn 0.000000 0.000000 0.100000
vn 0.000000 0.000000 0.100000
vn 0.000000 0.000000 0.100000
vn 0.000000 0.000000 0.100000
vn 0.000000 0.000000 0.100000
vn 0.000000 0.000000 0.100000
vn 0.000000 0.000000 0.100000
vn 0.000000 0.000000 0.100000
vn 0.000000 0.000000 0.100000
vn 0.000000 0.000000 0.100000
vn 0.000000 0.000000 0.100000
vn 0.000000 0.000000 0.100000
vn 0.000000 0.000000 0.100000
vn 0.000000 0.000000 0.100000
vn 0.000000 0.000000 0.100000
vn 0.000000 0.000000 0.100000
vn 0.000000 0.000000 0.100000
vn 0.000000 0.000000 0.100000
vn 0.000000 0.000000 0.100000
vn 0.000000 0.000000 0.100000
vn 0.000000 0.000000 0.100000
vn 0.000000 0.000000 0.100000
vn 0.000000 0.000000 0.100000
vn 0.000000 0.000000 0.100000
vn 0.000000 0.000000 0.100000
vn 0.000000 0.000000 0.100000
vn 0.000000 0.000000 0.100000
vn 0.000000 0.000000 0.100000
vn 0.000000 0.000000 0.100000
vn 0.000000 0.000000 0.100000
vn 0.000000 0.000000 0.100000
vn 0.000000 0.000000 0.100000
vn 0.000000 0.000000 0.100000
vn 0.000000 0.000000 0.100000
vn 0.000000 0.000000 0.100000
vn 0.000000 0.000000 0.100000
vn 0.000000 0.000000 0.100000
vn 0.000000 0.000000 0.100000
vn 0.000000 0.000000 0.100000
vn 0.000000 0.000000 0.100000
vn 0.000000 0.000000 0.100000
vn 0.000000 0.000000 0.100000
vn 0.000000 0.000000 0.100000
vn 0.000000 0.000000 0.100000
vn 0.000000 0.000000 0.100000
vn 0.000000 0.000000 0.100000
vn 0.000000 0.000000 0.100000
vn 0.000000 0.000000 0.100000
vn 0.000000 0.000000 0.100000
vn 0.000000 0.000000 0.100000
vn 0.000000 0.000000 0.100000
vn 0.000000 0.000000 0.100000
vn 0.000000 0.000000 0.100000
vn 0.000000 0.000000 0.100000
vn 0.000000 0.000000 0.100000
vn 0.000000 0.000000 0.100000
vn 0.000000 0.000000 0.100000
vn 0.000000 0.000000 0.100000
vn 0.000000 0.000000 0.100000
vn 0.000000 0.000000 0.100000
vn 0.000000 0.000000 0.100000
vn 0.000000 0.000000 0.100000
vn 0.000000 0.000000 0.100000
vn 0.000000 0.000000 0.100000
vn 0.000000 0.000000 0.100000
vn 0.000000 0.000000 0.100000
vn 0.000000 0.000000 0.100000
vn 0.000000 0.000000 0.100000
vn 0.000000 0.000000 0.100000
vn 0.000000 0.000000 0.100000
vn 0.000000 0.000000 0.100000
vn 0.000000 0.000000 0.100000
vn 0.000000 0.000000 0.100000
vn 0.000000 0.000000 0.100000
vn 0.000000 0.000000 0.100000
vn 0.000000 0.000000 0.100000
vn 0.000000 0.000000 0.100000
vn 0.000000 0.000000 0.100000
vn 0.000000 0.000000 0.100000
vn 0.000000 0.000000 0.100000
vn 0.000000 0.000000 0.100000
vn 0.000000 0.000000 0.100000
vn 0.000000 0.000000 0.100000
vn 0.000000 0.000000 0.100000
vn 0.000000 0.000000 0.100000
vn 0.000000 0.000000 0.100000
vn 0.000000 0.000000 0.100000
vn 0.000000 0.000000 0.100000
vn 0.000000 0.000000 0.100000
vn 0.000000 0.000000 0.100000
vn 0.000000 0.000000 0.100000
vn 0.000000 0.000000 0.100000
vn 0.000000 0.000000 0.100000
vn 0.000000 0.000000 0.100000
vn 0.000000 0.000000 0.100000
vn 0.000000 0.000000 0.100000
vn 0.000000 0.000000 0.100000
vn 0.000000 0.000000 0.100000
vn 0.000000 0.000000 0.100000
vn 0.000000 0.000000 0.100000
vn 0.000000 0.000000 0.100000
vn 0.000000 0.000000 0.100000
vn 0.000000 0.000000 0.100000
vn 0.000000 0.000000 0.100000
vn 0.000000 0.000000 0.100000
vn 0.000000 0.000000 0.100000
vn 0.000000 0.000000 0.100000
vn 0.000000 0.000000 0.100000
vn 0.000000 0.000000 0.100000
vn 0.000000 0.000000 0.100000
vn 0.000000 0.000000 0.100000
vn 0.000000 0.000000 0.100000
vn 0.000000 0.000000 0.100000
vn 0.000000 0.000000 0.100000
vn 0.000000 0.000000 0.100000
vn 0.000000 0.000000 0.100000
vn 0.000000 0.000000 0.100000
vn 0.000000 0.000000 0.100000
vn 0.000000 0.000000 0.100000
vn 0.000000 0.000000 0.100000
vn 0.000000 0.000000 0.100000
vn 0.000000 0.000000 0.100000
vn 0.000000 0.000000 0.100000
vn 0.000000 0.000000 0.100000
vn 0.000000 0.000000 0.100000
vn 0.000000 0.000000 0.100000
vn 0.000000 0.000000 0.100000
vn 0.000000 0.000000 0.100000
vn 0.000000 0.000000 0.100000
vn 0.000000 0.000000 0.100000
vn 0.000000 0.000000 0.100000
vn 0.000000 0.000000 0.100000
vn 0.000000 0.000000 0.100000
vn 0.000000 0.000000 0.100000
vn 0.000000 0.000000 0.100000
vn 0.000000 0.000000 0.100000
vn 0.000000 0.000000 0.100000
vn 0.000000 0.000000 0.100000
vn 0.000000 0.000000 0.100000
vn 0.000000 0.000000 0.100000
vn 0.000000 0.000000 0.100000
vn 0.000000 0.000000 0.100000
vn 0.000000 0.000000 0.100000
vn 0.000000 0.000000 0.100000
vn 0.000000 0.000000 0.100000
vn 0.000000 0.000000 0.100000
vn 0.000000 0.000000 0.100000
vn 0.000000 0.000000 0.100000
vn 0.000000 0.000000 0.100000
vn 0.000000 0.000000 0.100000
vn 0.000000 0.000000 0.100000
vn 0.000000 0.000000 0.100000
vn 0.000000 0.000000 0.100000
vn 0.000000 0.000000 0.100000
vn 0.000000 0.000000 0.100000
vn 0.000000 0.000000 0.100000
vn 0.000000 0.000000 0.100000
vn 0.000000 0.000000 0.100000
vn 0.000000 0.000000 0.100000
vn 0.000000 0.000000 0.100000
vn 0.000000 0.000000 0.100000
vn 0.000000 0.000000 0.100000
vn 0.000000 0.000000 0.100000
vn 0.000000 0.000000 0.100000
vn 0.000000 0.000000 0.100000
vn 0.000000 0.000000 0.100000
vn 0.000000 0.000000 0.100000
vn 0.000000 0.000000 0.100000
vn 0.000000 0.000000 0.100000
vn 0.000000 0.000000 0.100000
vn 0.000000 0.000000 0.100000
vn 0.000000 0.000000 0.100000
vn 0.000000 0.000000 0.100000
vn 0.000000 0.000000 0.100000
vn 0.000000 0.000000 0.100000
vn 0.000000 0.000000 0.100000
vn 0.000000 0.000000 0.100000
vn 0.000000 0.000000 0.100000
vn 0.000000 0.000000 0.100000
vn 0.000000 0.000000 0.100000
vn 0.000000 0.000000 0.100000
vn 0.000000 0.000000 0.100000
vn 0.000000 0.000000 0.100000
vn 0.000000 0.000000 0.100000
vn 0.000000 0.000000 0.100000
vn 0.000000 0.000000 0.100000
vn 0.000000 0.000000 0.100000
vn 0.000000 0.000000 0.100000
vn 0.000000 0.000000 0.100000
vn 0.000000 0.000000 0.100000
vn 0.000000 0.000000 0.100000
vn 0.000000 0.000000 0.100000
vn 0.000000 0.000000 0.100000
vn 0.000000 0.000000 0.100000
vn 0.000000 0.000000 0.100000
vn 0.000000 0.000000 0.100000
vn 0.000000 0.000000 0.100000
vn 0.000000 0.000000 0.100000
vn 0.000000 0.000000 0.100000
vn 0.000000 0.000000 0.100000
vn 0.000000 0.000000 0.100000
vn 0.000000 0.000000 0.100000
vn 0.000000 0.000000 0.100000
vn 0.000000 0.000000 0.100000
vn 0.000000 0.000000 0.100000
vn 0.000000 0.000000 0.100000
vn 0.000000 0.000000 0.100000
vn 0.000000 0.000000 0.100000
vn 0.000000 0.000000 0.100000
vn 0.000000 0.000000 0.100000
vn 0.000000 0.000000 0.100000
vn 0.000000 0.000000 0.100000
vn 0.000000 0.000000 0.100000
vn 0.000000 0.000000 0.100000
vn 0.000000 0.000000 0.100000
vn 0.000000 0.000000 0.100000
vn 0.000000 0.000000 0.100000
vn 0.000000 0.000000 0.100000
vn 0.000000 0.000000 0.100000
vn 0.000000 0.000000 0.100000
vn 0.000000 0.000000 0.100000
vn 0.000000 0.000000 0.100000
vn 0.000000 0.000000 0.100000
vn 0.000000 0.000000 0.100000
vn 0.000000 0.000000 0.100000
vn 0.000000 0.000000 0.100000
vn 0.000000 0.000000 0.100000
vn 0.000000 0.000000 0.100000
vn 0.000000 0.000000 0.100000
vn 0.000000 0.000000 0.100000
vn 0.000000 0.000000 0.100000
vn 0.000000 0.000000 0.100000
vn 0.000000 0.000000 0.100000
vn 0.000000 0.000000 0.100000
vn 0.000000 0.000000 0.100000
vn 0.000000 0.000000 0.100000
vn 0.000000 0.000000 0.100000
vn 0.000000 0.000000 0.100000
vn 0.000000 0.000000 0.100000
vn 0.000000 0.000000 0.100000
vn 0.000000 0.000000 0.100000
vn 0.000000 0.000000 0.100000
vn 0.000000 0.000000 0.100000
vn 0.000000 0.000000 0.100000
vn 0.000000 0.000000 0.100000
vn 0.000000 0.000000 0.100000
vn 0.000000 0.000000 0.100000
vn 0.000000 0.000000 0.100000
vn 0.000000 0.000000 0.100000
vn 0.000000 0.000000 0.100000
vn 0.000000 0.000000 0.100000
vn 0.000000 0.000000 0.100000
vn 0.000000 0.000000 0.100000
vn 0.000000 0.000000 0.100000
vn 0.000000 0.000000 0.100000
vn 0.000000 0.000000 0.100000
vn 0.000000 0.000000 0.100000
vn 0.000000 0.000000 0.100000
vn 0.000000 0.000000 0.100000
vn 0.000000 0.000000 0.100000
vn 0.000000 0.000000 0.100000
vn 0.000000 0.000000 0.100000
vn 0.000000 0.000000 0.100000
vn 0.000000 0.000000 0.100000
vn 0.000000 0.000000 0.100000
vn 0.000000 0.000000 0.100000
vn 0.000000 0.000000 0.100000
vn 0.000000 0.000000 0.100000
vn 0.000000 0.000000 0.100000
vn 0.000000 0.000000 0.100000
vn 0.000000 0.000000 0.100000
vn 0.000000 0.000000 0.100000
vn 0.000000 0.000000 0.100000
vn 0.000000 0.000000 0.100000
vn 0.000000 0.000000 0.100000
vn 0.000000 0.000000 0.100000
vn 0.000000 0.000000 0.100000
vn 0.000000 0.000000 0.100000
vn 0.000000 0.000000 0.100000
vn 0.000000 0.000000 0.100000
vn 0.000000 0.000000 0.100000
vn -0.100000 0.000000 0.000000
vn -0.100000 0.000000 0.000000
vn -0.100000 0.000000 0.000000
vn -0.100000 0.000000 0.000000
vn 0.000000 0.000000 -0.100000
vn 0.000000 0.000000 -0.100000
vn 0.000000 0.000000 -0.100000
vn 0.000000 0.000000 -0.100000
vn 0.000000 0.000000 -0.100000
vn 0.000000 0.000000 -0.100000
vn 0.000000 0.000000 -0.100000
vn 0.000000 0.000000 -0.100000
vn 0.000000 0.000000 -0.100000
vn 0.000000 0.000000 -0.100000
vn 0.000000 0.000000 -0.100000
vn 0.000000 0.000000 -0.100000
vn 0.000000 0.000000 -0.100000
vn 0.000000 0.000000 -0.100000
vn 0.000000 0.000000 -0.100000
vn 0.000000 0.000000 -0.100000
vn 0.000000 0.000000 -0.100000
vn 0.000000 0.000000 -0.100000
vn 0.000000 0.000000 -0.100000
vn 0.000000 0.000000 -0.100000
vn 0.000000 0.000000 -0.100000
vn 0.000000 0.000000 -0.100000
vn 0.000000 0.000000 -0.100000
vn 0.000000 0.000000 -0.100000
vn 0.000000 0.000000 -0.100000
vn 0.000000 0.000000 -0.100000
vn 0.000000 0.000000 -0.100000
vn 0.000000 0.000000 -0.100000
vn 0.000000 0.000000 -0.100000
vn 0.000000 0.000000 -0.100000
vn 0.000000 0.000000 -0.100000
vn 0.000000 0.000000 -0.100000
vn 0.000000 0.000000 -0.100000
vn 0.000000 0.000000 -0.100000
vn 0.000000 0.000000 -0.100000
vn 0.000000 0.000000 -0.100000
vn 0.000000 0.000000 -0.100000
vn 0.000000 0.000000 -0.100000
vn 0.000000 0.000000 -0.100000
vn 0.000000 0.000000 -0.100000
vn 0.000000 0.000000 -0.100000
vn 0.000000 0.000000 -0.100000
vn 0.000000 0.000000 -0.100000
vn 0.000000 0.000000 -0.100000
vn 0.000000 0.000000 -0.100000
vn 0.000000 0.000000 -0.100000
vn 0.000000 0.000000 -0.100000
vn 0.000000 0.000000 -0.100000
vn 0.000000 0.000000 -0.100000
vn 0.000000 0.000000 -0.100000
vn 0.000000 0.000000 -0.100000
vn 0.000000 0.000000 -0.100000
vn 0.000000 0.000000 -0.100000
vn 0.000000 0.000000 -0.100000
vn 0.000000 0.000000 -0.100000
vn 0.000000 0.000000 -0.100000
vn 0.000000 0.000000 -0.100000
vn 0.000000 0.000000 -0.100000
vn 0.000000 0.000000 -0.100000
vn 0.000000 0.000000 -0.100000
vn 0.000000 0.000000 -0.100000
vn 0.000000 0.000000 -0.100000
vn 0.000000 0.000000 -0.100000
vn 0.000000 0.000000 -0.100000
vn 0.000000 0.000000 -0.100000
vn 0.000000 0.000000 -0.100000
vn 0.000000 0.000000 -0.100000
vn 0.000000 0.000000 -0.100000
vn 0.000000 0.000000 -0.100000
vn 0.000000 0.000000 -0.100000
vn 0.000000 0.000000 -0.100000
vn 0.000000 0.000000 -0.100000
vn 0.000000 0.000000 -0.100000
vn 0.000000 0.000000 -0.100000
vn 0.000000 0.000000 -0.100000
vn 0.000000 0.000000 -0.100000
vn 0.000000 0.000000 -0.100000
vn 0.000000 0.000000 -0.100000
vn 0.000000 0.000000 -0.100000
vn 0.000000 0.000000 -0.100000
vn 0.000000 0.000000 -0.100000
vn 0.000000 0.000000 -0.100000
vn 0.000000 0.000000 -0.100000
vn 0.000000 0.000000 -0.100000
vn 0.000000 0.000000 -0.100000
vn 0.000000 0.000000 -0.100000
vn 0.000000 0.000000 -0.100000
vn 0.000000 0.000000 -0.100000
vn 0.000000 0.000000 -0.100000
vn 0.000000 0.000000 -0.100000
vn 0.000000 0.000000 -0.100000
vn 0.000000 0.000000 -0.100000
vn 0.000000 0.000000 -0.100000
vn 0.000000 0.000000 -0.100000
vn 0.000000 0.000000 -0.100000
vn 0.000000 0.000000 -0.100000
vn 0.000000 0.000000 -0.100000
vn 0.000000 0.000000 -0.100000
vn 0.000000 0.000000 -0.100000
vn 0.000000 0.000000 -0.100000
vn 0.000000 -0.100000 0.000000
vn 0.000000 -0.100000 0.000000
vn 0.000000 -0.100000 0.000000
vn 0.000000 -0.100000 0.000000
vn 0.000000 -0.100000 0.000000
vn 0.000000 -0.100000 0.000000
vn 0.000000 -0.100000 0.000000
vn 0.000000 -0.100000 0.000000
vn 0.000000 -0.100000 0.000000
vn 0.000000 -0.100000 0.000000
vn 0.000000 -0.100000 0.000000
vn 0.000000 -0.100000 0.000000
vn 0.000000 -0.100000 0.000000
vn 0.000000 -0.100000 0.000000
vn 0.000000 -0.100000 0.000000
vn 0.000000 -0.100000 0.000000
vn 0.000000 -0.100000 0.000000
vn 0.000000 -0.100000 0.000000
vn 0.000000 -0.100000 0.000000
vn 0.100000 0.000000 0.000000
vn 0.100000 0.000000 0.000000
vn 0.100000 0.000000 0.000000
vn 0.100000 0.000000 0.000000
vn 0.100000 0.000000 0.000000
vn 0.100000 0.000000 0.000000
vn 0.100000 0.000000 0.000000
vn 0.100000 0.000000 0.000000
vn 0.100000 0.000000 0.000000
vn 0.100000 0.000000 0.000000
vn 0.100000 0.000000 0.000000
vn 0.100000 0.000000 0.000000
vn 0.000000 0.000000 -0.100000
vn 0.000000 0.000000 -0.100000
vn 0.000000 0.000000 -0.100000
vn 0.000000 0.000000 -0.100000
vn 0.000000 0.000000 -0.100000
vn 0.000000 0.000000 -0.100000
vn 0.000000 0.000000 -0.100000
vn 0.000000 0.000000 -0.100000
vn 0.000000 0.000000 -0.100000
vn 0.000000 0.000000 -0.100000
vn 0.000000 0.000000 -0.100000
vn 0.000000 0.000000 -0.100000
vn 0.000000 0.000000 -0.100000
vn 0.000000 0.000000 -0.100000
vn 0.000000 0.000000 -0.100000
vn 0.000000 0.000000 -0.100000
vn 0.000000 0.000000 -0.100000
vn 0.000000 0.000000 -0.100000
vn 0.000000 0.000000 -0.100000
vn 0.000000 0.000000 -0.100000
vn 0.000000 0.000000 -0.100000
vn 0.000000 0.000000 -0.100000
vn 0.000000 0.000000 -0.100000
vn 0.000000 0.000000 -0.100000
vn 0.000000 0.000000 -0.100000
vn 0.000000 0.000000 -0.100000
vn 0.000000 0.000000 -0.100000
vn 0.000000 0.000000 -0.100000
vn 0.000000 0.000000 -0.100000
vn 0.000000 0.000000 -0.100000
vn 0.000000 0.000000 -0.100000
vn 0.000000 0.000000 -0.100000
vn 0.000000 0.000000 -0.100000
vn 0.000000 0.000000 -0.100000
vn 0.000000 0.000000 -0.100000
vn 0.000000 0.000000 -0.100000
vn 0.000000 0.000000 -0.100000
vn 0.000000 0.000000 -0.100000
vn 0.000000 0.000000 -0.100000
vn 0.000000 0.000000 -0.100000
vn 0.000000 0.000000 -0.100000
vn 0.000000 0.000000 -0.100000
vn 0.000000 0.000000 -0.100000
vn 0.000000 0.000000 -0.100000
vn 0.000000 0.000000 -0.100000
vn 0.000000 0.000000 -0.100000
vn 0.000000 0.000000 -0.100000
vn 0.000000 0.000000 -0.100000
vn 0.000000 0.000000 -0.100000
vn 0.000000 0.000000 -0.100000
vn 0.000000 0.000000 -0.100000
vn 0.000000 0.000000 -0.100000
vn 0.000000 0.000000 -0.100000
vn 0.000000 0.000000 -0.100000
vn 0.000000 0.000000 -0.100000
vn 0.000000 0.000000 -0.100000
vn 0.000000 0.000000 -0.100000
vn 0.000000 0.000000 -0.100000
vn 0.000000 0.000000 -0.100000
vn 0.000000 0.000000 -0.100000
vn 0.000000 0.000000 -0.100000
vn 0.000000 0.000000 -0.100000
vn 0.000000 0.000000 -0.100000
vn 0.000000 0.000000 -0.100000
vn 0.000000 0.000000 -0.100000
vn 0.000000 0.000000 -0.100000
vn 0.000000 0.000000 -0.100000
vn 0.000000 0.000000 -0.100000
vn 0.000000 0.000000 -0.100000
vn 0.000000 0.000000 -0.100000
vn 0.000000 0.000000 -0.100000
vn 0.000000 0.000000 -0.100000
vn 0.000000 0.000000 -0.100000
vn 0.000000 0.000000 -0.100000
vn 0.000000 0.000000 -0.100000
vn 0.000000 0.000000 -0.100000
vn 0.000000 0.000000 -0.100000
vn 0.000000 0.000000 -0.100000
vn 0.000000 0.000000 -0.100000
vn 0.000000 0.000000 -0.100000
vn 0.000000 0.000000 -0.100000
vn 0.000000 0.000000 -0.100000
vn 0.000000 0.000000 -0.100000
vn 0.000000 0.000000 -0.100000
vn 0.000000 0.000000 -0.100000
vn 0.000000 0.000000 -0.100000
vn 0.000000 0.000000 -0.100000
vn 0.000000 0.000000 -0.100000
vn 0.000000 0.000000 -0.100000
vn 0.000000 0.000000 -0.100000
vn 0.000000 0.000000 -0.100000
vn 0.000000 0.000000 -0.100000
vn 0.000000 0.000000 -0.100000
vn 0.000000 0.000000 -0.100000
vn 0.000000 0.000000 -0.100000
vn 0.000000 0.000000 -0.100000
vn 0.000000 0.000000 -0.100000
vn 0.000000 0.000000 -0.100000
vn 0.000000 0.000000 -0.100000
vn 0.000000 0.000000 -0.100000
vn 0.000000 0.000000 -0.100000
vn 0.000000 0.000000 -0.100000
vn 0.000000 0.000000 -0.100000
vn 0.000000 0.000000 -0.100000
vn 0.000000 0.000000 -0.100000
vn 0.000000 0.000000 -0.100000
vn 0.000000 0.000000 -0.100000
vn 0.000000 0.000000 -0.100000
vn 0.000000 0.000000 -0.100000
vn 0.000000 0.000000 -0.100000
vn 0.000000 0.000000 -0.100000
vn 0.000000 0.000000 -0.100000
vn 0.000000 0.000000 -0.100000
vn 0.000000 0.000000 -0.100000
vn 0.000000 0.000000 -0.100000
vn 0.000000 0.000000 -0.100000
vn 0.000000 0.000000 -0.100000
vn 0.000000 0.000000 -0.100000
vn 0.000000 0.000000 -0.100000
vn 0.000000 0.000000 -0.100000
vn 0.000000 0.000000 -0.100000
vn 0.000000 0.000000 -0.100000
vn 0.000000 0.000000 -0.100000
vn 0.000000 0.000000 -0.100000
vn 0.000000 0.000000 -0.100000
vn 0.000000 0.000000 -0.100000
vn 0.000000 0.000000 -0.100000
vn 0.000000 0.000000 -0.100000
vn 0.000000 0.000000 -0.100000
vn 0.000000 0.000000 -0.100000
vn 0.000000 0.000000 -0.100000
vn 0.000000 0.000000 -0.100000
vn 0.000000 0.000000 -0.100000
vn 0.000000 0.000000 -0.100000
vn 0.000000 0.000000 -0.100000
vn 0.000000 0.000000 -0.100000
vn 0.000000 0.000000 -0.100000
vn 0.000000 0.000000 -0.100000
vn 0.000000 0.000000 -0.100000
vn 0.000000 0.000000 -0.100000
vn 0.000000 0.000000 -0.100000
vn 0.000000 0.000000 -0.100000
vn 0.000000 0.000000 -0.100000
vn 0.000000 0.000000 -0.100000
vn 0.000000 0.000000 -0.100000
vn 0.000000 0.000000 -0.100000
vn 0.000000 0.000000 -0.100000
vn 0.000000 0.000000 -0.100000
vn 0.000000 0.000000 -0.100000
vn 0.000000 0.000000 -0.100000
vn 0.000000 0.000000 -0.100000
vn 0.000000 0.000000 -0.100000
vn 0.000000 0.000000 -0.100000
vn 0.000000 0.000000 -0.100000
vn 0.000000 0.000000 -0.100000
vn 0.000000 0.000000 -0.100000
vn 0.000000 0.000000 -0.100000
vn 0.000000 0.000000 -0.100000
vn 0.000000 0.000000 -0.100000
vn 0.000000 0.000000 -0.100000
vn 0.000000 0.000000 -0.100000
vn 0.000000 0.000000 -0.100000
vn 0.000000 0.000000 -0.100000
vn 0.000000 0.000000 -0.100000
vn 0.000000 0.000000 -0.100000
vn 0.000000 0.000000 -0.100000
vn 0.000000 0.000000 -0.100000
vn 0.000000 0.000000 -0.100000
vn 0.000000 0.000000 -0.100000
vn 0.000000 0.000000 -0.100000
vn 0.000000 0.000000 -0.100000
vn 0.000000 0.000000 -0.100000
vn 0.000000 0.000000 -0.100000
vn 0.000000 0.000000 -0.100000
vn 0.000000 0.000000 -0.100000
vn 0.000000 0.000000 -0.100000
vn 0.000000 0.000000 -0.100000
vn 0.000000 0.000000 -0.100000
vn 0.000000 0.000000 -0.100000
vn 0.000000 0.000000 -0.100000
vn 0.000000 0.000000 -0.100000
vn 0.000000 0.000000 -0.100000
vn 0.000000 0.000000 -0.100000
vn 0.000000 0.000000 -0.100000
vn 0.000000 0.000000 -0.100000
vn 0.000000 0.000000 -0.100000
vn 0.000000 0.000000 -0.100000
vn 0.000000 0.000000 -0.100000
vn 0.000000 0.000000 -0.100000
vn 0.000000 0.000000 -0.100000
vn 0.000000 0.000000 -0.100000
vn 0.000000 0.000000 -0.100000
vn 0.000000 0.000000 -0.100000
vn 0.000000 0.000000 -0.100000
vn 0.000000 0.000000 -0.100000
vn 0.000000 0.000000 -0.100000
vn 0.000000 0.000000 -0.100000
vn 0.000000 0.000000 -0.100000
vn 0.000000 0.000000 -0.100000
vn 0.000000 0.000000 -0.100000
vn 0.000000 0.000000 -0.100000
vn 0.000000 0.000000 -0.100000
vn 0.000000 0.000000 -0.100000
vn 0.000000 0.000000 -0.100000
vn 0.000000 0.000000 -0.100000
vn 0.000000 0.000000 -0.100000
vn 0.000000 0.000000 -0.100000
vn 0.000000 0.000000 -0.100000
vn 0.000000 0.000000 -0.100000
vn 0.000000 0.000000 -0.100000
vn 0.000000 0.000000 -0.100000
vn 0.000000 0.000000 -0.100000
vn 0.000000 0.000000 -0.100000
vn 0.000000 0.000000 -0.100000
vn 0.000000 0.000000 -0.100000
vn 0.000000 0.000000 -0.100000
vn 0.000000 0.000000 -0.100000
vn 0.000000 0.000000 -0.100000
vn 0.000000 0.000000 -0.100000
vn 0.000000 0.000000 -0.100000
vn 0.000000 0.000000 -0.100000
vn 0.000000 0.000000 -0.100000
vn 0.000000 0.000000 -0.100000
vn 0.000000 0.000000 -0.100000
vn 0.000000 0.000000 -0.100000
vn 0.000000 0.000000 -0.100000
vn 0.000000 0.000000 -0.100000
vn 0.088971 0.000000 -0.045654
vn 0.084836 0.000000 -0.052942
vn 0.080000 0.000000 -0.060000
vn 0.068868 0.000000 -0.072507
vn 0.064075 0.000000 -0.076775
vn 0.048507 0.000000 -0.087448
vn 0.044721 0.000000 -0.089443
vn 0.025052 0.000000 -0.096811
vn 0.022975 0.000000 -0.097325
vn 0.000000 0.000000 -0.100000
vn 0.000000 0.000000 -0.100000
vn 0.095394 0.000000 -0.030000
vn 0.095394 0.000000 -0.030000
vn 0.000000 0.000000 -0.100000
vn 0.000000 0.000000 -0.100000
vn 0.000000 0.000000 -0.100000
vn 0.000000 0.000000 -0.100000
vn 0.000000 0.000000 -0.100000
vn 0.000000 0.000000 -0.100000
vn 0.000000 0.000000 -0.100000
vn 0.000000 0.000000 -0.100000
vn 0.000000 0.000000 -0.100000
vn 0.000000 0.000000 -0.100000
vn 0.000000 0.000000 -0.100000
vn 0.000000 0.000000 -0.100000
vn 0.000000 0.000000 -0.100000
vn 0.000000 0.000000 -0.100000
vn 0.000000 0.000000 -0.100000
vn 0.000000 0.000000 -0.100000
vn 0.000000 0.000000 -0.100000
vn 0.000000 0.000000 -0.100000
vn 0.000000 0.000000 -0.100000
vn 0.000000 0.000000 -0.100000
vn 0.000000 0.000000 -0.100000
vn 0.000000 0.000000 -0.100000
vn 0.000000 0.000000 -0.100000
vn 0.000000 0.000000 -0.100000
vn 0.000000 0.000000 -0.100000
vn 0.000000 0.000000 -0.100000
vn 0.000000 0.000000 -0.100000
vn 0.000000 0.000000 -0.100000
vn 0.000000 0.000000 -0.100000
vn 0.000000 0.000000 -0.100000
vn 0.000000 0.000000 -0.100000
vn 0.000000 0.000000 -0.100000
vn 0.000000 0.000000 -0.100000
vn 0.000000 0.000000 -0.100000
vn 0.000000 0.000000 -0.100000
vn 0.000000 0.000000 -0.100000
vn 0.000000 0.000000 -0.100000
vn 0.000000 0.000000 -0.100000
vn 0.000000 0.000000 -0.100000
vn 0.000000 0.000000 -0.100000
vn 0.000000 0.000000 -0.100000
vn 0.000000 0.000000 -0.100000
vn 0.000000 0.000000 -0.100000
vn 0.000000 0.000000 -0.100000
vn 0.000000 0.000000 -0.100000
vn 0.000000 0.000000 -0.100000
vn 0.000000 0.000000 -0.100000
vn 0.000000 0.000000 -0.100000
vn 0.000000 0.000000 -0.100000
vn 0.000000 0.000000 -0.100000
vn 0.000000 0.000000 -0.100000
vn 0.000000 0.000000 -0.100000
vn 0.000000 0.000000 -0.100000
vn 0.000000 0.000000 -0.100000
vn 0.000000 0.000000 -0.100000
vn 0.000000 0.000000 -0.100000
vn 0.000000 0.000000 -0.100000
vn 0.000000 0.000000 -0.100000
vn 0.000000 0.000000 -0.100000
vn 0.000000 0.000000 -0.100000
vn 0.000000 0.000000 -0.100000
vn 0.000000 0.000000 -0.100000
vn 0.000000 0.000000 -0.100000
vn 0.000000 0.000000 -0.100000
vn 0.000000 0.000000 -0.100000
vn 0.000000 0.000000 -0.100000
vn 0.000000 0.000000 -0.100000
vn 0.000000 0.000000 -0.100000
vn 0.000000 0.000000 -0.100000
vn 0.000000 0.000000 -0.100000
vn 0.000000 0.000000 -0.100000
vn 0.000000 0.000000 -0.100000
vn 0.000000 0.000000 -0.100000
vn 0.000000 0.000000 -0.100000
vn 0.000000 0.000000 -0.100000
vn 0.000000 0.000000 -0.100000
vn 0.000000 0.000000 -0.100000
vn 0.000000 0.000000 -0.100000
vn 0.000000 0.000000 -0.100000
vn 0.000000 0.000000 -0.100000
vn 0.000000 0.000000 -0.100000
vn 0.000000 0.000000 -0.100000
vn 0.000000 0.000000 -0.100000
vn 0.000000 0.000000 -0.100000
vn 0.000000 0.000000 -0.100000
vn 0.000000 0.000000 -0.100000
vn 0.000000 0.000000 -0.100000
vn 0.000000 0.000000 -0.100000
vn 0.000000 0.000000 -0.100000
vn 0.000000 0.000000 -0.100000
vn 0.000000 0.000000 -0.100000
vn 0.000000 0.000000 -0.100000
vn 0.000000 0.000000 -0.100000
vn 0.000000 0.000000 -0.100000
vn 0.000000 0.000000 -0.100000
vn 0.000000 0.000000 -0.100000
vn 0.000000 0.000000 -0.100000
vn 0.000000 0.000000 -0.100000
vn 0.000000 0.000000 -0.100000
vn 0.000000 0.000000 -0.100000
vn 0.000000 0.000000 -0.100000
vn 0.000000 0.000000 -0.100000
vn 0.000000 0.000000 -0.100000
vn 0.000000 0.000000 -0.100000
vn 0.000000 0.000000 -0.100000
vn 0.000000 0.000000 -0.100000
vn 0.000000 0.000000 -0.100000
vn 0.000000 0.000000 -0.100000
vn 0.000000 0.000000 -0.100000
vn 0.000000 0.000000 -0.100000
vn 0.000000 0.000000 -0.100000
vn 0.000000 0.000000 -0.100000
vn 0.000000 0.000000 -0.100000
vn 0.000000 0.000000 -0.100000
vn 0.000000 0.000000 -0.100000
vn 0.000000 0.000000 -0.100000
vn 0.000000 0.000000 -0.100000
vn 0.000000 0.000000 -0.100000
vn 0.000000 0.000000 -0.100000
vn 0.000000 0.000000 -0.100000
vn 0.000000 0.000000 -0.100000
vn 0.000000 0.000000 -0.100000
vn 0.000000 0.000000 -0.100000
vn 0.000000 0.000000 -0.100000
vn 0.000000 0.000000 -0.100000
vn 0.000000 0.000000 -0.100000
vn 0.000000 0.000000 -0.100000
vn 0.000000 0.000000 -0.100000
vn 0.000000 0.000000 -0.100000
vn 0.000000 0.000000 -0.100000
vn 0.000000 0.000000 -0.100000
vn 0.000000 0.000000 -0.100000
vn 0.000000 0.000000 -0.100000
vn 0.000000 0.000000 -0.100000
vn 0.000000 0.000000 -0.100000
vn 0.000000 0.000000 -0.100000
vn 0.000000 0.000000 -0.100000
vn 0.000000 0.000000 -0.100000
vn 0.000000 0.000000 -0.100000
vn 0.000000 0.000000 -0.100000
vn 0.000000 0.000000 -0.100000
vn 0.000000 0.000000 -0.100000
vn 0.000000 0.000000 -0.100000
vn 0.000000 0.000000 -0.100000
vn 0.000000 0.000000 -0.100000
vn 0.000000 0.000000 -0.100000
vn 0.000000 0.000000 -0.100000
vn 0.000000 0.000000 -0.100000
vn 0.000000 0.000000 -0.100000
vn 0.000000 0.000000 -0.100000
vn 0.000000 0.000000 -0.100000
vn 0.000000 0.000000 -0.100000
vn 0.000000 0.000000 -0.100000
vn 0.000000 0.000000 -0.100000
vn 0.000000 0.000000 -0.100000
vn 0.000000 0.000000 -0.100000
vn 0.000000 0.000000 -0.100000
vn 0.000000 0.000000 -0.100000
vn 0.000000 0.000000 -0.100000
vn 0.000000 0.000000 -0.100000
vn 0.000000 0.000000 -0.100000
vn 0.000000 0.000000 -0.100000
vn 0.000000 0.000000 -0.100000
vn 0.000000 0.000000 -0.100000
vn 0.000000 0.000000 -0.100000
vn 0.000000 0.000000 -0.100000
vn 0.000000 0.000000 -0.100000
vn 0.000000 0.000000 -0.100000
vn 0.000000 0.000000 -0.100000
vn 0.000000 0.000000 -0.100000
vn 0.000000 0.000000 -0.100000
vn 0.000000 0.000000 -0.100000
vn 0.000000 0.000000 -0.100000
vn 0.000000 0.000000 -0.100000
vn 0.000000 0.000000 -0.100000
vn 0.000000 0.000000 -0.100000
vn 0.000000 0.000000 -0.100000
vn 0.000000 0.000000 -0.100000
vn 0.000000 -0.100000 0.000000
vn 0.000000 -0.100000 0.000000
vn 0.000000 -0.100000 0.000000
vn 0.000000 -0.100000 0.000000
vn 0.000000 -0.100000 0.000000
vn 0.000000 -0.100000 0.000000
vn 0.000000 -0.100000 0.000000
vn 0.000000 -0.100000 0.000000
vn 0.000000 -0.100000 0.000000
vn 0.000000 -0.100000 0.000000
vn 0.000000 -0.100000 0.000000
vn 0.000000 -0.100000 0.000000
vn 0.000000 -0.100000 0.000000
vn 0.000000 -0.100000 0.000000
vn 0.000000 -0.100000 0.000000
vn 0.084836 0.000000 -0.052942
vn 0.081317 0.000000 -0.058203
vn 0.068868 0.000000 -0.072507
vn 0.071128 0.000000 -0.070291
vn 0.059161 0.000000 -0.080623
vn 0.048507 0.000000 -0.087448
vn 0.045715 0.000000 -0.088939
vn 0.031127 0.000000 -0.095032
vn 0.025052 0.000000 -0.096811
vn 0.015760 0.000000 -0.098750
vn -0.022975 0.000000 -0.097325
vn -0.025052 0.000000 -0.096811
vn -0.044721 0.000000 -0.089443
vn -0.048507 0.000000 -0.087448
vn -0.064075 0.000000 -0.076775
vn -0.068868 0.000000 -0.072507
vn -0.080000 0.000000 -0.060000
vn -0.084836 0.000000 -0.052942
vn -0.088971 0.000000 -0.045654
vn -0.095394 0.000000 -0.030000
vn -0.095394 0.000000 -0.030000
vn 0.000000 0.100000 0.000000
vn 0.000000 0.100000 0.000000
vn 0.000000 0.100000 0.000000
vn 0.000000 0.100000 0.000000
vn 0.000000 0.100000 0.000000
vn 0.000000 0.100000 0.000000
vn 0.000000 0.100000 0.000000
vn 0.000000 0.070711 -0.070711
vn 0.000000 0.070711 -0.070711
vn 0.000000 0.070711 -0.070711
vn 0.000000 0.070711 -0.070711
vn 0.000000 0.070711 -0.070711
vn 0.000000 0.070711 -0.070711
vn 0.000000 0.070711 -0.070711
vn 0.000000 0.070711 -0.070711
vn 0.000000 0.070711 -0.070711
vn 0.000000 0.070711 -0.070711
vn 0.000000 0.070711 -0.070711
vn 0.000000 0.070711 -0.070711
vn 0.000000 0.070711 -0.070711
vn 0.000000 0.070711 -0.070711
vn 0.000000 0.070711 -0.070711
vn 0.000000 0.070711 -0.070711
vn 0.000000 0.070711 -0.070711
vn -0.084836 0.000000 -0.052942
vn -0.081317 0.000000 -0.058203
vn -0.068868 0.000000 -0.072507
vn -0.071128 0.000000 -0.070291
vn -0.059161 0.000000 -0.080623
vn -0.048507 0.000000 -0.087448
vn -0.045715 0.000000 -0.088939
vn -0.031127 0.000000 -0.095032
vn -0.025052 0.000000 -0.096811
vn -0.015760 0.000000 -0.098750
vn -0.050000 -0.050000 -0.070711
vn -0.050000 -0.050000 -0.070711
vn -0.050000 -0.050000 -0.070711
vn -0.050000 -0.050000 -0.070711
vn 0.000000 -0.070711 -0.070711
vn 0.000000 -0.070711 -0.070711
vn 0.000000 -0.070711 -0.070711
vn 0.000000 -0.070711 -0.070711
vn 0.050000 -0.050000 -0.070711
vn 0.050000 -0.050000 -0.070711
vn 0.050000 -0.050000 -0.070711
vn 0.050000 -0.050000 -0.070711
vn 0.100000 0.000000 0.000000
vn 0.100000 0.000000 0.000000
vn 0.100000 0.000000 0.000000
vn 0.100000 0.000000 0.000000
vn 0.100000 0.000000 0.000000
vn -0.060104 0.037249 -0.070711
vn -0.057436 0.041245 -0.070711
vn -0.054902 0.044562 -0.070711
vn -0.054640 0.044883 -0.070711
vn -0.048816 0.051157 -0.070711
vn -0.048558 0.051401 -0.070711
vn -0.041943 0.056928 -0.070711
vn -0.041705 0.057103 -0.070711
vn -0.034395 0.061782 -0.070711
vn -0.034188 0.061896 -0.070711
vn -0.026293 0.065640 -0.070711
vn -0.026128 0.065706 -0.070711
vn -0.017768 0.068442 -0.070711
vn -0.017653 0.068472 -0.070711
vn -0.008956 0.070141 -0.070711
vn -0.008897 0.070149 -0.070711
vn -0.000000 0.070711 -0.070711
vn -0.000000 0.070711 -0.070711
vn 0.000000 0.070711 -0.070711
vn 0.000000 0.070711 -0.070711
vn 0.000000 0.070711 -0.070711
vn 0.000000 0.070711 -0.070711
vn 0.000000 0.070711 -0.070711
vn 0.000000 0.070711 -0.070711
vn 0.000000 0.070711 -0.070711
vn 0.000000 0.070711 -0.070711
vn 0.000000 0.070711 -0.070711
vn 0.000000 0.070711 -0.070711
vn 0.007692 0.070291 -0.070711
vn 0.009646 0.070050 -0.070711
vn 0.015249 0.069047 -0.070711
vn 0.019111 0.068079 -0.070711
vn 0.022542 0.067021 -0.070711
vn 0.028219 0.064836 -0.070711
vn 0.029458 0.064282 -0.070711
vn 0.034798 0.061556 -0.070711
vn 0.036799 0.060381 -0.070711
vn 0.039888 0.058386 -0.070711
vn 0.044692 0.054797 -0.070711
vn 0.044692 0.054797 -0.070711
vn -0.036518 0.060551 -0.070711
vn -0.039091 0.058923 -0.070711
vn -0.043741 0.055558 -0.070711
vn -0.048196 0.051741 -0.070711
vn -0.051583 0.048365 -0.070711
vn -0.056004 0.043169 -0.070711
vn -0.058257 0.040076 -0.070711
vn -0.062306 0.033435 -0.070711
vn -0.063612 0.030879 -0.070711
vn -0.066933 0.022803 -0.070711
vn -0.067526 0.020983 -0.070711
vn -0.069760 0.011557 -0.070711
vn -0.069910 0.010612 -0.070711
vn -0.070711 0.000000 -0.070711
vn -0.070711 0.000000 -0.070711
vn -0.070711 0.000000 -0.070711
vn -0.070711 0.000000 -0.070711
vn -0.070704 0.000967 -0.070711
vn -0.070704 0.000967 -0.070711
vn -0.070704 0.000967 -0.070711
vn -0.070704 0.000967 -0.070711
vn 0.000000 -0.070711 -0.070711
vn -0.015869 -0.068907 -0.070711
vn -0.018457 -0.068259 -0.070711
vn -0.030929 -0.063588 -0.070711
vn -0.044411 -0.055025 -0.070711
vn -0.035634 -0.061075 -0.070711
vn -0.055627 -0.043654 -0.070711
vn -0.050341 -0.049657 -0.070711
vn -0.064005 -0.030056 -0.070711
vn -0.061557 -0.034796 -0.070711
vn -0.069118 -0.014925 -0.070711
vn -0.068505 -0.017522 -0.070711
vn 0.000000 -0.070711 -0.070711
vn -0.007352 -0.070327 -0.070711
vn 0.000000 -0.070711 -0.070711
vn -0.009230 -0.070106 -0.070711
vn -0.014586 -0.069190 -0.070711
vn -0.018301 -0.068301 -0.070711
vn -0.021588 -0.067335 -0.070711
vn -0.027060 -0.065328 -0.070711
vn -0.028260 -0.064818 -0.070711
vn -0.035355 -0.061237 -0.070711
vn -0.035570 -0.061113 -0.070711
vn -0.042402 -0.056587 -0.070711
vn -0.043046 -0.056099 -0.070711
vn -0.048665 -0.051301 -0.070711
vn -0.050000 -0.050000 -0.070711
vn -0.054274 -0.045325 -0.070711
vn -0.056099 -0.043046 -0.070711
vn -0.059153 -0.038741 -0.070711
vn -0.061237 -0.035355 -0.070711
vn -0.063239 -0.031636 -0.070711
vn -0.065328 -0.027060 -0.070711
vn -0.066475 -0.024107 -0.070711
vn -0.068301 -0.018301 -0.070711
vn -0.068817 -0.016253 -0.070711
vn -0.070106 -0.009230 -0.070711
vn -0.070236 -0.008182 -0.070711
vn -0.068285 0.018363 -0.070711
vn -0.068285 0.018363 -0.070711
vn -0.061652 0.034627 -0.070711
vn -0.061652 0.034627 -0.070711
vn -0.051216 0.048754 -0.070711
vn -0.051216 0.048754 -0.070711
vn -0.037620 0.059873 -0.070711
vn -0.037620 0.059873 -0.070711
vn -0.021703 0.067298 -0.070711
vn -0.021703 0.067298 -0.070711
vn -0.004446 0.070571 -0.070711
vn -0.004446 0.070571 -0.070711
vn 0.013084 0.069490 -0.070711
vn 0.013084 0.069490 -0.070711
vn 0.029807 0.064121 -0.070711
vn 0.029807 0.064121 -0.070711
vn 0.000000 -0.070711 -0.070711
vn 0.000000 -0.070711 -0.070711
vn 0.000000 -0.070711 -0.070711
vn 0.000000 -0.070711 -0.070711
vn 0.000000 -0.070711 -0.070711
vn 0.000000 -0.070711 -0.070711
vn 0.013641 0.099065 0.000000
vn 0.013641 0.099065 0.000000
vn 0.027027 0.096279 0.000000
vn 0.027027 0.096279 0.000000
vn 0.039907 0.091692 0.000000
vn 0.039907 0.091692 0.000000
vn 0.052042 0.085391 0.000000
vn 0.052042 0.085391 0.000000
vn 0.063203 0.077494 0.000000
vn 0.063203 0.077494 0.000000
vn 0.042154 0.090681 0.000000
vn 0.063203 0.077494 0.000000
vn 0.042154 0.090681 0.000000
vn 0.018504 0.098273 0.000000
vn 0.018504 0.098273 0.000000
vn -0.006288 0.099802 0.000000
vn -0.006288 0.099802 0.000000
vn -0.030692 0.095173 0.000000
vn -0.030692 0.095173 0.000000
vn -0.053202 0.084673 0.000000
vn -0.053202 0.084673 0.000000
vn -0.072430 0.068948 0.000000
vn -0.072430 0.068948 0.000000
vn -0.087189 0.048970 0.000000
vn -0.087189 0.048970 0.000000
vn -0.096569 0.025970 0.000000
vn -0.096569 0.025970 0.000000
vn -0.099991 0.001367 0.000000
vn -0.099991 0.001367 0.000000
vn -0.099991 0.001367 0.000000
vn -0.099991 0.001367 0.000000
vn 0.000000 0.000000 -0.100000
vn 0.000000 0.000000 -0.100000
vn 0.000000 0.000000 -0.100000
vn 0.000000 0.000000 -0.100000
vn 0.000000 0.000000 -0.100000
vn -0.097747 -0.021108 0.000000
vn -0.097747 -0.021108 0.000000
vn -0.090516 -0.042506 0.000000
vn -0.090516 -0.042506 0.000000
vn -0.078668 -0.061736 0.000000
vn -0.078668 -0.061736 0.000000
vn -0.062806 -0.077816 0.000000
vn -0.062806 -0.077816 0.000000
vn -0.043740 -0.089927 0.000000
vn -0.043740 -0.089927 0.000000
vn -0.022443 -0.097449 0.000000
vn -0.022443 -0.097449 0.000000
vn 0.000000 -0.100000 0.000000
vn 0.000000 -0.100000 0.000000
vn 0.000000 -0.100000 0.000000
vn 0.000000 -0.100000 0.000000
vn -0.013053 -0.099144 0.000000
vn -0.013053 -0.099144 0.000000
vn -0.025882 -0.096593 0.000000
vn -0.025882 -0.096593 0.000000
vn -0.038268 -0.092388 0.000000
vn -0.038268 -0.092388 0.000000
vn -0.050000 -0.086603 0.000000
vn -0.050000 -0.086603 0.000000
vn -0.060876 -0.079335 0.000000
vn -0.060876 -0.079335 0.000000
vn -0.070711 -0.070711 0.000000
vn -0.070711 -0.070711 0.000000
vn -0.079335 -0.060876 0.000000
vn -0.079335 -0.060876 0.000000
vn -0.086603 -0.050000 0.000000
vn -0.086603 -0.050000 0.000000
vn -0.092388 -0.038268 0.000000
vn -0.092388 -0.038268 0.000000
vn -0.096593 -0.025882 0.000000
vn -0.096593 -0.025882 0.000000
vn -0.099144 -0.013053 0.000000
vn -0.099144 -0.013053 0.000000
vn -0.100000 -0.000000 0.000000
vn -0.100000 -0.000000 0.000000
vn -0.100000 0.000000 0.000000
vn -0.100000 0.000000 0.000000
vn -0.098655 0.016344 -0.000000
vn -0.098655 0.016344 -0.000000
vn -0.094658 0.032248 -0.000000
vn -0.094658 0.032248 -0.000000
vn -0.088115 0.047285 -0.000000
vn -0.088115 0.047285 -0.000000
vn -0.079202 0.061050 -0.000000
vn -0.079202 0.061050 -0.000000
vn -0.068159 0.073173 -0.000000
vn -0.068159 0.073173 -0.000000
vn -0.055283 0.083329 -0.000000
vn -0.055283 0.083329 -0.000000
vn 0.000000 0.100000 0.000000
vn 0.000000 0.100000 0.000000
vn 0.000000 0.100000 0.000000
vn 0.000000 0.100000 0.000000
vn 0.025882 0.096593 0.000000
vn 0.025882 0.096593 0.000000
vn 0.050000 0.086603 0.000000
vn 0.050000 0.086603 0.000000
vn 0.070711 0.070711 0.000000
vn 0.070711 0.070711 0.000000
vn 0.086603 0.050000 0.000000
vn 0.086603 0.050000 0.000000
vn 0.096593 0.025882 0.000000
vn 0.096593 0.025882 0.000000
vn 0.100000 -0.000000 0.000000
vn 0.100000 -0.000000 0.000000
vn 0.000000 0.100000 0.000000
vn 0.000000 0.100000 0.000000
vn 0.000000 0.100000 0.000000
vn 0.000000 0.100000 0.000000
vn 0.100000 0.000000 0.000000
vn 0.100000 0.000000 0.000000
vn 0.100000 0.000000 0.000000
vn 0.100000 0.000000 0.000000
vn 0.100000 -0.000000 0.000000
vn 0.100000 -0.000000 0.000000
vn 0.100000 -0.000000 0.000000
vn 0.100000 -0.000000 0.000000
vn 0.096593 -0.025882 0.000000
vn 0.096593 -0.025882 0.000000
vn 0.086603 -0.050000 0.000000
vn 0.086603 -0.050000 0.000000
vn 0.070711 -0.070711 0.000000
vn 0.070711 -0.070711 0.000000
vn 0.050000 -0.086603 0.000000
vn 0.050000 -0.086603 0.000000
vn 0.025882 -0.096593 0.000000
vn 0.025882 -0.096593 0.000000
vn 0.000000 -0.100000 0.000000
vn 0.000000 -0.100000 0.000000
vn 0.100000 0.000000 0.000000
vn 0.100000 0.000000 0.000000
vn 0.100000 0.000000 0.000000
vn 0.100000 0.000000 0.000000
vn 0.000000 -0.100000 0.000000
vn 0.000000 -0.100000 0.000000
vn 0.000000 -0.100000 0.000000
vn 0.000000 -0.100000 0.000000
vn 0.100000 0.000000 0.000000
vn 0.100000 0.000000 0.000000
vn 0.100000 0.000000 0.000000
vn 0.100000 0.000000 0.000000
vn 0.000000 -0.100000 0.000000
vn 0.000000 -0.100000 0.000000
vn 0.000000 -0.100000 0.000000
vn 0.000000 -0.100000 0.000000
vn 0.100000 -0.000000 0.000000
vn 0.100000 -0.000000 0.000000
vn 0.100000 -0.000000 0.000000
vn 0.100000 -0.000000 0.000000
vn 0.000000 -0.100000 0.000000
vn 0.000000 -0.100000 0.000000
vn 0.000000 -0.100000 0.000000
vn 0.000000 -0.100000 0.000000
vn 0.000000 0.100000 0.000000
vn 0.000000 0.100000 0.000000
vn 0.000000 0.100000 0.000000
vn 0.000000 0.100000 0.000000
vn 0.100000 0.000000 0.000000
vn 0.100000 0.000000 0.000000
vn 0.100000 0.000000 0.000000
vn 0.100000 0.000000 0.000000
vn 0.000000 0.100000 0.000000
vn 0.000000 0.100000 0.000000
vn 0.000000 0.100000 0.000000
vn 0.000000 0.100000 0.000000
vn 0.100000 0.000000 0.000000
vn 0.100000 0.000000 0.000000
vn 0.100000 0.000000 0.000000
vn 0.100000 0.000000 0.000000
vn 0.100000 0.000000 0.000000
vn 0.100000 0.000000 0.000000
vn 0.100000 0.000000 0.000000
vn 0.100000 0.000000 0.000000
vn 0.000000 -0.100000 0.000000
vn 0.000000 -0.100000 0.000000
vn 0.000000 -0.100000 0.000000
vn 0.000000 -0.100000 0.000000
vn 0.100000 0.000000 0.000000
vn 0.100000 0.000000 0.000000
vn 0.100000 0.000000 0.000000
vn 0.100000 0.000000 0.000000
vn 0.000000 -0.100000 0.000000
vn 0.000000 -0.100000 0.000000
vn 0.000000 -0.100000 0.000000
vn 0.000000 -0.100000 0.000000
vn 0.100000 0.000000 0.000000
vn 0.100000 0.000000 0.000000
vn 0.100000 0.000000 0.000000
vn 0.100000 0.000000 0.000000
vn 0.000000 -0.100000 0.000000
vn 0.000000 -0.100000 0.000000
vn 0.000000 -0.100000 0.000000
vn 0.000000 -0.100000 0.000000
vn 0.100000 0.000000 0.000000
vn 0.100000 0.000000 0.000000
vn 0.100000 0.000000 0.000000
vn 0.100000 0.000000 0.000000
vn 0.000000 -0.100000 0.000000
vn 0.000000 -0.100000 0.000000
vn 0.000000 -0.100000 0.000000
vn 0.000000 -0.100000 0.000000
vn 0.100000 0.000000 0.000000
vn 0.100000 0.000000 0.000000
vn 0.100000 0.000000 0.000000
vn 0.100000 0.000000 0.000000
vn 0.000000 -0.100000 0.000000
vn 0.000000 -0.100000 0.000000
vn 0.000000 -0.100000 0.000000
vn 0.000000 -0.100000 0.000000
vn 0.000000 0.100000 0.000000
vn 0.000000 0.100000 0.000000
vn 0.000000 0.100000 0.000000
vn 0.000000 0.100000 0.000000
vn 0.100000 0.000000 0.000000
vn 0.100000 0.000000 0.000000
vn 0.100000 0.000000 0.000000
vn 0.100000 0.000000 0.000000
vn 0.100000 0.000000 0.000000
vn 0.100000 0.000000 0.000000
vn 0.100000 0.000000 0.000000
vn 0.100000 0.000000 0.000000
vn 0.000000 -0.100000 0.000000
vn 0.000000 -0.100000 0.000000
vn 0.000000 -0.100000 0.000000
vn 0.000000 -0.100000 0.000000
vn 0.100000 0.000000 0.000000
vn 0.100000 0.000000 0.000000
vn 0.100000 0.000000 0.000000
vn 0.100000 0.000000 0.000000
vn 0.000000 -0.100000 0.000000
vn 0.000000 -0.100000 0.000000
vn 0.000000 -0.100000 0.000000
vn 0.000000 -0.100000 0.000000
vn 0.100000 0.000000 0.000000
vn 0.100000 0.000000 0.000000
vn 0.100000 0.000000 0.000000
vn 0.100000 0.000000 0.000000
vn 0.000000 -0.100000 0.000000
vn 0.000000 -0.100000 0.000000
vn 0.000000 -0.100000 0.000000
vn 0.000000 -0.100000 0.000000
vn 0.100000 0.000000 0.000000
vn 0.100000 0.000000 0.000000
vn 0.100000 0.000000 0.000000
vn 0.100000 0.000000 0.000000
vn 0.000000 -0.100000 0.000000
vn 0.000000 -0.100000 0.000000
vn 0.000000 -0.100000 0.000000
vn 0.000000 -0.100000 0.000000
vn 0.100000 0.000000 0.000000
vn 0.100000 0.000000 0.000000
vn 0.100000 0.000000 0.000000
vn 0.100000 0.000000 0.000000
vn 0.000000 -0.100000 0.000000
vn 0.000000 -0.100000 0.000000
vn 0.000000 -0.100000 0.000000
vn 0.000000 -0.100000 0.000000
vn 0.100000 0.000000 0.000000
vn 0.100000 0.000000 0.000000
vn 0.100000 0.000000 0.000000
vn 0.100000 0.000000 0.000000
vn 0.000000 -0.100000 0.000000
vn 0.000000 -0.100000 0.000000
vn 0.000000 -0.100000 0.000000
vn 0.000000 -0.100000 0.000000
vn 0.000000 0.100000 0.000000
vn 0.000000 0.100000 0.000000
vn 0.000000 0.100000 0.000000
vn 0.000000 0.100000 0.000000
vn 0.100000 0.000000 0.000000
vn 0.100000 0.000000 0.000000
vn 0.100000 0.000000 0.000000
vn 0.100000 0.000000 0.000000
vn 0.100000 0.000000 0.000000
vn 0.100000 0.000000 0.000000
vn 0.100000 0.000000 0.000000
vn 0.100000 0.000000 0.000000
vn 0.000000 -0.100000 0.000000
vn 0.000000 -0.100000 0.000000
vn 0.000000 -0.100000 0.000000
vn 0.000000 -0.100000 0.000000
vn 0.100000 0.000000 0.000000
vn 0.100000 0.000000 0.000000
vn 0.100000 0.000000 0.000000
vn 0.100000 0.000000 0.000000
vn 0.000000 -0.100000 0.000000
vn 0.000000 -0.100000 0.000000
vn 0.000000 -0.100000 0.000000
vn 0.000000 -0.100000 0.000000
vn 0.100000 0.000000 0.000000
vn 0.100000 0.000000 0.000000
vn 0.100000 0.000000 0.000000
vn 0.100000 0.000000 0.000000
vn 0.000000 -0.100000 0.000000
vn 0.000000 -0.100000 0.000000
vn 0.000000 -0.100000 0.000000
vn 0.000000 -0.100000 0.000000
vn 0.100000 0.000000 0.000000
vn 0.100000 0.000000 0.000000
vn 0.100000 0.000000 0.000000
vn 0.100000 0.000000 0.000000
vn 0.000000 -0.100000 0.000000
vn 0.000000 -0.100000 0.000000
vn 0.000000 -0.100000 0.000000
vn 0.000000 -0.100000 0.000000
vn 0.100000 -0.000000 0.000000
vn 0.100000 -0.000000 0.000000
vn 0.100000 -0.000000 0.000000
vn 0.100000 -0.000000 0.000000
vn 0.000000 -0.100000 0.000000
vn 0.000000 -0.100000 0.000000
vn 0.000000 -0.100000 0.000000
vn 0.000000 -0.100000 0.000000
vn 0.100000 0.000000 0.000000
vn 0.100000 0.000000 0.000000
vn 0.100000 0.000000 0.000000
vn 0.100000 0.000000 0.000000
vn 0.000000 -0.100000 0.000000
vn 0.000000 -0.100000 0.000000
vn 0.000000 -0.100000 0.000000
vn 0.000000 -0.100000 0.000000
vn 0.100000 0.000000 0.000000
vn 0.100000 0.000000 0.000000
vn 0.100000 0.000000 0.000000
vn 0.100000 0.000000 0.000000
vn 0.000000 -0.100000 0.000000
vn 0.000000 -0.100000 0.000000
vn 0.000000 -0.100000 0.000000
vn 0.000000 -0.100000 0.000000
vn 0.000000 0.100000 0.000000
vn 0.000000 0.100000 0.000000
vn 0.000000 0.100000 0.000000
vn 0.000000 0.100000 0.000000
vn 0.100000 0.000000 0.000000
vn 0.100000 0.000000 0.000000
vn 0.100000 0.000000 0.000000
vn 0.100000 0.000000 0.000000
vn 0.100000 0.000000 0.000000
vn 0.100000 0.000000 0.000000
vn 0.100000 0.000000 0.000000
vn 0.100000 0.000000 0.000000
vn 0.000000 -0.100000 0.000000
vn 0.000000 -0.100000 0.000000
vn 0.000000 -0.100000 0.000000
vn 0.000000 -0.100000 0.000000
vn 0.000000 0.100000 0.000000
vn 0.000000 0.100000 0.000000
vn 0.000000 0.100000 0.000000
vn 0.000000 0.100000 0.000000
vn 0.100000 0.000000 0.000000
vn 0.100000 0.000000 0.000000
vn 0.100000 0.000000 0.000000
vn 0.100000 0.000000 0.000000
vn 0.100000 0.000000 0.000000
vn 0.100000 0.000000 0.000000
vn 0.100000 0.000000 0.000000
vn 0.100000 0.000000 0.000000
vn 0.000000 -0.100000 0.000000
vn 0.000000 -0.100000 0.000000
vn 0.000000 -0.100000 0.000000
vn 0.000000 -0.100000 0.000000
vn -0.100000 0.000000 0.000000
vn -0.100000 0.000000 0.000000
vn -0.100000 0.000000 0.000000
vn -0.100000 0.000000 0.000000
vn 0.000000 0.100000 0.000000
vn 0.000000 0.100000 0.000000
vn 0.000000 0.100000 0.000000
vn 0.000000 0.100000 0.000000
vn 0.100000 0.000000 0.000000
vn 0.100000 0.000000 0.000000
vn 0.100000 0.000000 0.000000
vn 0.100000 0.000000 0.000000
vn 0.000000 -0.100000 0.000000
vn 0.000000 -0.100000 0.000000
vn 0.000000 -0.100000 0.000000
vn 0.000000 -0.100000 0.000000
vn 0.000000 0.100000 0.000000
vn 0.000000 0.100000 0.000000
vn 0.000000 0.100000 0.000000
vn 0.000000 0.100000 0.000000
vn 0.100000 0.000000 0.000000
vn 0.100000 0.000000 0.000000
vn 0.100000 0.000000 0.000000
vn 0.100000 0.000000 0.000000
vn 0.100000 0.000000 0.000000
vn 0.100000 0.000000 0.000000
vn 0.100000 0.000000 0.000000
vn 0.100000 0.000000 0.000000
vn 0.000000 -0.100000 0.000000
vn 0.000000 -0.100000 0.000000
vn 0.000000 -0.100000 0.000000
vn 0.000000 -0.100000 0.000000
vn 0.100000 0.000000 0.000000
vn 0.100000 0.000000 0.000000
vn 0.100000 0.000000 0.000000
vn 0.100000 0.000000 0.000000
vn 0.000000 -0.100000 0.000000
vn 0.000000 -0.100000 0.000000
vn 0.000000 -0.100000 0.000000
vn 0.000000 -0.100000 0.000000
vn 0.100000 0.000000 0.000000
vn 0.100000 0.000000 0.000000
vn 0.100000 0.000000 0.000000
vn 0.100000 0.000000 0.000000
vn 0.000000 -0.100000 0.000000
vn 0.000000 -0.100000 0.000000
vn 0.000000 -0.100000 0.000000
vn 0.000000 -0.100000 0.000000
vn 0.100000 -0.000000 0.000000
vn 0.100000 -0.000000 0.000000
vn 0.100000 -0.000000 0.000000
vn 0.100000 -0.000000 0.000000
vn 0.000000 -0.100000 0.000000
vn 0.000000 -0.100000 0.000000
vn 0.000000 -0.100000 0.000000
vn 0.000000 -0.100000 0.000000
vn 0.000000 0.100000 0.000000
vn 0.000000 0.100000 0.000000
vn 0.000000 0.100000 0.000000
vn 0.000000 0.100000 0.000000
vn 0.100000 0.000000 0.000000
vn 0.100000 0.000000 0.000000
vn 0.100000 0.000000 0.000000
vn 0.100000 0.000000 0.000000
vn 0.100000 0.000000 0.000000
vn 0.100000 0.000000 0.000000
vn 0.100000 0.000000 0.000000
vn 0.100000 0.000000 0.000000
vn 0.000000 -0.100000 0.000000
vn 0.000000 -0.100000 0.000000
vn 0.000000 -0.100000 0.000000
vn 0.000000 -0.100000 0.000000
vn 0.000000 0.100000 0.000000
vn 0.000000 0.100000 0.000000
vn 0.000000 0.100000 0.000000
vn 0.000000 0.100000 0.000000
vn 0.100000 0.000000 0.000000
vn 0.100000 0.000000 0.000000
vn 0.100000 0.000000 0.000000
vn 0.100000 0.000000 0.000000
vn 0.100000 0.000000 0.000000
vn 0.100000 0.000000 0.000000
vn 0.100000 0.000000 0.000000
vn 0.100000 0.000000 0.000000
vn 0.000000 -0.100000 0.000000
vn 0.000000 -0.100000 0.000000
vn 0.000000 -0.100000 0.000000
vn 0.000000 -0.100000 0.000000
vn 0.100000 0.000000 0.000000
vn 0.100000 0.000000 0.000000
vn 0.100000 0.000000 0.000000
vn 0.100000 0.000000 0.000000
vn 0.000000 -0.100000 0.000000
vn 0.000000 -0.100000 0.000000
vn 0.000000 -0.100000 0.000000
vn 0.000000 -0.100000 0.000000
vn 0.100000 0.000000 0.000000
vn 0.100000 0.000000 0.000000
vn 0.100000 0.000000 0.000000
vn 0.100000 0.000000 0.000000
vn 0.000000 -0.100000 0.000000
vn 0.000000 -0.100000 0.000000
vn 0.000000 -0.100000 0.000000
vn 0.000000 -0.100000 0.000000
vn 0.100000 0.000000 0.000000
vn 0.100000 0.000000 0.000000
vn 0.100000 0.000000 0.000000
vn 0.100000 0.000000 0.000000
vn 0.000000 -0.100000 0.000000
vn 0.000000 -0.100000 0.000000
vn 0.000000 -0.100000 0.000000
vn 0.000000 -0.100000 0.000000
vn 0.100000 0.000000 0.000000
vn 0.100000 0.000000 0.000000
vn 0.100000 0.000000 0.000000
vn 0.100000 0.000000 0.000000
vn 0.000000 -0.100000 0.000000
vn 0.000000 -0.100000 0.000000
vn 0.000000 -0.100000 0.000000
vn 0.000000 -0.100000 0.000000
vn 0.100000 0.000000 0.000000
vn 0.100000 0.000000 0.000000
vn 0.100000 0.000000 0.000000
vn 0.100000 0.000000 0.000000
vn 0.000000 -0.100000 0.000000
vn 0.000000 -0.100000 0.000000
vn 0.000000 -0.100000 0.000000
vn 0.000000 -0.100000 0.000000
vn 0.100000 0.000000 0.000000
vn 0.100000 0.000000 0.000000
vn 0.100000 0.000000 0.000000
vn 0.100000 0.000000 0.000000
vn 0.000000 -0.100000 0.000000
vn 0.000000 -0.100000 0.000000
vn 0.000000 -0.100000 0.000000
vn 0.000000 -0.100000 0.000000
vn 0.000000 0.100000 0.000000
vn 0.000000 0.100000 0.000000
vn 0.000000 0.100000 0.000000
vn 0.000000 0.100000 0.000000
vn 0.100000 0.000000 0.000000
vn 0.100000 0.000000 0.000000
vn 0.100000 0.000000 0.000000
vn 0.100000 0.000000 0.000000
vn 0.000000 0.100000 0.000000
vn 0.000000 0.100000 0.000000
vn 0.000000 0.100000 0.000000
vn 0.000000 0.100000 0.000000
vn 0.100000 0.000000 0.000000
vn 0.100000 0.000000 0.000000
vn 0.100000 0.000000 0.000000
vn 0.100000 0.000000 0.000000
vn 0.000000 0.100000 0.000000
vn 0.000000 0.100000 0.000000
vn 0.000000 0.100000 0.000000
vn 0.000000 0.100000 0.000000
vn 0.100000 0.000000 0.000000
vn 0.100000 0.000000 0.000000
vn 0.100000 0.000000 0.000000
vn 0.100000 0.000000 0.000000
vn 0.000000 0.100000 0.000000
vn 0.000000 0.100000 0.000000
vn 0.000000 0.100000 0.000000
vn 0.000000 0.100000 0.000000
vn 0.100000 0.000000 0.000000
vn 0.100000 0.000000 0.000000
vn 0.100000 0.000000 0.000000
vn 0.100000 0.000000 0.000000
vn 0.000000 0.100000 0.000000
vn 0.000000 0.100000 0.000000
vn 0.000000 0.100000 0.000000
vn 0.000000 0.100000 0.000000
vn 0.100000 0.000000 0.000000
vn 0.100000 0.000000 0.000000
vn 0.100000 0.000000 0.000000
vn 0.100000 0.000000 0.000000
vn 0.100000 0.000000 0.000000
vn 0.100000 0.000000 0.000000
vn 0.100000 0.000000 0.000000
vn 0.100000 0.000000 0.000000
vn 0.000000 -0.100000 0.000000
vn 0.000000 -0.100000 0.000000
vn 0.000000 -0.100000 0.000000
vn 0.000000 -0.100000 0.000000
vn 0.100000 0.000000 0.000000
vn 0.100000 0.000000 0.000000
vn 0.100000 0.000000 0.000000
vn 0.100000 0.000000 0.000000
vn 0.000000 -0.100000 0.000000
vn 0.000000 -0.100000 0.000000
vn 0.000000 -0.100000 0.000000
vn 0.000000 -0.100000 0.000000
vn 0.100000 0.000000 0.000000
vn 0.100000 0.000000 0.000000
vn 0.100000 0.000000 0.000000
vn 0.100000 0.000000 0.000000
vn 0.000000 -0.100000 0.000000
vn 0.000000 -0.100000 0.000000
vn 0.000000 -0.100000 0.000000
vn 0.000000 -0.100000 0.000000
vn 0.000000 0.100000 0.000000
vn 0.000000 0.100000 0.000000
vn 0.000000 0.100000 0.000000
vn 0.000000 0.100000 0.000000
vn 0.100000 0.000000 0.000000
vn 0.100000 0.000000 0.000000
vn 0.100000 0.000000 0.000000
vn 0.100000 0.000000 0.000000
vn 0.000000 0.100000 0.000000
vn 0.000000 0.100000 0.000000
vn 0.000000 0.100000 0.000000
vn 0.000000 0.100000 0.000000
vn 0.100000 0.000000 0.000000
vn 0.100000 0.000000 0.000000
vn 0.100000 0.000000 0.000000
vn 0.100000 0.000000 0.000000
vn 0.000000 0.100000 0.000000
vn 0.000000 0.100000 0.000000
vn 0.000000 0.100000 0.000000
vn 0.000000 0.100000 0.000000
vn 0.100000 0.000000 0.000000
vn 0.100000 0.000000 0.000000
vn 0.100000 0.000000 0.000000
vn 0.100000 0.000000 0.000000
vn 0.000000 0.100000 0.000000
vn 0.000000 0.100000 0.000000
vn 0.000000 0.100000 0.000000
vn 0.000000 0.100000 0.000000
vn 0.100000 0.000000 0.000000
vn 0.100000 0.000000 0.000000
vn 0.100000 0.000000 0.000000
vn 0.100000 0.000000 0.000000
vn -0.100000 0.000000 0.000000
vn -0.100000 0.000000 0.000000
vn -0.100000 0.000000 0.000000
vn -0.100000 0.000000 0.000000
vn 0.000000 0.100000 0.000000
vn 0.000000 0.100000 0.000000
vn 0.000000 0.100000 0.000000
vn 0.000000 0.100000 0.000000
vn 0.100000 0.000000 0.000000
vn 0.100000 0.000000 0.000000
vn 0.100000 0.000000 0.000000
vn 0.100000 0.000000 0.000000
vn -0.100000 0.000000 0.000000
vn -0.100000 0.000000 0.000000
vn -0.100000 0.000000 0.000000
vn -0.100000 0.000000 0.000000
vn 0.000000 0.100000 0.000000
vn 0.000000 0.100000 0.000000
vn 0.000000 0.100000 0.000000
vn 0.000000 0.100000 0.000000
vn 0.100000 0.000000 0.000000
vn 0.100000 0.000000 0.000000
vn 0.100000 0.000000 0.000000
vn 0.100000 0.000000 0.000000
vn -0.100000 0.000000 0.000000
vn -0.100000 0.000000 0.000000
vn -0.100000 0.000000 0.000000
vn -0.100000 0.000000 0.000000
vn 0.000000 0.100000 0.000000
vn 0.000000 0.100000 0.000000
vn 0.000000 0.100000 0.000000
vn 0.000000 0.100000 0.000000
vn 0.100000 0.000000 0.000000
vn 0.100000 0.000000 0.000000
vn 0.100000 0.000000 0.000000
vn 0.100000 0.000000 0.000000
vn -0.100000 0.000000 0.000000
vn -0.100000 0.000000 0.000000
vn -0.100000 0.000000 0.000000
vn -0.100000 0.000000 0.000000
vn 0.000000 0.100000 0.000000
vn 0.000000 0.100000 0.000000
vn 0.000000 0.100000 0.000000
vn 0.000000 0.100000 0.000000
vn 0.100000 0.000000 0.000000
vn 0.100000 0.000000 0.000000
vn 0.100000 0.000000 0.000000
vn 0.100000 0.000000 0.000000
vn -0.100000 0.000000 0.000000
vn -0.100000 0.000000 0.000000
vn -0.100000 0.000000 0.000000
vn -0.100000 0.000000 0.000000
vn 0.000000 0.100000 0.000000
vn 0.000000 0.100000 0.000000
vn 0.000000 0.100000 0.000000
vn 0.000000 0.100000 0.000000
vn 0.100000 0.000000 0.000000
vn 0.100000 0.000000 0.000000
vn 0.100000 0.000000 0.000000
vn 0.100000 0.000000 0.000000
vn -0.100000 0.000000 0.000000
vn -0.100000 0.000000 0.000000
vn -0.100000 0.000000 0.000000
vn -0.100000 0.000000 0.000000
vn 0.000000 0.100000 0.000000
vn 0.000000 0.100000 0.000000
vn 0.000000 0.100000 0.000000
vn 0.000000 0.100000 0.000000
vn -0.025882 0.096593 -0.000000
vn -0.025882 0.096593 -0.000000
vn -0.050000 0.086603 -0.000000
vn -0.050000 0.086603 -0.000000
vn -0.070711 0.070711 -0.000000
vn -0.070711 0.070711 -0.000000
vn -0.086603 0.050000 -0.000000
vn -0.086603 0.050000 -0.000000
vn -0.096593 0.025882 -0.000000
vn -0.096593 0.025882 -0.000000
vn -0.100000 0.000000 -0.000000
vn -0.100000 0.000000 -0.000000
vn -0.100000 0.000000 0.000000
vn -0.100000 0.000000 0.000000
vn 0.000000 0.100000 0.000000
vn 0.000000 0.100000 0.000000
vn 0.000000 0.100000 0.000000
vn 0.000000 0.100000 0.000000
vn 0.000000 -0.100000 0.000000
vn 0.000000 -0.100000 0.000000
vn 0.000000 -0.100000 0.000000
vn 0.000000 -0.100000 0.000000
vn -0.100000 0.000000 0.000000
vn -0.100000 0.000000 0.000000
vn -0.100000 0.000000 0.000000
vn -0.100000 0.000000 0.000000
vn 0.000000 0.100000 0.000000
vn 0.000000 0.100000 0.000000
vn 0.000000 0.100000 0.000000
vn 0.000000 0.100000 0.000000
vn 0.000000 -0.100000 0.000000
vn 0.000000 -0.100000 0.000000
vn 0.000000 -0.100000 0.000000
vn 0.000000 -0.100000 0.000000
vn -0.100000 0.000000 0.000000
vn -0.100000 0.000000 0.000000
vn -0.100000 0.000000 0.000000
vn -0.100000 0.000000 0.000000
vn 0.000000 0.100000 0.000000
vn 0.000000 0.100000 0.000000
vn 0.000000 0.100000 0.000000
vn 0.000000 0.100000 0.000000
vn 0.000000 -0.100000 0.000000
vn 0.000000 -0.100000 0.000000
vn 0.000000 -0.100000 0.000000
vn 0.000000 -0.100000 0.000000
vn -0.100000 0.000000 0.000000
vn -0.100000 0.000000 0.000000
vn -0.100000 0.000000 0.000000
vn -0.100000 0.000000 0.000000
vn 0.000000 0.100000 0.000000
vn 0.000000 0.100000 0.000000
vn 0.000000 0.100000 0.000000
vn 0.000000 0.100000 0.000000
vn 0.000000 -0.100000 0.000000
vn 0.000000 -0.100000 0.000000
vn 0.000000 -0.100000 0.000000
vn 0.000000 -0.100000 0.000000
vn -0.100000 0.000000 0.000000
vn -0.100000 0.000000 0.000000
vn -0.100000 0.000000 0.000000
vn -0.100000 0.000000 0.000000
vn 0.000000 0.100000 0.000000
vn 0.000000 0.100000 0.000000
vn 0.000000 0.100000 0.000000
vn 0.000000 0.100000 0.000000
vn 0.000000 -0.100000 0.000000
vn 0.000000 -0.100000 0.000000
vn 0.000000 -0.100000 0.000000
vn 0.000000 -0.100000 0.000000
vn -0.100000 0.000000 0.000000
vn -0.100000 0.000000 0.000000
vn -0.100000 0.000000 0.000000
vn -0.100000 0.000000 0.000000
vn 0.100000 -0.000000 0.000000
vn 0.100000 -0.000000 0.000000
vn 0.000000 -0.100000 0.000000
vn 0.000000 -0.100000 0.000000
vn 0.000000 -0.100000 0.000000
vn 0.000000 -0.100000 0.000000
vn -0.100000 0.000000 0.000000
vn -0.100000 0.000000 0.000000
vn -0.100000 0.000000 0.000000
vn -0.100000 0.000000 0.000000
vn 0.000000 -0.100000 0.000000
vn 0.000000 -0.100000 0.000000
vn 0.000000 -0.100000 0.000000
vn 0.000000 -0.100000 0.000000
vn -0.100000 0.000000 0.000000
vn -0.100000 0.000000 0.000000
vn -0.100000 0.000000 0.000000
vn -0.100000 0.000000 0.000000
vn 0.000000 -0.100000 0.000000
vn 0.000000 -0.100000 0.000000
vn -0.100000 0.000000 0.000000
vn -0.100000 0.000000 0.000000
vn -0.100000 0.000000 0.000000
vn -0.100000 0.000000 0.000000
vn 0.000000 0.100000 0.000000
vn 0.000000 0.100000 0.000000
vn 0.000000 0.100000 0.000000
vn 0.000000 0.100000 0.000000
vn -0.100000 0.000000 0.000000
vn -0.100000 0.000000 0.000000
vn -0.100000 0.000000 0.000000
vn -0.100000 0.000000 0.000000
vn 0.000000 0.100000 0.000000
vn 0.000000 0.100000 0.000000
vn 0.000000 0.100000 0.000000
vn 0.000000 0.100000 0.000000
vn -0.100000 0.000000 0.000000
vn -0.100000 0.000000 0.000000
vn -0.100000 0.000000 0.000000
vn -0.100000 0.000000 0.000000
vn 0.000000 0.100000 0.000000
vn 0.000000 0.100000 0.000000
vn 0.000000 0.100000 0.000000
vn 0.000000 0.100000 0.000000
vn -0.100000 0.000000 0.000000
vn -0.100000 0.000000 0.000000
vn -0.100000 0.000000 0.000000
vn -0.100000 0.000000 0.000000
vn 0.000000 0.100000 0.000000
vn 0.000000 0.100000 0.000000
vn 0.000000 0.100000 0.000000
vn 0.000000 0.100000 0.000000
vn 0.000000 -0.100000 0.000000
vn 0.000000 -0.100000 0.000000
vn 0.000000 -0.100000 0.000000
vn 0.000000 -0.100000 0.000000
vn -0.100000 0.000000 0.000000
vn -0.100000 0.000000 0.000000
vn -0.100000 0.000000 0.000000
vn -0.100000 0.000000 0.000000
vn 0.000000 -0.100000 0.000000
vn 0.000000 -0.100000 0.000000
vn 0.000000 -0.100000 0.000000
vn 0.000000 -0.100000 0.000000
vn -0.100000 0.000000 0.000000
vn -0.100000 0.000000 0.000000
vn -0.100000 0.000000 0.000000
vn -0.100000 0.000000 0.000000
vn -0.100000 0.000000 0.000000
vn -0.100000 0.000000 0.000000
vn -0.100000 0.000000 0.000000
vn -0.100000 0.000000 0.000000
vn 0.000000 0.100000 0.000000
vn 0.000000 0.100000 0.000000
vn 0.000000 0.100000 0.000000
vn 0.000000 0.100000 0.000000
vn -0.100000 0.000000 0.000000
vn -0.100000 0.000000 0.000000
vn -0.100000 0.000000 0.000000
vn -0.100000 0.000000 0.000000
vn 0.000000 0.100000 0.000000
vn 0.000000 0.100000 0.000000
vn 0.000000 0.100000 0.000000
vn 0.000000 0.100000 0.000000
vn -0.100000 0.000000 0.000000
vn -0.100000 0.000000 0.000000
vn -0.100000 0.000000 0.000000
vn -0.100000 0.000000 0.000000
vn 0.000000 0.100000 0.000000
vn 0.000000 0.100000 0.000000
vn 0.000000 0.100000 0.000000
vn 0.000000 0.100000 0.000000
vn -0.100000 0.000000 0.000000
vn -0.100000 0.000000 0.000000
vn -0.100000 0.000000 0.000000
vn -0.100000 0.000000 0.000000
vn 0.000000 0.100000 0.000000
vn 0.000000 0.100000 0.000000
vn 0.000000 0.100000 0.000000
vn 0.000000 0.100000 0.000000
vn -0.100000 0.000000 0.000000
vn -0.100000 0.000000 0.000000
vn -0.100000 0.000000 0.000000
vn -0.100000 0.000000 0.000000
vn 0.000000 0.100000 0.000000
vn 0.000000 0.100000 0.000000
vn 0.000000 0.100000 0.000000
vn 0.000000 0.100000 0.000000
vn 0.000000 -0.100000 0.000000
vn 0.000000 -0.100000 0.000000
vn 0.000000 -0.100000 0.000000
vn 0.000000 -0.100000 0.000000
vn -0.100000 0.000000 0.000000
vn -0.100000 0.000000 0.000000
vn -0.100000 0.000000 0.000000
vn -0.100000 0.000000 0.000000
vn -0.100000 0.000000 0.000000
vn -0.100000 0.000000 0.000000
vn -0.100000 0.000000 0.000000
vn -0.100000 0.000000 0.000000
vn 0.000000 0.100000 0.000000
vn 0.000000 0.100000 0.000000
vn 0.000000 0.100000 0.000000
vn 0.000000 0.100000 0.000000
vn -0.100000 0.000000 0.000000
vn -0.100000 0.000000 0.000000
vn -0.100000 0.000000 0.000000
vn -0.100000 0.000000 0.000000
vn 0.000000 0.100000 0.000000
vn 0.000000 0.100000 0.000000
vn 0.000000 0.100000 0.000000
vn 0.000000 0.100000 0.000000
vn -0.100000 0.000000 0.000000
vn -0.100000 0.000000 0.000000
vn -0.100000 0.000000 0.000000
vn -0.100000 0.000000 0.000000
vn 0.000000 0.100000 0.000000
vn 0.000000 0.100000 0.000000
vn 0.000000 0.100000 0.000000
vn 0.000000 0.100000 0.000000
vn -0.100000 0.000000 0.000000
vn -0.100000 0.000000 0.000000
vn -0.100000 0.000000 0.000000
vn -0.100000 0.000000 0.000000
vn 0.000000 0.100000 0.000000
vn 0.000000 0.100000 0.000000
vn 0.000000 0.100000 0.000000
vn 0.000000 0.100000 0.000000
vn -0.100000 0.000000 0.000000
vn -0.100000 0.000000 0.000000
vn -0.100000 0.000000 0.000000
vn -0.100000 0.000000 0.000000
vn 0.000000 0.100000 0.000000
vn 0.000000 0.100000 0.000000
vn 0.000000 0.100000 0.000000
vn 0.000000 0.100000 0.000000
vn -0.100000 0.000000 0.000000
vn -0.100000 0.000000 0.000000
vn -0.100000 0.000000 0.000000
vn -0.100000 0.000000 0.000000
vn 0.000000 0.100000 0.000000
vn 0.000000 0.100000 0.000000
vn 0.000000 0.100000 0.000000
vn 0.000000 0.100000 0.000000
vn 0.000000 -0.100000 0.000000
vn 0.000000 -0.100000 0.000000
vn 0.000000 -0.100000 0.000000
vn 0.000000 -0.100000 0.000000
vn -0.100000 0.000000 0.000000
vn -0.100000 0.000000 0.000000
vn -0.100000 0.000000 0.000000
vn -0.100000 0.000000 0.000000
vn -0.100000 0.000000 0.000000
vn -0.100000 0.000000 0.000000
vn -0.100000 0.000000 0.000000
vn -0.100000 0.000000 0.000000
vn 0.000000 0.100000 0.000000
vn 0.000000 0.100000 0.000000
vn 0.000000 0.100000 0.000000
vn 0.000000 0.100000 0.000000
vn -0.100000 0.000000 0.000000
vn -0.100000 0.000000 0.000000
vn -0.100000 0.000000 0.000000
vn -0.100000 0.000000 0.000000
vn 0.000000 0.100000 0.000000
vn 0.000000 0.100000 0.000000
vn 0.000000 0.100000 0.000000
vn 0.000000 0.100000 0.000000
vn -0.100000 0.000000 0.000000
vn -0.100000 0.000000 0.000000
vn -0.100000 0.000000 0.000000
vn -0.100000 0.000000 0.000000
vn 0.000000 0.100000 0.000000
vn 0.000000 0.100000 0.000000
vn 0.000000 0.100000 0.000000
vn 0.000000 0.100000 0.000000
vn -0.100000 0.000000 0.000000
vn -0.100000 0.000000 0.000000
vn -0.100000 0.000000 0.000000
vn -0.100000 0.000000 0.000000
vn 0.000000 0.100000 0.000000
vn 0.000000 0.100000 0.000000
vn 0.000000 0.100000 0.000000
vn 0.000000 0.100000 0.000000
vn -0.100000 0.000000 0.000000
vn -0.100000 0.000000 0.000000
vn -0.100000 0.000000 0.000000
vn -0.100000 0.000000 0.000000
vn 0.000000 0.100000 0.000000
vn 0.000000 0.100000 0.000000
vn 0.000000 0.100000 0.000000
vn 0.000000 0.100000 0.000000
vn -0.100000 0.000000 0.000000
vn -0.100000 0.000000 0.000000
vn -0.100000 0.000000 0.000000
vn -0.100000 0.000000 0.000000
vn 0.000000 0.100000 0.000000
vn 0.000000 0.100000 0.000000
vn 0.000000 0.100000 0.000000
vn 0.000000 0.100000 0.000000
vn -0.100000 0.000000 0.000000
vn -0.100000 0.000000 0.000000
vn -0.100000 0.000000 0.000000
vn -0.100000 0.000000 0.000000
vn 0.000000 0.100000 0.000000
vn 0.000000 0.100000 0.000000
vn 0.000000 0.100000 0.000000
vn 0.000000 0.100000 0.000000
vn 0.000000 -0.100000 0.000000
vn 0.000000 -0.100000 0.000000
vn 0.000000 -0.100000 0.000000
vn 0.000000 -0.100000 0.000000
vn -0.100000 0.000000 0.000000
vn -0.100000 0.000000 0.000000
vn -0.100000 0.000000 0.000000
vn -0.100000 0.000000 0.000000
vn -0.100000 0.000000 0.000000
vn -0.100000 0.000000 0.000000
vn -0.100000 0.000000 0.000000
vn -0.100000 0.000000 0.000000
vn 0.000000 0.100000 0.000000
vn 0.000000 0.100000 0.000000
vn 0.000000 0.100000 0.000000
vn 0.000000 0.100000 0.000000
vn 0.000000 -0.100000 0.000000
vn 0.000000 -0.100000 0.000000
vn 0.000000 -0.100000 0.000000
vn 0.000000 -0.100000 0.000000
vn -0.100000 0.000000 0.000000
vn -0.100000 0.000000 0.000000
vn -0.100000 0.000000 0.000000
vn -0.100000 0.000000 0.000000
vn -0.100000 0.000000 0.000000
vn -0.100000 0.000000 0.000000
vn -0.100000 0.000000 0.000000
vn -0.100000 0.000000 0.000000
vn 0.000000 0.100000 0.000000
vn 0.000000 0.100000 0.000000
vn 0.000000 0.100000 0.000000
vn 0.000000 0.100000 0.000000
vn 0.100000 -0.000000 0.000000
vn 0.100000 -0.000000 0.000000
vn 0.100000 -0.000000 0.000000
vn 0.100000 -0.000000 0.000000
vn 0.000000 -0.100000 0.000000
vn 0.000000 -0.100000 0.000000
vn 0.000000 -0.100000 0.000000
vn 0.000000 -0.100000 0.000000
vn -0.100000 0.000000 0.000000
vn -0.100000 0.000000 0.000000
vn -0.100000 0.000000 0.000000
vn -0.100000 0.000000 0.000000
vn 0.000000 0.100000 0.000000
vn 0.000000 0.100000 0.000000
vn 0.000000 0.100000 0.000000
vn 0.000000 0.100000 0.000000
vn 0.000000 -0.100000 0.000000
vn 0.000000 -0.100000 0.000000
vn 0.000000 -0.100000 0.000000
vn 0.000000 -0.100000 0.000000
vn -0.100000 0.000000 0.000000
vn -0.100000 0.000000 0.000000
vn -0.100000 0.000000 0.000000
vn -0.100000 0.000000 0.000000
vn -0.100000 0.000000 0.000000
vn -0.100000 0.000000 0.000000
vn -0.100000 0.000000 0.000000
vn -0.100000 0.000000 0.000000
vn 0.000000 0.100000 0.000000
vn 0.000000 0.100000 0.000000
vn 0.000000 0.100000 0.000000
vn 0.000000 0.100000 0.000000
vn -0.100000 0.000000 0.000000
vn -0.100000 0.000000 0.000000
vn -0.100000 0.000000 0.000000
vn -0.100000 0.000000 0.000000
vn 0.000000 0.100000 0.000000
vn 0.000000 0.100000 0.000000
vn 0.000000 0.100000 0.000000
vn 0.000000 0.100000 0.000000
vn -0.100000 0.000000 0.000000
vn -0.100000 0.000000 0.000000
vn -0.100000 0.000000 0.000000
vn -0.100000 0.000000 0.000000
vn 0.000000 0.100000 0.000000
vn 0.000000 0.100000 0.000000
vn 0.000000 0.100000 0.000000
vn 0.000000 0.100000 0.000000
vn -0.100000 0.000000 0.000000
vn -0.100000 0.000000 0.000000
vn -0.100000 0.000000 0.000000
vn -0.100000 0.000000 0.000000
vn 0.000000 0.100000 0.000000
vn 0.000000 0.100000 0.000000
vn 0.000000 0.100000 0.000000
vn 0.000000 0.100000 0.000000
vn 0.000000 -0.100000 0.000000
vn 0.000000 -0.100000 0.000000
vn 0.000000 -0.100000 0.000000
vn 0.000000 -0.100000 0.000000
vn -0.100000 0.000000 0.000000
vn -0.100000 0.000000 0.000000
vn -0.100000 0.000000 0.000000
vn -0.100000 0.000000 0.000000
vn -0.100000 0.000000 0.000000
vn -0.100000 0.000000 0.000000
vn -0.100000 0.000000 0.000000
vn -0.100000 0.000000 0.000000
vn 0.000000 0.100000 0.000000
vn 0.000000 0.100000 0.000000
vn 0.000000 0.100000 0.000000
vn 0.000000 0.100000 0.000000
vn 0.000000 -0.100000 0.000000
vn 0.000000 -0.100000 0.000000
vn 0.000000 -0.100000 0.000000
vn 0.000000 -0.100000 0.000000
vn -0.100000 0.000000 0.000000
vn -0.100000 0.000000 0.000000
vn -0.100000 0.000000 0.000000
vn -0.100000 0.000000 0.000000
vn -0.100000 0.000000 0.000000
vn -0.100000 0.000000 0.000000
vn -0.100000 0.000000 0.000000
vn -0.100000 0.000000 0.000000
vn 0.000000 0.100000 0.000000
vn 0.000000 0.100000 0.000000
vn 0.000000 0.100000 0.000000
vn 0.000000 0.100000 0.000000
vn -0.100000 0.000000 0.000000
vn -0.100000 0.000000 0.000000
vn -0.100000 0.000000 0.000000
vn -0.100000 0.000000 0.000000
vn 0.000000 0.100000 0.000000
vn 0.000000 0.100000 0.000000
vn 0.000000 0.100000 0.000000
vn 0.000000 0.100000 0.000000
vn -0.100000 0.000000 0.000000
vn -0.100000 0.000000 0.000000
vn -0.100000 0.000000 0.000000
vn -0.100000 0.000000 0.000000
vn 0.000000 0.100000 0.000000
vn 0.000000 0.100000 0.000000
vn 0.000000 0.100000 0.000000
vn 0.000000 0.100000 0.000000
vn -0.100000 0.000000 0.000000
vn -0.100000 0.000000 0.000000
vn -0.100000 0.000000 0.000000
vn -0.100000 0.000000 0.000000
vn 0.000000 0.100000 0.000000
vn 0.000000 0.100000 0.000000
vn 0.000000 0.100000 0.000000
vn 0.000000 0.100000 0.000000
vn -0.100000 0.000000 0.000000
vn -0.100000 0.000000 0.000000
vn -0.100000 0.000000 0.000000
vn -0.100000 0.000000 0.000000
vn 0.000000 0.100000 0.000000
vn 0.000000 0.100000 0.000000
vn 0.000000 0.100000 0.000000
vn 0.000000 0.100000 0.000000
vn -0.100000 0.000000 0.000000
vn -0.100000 0.000000 0.000000
vn -0.100000 0.000000 0.000000
vn -0.100000 0.000000 0.000000
vn 0.000000 0.100000 0.000000
vn 0.000000 0.100000 0.000000
vn 0.000000 0.100000 0.000000
vn 0.000000 0.100000 0.000000
vn -0.100000 0.000000 0.000000
vn -0.100000 0.000000 0.000000
vn -0.100000 0.000000 0.000000
vn -0.100000 0.000000 0.000000
vn 0.000000 0.100000 0.000000
vn 0.000000 0.100000 0.000000
vn 0.000000 0.100000 0.000000
vn 0.000000 0.100000 0.000000
vn 0.000000 -0.100000 0.000000
vn 0.000000 -0.100000 0.000000
vn 0.000000 -0.100000 0.000000
vn 0.000000 -0.100000 0.000000
vn -0.100000 0.000000 0.000000
vn -0.100000 0.000000 0.000000
vn -0.100000 0.000000 0.000000
vn -0.100000 0.000000 0.000000
vn 0.000000 -0.100000 0.000000
vn 0.000000 -0.100000 0.000000
vn 0.000000 -0.100000 0.000000
vn 0.000000 -0.100000 0.000000
vn -0.100000 0.000000 0.000000
vn -0.100000 0.000000 0.000000
vn -0.100000 0.000000 0.000000
vn -0.100000 0.000000 0.000000
vn 0.000000 -0.100000 0.000000
vn 0.000000 -0.100000 0.000000
vn 0.000000 -0.100000 0.000000
vn 0.000000 -0.100000 0.000000
vn -0.100000 0.000000 0.000000
vn -0.100000 0.000000 0.000000
vn -0.100000 0.000000 0.000000
vn -0.100000 0.000000 0.000000
vn 0.000000 -0.100000 0.000000
vn 0.000000 -0.100000 0.000000
vn 0.000000 -0.100000 0.000000
vn 0.000000 -0.100000 0.000000
vn -0.100000 0.000000 0.000000
vn -0.100000 0.000000 0.000000
vn -0.100000 0.000000 0.000000
vn -0.100000 0.000000 0.000000
vn 0.000000 -0.100000 0.000000
vn 0.000000 -0.100000 0.000000
vn 0.000000 -0.100000 0.000000
vn 0.000000 -0.100000 0.000000
vn -0.100000 0.000000 0.000000
vn -0.100000 0.000000 0.000000
vn -0.100000 0.000000 0.000000
vn -0.100000 0.000000 0.000000
vn -0.100000 0.000000 0.000000
vn -0.100000 0.000000 0.000000
vn -0.100000 0.000000 0.000000
vn -0.100000 0.000000 0.000000
vn 0.000000 0.100000 0.000000
vn 0.000000 0.100000 0.000000
vn 0.000000 0.100000 0.000000
vn 0.000000 0.100000 0.000000
vn -0.100000 0.000000 0.000000
vn -0.100000 0.000000 0.000000
vn -0.100000 0.000000 0.000000
vn -0.100000 0.000000 0.000000
vn 0.000000 0.100000 0.000000
vn 0.000000 0.100000 0.000000
vn 0.000000 0.100000 0.000000
vn 0.000000 0.100000 0.000000
vn -0.100000 0.000000 0.000000
vn -0.100000 0.000000 0.000000
vn -0.100000 0.000000 0.000000
vn -0.100000 0.000000 0.000000
vn 0.000000 0.100000 0.000000
vn 0.000000 0.100000 0.000000
vn 0.000000 0.100000 0.000000
vn 0.000000 0.100000 0.000000
vn 0.000000 -0.100000 0.000000
vn 0.000000 -0.100000 0.000000
vn 0.000000 -0.100000 0.000000
vn 0.000000 -0.100000 0.000000
vn -0.100000 0.000000 0.000000
vn -0.100000 0.000000 0.000000
vn -0.100000 0.000000 0.000000
vn -0.100000 0.000000 0.000000
vn 0.000000 -0.100000 0.000000
vn 0.000000 -0.100000 0.000000
vn 0.000000 -0.100000 0.000000
vn 0.000000 -0.100000 0.000000
vn -0.100000 0.000000 0.000000
vn -0.100000 0.000000 0.000000
vn -0.100000 0.000000 0.000000
vn -0.100000 0.000000 0.000000
vn 0.000000 -0.100000 0.000000
vn 0.000000 -0.100000 0.000000
vn 0.000000 -0.100000 0.000000
vn 0.000000 -0.100000 0.000000
vn -0.100000 0.000000 0.000000
vn -0.100000 0.000000 0.000000
vn -0.100000 0.000000 0.000000
vn -0.100000 0.000000 0.000000
vn -0.097071 -0.024025 0.000000
vn -0.097071 -0.024025 0.000000
vn -0.088456 -0.046643 0.000000
vn -0.088456 -0.046643 0.000000
vn -0.074659 -0.066528 0.000000
vn -0.074659 -0.066528 0.000000
vn -0.056489 -0.082516 0.000000
vn -0.056489 -0.082516 0.000000
vn -0.035010 -0.093671 0.000000
vn -0.035010 -0.093671 0.000000
vn -0.011480 -0.099339 0.000000
vn -0.011480 -0.099339 0.000000
vn 0.000000 -0.100000 0.000000
vn 0.000000 -0.100000 0.000000
vn 0.000000 -0.100000 0.000000
vn 0.000000 -0.100000 0.000000
vn -0.100000 0.000000 0.000000
vn -0.100000 0.000000 0.000000
vn -0.100000 0.000000 0.000000
vn -0.100000 0.000000 0.000000
vn 0.100000 0.000000 0.000000
vn 0.100000 0.000000 0.000000
vn 0.100000 0.000000 0.000000
vn 0.100000 0.000000 0.000000
vn 0.000000 -0.100000 0.000000
vn 0.000000 -0.100000 0.000000
vn 0.000000 -0.100000 0.000000
vn 0.000000 -0.100000 0.000000
vn -0.100000 0.000000 0.000000
vn -0.100000 0.000000 0.000000
vn -0.100000 0.000000 0.000000
vn -0.100000 0.000000 0.000000
vn 0.100000 0.000000 0.000000
vn 0.100000 0.000000 0.000000
vn 0.100000 0.000000 0.000000
vn 0.100000 0.000000 0.000000
vn 0.000000 -0.100000 0.000000
vn 0.000000 -0.100000 0.000000
vn 0.000000 -0.100000 0.000000
vn 0.000000 -0.100000 0.000000
vn -0.100000 0.000000 0.000000
vn -0.100000 0.000000 0.000000
vn -0.100000 0.000000 0.000000
vn -0.100000 0.000000 0.000000
vn 0.100000 0.000000 0.000000
vn 0.100000 0.000000 0.000000
vn 0.100000 0.000000 0.000000
vn 0.100000 0.000000 0.000000
vn 0.000000 -0.100000 0.000000
vn 0.000000 -0.100000 0.000000
vn 0.000000 -0.100000 0.000000
vn 0.000000 -0.100000 0.000000
vn -0.100000 0.000000 0.000000
vn -0.100000 0.000000 0.000000
vn -0.100000 0.000000 0.000000
vn -0.100000 0.000000 0.000000
vn 0.100000 0.000000 0.000000
vn 0.100000 0.000000 0.000000
vn 0.100000 0.000000 0.000000
vn 0.100000 0.000000 0.000000
vn 0.000000 -0.100000 0.000000
vn 0.000000 -0.100000 0.000000
vn 0.000000 -0.100000 0.000000
vn 0.000000 -0.100000 0.000000
vn -0.100000 0.000000 0.000000
vn -0.100000 0.000000 0.000000
vn -0.100000 0.000000 0.000000
vn -0.100000 0.000000 0.000000
vn 0.100000 0.000000 0.000000
vn 0.100000 0.000000 0.000000
vn 0.100000 0.000000 0.000000
vn 0.100000 0.000000 0.000000
vn 0.000000 -0.100000 0.000000
vn 0.000000 -0.100000 0.000000
vn 0.000000 -0.100000 0.000000
vn 0.000000 -0.100000 0.000000
vn -0.100000 0.000000 0.000000
vn -0.100000 0.000000 0.000000
vn -0.100000 0.000000 0.000000
vn -0.100000 0.000000 0.000000
vn 0.100000 0.000000 0.000000
vn 0.100000 0.000000 0.000000
vn 0.100000 0.000000 0.000000
vn 0.100000 0.000000 0.000000
vn 0.000000 -0.100000 0.000000
vn 0.000000 -0.100000 0.000000
vn 0.000000 -0.100000 0.000000
vn 0.000000 -0.100000 0.000000
vn -0.100000 0.000000 0.000000
vn -0.100000 0.000000 0.000000
vn -0.100000 0.000000 0.000000
vn -0.100000 0.000000 0.000000
vn 0.100000 0.000000 0.000000
vn 0.100000 0.000000 0.000000
vn 0.100000 0.000000 0.000000
vn 0.100000 0.000000 0.000000
vn 0.000000 -0.100000 0.000000
vn 0.000000 -0.100000 0.000000
vn 0.000000 -0.100000 0.000000
vn 0.000000 -0.100000 0.000000
vn -0.100000 0.000000 0.000000
vn -0.100000 0.000000 0.000000
vn -0.100000 0.000000 0.000000
vn -0.100000 0.000000 0.000000
vn 0.100000 0.000000 0.000000
vn 0.100000 0.000000 0.000000
vn 0.100000 0.000000 0.000000
vn 0.100000 0.000000 0.000000
vn 0.000000 -0.100000 0.000000
vn 0.000000 -0.100000 0.000000
vn 0.000000 -0.100000 0.000000
vn 0.000000 -0.100000 0.000000
vn -0.100000 0.000000 0.000000
vn -0.100000 0.000000 0.000000
vn -0.100000 0.000000 0.000000
vn -0.100000 0.000000 0.000000
vn 0.100000 0.000000 0.000000
vn 0.100000 0.000000 0.000000
vn 0.100000 0.000000 0.000000
vn 0.100000 0.000000 0.000000
vn -0.100000 0.000000 0.000000
vn -0.100000 0.000000 0.000000
vn -0.100000 0.000000 0.000000
vn -0.100000 0.000000 0.000000
vn 0.000000 0.100000 0.000000
vn 0.000000 0.100000 0.000000
vn 0.000000 0.100000 0.000000
vn 0.000000 0.100000 0.000000
vn 0.100000 0.000000 0.000000
vn 0.100000 0.000000 0.000000
vn 0.100000 0.000000 0.000000
vn 0.100000 0.000000 0.000000
vn -0.100000 0.000000 0.000000
vn -0.100000 0.000000 0.000000
vn -0.100000 0.000000 0.000000
vn -0.100000 0.000000 0.000000
vn 0.000000 0.100000 0.000000
vn 0.000000 0.100000 0.000000
vn 0.000000 0.100000 0.000000
vn 0.000000 0.100000 0.000000
vn 0.100000 0.000000 0.000000
vn 0.100000 0.000000 0.000000
vn 0.100000 0.000000 0.000000
vn 0.100000 0.000000 0.000000
vn -0.100000 0.000000 0.000000
vn -0.100000 0.000000 0.000000
vn -0.100000 0.000000 0.000000
vn -0.100000 0.000000 0.000000
vn 0.100000 0.000000 0.000000
vn 0.100000 0.000000 0.000000
vn 0.100000 0.000000 0.000000
vn 0.100000 0.000000 0.000000
vn 0.100000 0.000000 0.000000
vn 0.100000 0.000000 0.000000
vn 0.100000 0.000000 0.000000
vn 0.100000 0.000000 0.000000
vn 0.100000 0.000000 0.000000
vn 0.100000 0.000000 0.000000
vn 0.100000 0.000000 0.000000
vn 0.100000 0.000000 0.000000
vn 0.100000 0.000000 0.000000
vn 0.100000 0.000000 0.000000
vn 0.100000 0.000000 0.000000
vn 0.100000 0.000000 0.000000
vn 0.100000 0.000000 0.000000
vn 0.100000 0.000000 0.000000
vn 0.100000 0.000000 0.000000
vn 0.100000 0.000000 0.000000
vn 0.100000 0.000000 0.000000
vn 0.100000 0.000000 0.000000
vn 0.100000 0.000000 0.000000
vn 0.100000 0.000000 0.000000
vn -0.000000 0.100000 -0.000000
vn -0.000000 0.100000 -0.000000
vn -0.000000 0.100000 -0.000000
vn -0.000000 0.100000 -0.000000
vn -0.000000 0.100000 -0.000000
vn -0.000000 0.100000 -0.000000
vn -0.000000 0.100000 -0.000000
vn -0.000000 0.100000 -0.000000
vn -0.000000 0.100000 -0.000000
vn -0.000000 0.100000 -0.000000
vn -0.000000 0.100000 -0.000000
vn -0.000000 0.100000 -0.000000
vn -0.000000 0.100000 -0.000000
vn -0.000000 0.100000 -0.000000
vn -0.000000 0.100000 -0.000000
vn -0.000000 0.100000 -0.000000
vn -0.000000 0.100000 -0.000000
vn -0.000000 0.100000 -0.000000
vn -0.000000 0.100000 -0.000000
vn -0.000000 0.100000 -0.000000
vn -0.000000 0.100000 -0.000000
vn -0.000000 0.100000 -0.000000
vn -0.000000 0.100000 -0.000000
vn -0.000000 0.100000 -0.000000
vn -0.000000 0.100000 -0.000000
vn -0.000000 0.100000 -0.000000
vn -0.000000 0.100000 -0.000000
vn -0.000000 0.100000 -0.000000
vn -0.000000 0.100000 -0.000000
vn -0.000000 0.100000 -0.000000
vn -0.000000 0.100000 -0.000000
vn -0.000000 0.100000 -0.000000
vn -0.000000 0.100000 -0.000000
vn -0.000000 0.100000 -0.000000
vn -0.000000 0.100000 -0.000000
vn -0.000000 0.100000 -0.000000
vn -0.000000 0.100000 -0.000000
vn -0.000000 0.100000 -0.000000
vn -0.000000 0.100000 -0.000000
vn -0.000000 0.100000 -0.000000
vn -0.000000 0.100000 -0.000000
vn 0.000000 -0.100000 0.000000
vn 0.000000 -0.100000 0.000000
vn 0.000000 -0.100000 0.000000
vn 0.000000 -0.100000 0.000000
vn 0.000000 -0.100000 0.000000
vn 0.000000 -0.100000 0.000000
vn 0.000000 -0.100000 0.000000
vn 0.000000 -0.100000 0.000000
vn 0.000000 -0.100000 0.000000
vn 0.000000 -0.100000 0.000000
vn 0.000000 -0.100000 0.000000
vn 0.000000 -0.100000 0.000000
vn 0.000000 -0.100000 0.000000
vn 0.000000 -0.100000 0.000000
vn 0.000000 -0.100000 0.000000
vn 0.000000 -0.100000 0.000000
vn 0.000000 -0.100000 0.000000
vn 0.000000 -0.100000 0.000000
vn 0.000000 -0.100000 0.000000
vn 0.000000 -0.100000 0.000000
vn 0.000000 -0.100000 0.000000
vn 0.000000 -0.100000 0.000000
vn 0.000000 -0.100000 0.000000
vn 0.000000 -0.100000 0.000000
vn 0.000000 -0.100000 0.000000
vn 0.000000 -0.100000 0.000000
vn 0.000000 -0.100000 0.000000
vn 0.000000 -0.100000 0.000000
vn 0.000000 -0.100000 0.000000
vn 0.000000 -0.100000 0.000000
vn 0.000000 -0.100000 0.000000
vn 0.000000 -0.100000 0.000000
vn 0.000000 -0.100000 0.000000
vn 0.000000 -0.100000 0.000000
vn 0.000000 -0.100000 0.000000
vn 0.000000 -0.100000 0.000000
vn 0.000000 -0.100000 0.000000
vn 0.000000 -0.100000 0.000000
vn 0.000000 -0.100000 0.000000
vn 0.000000 -0.100000 0.000000
vn 0.000000 -0.100000 0.000000
vn 0.097493 0.022252 0.000000
vn 0.097493 0.022252 0.000000
vn 0.090097 0.043388 0.000000
vn 0.090097 0.043388 0.000000
vn 0.078183 0.062349 0.000000
vn 0.078183 0.062349 0.000000
vn 0.062349 0.078183 0.000000
vn 0.062349 0.078183 0.000000
vn 0.043388 0.090097 0.000000
vn 0.043388 0.090097 0.000000
vn 0.022252 0.097493 0.000000
vn 0.022252 0.097493 0.000000
vn 0.022252 -0.097493 0.000000
vn 0.022252 -0.097493 0.000000
vn 0.043388 -0.090097 0.000000
vn 0.043388 -0.090097 0.000000
vn 0.062349 -0.078183 0.000000
vn 0.062349 -0.078183 0.000000
vn 0.078183 -0.062349 0.000000
vn 0.078183 -0.062349 0.000000
vn 0.090097 -0.043388 0.000000
vn 0.090097 -0.043388 0.000000
vn 0.097493 -0.022252 0.000000
vn 0.097493 -0.022252 0.000000
vn 0.000000 0.000000 0.100000
vn 0.000000 0.000000 0.100000
vn 0.000000 0.000000 0.100000
vn 0.000000 0.000000 0.100000
vn 0.000000 0.000000 0.100000
vn 0.000000 0.000000 0.100000
vn 0.000000 0.000000 0.100000
vn 0.000000 0.000000 0.100000
vn 0.000000 0.000000 0.100000
vn 0.000000 0.000000 0.100000
vn 0.000000 0.000000 0.100000
vn 0.000000 0.000000 0.100000
vn 0.000000 0.000000 0.100000
vn 0.000000 0.000000 0.100000
vn 0.000000 0.000000 0.100000
vn 0.000000 0.000000 0.100000
vn 0.000000 0.000000 0.100000
vn 0.000000 0.000000 0.100000
vn 0.000000 0.000000 0.100000
vn 0.000000 0.000000 0.100000
vn -0.090556 -0.042423 0.000000
vn -0.097383 -0.022727 0.000000
vn -0.097493 -0.022252 0.000000
vn -0.098834 -0.015226 0.000000
vn -0.099708 -0.007635 0.000000
vn -0.100000 0.000000 0.000000
vn -0.100000 0.000000 0.000000
vn -0.090097 -0.043388 0.000000
vn -0.079793 -0.060275 0.000000
vn -0.078183 -0.062349 0.000000
vn -0.065563 -0.075508 0.000000
vn -0.062349 -0.078183 0.000000
vn -0.048485 -0.087460 0.000000
vn -0.043388 -0.090097 0.000000
vn -0.033109 -0.094360 0.000000
vn -0.022252 -0.097493 0.000000
vn -0.016793 -0.098580 0.000000
vn -0.100000 0.000000 -0.000000
vn -0.100000 0.000000 -0.000000
vn -0.097493 0.022252 0.000000
vn -0.097493 0.022252 0.000000
vn -0.090097 0.043388 0.000000
vn -0.090097 0.043388 0.000000
vn -0.078183 0.062349 0.000000
vn -0.078183 0.062349 0.000000
vn -0.062349 0.078183 0.000000
vn -0.062349 0.078183 0.000000
vn -0.043388 0.090097 0.000000
vn -0.043388 0.090097 0.000000
vn -0.022252 0.097493 0.000000
vn -0.022252 0.097493 0.000000
vn 0.000000 0.000000 -0.100000
vn 0.000000 0.000000 -0.100000
vn 0.000000 0.000000 -0.100000
vn 0.000000 0.000000 -0.100000
vn 0.000000 0.000000 -0.100000
vn 0.000000 0.000000 -0.100000
vn 0.000000 0.000000 -0.100000
vn 0.000000 0.000000 -0.100000
vn 0.100000 -0.000000 0.000000
vn 0.100000 -0.000000 0.000000
vn 0.098079 -0.019509 0.000000
vn 0.098079 -0.019509 0.000000
vn 0.092388 -0.038268 0.000000
vn 0.092388 -0.038268 0.000000
vn 0.083147 -0.055557 0.000000
vn 0.083147 -0.055557 0.000000
vn 0.070711 -0.070711 0.000000
vn 0.070711 -0.070711 0.000000
vn 0.055557 -0.083147 0.000000
vn 0.055557 -0.083147 0.000000
vn 0.038268 -0.092388 0.000000
vn 0.038268 -0.092388 0.000000
vn 0.019509 -0.098079 0.000000
vn 0.019509 -0.098079 0.000000
vn 0.000000 -0.100000 0.000000
vn 0.000000 -0.100000 0.000000
vn 0.000000 -0.100000 0.000000
vn 0.000000 -0.100000 0.000000
vn -0.070711 -0.070711 0.000000
vn -0.070711 -0.070711 0.000000
vn -0.070711 -0.070711 0.000000
vn -0.070711 -0.070711 0.000000
vn -0.070711 0.070711 0.000000
vn -0.070711 0.070711 0.000000
vn -0.070711 0.070711 0.000000
vn -0.070711 0.070711 0.000000
vn 0.000000 0.100000 0.000000
vn 0.000000 0.100000 0.000000
vn 0.000000 0.100000 0.000000
vn 0.000000 0.100000 0.000000
vn 0.000000 0.100000 0.000000
vn 0.070711 0.070711 0.000000
vn 0.070711 0.070711 0.000000
vn 0.070711 0.070711 0.000000
vn 0.070711 0.070711 0.000000
vn 0.100000 -0.000000 0.000000
vn 0.100000 -0.000000 0.000000
vn 0.100000 -0.000000 0.000000
vn 0.100000 -0.000000 0.000000
vn 0.100000 -0.000000 0.000000
vn 0.070711 -0.070711 0.000000
vn 0.070711 -0.070711 0.000000
vn 0.070711 -0.070711 0.000000
vn 0.070711 -0.070711 0.000000
vn -0.100000 0.000000 0.000000
vn -0.100000 0.000000 0.000000
vn -0.100000 0.000000 0.000000
vn -0.100000 0.000000 0.000000
vn -0.100000 0.000000 -0.000000
vn -0.100000 0.000000 -0.000000
vn -0.100000 0.000000 -0.000000
vn -0.100000 0.000000 -0.000000
vn -0.100000 0.000000 -0.000000
vn -0.100000 0.000000 -0.000000
vn 0.000000 0.100000 0.000000
vn 0.000000 0.100000 0.000000
vn 0.000000 0.100000 0.000000
vn 0.000000 0.100000 0.000000
vn 0.013053 0.099144 0.000000
vn 0.013053 0.099144 0.000000
vn 0.025882 0.096593 0.000000
vn 0.025882 0.096593 0.000000
vn 0.038268 0.092388 0.000000
vn 0.038268 0.092388 0.000000
vn 0.050000 0.086603 0.000000
vn 0.050000 0.086603 0.000000
vn 0.060876 0.079335 0.000000
vn 0.060876 0.079335 0.000000
vn 0.070711 0.070711 0.000000
vn 0.070711 0.070711 0.000000
vn 0.079335 0.060876 0.000000
vn 0.079335 0.060876 0.000000
vn 0.086603 0.050000 0.000000
vn 0.086603 0.050000 0.000000
vn 0.092388 0.038268 0.000000
vn 0.092388 0.038268 0.000000
vn 0.096593 0.025882 0.000000
vn 0.096593 0.025882 0.000000
vn 0.099144 0.013053 0.000000
vn 0.099144 0.013053 0.000000
vn 0.100000 0.000000 0.000000
vn 0.100000 0.000000 0.000000
vn 0.000000 -0.100000 0.000000
vn 0.000000 -0.100000 0.000000
vn 0.000000 -0.100000 0.000000
vn 0.000000 -0.100000 0.000000
vn 0.000000 -0.100000 0.000000
vn 0.000000 -0.100000 0.000000
vn 0.000000 -0.100000 0.000000
vn 0.000000 -0.100000 0.000000
vn 0.000000 -0.100000 0.000000
vn 0.000000 0.000000 -0.100000
vn 0.000000 0.000000 -0.100000
vn 0.000000 0.000000 -0.100000
vn 0.000000 0.000000 -0.100000
vn 0.000000 0.000000 -0.100000
vn 0.000000 0.000000 -0.100000
vn 0.000000 0.000000 -0.100000
vn 0.000000 0.000000 -0.100000
vn 0.000000 0.000000 -0.100000
vn 0.000000 0.000000 -0.100000
vn 0.100000 -0.000000 0.000000
vn 0.100000 -0.000000 0.000000
vn 0.100000 -0.000000 0.000000
vn 0.100000 -0.000000 0.000000
vn 0.100000 -0.000000 0.000000
vn 0.100000 -0.000000 0.000000
vn -0.100000 0.000000 0.000000
vn -0.100000 0.000000 0.000000
vn -0.100000 0.000000 0.000000
vn -0.100000 0.000000 0.000000
vn -0.085000 0.052678 -0.000000
vn -0.085000 0.052678 -0.000000
vn -0.077643 0.063020 -0.000000
vn -0.077643 0.063020 -0.000000
vn -0.069036 0.072346 -0.000000
vn -0.069036 0.072346 -0.000000
vn -0.059317 0.080508 -0.000000
vn -0.059317 0.080508 -0.000000
vn -0.048642 0.087372 -0.000000
vn -0.048642 0.087372 -0.000000
vn -0.037184 0.092830 -0.000000
vn -0.037184 0.092830 -0.000000
vn -0.025127 0.096792 -0.000000
vn -0.025127 0.096792 -0.000000
vn -0.012666 0.099195 -0.000000
vn -0.012666 0.099195 -0.000000
vn -0.000000 0.100000 -0.000000
vn -0.000000 0.100000 -0.000000
vn 0.000000 0.000000 -0.100000
vn 0.000000 0.000000 -0.100000
vn 0.000000 0.000000 -0.100000
vn 0.000000 0.000000 -0.100000
vn 0.000000 0.000000 -0.100000
vn 0.000000 0.000000 -0.100000
vn 0.000000 0.000000 -0.100000
vn 0.000000 0.000000 -0.100000
vn 0.000000 0.000000 -0.100000
vn 0.000000 0.000000 -0.100000
vn 0.000000 0.000000 -0.100000
vn 0.000000 0.000000 -0.100000
vn 0.000000 0.000000 -0.100000
vn 0.000000 0.000000 -0.100000
vn 0.000000 0.000000 -0.100000
vn 0.000000 0.000000 -0.100000
vn 0.000000 0.000000 -0.100000
vn 0.000000 0.000000 -0.100000
vn 0.000000 0.000000 -0.100000
vn 0.000000 0.000000 -0.100000
vn 0.000000 0.000000 -0.100000
vn 0.000000 0.000000 -0.100000
vn 0.000000 0.000000 -0.100000
vn 0.000000 0.000000 -0.100000
vn 0.000000 0.000000 -0.100000
vn 0.000000 0.000000 -0.100000
vn 0.000000 0.000000 -0.100000
vn 0.000000 0.000000 -0.100000
vn 0.000000 0.000000 -0.100000
vn 0.000000 0.000000 -0.100000
vn 0.000000 0.000000 -0.100000
vn 0.000000 0.000000 -0.100000
vn 0.000000 0.000000 -0.100000
vn 0.000000 0.000000 -0.100000
vn 0.000000 0.000000 -0.100000
vn 0.000000 0.000000 -0.100000
vn 0.000000 0.000000 -0.100000
vn 0.000000 0.000000 -0.100000
vn 0.000000 0.000000 -0.100000
vn 0.000000 0.000000 -0.100000
vn 0.000000 0.000000 -0.100000
vn 0.000000 0.000000 -0.100000
vn 0.000000 0.000000 -0.100000
vn 0.000000 0.000000 -0.100000
vn 0.000000 0.000000 -0.100000
vn 0.000000 0.000000 -0.100000
vn 0.000000 0.000000 -0.100000
vn 0.000000 0.000000 -0.100000
vn 0.000000 0.000000 -0.100000
vn 0.000000 0.000000 -0.100000
vn 0.000000 0.000000 -0.100000
vn 0.000000 0.000000 -0.100000
vn 0.000000 0.000000 -0.100000
vn 0.000000 0.000000 -0.100000
vn 0.000000 0.000000 -0.100000
vn 0.000000 0.000000 -0.100000
vn 0.000000 0.000000 -0.100000
vn 0.000000 0.000000 -0.100000
vn 0.000000 0.000000 -0.100000
vn 0.000000 0.000000 -0.100000
vn 0.000000 0.000000 -0.100000
vn 0.000000 0.000000 -0.100000
vn 0.000000 0.000000 -0.100000
vn 0.000000 0.000000 -0.100000
vn 0.000000 0.000000 -0.100000
vn 0.000000 0.000000 -0.100000
vn 0.000000 0.000000 -0.100000
vn 0.000000 0.000000 -0.100000
vn 0.000000 0.000000 -0.100000
vn 0.000000 0.000000 -0.100000
vn 0.000000 0.000000 -0.100000
vn 0.000000 0.000000 -0.100000
vn 0.000000 0.000000 -0.100000
vn 0.000000 0.000000 -0.100000
vn 0.000000 0.000000 -0.100000
vn 0.000000 0.000000 -0.100000
vn 0.000000 0.000000 -0.100000
vn 0.000000 0.000000 -0.100000
vn 0.000000 0.000000 -0.100000
vn 0.000000 0.000000 -0.100000
vn 0.000000 0.000000 -0.100000
vn 0.000000 0.000000 -0.100000
vn 0.000000 0.000000 -0.100000
vn 0.000000 0.000000 -0.100000
vn 0.000000 0.000000 -0.100000
vn 0.000000 0.000000 -0.100000
vn 0.000000 0.000000 -0.100000
vn 0.000000 0.000000 -0.100000
vn 0.000000 0.000000 -0.100000
vn 0.000000 0.000000 -0.100000
vn 0.000000 0.000000 -0.100000
vn 0.000000 0.000000 -0.100000
vn 0.000000 0.000000 -0.100000
vn 0.000000 0.000000 -0.100000
vn 0.000000 0.000000 -0.100000
vn 0.000000 0.000000 -0.100000
vn 0.000000 0.000000 -0.100000
vn 0.000000 0.000000 -0.100000
vn 0.000000 0.000000 -0.100000
vn 0.000000 0.000000 -0.100000
vn 0.000000 0.000000 -0.100000
vn 0.000000 0.000000 -0.100000
vn 0.000000 0.000000 -0.100000
vn 0.000000 0.000000 -0.100000
vn 0.000000 0.000000 -0.100000
vn 0.000000 0.000000 -0.100000
vn 0.000000 0.000000 -0.100000
vn 0.000000 0.000000 -0.100000
vn 0.000000 0.000000 -0.100000
vn 0.000000 0.000000 -0.100000
vn 0.000000 0.000000 -0.100000
vn 0.000000 0.000000 -0.100000
vn 0.000000 0.000000 -0.100000
vn 0.000000 0.000000 -0.100000
vn 0.000000 0.000000 -0.100000
vn 0.000000 0.000000 -0.100000
vn 0.000000 0.000000 -0.100000
vn 0.000000 0.000000 -0.100000
vn 0.000000 0.000000 -0.100000
vn 0.000000 0.000000 -0.100000
vn 0.000000 0.000000 -0.100000
vn 0.000000 0.000000 -0.100000
vn 0.000000 0.000000 -0.100000
vn 0.000000 0.000000 -0.100000
vn 0.000000 0.000000 -0.100000
vn 0.000000 0.000000 -0.100000
vn 0.000000 0.000000 -0.100000
vn 0.000000 0.000000 -0.100000
vn 0.000000 0.000000 -0.100000
vn 0.000000 0.000000 -0.100000
vn 0.000000 0.000000 -0.100000
vn 0.000000 0.000000 -0.100000
vn 0.000000 0.000000 -0.100000
vn 0.000000 0.000000 -0.100000
vn 0.000000 0.000000 -0.100000
vn 0.000000 0.000000 -0.100000
vn 0.000000 0.000000 -0.100000
vn 0.000000 0.000000 -0.100000
vn 0.000000 0.000000 -0.100000
vn 0.000000 0.000000 -0.100000
vn 0.000000 0.000000 -0.100000
vn 0.000000 0.000000 -0.100000
vn 0.000000 0.000000 -0.100000
vn 0.000000 0.000000 -0.100000
vn 0.000000 0.000000 -0.100000
vn 0.000000 0.000000 -0.100000
vn 0.000000 0.000000 -0.100000
vn 0.000000 0.000000 -0.100000
vn 0.000000 0.000000 -0.100000
vn 0.000000 0.000000 -0.100000
vn 0.000000 0.000000 -0.100000
vn 0.000000 0.000000 -0.100000
vn 0.000000 0.000000 -0.100000
vn 0.000000 0.000000 -0.100000
vn 0.000000 0.000000 -0.100000
vn 0.000000 0.000000 -0.100000
vn 0.000000 0.000000 -0.100000
vn 0.000000 0.000000 -0.100000
vn 0.000000 0.000000 -0.100000
vn 0.000000 0.000000 -0.100000
vn 0.000000 0.000000 -0.100000
vn 0.000000 0.000000 -0.100000
vn 0.000000 0.000000 -0.100000
vn 0.000000 0.000000 -0.100000
vn 0.000000 0.000000 -0.100000
vn 0.000000 0.000000 -0.100000
vn 0.000000 0.000000 -0.100000
vn 0.000000 0.000000 -0.100000
vn 0.000000 0.000000 -0.100000
vn 0.000000 0.000000 -0.100000
vn 0.000000 0.000000 -0.100000
vn 0.000000 0.000000 -0.100000
vn 0.000000 0.000000 -0.100000
vn 0.000000 0.000000 -0.100000
vn 0.000000 0.000000 -0.100000
vn 0.000000 0.000000 -0.100000
vn 0.000000 0.000000 -0.100000
vn 0.000000 0.000000 -0.100000
vn 0.000000 0.000000 -0.100000
vn 0.000000 0.000000 -0.100000
vn 0.000000 0.000000 -0.100000
vn 0.000000 0.000000 -0.100000
vn 0.000000 0.000000 -0.100000
vn 0.000000 0.000000 -0.100000
vn 0.000000 0.000000 -0.100000
vn 0.000000 0.000000 -0.100000
vn 0.000000 0.000000 -0.100000
vn 0.000000 0.000000 -0.100000
vn 0.000000 0.000000 -0.100000
vn 0.000000 0.000000 -0.100000
vn 0.000000 0.000000 -0.100000
vn 0.000000 0.000000 -0.100000
vn 0.000000 0.000000 -0.100000
vn 0.000000 0.000000 -0.100000
vn 0.000000 0.000000 -0.100000
vn 0.000000 0.000000 -0.100000
vn 0.000000 0.000000 -0.100000
vn 0.000000 0.000000 -0.100000
vn 0.000000 0.000000 -0.100000
vn 0.000000 0.000000 -0.100000
vn 0.000000 0.000000 -0.100000
vn 0.000000 0.000000 -0.100000
vn 0.000000 0.000000 -0.100000
vn 0.000000 0.000000 -0.100000
vn 0.000000 0.000000 -0.100000
vn 0.000000 0.000000 -0.100000
vn 0.000000 0.000000 -0.100000
vn 0.000000 0.000000 -0.100000
vn 0.000000 0.000000 -0.100000
vn 0.000000 0.000000 -0.100000
vn 0.000000 0.000000 -0.100000
vn 0.000000 0.000000 -0.100000
vn 0.000000 0.000000 -0.100000
vn 0.000000 0.000000 -0.100000
vn 0.000000 0.000000 -0.100000
vn 0.000000 0.000000 -0.100000
vn 0.000000 0.000000 -0.100000
vn 0.000000 0.000000 -0.100000
vn 0.000000 0.000000 -0.100000
vn 0.000000 0.000000 -0.100000
vn 0.000000 0.000000 -0.100000
vn 0.000000 0.000000 -0.100000
vn 0.000000 0.000000 -0.100000
vn 0.000000 0.000000 -0.100000
vn 0.000000 0.000000 -0.100000
vn 0.000000 0.000000 -0.100000
vn 0.000000 0.000000 -0.100000
vn 0.000000 0.000000 -0.100000
vn 0.000000 0.000000 -0.100000
vn 0.000000 0.000000 -0.100000
vn 0.000000 0.000000 -0.100000
vn 0.000000 0.000000 -0.100000
vn 0.000000 0.000000 -0.100000
vn 0.000000 0.000000 -0.100000
vn 0.000000 0.000000 -0.100000
vn 0.000000 0.000000 -0.100000
vn 0.000000 0.000000 -0.100000
vn 0.000000 0.000000 -0.100000
vn 0.000000 0.000000 -0.100000
vn 0.000000 0.000000 -0.100000
vn 0.000000 0.000000 -0.100000
vn 0.000000 0.000000 -0.100000
vn 0.000000 0.000000 -0.100000
vn 0.000000 0.000000 -0.100000
vn 0.000000 0.000000 -0.100000
vn 0.000000 0.000000 -0.100000
vn 0.000000 0.000000 -0.100000
vn 0.000000 0.000000 -0.100000
vn 0.000000 0.000000 -0.100000
vn 0.000000 0.000000 -0.100000
vn 0.000000 0.000000 -0.100000
vn 0.000000 0.000000 -0.100000
vn 0.000000 0.000000 -0.100000
vn 0.000000 0.000000 -0.100000
vn 0.000000 0.000000 -0.100000
vn 0.000000 0.000000 -0.100000
vn 0.000000 0.000000 -0.100000
vn 0.000000 0.000000 -0.100000
vn 0.000000 0.000000 -0.100000
vn 0.000000 0.000000 -0.100000
vn 0.000000 0.000000 -0.100000
vn 0.000000 0.000000 -0.100000
vn 0.000000 0.000000 -0.100000
vn 0.000000 0.000000 -0.100000
vn 0.000000 0.000000 -0.100000
vn 0.000000 0.000000 -0.100000
vn 0.000000 0.000000 -0.100000
vn 0.000000 0.000000 -0.100000
vn 0.000000 0.000000 -0.100000
vn 0.000000 0.000000 -0.100000
vn 0.000000 0.000000 -0.100000
vn 0.000000 0.000000 -0.100000
vn 0.000000 0.000000 -0.100000
vn 0.000000 0.000000 -0.100000
vn 0.000000 0.000000 -0.100000
vn 0.000000 0.000000 -0.100000
vn 0.000000 0.000000 -0.100000
vn 0.000000 0.000000 -0.100000
vn 0.000000 0.000000 -0.100000
vn 0.000000 0.000000 -0.100000
vn 0.000000 0.000000 -0.100000
vn 0.000000 0.000000 -0.100000
vn 0.000000 0.000000 -0.100000
vn 0.000000 0.000000 -0.100000
vn 0.000000 0.000000 -0.100000
vn 0.000000 0.000000 -0.100000
vn 0.000000 0.000000 -0.100000
vn 0.000000 0.000000 -0.100000
vn 0.000000 0.000000 -0.100000
vn 0.000000 0.000000 -0.100000
vn 0.000000 0.000000 -0.100000
vn 0.000000 0.000000 -0.100000
vn 0.000000 0.000000 -0.100000
vn 0.000000 0.000000 -0.100000
vn 0.000000 0.000000 -0.100000
vn 0.000000 0.000000 -0.100000
vn 0.000000 0.000000 -0.100000
vn 0.000000 0.000000 -0.100000
vn 0.000000 0.000000 -0.100000
vn 0.000000 0.000000 -0.100000
vn 0.000000 0.000000 -0.100000
vn 0.000000 0.000000 -0.100000
vn 0.000000 0.000000 -0.100000
vn 0.000000 0.000000 -0.100000
vn 0.000000 0.000000 -0.100000
vn 0.000000 0.000000 -0.100000
vn 0.000000 0.000000 -0.100000
vn 0.000000 0.000000 -0.100000
vn 0.000000 0.000000 -0.100000
vn 0.000000 0.000000 -0.100000
vn 0.000000 0.000000 -0.100000
vn 0.000000 0.000000 -0.100000
vn 0.000000 0.000000 -0.100000
vn 0.000000 0.000000 -0.100000
vn 0.000000 0.000000 -0.100000
vn 0.000000 0.000000 -0.100000
vn 0.000000 0.000000 -0.100000
vn 0.000000 0.000000 -0.100000
vn 0.000000 0.000000 -0.100000
vn 0.000000 0.000000 -0.100000
vn 0.000000 0.000000 -0.100000
vn 0.000000 0.000000 -0.100000
vn 0.000000 0.000000 -0.100000
vn 0.000000 0.000000 -0.100000
vn 0.000000 0.000000 -0.100000
vn 0.000000 0.000000 -0.100000
vn 0.000000 0.000000 -0.100000
vn 0.000000 0.000000 -0.100000
vn 0.000000 0.000000 -0.100000
vn 0.000000 0.000000 -0.100000
vn 0.000000 0.000000 -0.100000
vn 0.000000 0.000000 -0.100000
vn 0.000000 0.000000 -0.100000
vn 0.000000 0.000000 -0.100000
vn 0.000000 0.000000 -0.100000
vn 0.000000 0.000000 -0.100000
vn 0.000000 0.000000 -0.100000
vn 0.000000 0.000000 -0.100000
vn 0.000000 0.000000 -0.100000
vn 0.000000 0.000000 -0.100000
vn 0.000000 0.000000 -0.100000
vn 0.000000 0.000000 -0.100000
vn 0.000000 0.000000 -0.100000
vn 0.000000 0.000000 -0.100000
vn 0.000000 0.000000 -0.100000
vn 0.000000 0.000000 -0.100000
vn 0.000000 0.000000 -0.100000
vn 0.000000 0.000000 -0.100000
vn 0.000000 0.000000 -0.100000
vn 0.000000 0.000000 -0.100000
vn 0.000000 0.000000 -0.100000
vn 0.000000 0.000000 -0.100000
vn 0.000000 0.000000 -0.100000
vn 0.000000 0.000000 -0.100000
vn 0.000000 0.000000 -0.100000
vn 0.000000 0.000000 -0.100000
vn 0.000000 0.000000 -0.100000
vn 0.000000 0.000000 -0.100000
vn 0.000000 0.000000 -0.100000
vn 0.000000 0.000000 -0.100000
vn 0.000000 0.000000 -0.100000
vn 0.000000 0.000000 -0.100000
vn 0.000000 0.000000 -0.100000
vn 0.000000 0.000000 -0.100000
vn 0.000000 0.000000 -0.100000
vn 0.000000 0.000000 -0.100000
vn 0.000000 0.000000 -0.100000
vn 0.000000 0.000000 -0.100000
vn 0.000000 0.000000 -0.100000
vn 0.000000 0.000000 -0.100000
vn 0.000000 0.000000 -0.100000
vn 0.000000 0.000000 -0.100000
vn 0.000000 0.000000 -0.100000
vn 0.000000 0.000000 -0.100000
vn 0.000000 0.000000 -0.100000
vn 0.000000 0.000000 -0.100000
vn 0.000000 0.000000 -0.100000
vn 0.000000 0.000000 -0.100000
vn 0.000000 0.000000 -0.100000
vn 0.000000 0.000000 -0.100000
vn 0.000000 0.000000 -0.100000
vn 0.000000 0.000000 -0.100000
vn 0.000000 0.000000 -0.100000
vn 0.000000 0.000000 -0.100000
vn 0.000000 0.000000 -0.100000
vn 0.000000 0.000000 -0.100000
vn 0.000000 0.000000 -0.100000
vn 0.000000 0.000000 -0.100000
vn 0.000000 0.000000 -0.100000
vn 0.000000 0.000000 -0.100000
vn 0.000000 0.000000 -0.100000
vn 0.000000 0.000000 -0.100000
vn 0.000000 0.000000 -0.100000
vn 0.000000 0.000000 -0.100000
vn 0.000000 0.000000 -0.100000
vn 0.000000 0.000000 -0.100000
vn 0.000000 0.000000 -0.100000
vn 0.000000 0.000000 -0.100000
vn 0.000000 0.000000 -0.100000
vn -0.000000 0.100000 -0.000000
vn -0.000000 0.100000 -0.000000
vn -0.000000 0.100000 -0.000000
vn -0.000000 0.100000 -0.000000
vn -0.100000 0.000000 0.000000
vn -0.100000 0.000000 0.000000
vn -0.100000 0.000000 0.000000
vn -0.100000 0.000000 0.000000
vn 0.000000 -0.100000 0.000000
vn 0.000000 -0.100000 0.000000
vn 0.000000 -0.100000 0.000000
vn 0.000000 -0.100000 0.000000
vn -0.100000 0.000000 0.000000
vn -0.100000 0.000000 0.000000
vn -0.100000 0.000000 0.000000
vn -0.100000 0.000000 0.000000
vn -0.100000 0.000000 0.000000
vn -0.070711 -0.070711 0.000000
vn -0.070711 -0.070711 0.000000
vn -0.070711 -0.070711 0.000000
vn -0.070711 -0.070711 0.000000
vn 0.000000 -0.100000 0.000000
vn 0.000000 -0.100000 0.000000
vn 0.000000 -0.100000 0.000000
vn 0.000000 -0.100000 0.000000
vn 0.070711 -0.070711 0.000000
vn 0.070711 -0.070711 0.000000
vn 0.070711 -0.070711 0.000000
vn 0.070711 -0.070711 0.000000
vn 0.000000 0.100000 0.000000
vn 0.000000 0.100000 0.000000
vn 0.000000 0.100000 0.000000
vn 0.000000 0.100000 0.000000
vn 0.000000 0.100000 0.000000
vn 0.000000 0.100000 0.000000
vn 0.000000 0.100000 0.000000
vn 0.000000 0.096593 -0.025882
vn 0.000000 0.096593 -0.025882
vn 0.000000 0.086603 -0.050000
vn 0.000000 0.086603 -0.050000
vn 0.000000 0.070711 -0.070711
vn 0.000000 0.070711 -0.070711
vn 0.000000 0.050000 -0.086603
vn 0.000000 0.050000 -0.086603
vn 0.000000 0.025882 -0.096593
vn 0.000000 0.025882 -0.096593
vn 0.000000 0.100000 0.000000
vn 0.000000 0.100000 0.000000
vn 0.000000 0.100000 0.000000
vn 0.000000 0.100000 0.000000
vn 0.000000 0.100000 0.000000
vn 0.000000 0.100000 0.000000
vn 0.000000 0.100000 0.000000
vn 0.000000 0.100000 0.000000
vn 0.000000 0.100000 0.000000
vn 0.000000 0.100000 0.000000
vn 0.000000 0.100000 0.000000
vn 0.000000 0.100000 0.000000
vn 0.000000 0.100000 0.000000
vn 0.000000 0.100000 0.000000
vn 0.000000 0.100000 0.000000
vn 0.000000 0.100000 0.000000
vn 0.000000 0.100000 0.000000
vn 0.000000 0.100000 0.000000
vn 0.000000 0.100000 0.000000
vn 0.000000 0.100000 0.000000
vn 0.000000 -0.100000 0.000000
vn 0.000000 -0.100000 0.000000
vn 0.000000 -0.096593 -0.025882
vn 0.000000 -0.096593 -0.025882
vn 0.000000 -0.086603 -0.050000
vn 0.000000 -0.086603 -0.050000
vn 0.000000 -0.070711 -0.070711
vn 0.000000 -0.070711 -0.070711
vn 0.000000 -0.050000 -0.086603
vn 0.000000 -0.050000 -0.086603
vn 0.000000 -0.025882 -0.096593
vn 0.000000 -0.025882 -0.096593
vn 0.000000 -0.100000 0.000000
vn 0.000000 -0.100000 0.000000
vn 0.000000 -0.100000 0.000000
vn 0.000000 -0.100000 0.000000
vn 0.000000 -0.100000 0.000000
vn 0.000000 -0.100000 0.000000
vn 0.000000 -0.100000 0.000000
vn 0.000000 -0.100000 0.000000
vn 0.000000 -0.100000 0.000000
vn 0.000000 -0.100000 0.000000
vn 0.000000 -0.100000 0.000000
vn 0.000000 -0.100000 0.000000
vn 0.000000 -0.100000 0.000000
vn 0.000000 -0.100000 0.000000
vn 0.000000 -0.100000 0.000000
vn 0.000000 -0.100000 0.000000
vn 0.000000 -0.100000 0.000000
vn 0.000000 -0.100000 0.000000
vn 0.000000 -0.100000 0.000000
vn 0.000000 -0.100000 0.000000
vn 0.000000 0.100000 0.000000
vn 0.000000 0.100000 0.000000
vn 0.000000 0.096593 -0.025882
vn 0.000000 0.096593 -0.025882
vn 0.000000 0.086603 -0.050000
vn 0.000000 0.086603 -0.050000
vn 0.000000 0.070711 -0.070711
vn 0.000000 0.070711 -0.070711
vn 0.000000 0.050000 -0.086603
vn 0.000000 0.050000 -0.086603
vn 0.000000 0.025882 -0.096593
vn 0.000000 0.025882 -0.096593
vn 0.000000 0.100000 0.000000
vn 0.000000 0.100000 0.000000
vn 0.000000 0.100000 0.000000
vn 0.000000 0.100000 0.000000
vn 0.000000 0.100000 0.000000
vn 0.000000 0.100000 0.000000
vn 0.000000 0.100000 0.000000
vn 0.000000 0.100000 0.000000
vn 0.000000 0.100000 0.000000
vn 0.000000 0.100000 0.000000
vn 0.000000 0.100000 0.000000
vn 0.000000 0.100000 0.000000
vn 0.000000 0.100000 0.000000
vn 0.000000 0.100000 0.000000
vn 0.000000 0.100000 0.000000
vn 0.000000 0.100000 0.000000
vn 0.000000 0.100000 0.000000
vn 0.000000 0.100000 0.000000
vn 0.000000 0.100000 0.000000
vn 0.000000 0.100000 0.000000
vn 0.000000 -0.100000 0.000000
vn 0.000000 -0.100000 0.000000
vn 0.000000 -0.096593 -0.025882
vn 0.000000 -0.096593 -0.025882
vn 0.000000 -0.086603 -0.050000
vn 0.000000 -0.086603 -0.050000
vn 0.000000 -0.070711 -0.070711
vn 0.000000 -0.070711 -0.070711
vn 0.000000 -0.050000 -0.086603
vn 0.000000 -0.050000 -0.086603
vn 0.000000 -0.025882 -0.096593
vn 0.000000 -0.025882 -0.096593
vn 0.000000 -0.100000 0.000000
vn 0.000000 -0.100000 0.000000
vn 0.000000 -0.100000 0.000000
vn 0.000000 -0.100000 0.000000
vn 0.000000 -0.100000 0.000000
vn 0.000000 -0.100000 0.000000
vn 0.000000 -0.100000 0.000000
vn 0.000000 -0.100000 0.000000
vn 0.000000 -0.100000 0.000000
vn 0.000000 -0.100000 0.000000
vn 0.000000 -0.100000 0.000000
vn 0.000000 -0.100000 0.000000
vn 0.000000 -0.100000 0.000000
vn 0.000000 -0.100000 0.000000
vn 0.000000 -0.100000 0.000000
vn 0.000000 -0.100000 0.000000
vn 0.000000 -0.100000 0.000000
vn 0.000000 -0.100000 0.000000
vn 0.000000 -0.100000 0.000000
vn 0.000000 -0.100000 0.000000
vn 0.000000 0.100000 0.000000
vn 0.000000 0.100000 0.000000
vn 0.000000 0.096593 -0.025882
vn 0.000000 0.096593 -0.025882
vn 0.000000 0.086603 -0.050000
vn 0.000000 0.086603 -0.050000
vn 0.000000 0.070711 -0.070711
vn 0.000000 0.070711 -0.070711
vn 0.000000 0.050000 -0.086603
vn 0.000000 0.050000 -0.086603
vn 0.000000 0.025882 -0.096593
vn 0.000000 0.025882 -0.096593
vn 0.000000 0.100000 0.000000
vn 0.000000 0.100000 0.000000
vn 0.000000 0.100000 0.000000
vn 0.000000 0.100000 0.000000
vn 0.000000 0.100000 0.000000
vn 0.000000 0.100000 0.000000
vn 0.000000 0.100000 0.000000
vn 0.000000 0.100000 0.000000
vn 0.000000 0.100000 0.000000
vn 0.000000 0.100000 0.000000
vn 0.000000 0.100000 0.000000
vn 0.000000 0.100000 0.000000
vn 0.000000 0.100000 0.000000
vn 0.000000 0.100000 0.000000
vn 0.000000 0.100000 0.000000
vn 0.000000 0.100000 0.000000
vn 0.000000 0.100000 0.000000
vn 0.000000 0.100000 0.000000
vn 0.000000 0.100000 0.000000
vn 0.000000 0.100000 0.000000
vn 0.000000 -0.100000 0.000000
vn 0.000000 -0.100000 0.000000
vn 0.000000 -0.096593 -0.025882
vn 0.000000 -0.096593 -0.025882
vn 0.000000 -0.086603 -0.050000
vn 0.000000 -0.086603 -0.050000
vn 0.000000 -0.070711 -0.070711
vn 0.000000 -0.070711 -0.070711
vn 0.000000 -0.050000 -0.086603
vn 0.000000 -0.050000 -0.086603
vn 0.000000 -0.025882 -0.096593
vn 0.000000 -0.025882 -0.096593
vn 0.000000 -0.100000 0.000000
vn 0.000000 -0.100000 0.000000
vn 0.000000 -0.100000 0.000000
vn 0.000000 -0.100000 0.000000
vn 0.000000 -0.100000 0.000000
vn 0.000000 -0.100000 0.000000
vn 0.000000 -0.100000 0.000000
vn 0.000000 -0.100000 0.000000
vn 0.000000 -0.100000 0.000000
vn 0.000000 -0.100000 0.000000
vn 0.000000 -0.100000 0.000000
vn 0.000000 -0.100000 0.000000
vn 0.000000 -0.100000 0.000000
vn 0.000000 -0.100000 0.000000
vn 0.000000 -0.100000 0.000000
vn 0.000000 -0.100000 0.000000
vn 0.000000 -0.100000 0.000000
vn 0.000000 -0.100000 0.000000
vn 0.000000 -0.100000 0.000000
vn 0.000000 -0.100000 0.000000
vn 0.070711 0.000000 -0.070711
vn 0.070711 0.000000 -0.070711
vn 0.070711 0.000000 -0.070711
vn 0.070711 0.000000 -0.070711
vn 0.000000 0.070711 -0.070711
vn 0.000000 0.070711 -0.070711
vn 0.000000 0.070711 -0.070711
vn 0.000000 0.070711 -0.070711
vn -0.070711 0.000000 -0.070711
vn -0.070711 0.000000 -0.070711
vn -0.070711 0.000000 -0.070711
vn -0.070711 0.000000 -0.070711
vn 0.000000 -0.070711 -0.070711
vn 0.000000 -0.070711 -0.070711
vn 0.000000 -0.070711 -0.070711
vn 0.000000 -0.070711 -0.070711
vn 0.100000 0.000000 0.000000
vn 0.100000 0.000000 0.000000
vn 0.100000 0.000000 0.000000
vn 0.100000 0.000000 0.000000
vn 0.000000 0.000000 -0.100000
vn 0.000000 0.000000 -0.100000
vn 0.000000 0.000000 -0.100000
vn 0.000000 0.000000 -0.100000
vn 0.070711 0.000000 -0.070711
vn 0.070711 0.000000 -0.070711
vn 0.070711 0.000000 -0.070711
vn 0.070711 0.000000 -0.070711
vn 0.000000 0.070711 -0.070711
vn 0.000000 0.070711 -0.070711
vn 0.000000 0.070711 -0.070711
vn 0.000000 0.070711 -0.070711
vn -0.070711 0.000000 -0.070711
vn -0.070711 0.000000 -0.070711
vn -0.070711 0.000000 -0.070711
vn -0.070711 0.000000 -0.070711
vn 0.000000 -0.070711 -0.070711
vn 0.000000 -0.070711 -0.070711
vn 0.000000 -0.070711 -0.070711
vn 0.000000 -0.070711 -0.070711
vn 0.100000 0.000000 0.000000
vn 0.100000 0.000000 0.000000
vn 0.100000 0.000000 0.000000
vn 0.100000 0.000000 0.000000
vn 0.000000 0.000000 -0.100000
vn 0.000000 0.000000 -0.100000
vn 0.000000 0.000000 -0.100000
vn 0.000000 0.000000 -0.100000
vn 0.070711 0.000000 -0.070711
vn 0.070711 0.000000 -0.070711
vn 0.070711 0.000000 -0.070711
vn 0.070711 0.000000 -0.070711
vn 0.000000 0.070711 -0.070711
vn 0.000000 0.070711 -0.070711
vn 0.000000 0.070711 -0.070711
vn 0.000000 0.070711 -0.070711
vn -0.070711 0.000000 -0.070711
vn -0.070711 0.000000 -0.070711
vn -0.070711 0.000000 -0.070711
vn -0.070711 0.000000 -0.070711
vn 0.000000 -0.070711 -0.070711
vn 0.000000 -0.070711 -0.070711
vn 0.000000 -0.070711 -0.070711
vn 0.000000 -0.070711 -0.070711
vn 0.100000 0.000000 0.000000
vn 0.100000 0.000000 0.000000
vn 0.100000 0.000000 0.000000
vn 0.100000 0.000000 0.000000
vn 0.000000 0.000000 -0.100000
vn 0.000000 0.000000 -0.100000
vn 0.000000 0.000000 -0.100000
vn 0.000000 0.000000 -0.100000
vn 0.096593 0.000000 -0.025882
vn 0.096593 0.000000 -0.025882
vn 0.086603 0.000000 -0.050000
vn 0.086603 0.000000 -0.050000
vn 0.070711 0.000000 -0.070711
vn 0.070711 0.000000 -0.070711
vn 0.050000 0.000000 -0.086603
vn 0.050000 0.000000 -0.086603
vn 0.025882 0.000000 -0.096593
vn 0.025882 0.000000 -0.096593
vn -0.100000 0.000000 0.000000
vn -0.100000 0.000000 0.000000
vn -0.096593 0.000000 -0.025882
vn -0.096593 0.000000 -0.025882
vn -0.086603 0.000000 -0.050000
vn -0.086603 0.000000 -0.050000
vn -0.070711 0.000000 -0.070711
vn -0.070711 0.000000 -0.070711
vn -0.050000 0.000000 -0.086603
vn -0.050000 0.000000 -0.086603
vn -0.025882 0.000000 -0.096593
vn -0.025882 0.000000 -0.096593
vn -0.100000 0.000000 0.000000
vn -0.100000 0.000000 0.000000
vn 0.096593 0.000000 -0.025882
vn 0.096593 0.000000 -0.025882
vn 0.086603 0.000000 -0.050000
vn 0.086603 0.000000 -0.050000
vn 0.070711 0.000000 -0.070711
vn 0.070711 0.000000 -0.070711
vn 0.050000 0.000000 -0.086603
vn 0.050000 0.000000 -0.086603
vn 0.025882 0.000000 -0.096593
vn 0.025882 0.000000 -0.096593
vn -0.100000 0.000000 0.000000
vn -0.100000 0.000000 0.000000
vn -0.096593 0.000000 -0.025882
vn -0.096593 0.000000 -0.025882
vn -0.086603 0.000000 -0.050000
vn -0.086603 0.000000 -0.050000
vn -0.070711 0.000000 -0.070711
vn -0.070711 0.000000 -0.070711
vn -0.050000 0.000000 -0.086603
vn -0.050000 0.000000 -0.086603
vn -0.025882 0.000000 -0.096593
vn -0.025882 0.000000 -0.096593
vn -0.100000 0.000000 0.000000
vn -0.100000 0.000000 0.000000
vn 0.096593 0.000000 -0.025882
vn 0.096593 0.000000 -0.025882
vn 0.086603 0.000000 -0.050000
vn 0.086603 0.000000 -0.050000
vn 0.070711 0.000000 -0.070711
vn 0.070711 0.000000 -0.070711
vn 0.050000 0.000000 -0.086603
vn 0.050000 0.000000 -0.086603
vn 0.025882 0.000000 -0.096593
vn 0.025882 0.000000 -0.096593
vn -0.100000 0.000000 0.000000
vn -0.100000 0.000000 0.000000
vn -0.096593 0.000000 -0.025882
vn -0.096593 0.000000 -0.025882
vn -0.086603 0.000000 -0.050000
vn -0.086603 0.000000 -0.050000
vn -0.070711 0.000000 -0.070711
vn -0.070711 0.000000 -0.070711
vn -0.050000 0.000000 -0.086603
vn -0.050000 0.000000 -0.086603
vn -0.025882 0.000000 -0.096593
vn -0.025882 0.000000 -0.096593
vn -0.100000 0.000000 0.000000
vn -0.100000 0.000000 0.000000
vn -0.100000 0.000000 0.000000
vn -0.100000 0.000000 0.000000
vn -0.100000 0.000000 0.000000
vn -0.100000 0.000000 0.000000
vn -0.100000 0.000000 0.000000
vn -0.100000 0.000000 0.000000
vn -0.100000 0.000000 0.000000
vn -0.100000 0.000000 0.000000
vn -0.100000 0.000000 0.000000
vn 0.100000 0.000000 0.000000
vn 0.100000 0.000000 0.000000
vn 0.100000 0.000000 0.000000
vn 0.100000 0.000000 0.000000
vn -0.100000 0.000000 0.000000
vn -0.100000 0.000000 0.000000
vn -0.100000 0.000000 0.000000
vn -0.100000 0.000000 0.000000
vn 0.000000 0.100000 0.000000
vn 0.000000 0.100000 0.000000
vn 0.000000 0.100000 0.000000
vn 0.000000 0.100000 0.000000
vn 0.100000 0.000000 0.000000
vn 0.100000 0.000000 0.000000
vn 0.100000 0.000000 0.000000
vn 0.100000 0.000000 0.000000
vn -0.100000 0.000000 0.000000
vn -0.100000 0.000000 0.000000
vn -0.100000 0.000000 0.000000
vn -0.100000 0.000000 0.000000
vn -0.100000 0.000000 0.000000
vn -0.100000 0.000000 0.000000
vn -0.100000 0.000000 0.000000
vn -0.100000 0.000000 0.000000
vn -0.100000 0.000000 0.000000
vn 0.100000 0.000000 0.000000
vn 0.100000 0.000000 0.000000
vn 0.100000 0.000000 0.000000
vn 0.100000 0.000000 0.000000
vn -0.100000 0.000000 0.000000
vn -0.100000 0.000000 0.000000
vn -0.100000 0.000000 0.000000
vn -0.100000 0.000000 0.000000
vn 0.000000 0.100000 0.000000
vn 0.000000 0.100000 0.000000
vn 0.000000 0.100000 0.000000
vn 0.000000 0.100000 0.000000
vn 0.000000 0.100000 0.000000
vn 0.000000 0.100000 0.000000
vn 0.000000 0.100000 0.000000
vn 0.000000 0.100000 0.000000
vn 0.000000 0.100000 0.000000
vn 0.000000 0.100000 0.000000
vn 0.000000 0.100000 0.000000
vn 0.000000 0.100000 0.000000
vn 0.000000 0.100000 0.000000
vn 0.000000 0.100000 0.000000
vn 0.000000 0.100000 0.000000
vn 0.000000 0.100000 0.000000
vn 0.000000 0.100000 0.000000
vn 0.000000 0.100000 0.000000
vn 0.000000 0.100000 0.000000
vn 0.000000 0.100000 0.000000
vn 0.100000 0.000000 0.000000
vn 0.100000 0.000000 0.000000
vn 0.100000 0.000000 0.000000
vn 0.100000 0.000000 0.000000
vn 0.100000 0.000000 0.000000
vn 0.100000 0.000000 0.000000
vn 0.100000 0.000000 0.000000
vn 0.100000 0.000000 0.000000
vn 0.100000 0.000000 0.000000
vn 0.000000 -0.100000 0.000000
vn 0.000000 -0.100000 0.000000
vn 0.000000 -0.100000 0.000000
vn 0.000000 -0.100000 0.000000
vn -0.100000 0.000000 0.000000
vn -0.100000 0.000000 0.000000
vn -0.100000 0.000000 0.000000
vn -0.100000 0.000000 0.000000
vn 0.000000 0.100000 0.000000
vn 0.000000 0.100000 0.000000
vn 0.000000 0.100000 0.000000
vn 0.000000 0.100000 0.000000
vn 0.000000 0.100000 0.000000
vn 0.000000 0.100000 0.000000
vn 0.000000 0.100000 0.000000
vn 0.000000 0.100000 0.000000
vn 0.000000 0.100000 0.000000
vn 0.000000 0.100000 0.000000
vn 0.000000 0.100000 0.000000
vn 0.000000 0.100000 0.000000
vn 0.000000 0.100000 0.000000
vn 0.000000 0.100000 0.000000
vn 0.000000 0.100000 0.000000
vn 0.000000 0.100000 0.000000
vn 0.000000 0.100000 0.000000
vn 0.000000 0.100000 0.000000
vn 0.000000 0.100000 0.000000
vn 0.000000 0.100000 0.000000
vn 0.000000 0.100000 0.000000
vn 0.000000 0.100000 0.000000
vn 0.000000 -0.100000 0.000000
vn 0.000000 -0.100000 0.000000
vn 0.000000 -0.100000 0.000000
vn 0.000000 -0.100000 0.000000
vn -0.100000 0.000000 0.000000
vn -0.100000 0.000000 0.000000
vn -0.100000 0.000000 0.000000
vn -0.100000 0.000000 0.000000
vn 0.100000 0.000000 0.000000
vn 0.100000 0.000000 0.000000
vn 0.100000 0.000000 0.000000
vn 0.100000 0.000000 0.000000
vn -0.100000 0.000000 0.000000
vn -0.100000 0.000000 0.000000
vn -0.100000 0.000000 0.000000
vn -0.100000 0.000000 0.000000
vn -0.100000 0.000000 0.000000
vn -0.100000 0.000000 0.000000
vn -0.100000 0.000000 0.000000
vn -0.100000 0.000000 0.000000
vn -0.100000 0.000000 0.000000
vn 0.000000 0.100000 0.000000
vn 0.000000 0.100000 0.000000
vn 0.000000 0.100000 0.000000
vn 0.000000 0.100000 0.000000
vn 0.000000 0.100000 0.000000
vn 0.000000 -0.100000 0.000000
vn 0.000000 -0.100000 0.000000
vn 0.000000 -0.100000 0.000000
vn 0.000000 -0.100000 0.000000
vn -0.100000 0.000000 0.000000
vn -0.100000 0.000000 0.000000
vn -0.100000 0.000000 0.000000
vn -0.100000 0.000000 0.000000
vn 0.100000 0.000000 0.000000
vn 0.100000 0.000000 0.000000
vn 0.100000 0.000000 0.000000
vn 0.100000 0.000000 0.000000
vn 0.000000 -0.100000 0.000000
vn 0.000000 -0.100000 0.000000
vn 0.000000 -0.100000 0.000000
vn 0.000000 -0.100000 0.000000
vn -0.100000 0.000000 0.000000
vn -0.100000 0.000000 0.000000
vn -0.098481 -0.017365 0.000000
vn -0.098481 -0.017365 0.000000
vn -0.093969 -0.034202 0.000000
vn -0.093969 -0.034202 0.000000
vn -0.086603 -0.050000 0.000000
vn -0.086603 -0.050000 0.000000
vn -0.076604 -0.064279 0.000000
vn -0.076604 -0.064279 0.000000
vn -0.064279 -0.076604 0.000000
vn -0.064279 -0.076604 0.000000
vn -0.050000 -0.086603 0.000000
vn -0.050000 -0.086603 0.000000
vn -0.034202 -0.093969 0.000000
vn -0.034202 -0.093969 0.000000
vn -0.017365 -0.098481 0.000000
vn -0.017365 -0.098481 0.000000
vn -0.100000 0.000000 0.000000
vn -0.100000 0.000000 0.000000
vn 0.000000 0.100000 0.000000
vn 0.000000 0.100000 0.000000
vn 0.000000 0.100000 0.000000
vn 0.000000 0.100000 0.000000
vn 0.100000 0.000000 0.000000
vn 0.100000 0.000000 0.000000
vn 0.100000 0.000000 0.000000
vn 0.100000 0.000000 0.000000
vn 0.000000 -0.100000 0.000000
vn 0.000000 -0.100000 0.000000
vn 0.000000 -0.100000 0.000000
vn 0.000000 -0.100000 0.000000
vn -0.100000 0.000000 0.000000
vn -0.100000 0.000000 0.000000
vn -0.100000 0.000000 0.000000
vn -0.100000 0.000000 0.000000
vn 0.000000 0.100000 0.000000
vn 0.000000 0.100000 0.000000
vn 0.000000 0.100000 0.000000
vn 0.000000 0.100000 0.000000
vn 0.100000 0.000000 0.000000
vn 0.100000 0.000000 0.000000
vn 0.100000 0.000000 0.000000
vn 0.100000 0.000000 0.000000
vn 0.000000 -0.100000 0.000000
vn 0.000000 -0.100000 0.000000
vn 0.000000 -0.100000 0.000000
vn 0.000000 -0.100000 0.000000
vn -0.100000 0.000000 0.000000
vn -0.100000 0.000000 0.000000
vn -0.100000 0.000000 0.000000
vn -0.100000 0.000000 0.000000
vn -0.100000 0.000000 0.000000
vn -0.100000 0.000000 0.000000
vn -0.100000 0.000000 0.000000
vn -0.100000 0.000000 0.000000
vn -0.100000 0.000000 0.000000
vn -0.100000 0.000000 0.000000
vn 0.100000 0.000000 0.000000
vn 0.100000 0.000000 0.000000
vn 0.100000 0.000000 0.000000
vn 0.100000 0.000000 0.000000
vn 0.100000 0.000000 0.000000
vn 0.100000 0.000000 0.000000
vn 0.100000 0.000000 0.000000
vn 0.100000 0.000000 0.000000
vn 0.100000 0.000000 0.000000
vn 0.000000 -0.100000 0.000000
vn 0.000000 -0.100000 0.000000
vn 0.000000 -0.100000 0.000000
vn 0.000000 -0.100000 0.000000
vn -0.100000 0.000000 0.000000
vn -0.100000 0.000000 0.000000
vn -0.100000 0.000000 0.000000
vn -0.100000 0.000000 0.000000
vn 0.000000 0.100000 0.000000
vn 0.000000 0.100000 0.000000
vn 0.000000 0.100000 0.000000
vn 0.000000 0.100000 0.000000
vn 0.100000 0.000000 0.000000
vn 0.100000 0.000000 0.000000
vn 0.100000 0.000000 0.000000
vn 0.100000 0.000000 0.000000
vn 0.000000 0.100000 0.000000
vn 0.000000 0.100000 0.000000
vn 0.000000 0.100000 0.000000
vn 0.000000 0.100000 0.000000
vn 0.100000 0.000000 0.000000
vn 0.100000 0.000000 0.000000
vn 0.100000 0.000000 0.000000
vn 0.100000 0.000000 0.000000
vn 0.100000 0.000000 0.000000
vn 0.100000 0.000000 0.000000
vn 0.100000 0.000000 0.000000
vn 0.000000 -0.100000 0.000000
vn 0.000000 -0.100000 0.000000
vn 0.000000 -0.100000 0.000000
vn 0.000000 -0.100000 0.000000
vn 0.000000 -0.100000 0.000000
vn 0.000000 -0.100000 0.000000
vn 0.000000 -0.100000 0.000000
vn 0.000000 -0.100000 0.000000
vn 0.000000 -0.100000 0.000000
vn 0.000000 -0.100000 0.000000
vn 0.000000 -0.100000 0.000000
vn 0.000000 -0.100000 0.000000
vn 0.000000 -0.100000 0.000000
vn 0.000000 -0.100000 0.000000
vn 0.000000 -0.100000 0.000000
vn 0.000000 -0.100000 0.000000
vn 0.000000 -0.100000 0.000000
vn 0.000000 -0.100000 0.000000
vn 0.000000 -0.100000 0.000000
vn 0.000000 -0.100000 0.000000
vn -0.100000 0.000000 0.000000
vn -0.100000 0.000000 0.000000
vn -0.100000 0.000000 0.000000
vn -0.100000 0.000000 0.000000
vn 0.000000 -0.100000 0.000000
vn 0.000000 -0.100000 0.000000
vn 0.000000 -0.100000 0.000000
vn 0.000000 -0.100000 0.000000
vn -0.100000 0.000000 0.000000
vn -0.100000 0.000000 0.000000
vn -0.100000 0.000000 0.000000
vn -0.100000 0.000000 0.000000
vn 0.000000 0.100000 0.000000
vn 0.000000 0.100000 0.000000
vn 0.000000 0.100000 0.000000
vn 0.000000 0.100000 0.000000
vn 0.100000 0.000000 0.000000
vn 0.100000 0.000000 0.000000
vn 0.100000 0.000000 0.000000
vn 0.100000 0.000000 0.000000
vn 0.017365 -0.098481 0.000000
vn 0.017365 -0.098481 0.000000
vn 0.034202 -0.093969 0.000000
vn 0.034202 -0.093969 0.000000
vn 0.050000 -0.086603 0.000000
vn 0.050000 -0.086603 0.000000
vn 0.064279 -0.076604 0.000000
vn 0.064279 -0.076604 0.000000
vn 0.076604 -0.064279 0.000000
vn 0.076604 -0.064279 0.000000
vn 0.086603 -0.050000 0.000000
vn 0.086603 -0.050000 0.000000
vn 0.093969 -0.034202 0.000000
vn 0.093969 -0.034202 0.000000
vn 0.098481 -0.017365 0.000000
vn 0.098481 -0.017365 0.000000
vn 0.100000 0.000000 0.000000
vn 0.100000 0.000000 0.000000
vn 0.100000 0.000000 0.000000
vn 0.100000 0.000000 0.000000
vn 0.000000 -0.100000 0.000000
vn 0.000000 -0.100000 0.000000
vn 0.000000 -0.100000 0.000000
vn 0.000000 -0.100000 0.000000
vn -0.100000 0.000000 0.000000
vn -0.100000 0.000000 0.000000
vn -0.100000 0.000000 0.000000
vn -0.100000 0.000000 0.000000
vn 0.100000 0.000000 0.000000
vn 0.100000 0.000000 0.000000
vn 0.100000 0.000000 0.000000
vn 0.100000 0.000000 0.000000
vn 0.000000 -0.100000 0.000000
vn 0.000000 -0.100000 0.000000
vn 0.000000 -0.100000 0.000000
vn 0.000000 -0.100000 0.000000
vn 0.000000 -0.100000 0.000000
vn 0.000000 -0.100000 0.000000
vn 0.000000 -0.100000 0.000000
vn 0.000000 -0.100000 0.000000
vn 0.000000 -0.100000 0.000000
vn 0.000000 -0.100000 0.000000
vn 0.000000 -0.100000 0.000000
vn 0.000000 -0.100000 0.000000
vn 0.000000 -0.100000 0.000000
vn 0.000000 -0.100000 0.000000
vn 0.000000 -0.100000 0.000000
vn 0.000000 -0.100000 0.000000
vn 0.000000 -0.100000 0.000000
vn 0.000000 -0.100000 0.000000
vn 0.000000 -0.100000 0.000000
vn 0.000000 -0.100000 0.000000
vn 0.000000 -0.100000 0.000000
vn 0.000000 -0.100000 0.000000
vn -0.100000 0.000000 0.000000
vn -0.100000 0.000000 0.000000
vn -0.100000 0.000000 0.000000
vn -0.100000 0.000000 0.000000
vn 0.000000 0.100000 0.000000
vn 0.000000 0.100000 0.000000
vn 0.000000 0.100000 0.000000
vn 0.000000 0.100000 0.000000
vn 0.000000 -0.100000 0.000000
vn 0.000000 -0.100000 0.000000
vn 0.000000 -0.100000 0.000000
vn 0.000000 -0.100000 0.000000
vn -0.100000 0.000000 0.000000
vn -0.100000 0.000000 0.000000
vn -0.100000 0.000000 0.000000
vn -0.100000 0.000000 0.000000
vn 0.100000 0.000000 0.000000
vn 0.100000 0.000000 0.000000
vn 0.100000 0.000000 0.000000
vn 0.100000 0.000000 0.000000
vn 0.000000 -0.100000 0.000000
vn 0.000000 -0.100000 0.000000
vn 0.000000 -0.100000 0.000000
vn 0.000000 -0.100000 0.000000
vn -0.100000 0.000000 0.000000
vn -0.100000 0.000000 0.000000
vn -0.100000 0.000000 0.000000
vn -0.100000 0.000000 0.000000
vn 0.100000 0.000000 0.000000
vn 0.100000 0.000000 0.000000
vn 0.100000 0.000000 0.000000
vn 0.100000 0.000000 0.000000
vn 0.100000 0.000000 0.000000
vn 0.100000 0.000000 0.000000
vn 0.100000 0.000000 0.000000
vn 0.100000 0.000000 0.000000
vn -0.100000 0.000000 0.000000
vn -0.100000 0.000000 0.000000
vn -0.100000 0.000000 0.000000
vn -0.100000 0.000000 0.000000
vn 0.000000 0.100000 0.000000
vn 0.000000 0.100000 0.000000
vn 0.000000 0.100000 0.000000
vn 0.000000 0.100000 0.000000
vn 0.098481 0.017365 0.000000
vn 0.098481 0.017365 0.000000
vn 0.093969 0.034202 0.000000
vn 0.093969 0.034202 0.000000
vn 0.086603 0.050000 0.000000
vn 0.086603 0.050000 0.000000
vn 0.076604 0.064279 0.000000
vn 0.076604 0.064279 0.000000
vn 0.064279 0.076604 0.000000
vn 0.064279 0.076604 0.000000
vn 0.050000 0.086603 0.000000
vn 0.050000 0.086603 0.000000
vn 0.034202 0.093969 0.000000
vn 0.034202 0.093969 0.000000
vn 0.017365 0.098481 0.000000
vn 0.017365 0.098481 0.000000
vn 0.000000 -0.100000 0.000000
vn 0.000000 -0.100000 0.000000
vn 0.000000 -0.100000 0.000000
vn 0.000000 -0.100000 0.000000
vn -0.100000 0.000000 0.000000
vn -0.100000 0.000000 0.000000
vn -0.100000 0.000000 0.000000
vn -0.100000 0.000000 0.000000
vn 0.100000 0.000000 0.000000
vn 0.100000 0.000000 0.000000
vn 0.100000 0.000000 0.000000
vn 0.100000 0.000000 0.000000
vn 0.000000 -0.100000 0.000000
vn 0.000000 -0.100000 0.000000
vn 0.000000 -0.100000 0.000000
vn 0.000000 -0.100000 0.000000
vn -0.100000 0.000000 0.000000
vn -0.100000 0.000000 0.000000
vn -0.100000 0.000000 0.000000
vn -0.100000 0.000000 0.000000
vn 0.100000 0.000000 0.000000
vn 0.100000 0.000000 0.000000
vn 0.100000 0.000000 0.000000
vn 0.100000 0.000000 0.000000
vn 0.000000 -0.100000 0.000000
vn 0.000000 -0.100000 0.000000
vn 0.000000 -0.100000 0.000000
vn 0.000000 -0.100000 0.000000
vn -0.100000 0.000000 0.000000
vn -0.100000 0.000000 0.000000
vn -0.100000 0.000000 0.000000
vn -0.100000 0.000000 0.000000
vn 0.100000 0.000000 0.000000
vn 0.100000 0.000000 0.000000
vn 0.100000 0.000000 0.000000
vn 0.100000 0.000000 0.000000
vn 0.000000 -0.100000 0.000000
vn 0.000000 -0.100000 0.000000
vn 0.000000 -0.100000 0.000000
vn 0.000000 -0.100000 0.000000
vn -0.100000 0.000000 0.000000
vn -0.100000 0.000000 0.000000
vn -0.100000 0.000000 0.000000
vn -0.100000 0.000000 0.000000
vn -0.100000 0.000000 0.000000
vn -0.100000 0.000000 0.000000
vn -0.100000 0.000000 0.000000
vn -0.100000 0.000000 0.000000
vn -0.100000 0.000000 0.000000
vn 0.100000 0.000000 0.000000
vn 0.100000 0.000000 0.000000
vn 0.100000 0.000000 0.000000
vn 0.100000 0.000000 0.000000
vn 0.000000 0.100000 0.000000
vn 0.000000 0.100000 0.000000
vn 0.000000 0.100000 0.000000
vn 0.000000 0.100000 0.000000
vn 0.000000 0.100000 0.000000
vn 0.000000 0.100000 0.000000
vn 0.000000 0.100000 0.000000
vn 0.000000 0.100000 0.000000
vn 0.000000 0.100000 0.000000
vn 0.000000 0.100000 0.000000
vn 0.000000 0.100000 0.000000
vn 0.000000 0.100000 0.000000
vn 0.000000 0.100000 0.000000
vn 0.000000 0.100000 0.000000
vn 0.000000 0.100000 0.000000
vn 0.000000 0.100000 0.000000
vn 0.000000 0.100000 0.000000
vn 0.000000 0.100000 0.000000
vn 0.000000 0.100000 0.000000
vn 0.000000 0.100000 0.000000
vn 0.000000 0.100000 0.000000
vn 0.000000 0.100000 0.000000
vn 0.100000 0.000000 0.000000
vn 0.100000 0.000000 0.000000
vn 0.100000 0.000000 0.000000
vn 0.100000 0.000000 0.000000
vn 0.100000 0.000000 0.000000
vn 0.100000 0.000000 0.000000
vn 0.100000 0.000000 0.000000
vn 0.100000 0.000000 0.000000
vn 0.100000 0.000000 0.000000
vn -0.100000 0.000000 0.000000
vn -0.100000 0.000000 0.000000
vn -0.100000 0.000000 0.000000
vn -0.100000 0.000000 0.000000
vn -0.100000 0.000000 0.000000
vn -0.100000 0.000000 0.000000
vn -0.100000 0.000000 0.000000
vn -0.100000 0.000000 0.000000
vn -0.100000 0.000000 0.000000
vn 0.100000 0.000000 0.000000
vn 0.100000 0.000000 0.000000
vn 0.100000 0.000000 0.000000
vn 0.100000 0.000000 0.000000
vn 0.000000 0.100000 0.000000
vn 0.000000 0.100000 0.000000
vn 0.000000 0.100000 0.000000
vn 0.000000 0.100000 0.000000
vn 0.100000 0.000000 0.000000
vn 0.100000 0.000000 0.000000
vn 0.100000 0.000000 0.000000
vn 0.100000 0.000000 0.000000
vn -0.100000 0.000000 0.000000
vn -0.100000 0.000000 0.000000
vn -0.100000 0.000000 0.000000
vn -0.100000 0.000000 0.000000
vn 0.000000 0.100000 0.000000
vn 0.000000 0.100000 0.000000
vn 0.000000 0.100000 0.000000
vn 0.000000 0.100000 0.000000
vn 0.100000 0.000000 0.000000
vn 0.100000 0.000000 0.000000
vn 0.100000 0.000000 0.000000
vn 0.100000 0.000000 0.000000
vn -0.100000 0.000000 0.000000
vn -0.100000 0.000000 0.000000
vn -0.100000 0.000000 0.000000
vn -0.100000 0.000000 0.000000
vn 0.000000 -0.100000 0.000000
vn 0.000000 -0.100000 0.000000
vn 0.000000 -0.100000 0.000000
vn 0.000000 -0.100000 0.000000
vn -0.100000 0.000000 0.000000
vn -0.100000 0.000000 0.000000
vn -0.100000 0.000000 0.000000
vn -0.100000 0.000000 0.000000
vn 0.000000 0.100000 0.000000
vn 0.000000 0.100000 0.000000
vn 0.000000 0.100000 0.000000
vn 0.000000 0.100000 0.000000
vn 0.100000 0.000000 0.000000
vn 0.100000 0.000000 0.000000
vn 0.100000 0.000000 0.000000
vn 0.100000 0.000000 0.000000
vn 0.100000 0.000000 0.000000
vn 0.100000 0.000000 0.000000
vn 0.100000 0.000000 0.000000
vn 0.100000 0.000000 0.000000
vn 0.100000 0.000000 0.000000
vn 0.100000 0.000000 0.000000
vn 0.000000 0.100000 0.000000
vn 0.000000 0.100000 0.000000
vn 0.000000 0.100000 0.000000
vn 0.000000 0.100000 0.000000
vn 0.000000 0.100000 0.000000
vn 0.000000 0.100000 0.000000
vn 0.000000 0.100000 0.000000
vn 0.000000 0.100000 0.000000
vn 0.000000 0.100000 0.000000
vn 0.000000 0.100000 0.000000
vn 0.000000 0.100000 0.000000
vn 0.000000 0.100000 0.000000
vn 0.000000 0.100000 0.000000
vn 0.000000 0.100000 0.000000
vn 0.000000 0.100000 0.000000
vn 0.000000 0.100000 0.000000
vn 0.000000 0.100000 0.000000
vn 0.000000 0.100000 0.000000
vn 0.000000 0.100000 0.000000
vn 0.000000 0.100000 0.000000
vn 0.000000 0.100000 0.000000
vn 0.000000 0.100000 0.000000
vn 0.100000 0.000000 0.000000
vn 0.100000 0.000000 0.000000
vn 0.100000 0.000000 0.000000
vn 0.100000 0.000000 0.000000
vn 0.100000 0.000000 0.000000
vn 0.100000 0.000000 0.000000
vn 0.100000 0.000000 0.000000
vn 0.100000 0.000000 0.000000
vn 0.100000 0.000000 0.000000
vn 0.000000 -0.100000 0.000000
vn 0.000000 -0.100000 0.000000
vn 0.000000 -0.100000 0.000000
vn 0.000000 -0.100000 0.000000
vn -0.100000 0.000000 0.000000
vn -0.100000 0.000000 0.000000
vn -0.100000 0.000000 0.000000
vn -0.100000 0.000000 0.000000
vn 0.000000 0.100000 0.000000
vn 0.000000 0.100000 0.000000
vn 0.000000 0.100000 0.000000
vn 0.000000 0.100000 0.000000
vn 0.100000 0.000000 0.000000
vn 0.100000 0.000000 0.000000
vn 0.100000 0.000000 0.000000
vn 0.100000 0.000000 0.000000
vn 0.000000 -0.100000 0.000000
vn 0.000000 -0.100000 0.000000
vn 0.000000 -0.100000 0.000000
vn 0.000000 -0.100000 0.000000
vn -0.100000 0.000000 0.000000
vn -0.100000 0.000000 0.000000
vn -0.100000 0.000000 0.000000
vn -0.100000 0.000000 0.000000
vn 0.000000 0.100000 0.000000
vn 0.000000 0.100000 0.000000
vn 0.000000 0.100000 0.000000
vn 0.000000 0.100000 0.000000
vn 0.100000 0.000000 0.000000
vn 0.100000 0.000000 0.000000
vn 0.100000 0.000000 0.000000
vn 0.100000 0.000000 0.000000
vn 0.000000 -0.100000 0.000000
vn 0.000000 -0.100000 0.000000
vn 0.000000 -0.100000 0.000000
vn 0.000000 -0.100000 0.000000
vn -0.100000 0.000000 0.000000
vn -0.100000 0.000000 0.000000
vn -0.100000 0.000000 0.000000
vn -0.100000 0.000000 0.000000
vn 0.000000 0.100000 0.000000
vn 0.000000 0.100000 0.000000
vn 0.000000 0.100000 0.000000
vn 0.000000 0.100000 0.000000
vn 0.100000 0.000000 0.000000
vn 0.100000 0.000000 0.000000
vn 0.100000 0.000000 0.000000
vn 0.100000 0.000000 0.000000
vn 0.000000 0.100000 0.000000
vn 0.000000 0.100000 0.000000
vn 0.000000 0.100000 0.000000
vn 0.000000 0.100000 0.000000
vn 0.100000 0.000000 0.000000
vn 0.100000 0.000000 0.000000
vn 0.100000 0.000000 0.000000
vn 0.100000 0.000000 0.000000
vn -0.100000 0.000000 0.000000
vn -0.100000 0.000000 0.000000
vn -0.100000 0.000000 0.000000
vn -0.100000 0.000000 0.000000
vn 0.000000 -0.100000 0.000000
vn 0.000000 -0.100000 0.000000
vn 0.000000 -0.100000 0.000000
vn 0.000000 -0.100000 0.000000
vn -0.100000 0.000000 0.000000
vn -0.100000 0.000000 0.000000
vn -0.100000 0.000000 0.000000
vn -0.100000 0.000000 0.000000
vn 0.100000 0.000000 0.000000
vn 0.100000 0.000000 0.000000
vn 0.100000 0.000000 0.000000
vn 0.100000 0.000000 0.000000
vn 0.100000 0.000000 0.000000
vn 0.100000 0.000000 0.000000
vn 0.100000 0.000000 0.000000
vn 0.100000 0.000000 0.000000
vn 0.000000 -0.100000 0.000000
vn 0.000000 -0.100000 0.000000
vn 0.000000 -0.100000 0.000000
vn 0.000000 -0.100000 0.000000
vn -0.100000 0.000000 0.000000
vn -0.100000 0.000000 0.000000
vn -0.100000 0.000000 0.000000
vn -0.100000 0.000000 0.000000
vn 0.000000 -0.100000 0.000000
vn 0.000000 -0.100000 0.000000
vn 0.000000 -0.100000 0.000000
vn 0.000000 -0.100000 0.000000
vn 0.000000 -0.100000 0.000000
vn 0.000000 -0.100000 0.000000
vn 0.000000 -0.100000 0.000000
vn 0.000000 -0.100000 0.000000
vn 0.000000 -0.100000 0.000000
vn 0.000000 -0.100000 0.000000
vn 0.000000 -0.100000 0.000000
vn 0.000000 -0.100000 0.000000
vn 0.000000 -0.100000 0.000000
vn 0.000000 -0.100000 0.000000
vn 0.000000 -0.100000 0.000000
vn 0.000000 -0.100000 0.000000
vn 0.000000 -0.100000 0.000000
vn 0.000000 -0.100000 0.000000
vn 0.000000 -0.100000 0.000000
vn 0.000000 -0.100000 0.000000
vn 0.000000 -0.100000 0.000000
vn 0.000000 -0.100000 0.000000
vn -0.100000 0.000000 0.000000
vn -0.100000 0.000000 0.000000
vn -0.100000 0.000000 0.000000
vn -0.100000 0.000000 0.000000
vn 0.000000 0.100000 0.000000
vn 0.000000 0.100000 0.000000
vn 0.000000 0.100000 0.000000
vn 0.000000 0.100000 0.000000
vn 0.100000 0.000000 0.000000
vn 0.100000 0.000000 0.000000
vn 0.100000 0.000000 0.000000
vn 0.100000 0.000000 0.000000
vn -0.100000 0.000000 0.000000
vn -0.100000 0.000000 0.000000
vn -0.100000 0.000000 0.000000
vn -0.100000 0.000000 0.000000
vn 0.000000 0.100000 0.000000
vn 0.000000 0.100000 0.000000
vn 0.000000 0.100000 0.000000
vn 0.000000 0.100000 0.000000
vn 0.100000 0.000000 0.000000
vn 0.100000 0.000000 0.000000
vn 0.100000 0.000000 0.000000
vn 0.100000 0.000000 0.000000
vn 0.000000 0.100000 0.000000
vn 0.000000 0.100000 0.000000
vn 0.000000 0.100000 0.000000
vn 0.000000 0.100000 0.000000
vn 0.100000 0.000000 0.000000
vn 0.100000 0.000000 0.000000
vn 0.100000 0.000000 0.000000
vn 0.100000 0.000000 0.000000
vn 0.000000 -0.100000 0.000000
vn 0.000000 -0.100000 0.000000
vn 0.000000 -0.100000 0.000000
vn 0.000000 -0.100000 0.000000
vn 0.000000 -0.100000 0.000000
vn 0.000000 -0.100000 0.000000
vn 0.000000 -0.100000 0.000000
vn 0.000000 -0.100000 0.000000
vn 0.000000 -0.100000 0.000000
vn 0.000000 -0.100000 0.000000
vn 0.000000 -0.100000 0.000000
vn 0.000000 -0.100000 0.000000
vn 0.000000 -0.100000 0.000000
vn 0.000000 -0.100000 0.000000
vn 0.000000 -0.100000 0.000000
vn 0.000000 -0.100000 0.000000
vn 0.000000 -0.100000 0.000000
vn 0.000000 -0.100000 0.000000
vn -0.100000 0.000000 0.000000
vn -0.100000 0.000000 0.000000
vn -0.100000 0.000000 0.000000
vn -0.100000 0.000000 0.000000
vn -0.100000 0.000000 0.000000
vn -0.100000 0.000000 0.000000
vn 0.000000 0.100000 0.000000
vn 0.000000 0.100000 0.000000
vn 0.000000 0.100000 0.000000
vn 0.000000 0.100000 0.000000
vn 0.100000 0.000000 0.000000
vn 0.100000 0.000000 0.000000
vn 0.100000 0.000000 0.000000
vn 0.100000 0.000000 0.000000
vn 0.000000 -0.100000 0.000000
vn 0.000000 -0.100000 0.000000
vn 0.000000 -0.100000 0.000000
vn 0.000000 -0.100000 0.000000
vn -0.100000 0.000000 0.000000
vn -0.100000 0.000000 0.000000
vn -0.100000 0.000000 0.000000
vn -0.100000 0.000000 0.000000
vn 0.000000 -0.100000 0.000000
vn 0.000000 -0.100000 0.000000
vn 0.000000 -0.100000 0.000000
vn 0.000000 -0.100000 0.000000
vn -0.100000 0.000000 0.000000
vn -0.100000 0.000000 0.000000
vn -0.100000 0.000000 0.000000
vn -0.100000 0.000000 0.000000
vn 0.100000 0.000000 0.000000
vn 0.100000 0.000000 0.000000
vn 0.100000 0.000000 0.000000
vn 0.100000 0.000000 0.000000
vn 0.000000 -0.100000 0.000000
vn 0.000000 -0.100000 0.000000
vn 0.000000 -0.100000 0.000000
vn 0.000000 -0.100000 0.000000
vn -0.100000 0.000000 0.000000
vn -0.100000 0.000000 0.000000
vn -0.100000 0.000000 0.000000
vn -0.100000 0.000000 0.000000
vn 0.100000 0.000000 0.000000
vn 0.100000 0.000000 0.000000
vn 0.100000 0.000000 0.000000
vn 0.100000 0.000000 0.000000
vn 0.000000 -0.100000 0.000000
vn 0.000000 -0.100000 0.000000
vn 0.000000 -0.100000 0.000000
vn 0.000000 -0.100000 0.000000
vn -0.100000 0.000000 0.000000
vn -0.100000 0.000000 0.000000
vn -0.100000 0.000000 0.000000
vn -0.100000 0.000000 0.000000
vn 0.100000 0.000000 0.000000
vn 0.100000 0.000000 0.000000
vn 0.100000 0.000000 0.000000
vn 0.100000 0.000000 0.000000
vn -0.100000 0.000000 0.000000
vn -0.100000 0.000000 0.000000
vn -0.100000 0.000000 0.000000
vn -0.100000 0.000000 0.000000
vn 0.000000 0.100000 0.000000
vn 0.000000 0.100000 0.000000
vn 0.000000 0.100000 0.000000
vn 0.000000 0.100000 0.000000
vn 0.100000 0.000000 0.000000
vn 0.100000 0.000000 0.000000
vn 0.100000 0.000000 0.000000
vn 0.100000 0.000000 0.000000
vn -0.100000 0.000000 0.000000
vn -0.100000 0.000000 0.000000
vn -0.100000 0.000000 0.000000
vn -0.100000 0.000000 0.000000
vn -0.100000 0.000000 0.000000
vn -0.100000 0.000000 0.000000
vn -0.100000 0.000000 0.000000
vn -0.100000 0.000000 0.000000
vn 0.100000 0.000000 0.000000
vn 0.100000 0.000000 0.000000
vn 0.100000 0.000000 0.000000
vn 0.100000 0.000000 0.000000
vn 0.100000 0.000000 0.000000
vn 0.100000 0.000000 0.000000
vn 0.100000 0.000000 0.000000
vn 0.100000 0.000000 0.000000
vn 0.100000 0.000000 0.000000
vn -0.100000 0.000000 0.000000
vn -0.100000 0.000000 0.000000
vn -0.100000 0.000000 0.000000
vn -0.100000 0.000000 0.000000
vn -0.100000 0.000000 0.000000
vn -0.100000 0.000000 0.000000
vn -0.100000 0.000000 0.000000
vn -0.100000 0.000000 0.000000
vn -0.100000 0.000000 0.000000
vn 0.100000 0.000000 0.000000
vn 0.100000 0.000000 0.000000
vn 0.100000 0.000000 0.000000
vn 0.100000 0.000000 0.000000
vn 0.100000 0.000000 0.000000
vn 0.100000 0.000000 0.000000
vn 0.100000 0.000000 0.000000
vn 0.100000 0.000000 0.000000
vn -0.100000 0.000000 0.000000
vn -0.100000 0.000000 0.000000
vn -0.100000 0.000000 0.000000
vn -0.100000 0.000000 0.000000
vn 0.000000 0.100000 0.000000
vn 0.000000 0.100000 0.000000
vn 0.000000 0.100000 0.000000
vn 0.000000 0.100000 0.000000
vn 0.100000 0.000000 0.000000
vn 0.100000 0.000000 0.000000
vn 0.100000 0.000000 0.000000
vn 0.100000 0.000000 0.000000
vn -0.100000 0.000000 0.000000
vn -0.100000 0.000000 0.000000
vn -0.100000 0.000000 0.000000
vn -0.100000 0.000000 0.000000
vn 0.000000 0.100000 0.000000
vn 0.000000 0.100000 0.000000
vn -0.017365 0.098481 0.000000
vn -0.017365 0.098481 0.000000
vn -0.034202 0.093969 0.000000
vn -0.034202 0.093969 0.000000
vn -0.050000 0.086603 0.000000
vn -0.050000 0.086603 0.000000
vn -0.064279 0.076604 0.000000
vn -0.064279 0.076604 0.000000
vn -0.076604 0.064279 0.000000
vn -0.076604 0.064279 0.000000
vn -0.086603 0.050000 0.000000
vn -0.086603 0.050000 0.000000
vn -0.093969 0.034202 0.000000
vn -0.093969 0.034202 0.000000
vn -0.098481 0.017365 0.000000
vn -0.098481 0.017365 0.000000
vn 0.000000 0.100000 0.000000
vn 0.000000 0.100000 0.000000
vn 0.100000 0.000000 0.000000
vn 0.100000 0.000000 0.000000
vn 0.100000 0.000000 0.000000
vn 0.100000 0.000000 0.000000
vn -0.100000 0.000000 0.000000
vn -0.100000 0.000000 0.000000
vn -0.100000 0.000000 0.000000
vn -0.100000 0.000000 0.000000
vn 0.100000 0.000000 0.000000
vn 0.100000 0.000000 0.000000
vn 0.100000 0.000000 0.000000
vn 0.100000 0.000000 0.000000
vn 0.100000 0.000000 0.000000
vn 0.100000 0.000000 0.000000
vn 0.100000 0.000000 0.000000
vn 0.100000 0.000000 0.000000
vn 0.100000 0.000000 0.000000
vn 0.000000 0.100000 0.000000
vn 0.000000 0.100000 0.000000
vn 0.000000 0.100000 0.000000
vn 0.000000 0.100000 0.000000
vn 0.100000 0.000000 0.000000
vn 0.100000 0.000000 0.000000
vn 0.100000 0.000000 0.000000
vn 0.100000 0.000000 0.000000
vn -0.100000 0.000000 0.000000
vn -0.100000 0.000000 0.000000
vn -0.100000 0.000000 0.000000
vn -0.100000 0.000000 0.000000
vn -0.100000 0.000000 0.000000
vn -0.100000 0.000000 0.000000
vn -0.098982 -0.014231 0.000000
vn -0.098982 -0.014231 0.000000
vn -0.095949 -0.028173 0.000000
vn -0.095949 -0.028173 0.000000
vn -0.090963 -0.041542 0.000000
vn -0.090963 -0.041542 0.000000
vn -0.084125 -0.054064 0.000000
vn -0.084125 -0.054064 0.000000
vn -0.075575 -0.065486 0.000000
vn -0.075575 -0.065486 0.000000
vn -0.065486 -0.075575 0.000000
vn -0.065486 -0.075575 0.000000
vn -0.054064 -0.084125 0.000000
vn -0.054064 -0.084125 0.000000
vn -0.041542 -0.090963 0.000000
vn -0.041542 -0.090963 0.000000
vn -0.028173 -0.095949 0.000000
vn -0.028173 -0.095949 0.000000
vn -0.014231 -0.098982 0.000000
vn -0.014231 -0.098982 0.000000
vn 0.014231 -0.098982 0.000000
vn 0.014231 -0.098982 0.000000
vn 0.028173 -0.095949 0.000000
vn 0.028173 -0.095949 0.000000
vn 0.041542 -0.090963 0.000000
vn 0.041542 -0.090963 0.000000
vn 0.054064 -0.084125 0.000000
vn 0.054064 -0.084125 0.000000
vn 0.065486 -0.075575 0.000000
vn 0.065486 -0.075575 0.000000
vn 0.075575 -0.065486 0.000000
vn 0.075575 -0.065486 0.000000
vn 0.084125 -0.054064 0.000000
vn 0.084125 -0.054064 0.000000
vn 0.090963 -0.041542 0.000000
vn 0.090963 -0.041542 0.000000
vn 0.095949 -0.028173 0.000000
vn 0.095949 -0.028173 0.000000
vn 0.098982 -0.014231 0.000000
vn 0.098982 -0.014231 0.000000
vn 0.098982 0.014231 0.000000
vn 0.098982 0.014231 0.000000
vn 0.095949 0.028173 0.000000
vn 0.095949 0.028173 0.000000
vn 0.090963 0.041542 0.000000
vn 0.090963 0.041542 0.000000
vn 0.084125 0.054064 0.000000
vn 0.084125 0.054064 0.000000
vn 0.075575 0.065486 0.000000
vn 0.075575 0.065486 0.000000
vn 0.065486 0.075575 0.000000
vn 0.065486 0.075575 0.000000
vn 0.054064 0.084125 0.000000
vn 0.054064 0.084125 0.000000
vn 0.041542 0.090963 0.000000
vn 0.041542 0.090963 0.000000
vn 0.028173 0.095949 0.000000
vn 0.028173 0.095949 0.000000
vn 0.014231 0.098982 0.000000
vn 0.014231 0.098982 0.000000
vn -0.000000 0.100000 0.000000
vn -0.000000 0.100000 0.000000
vn 0.000000 0.100000 0.000000
vn 0.000000 0.100000 0.000000
vn 0.000000 0.100000 0.000000
vn 0.000000 0.100000 0.000000
vn 0.000000 0.100000 0.000000
vn 0.000000 0.100000 0.000000
vn -0.014231 0.098982 0.000000
vn -0.014231 0.098982 0.000000
vn -0.028173 0.095949 0.000000
vn -0.028173 0.095949 0.000000
vn -0.041542 0.090963 0.000000
vn -0.041542 0.090963 0.000000
vn -0.054064 0.084125 0.000000
vn -0.054064 0.084125 0.000000
vn -0.065486 0.075575 0.000000
vn -0.065486 0.075575 0.000000
vn -0.075575 0.065486 0.000000
vn -0.075575 0.065486 0.000000
vn -0.084125 0.054064 0.000000
vn -0.084125 0.054064 0.000000
vn -0.090963 0.041542 0.000000
vn -0.090963 0.041542 0.000000
vn -0.095949 0.028173 0.000000
vn -0.095949 0.028173 0.000000
vn -0.098982 0.014231 0.000000
vn -0.098982 0.014231 0.000000
vn -0.100000 -0.000000 0.000000
vn -0.100000 -0.000000 0.000000
vn -0.100000 0.000000 0.000000
vn -0.100000 0.000000 0.000000
vn -0.100000 0.000000 0.000000
vn -0.100000 0.000000 0.000000
vn -0.100000 0.000000 0.000000
vn -0.100000 0.000000 0.000000
vn -0.100000 0.000000 0.000000
vn -0.100000 0.000000 0.000000
usemtl Plastic_-_Matte_(Black)_(3)
f 1/1/1 2/2/2 13/3/3
f 13/3/3 2/2/2 12/4/4
f 12/4/4 2/2/2 3/5/5
f 12/4/4 3/5/5 11/6/6
f 11/6/6 3/5/5 4/7/7
f 11/6/6 4/7/7 5/8/8
f 11/6/6 5/8/8 10/9/9
f 10/9/9 5/8/8 6/10/10
f 10/9/9 6/10/10 7/11/11
f 8/12/12 9/13/13 7/11/11
f 7/11/11 9/13/13 10/9/9
f 13/14/3 14/15/14 1/16/1
f 1/16/1 14/15/14 24/17/15
f 24/17/15 14/15/14 23/18/16
f 23/18/16 14/15/14 15/19/17
f 23/18/16 15/19/17 22/20/18
f 22/20/18 15/19/17 21/21/19
f 21/21/19 15/19/17 16/22/20
f 21/21/19 16/22/20 20/23/21
f 20/23/21 16/22/20 19/24/22
f 19/24/22 16/22/20 17/25/23
f 19/24/22 17/25/23 18/26/24
f 14/27/25 13/28/26 25/29/27
f 25/29/27 13/28/26 12/30/28
f 25/29/27 12/30/28 11/31/29
f 11/31/29 10/32/30 25/29/27
f 25/29/27 10/32/30 9/33/31
f 14/27/25 25/29/27 15/34/32
f 15/34/32 25/29/27 26/35/33
f 15/34/32 26/35/33 16/36/34
f 16/36/34 26/35/33 17/37/35
f 17/37/35 26/35/33 27/38/36
f 17/37/35 27/38/36 37/39/37
f 37/39/37 27/38/36 36/40/38
f 36/40/38 27/38/36 35/41/39
f 35/41/39 27/38/36 28/42/40
f 35/41/39 28/42/40 34/43/41
f 34/43/41 28/42/40 33/44/42
f 33/44/42 28/42/40 32/45/43
f 32/45/43 28/42/40 31/46/44
f 31/46/44 28/42/40 30/47/45
f 30/47/45 28/42/40 29/48/46
f 38/49/47 39/50/48 29/51/49
f 29/51/49 39/50/48 30/52/50
f 30/52/50 39/50/48 40/53/51
f 30/52/50 40/53/51 41/54/52
f 30/52/50 41/54/52 31/55/53
f 31/55/53 41/54/52 42/56/54
f 31/55/53 42/56/54 43/57/55
f 31/55/53 43/57/55 32/58/56
f 32/58/56 43/57/55 44/59/57
f 32/58/56 44/59/57 33/60/58
f 33/60/58 44/59/57 45/61/59
f 33/62/58 45/63/59 34/64/60
f 34/64/60 45/63/59 46/65/61
f 34/64/60 46/65/61 47/66/62
f 34/64/60 47/66/62 35/67/63
f 35/67/63 47/66/62 48/68/64
f 35/67/63 48/68/64 49/69/65
f 35/67/63 49/69/65 36/70/66
f 36/70/66 49/69/65 50/71/67
f 36/70/66 50/71/67 51/72/68
f 52/73/69 37/74/70 51/72/68
f 51/72/68 37/74/70 36/70/66
f 56/75/71 53/76/72 68/77/73
f 68/77/73 53/76/72 18/78/24
f 68/77/73 18/78/24 52/79/69
f 52/79/69 18/78/24 17/80/23
f 52/79/69 17/80/23 37/81/70
f 68/77/73 52/79/69 67/82/74
f 67/82/74 52/79/69 54/83/75
f 67/82/74 54/83/75 66/84/76
f 66/84/76 54/83/75 65/85/77
f 65/85/77 54/83/75 64/86/78
f 64/86/78 54/83/75 63/87/79
f 63/87/79 54/83/75 62/88/80
f 62/88/80 54/83/75 61/89/81
f 61/89/81 54/83/75 60/90/82
f 60/90/82 54/83/75 59/91/83
f 59/91/83 54/83/75 55/92/84
f 59/91/83 55/92/84 87/93/85
f 87/93/85 55/92/84 85/94/86
f 87/93/85 85/94/86 86/95/87
f 56/75/71 76/96/88 55/92/84
f 55/92/84 76/96/88 77/97/89
f 55/92/84 77/97/89 78/98/90
f 57/99/91 58/100/92 93/101/93
f 93/101/93 58/100/92 92/102/94
f 92/102/94 58/100/92 91/103/95
f 91/103/95 58/100/92 88/104/96
f 91/103/95 88/104/96 90/105/97
f 90/105/97 88/104/96 89/106/98
f 88/104/96 58/100/92 87/93/85
f 87/93/85 58/100/92 59/91/83
f 68/77/73 69/107/99 56/75/71
f 56/75/71 69/107/99 70/108/100
f 56/75/71 70/108/100 71/109/101
f 71/109/101 72/110/102 56/75/71
f 56/75/71 72/110/102 73/111/103
f 56/75/71 73/111/103 74/112/104
f 74/112/104 75/113/105 56/75/71
f 56/75/71 75/113/105 76/96/88
f 78/98/90 79/114/106 55/92/84
f 55/92/84 79/114/106 80/115/107
f 55/92/84 80/115/107 81/116/108
f 81/116/108 82/117/109 55/92/84
f 55/92/84 82/117/109 83/118/110
f 55/92/84 83/118/110 84/119/111
f 84/119/111 85/94/86 55/92/84
f 7/120/112 6/121/113 8/122/114
f 8/122/114 6/121/113 5/123/115
f 8/122/114 5/123/115 94/124/116
f 94/124/116 5/123/115 4/125/117
f 94/124/116 4/125/117 3/126/118
f 3/126/118 2/127/119 94/124/116
f 94/124/116 2/127/119 1/128/120
f 94/124/116 1/128/120 53/129/121
f 53/129/121 1/128/120 24/130/122
f 53/129/121 24/130/122 23/131/123
f 23/131/123 22/132/124 53/129/121
f 53/129/121 22/132/124 21/133/125
f 53/129/121 21/133/125 20/134/126
f 20/134/126 19/135/127 53/129/121
f 53/129/121 19/135/127 18/136/128
f 53/137/129 56/138/130 94/139/131
f 94/139/131 56/138/130 95/140/132
f 56/141/133 55/142/134 95/143/135
f 95/143/135 55/142/134 96/144/136
f 97/145/137 96/146/138 54/147/139
f 54/147/139 96/146/138 55/148/140
f 44/149/141 97/150/142 45/151/143
f 45/151/143 97/150/142 54/152/144
f 45/151/143 54/152/144 46/153/145
f 46/153/145 54/152/144 47/154/146
f 47/154/146 54/152/144 48/155/147
f 48/155/147 54/152/144 49/156/148
f 49/156/148 54/152/144 50/157/149
f 50/157/149 54/152/144 51/158/150
f 51/158/150 54/152/144 52/159/151
f 44/149/141 43/160/152 97/150/142
f 97/150/142 43/160/152 42/161/153
f 97/150/142 42/161/153 41/162/154
f 97/150/142 41/162/154 38/163/155
f 38/163/155 41/162/154 40/164/156
f 38/163/155 40/164/156 39/165/157
f 98/166/158 99/167/159 101/168/160
f 101/168/160 99/167/159 100/169/161
f 125/170/162 102/171/163 124/172/164
f 124/172/164 102/171/163 103/173/165
f 124/172/164 103/173/165 104/174/166
f 124/172/164 104/174/166 123/175/167
f 123/175/167 104/174/166 105/176/168
f 123/175/167 105/176/168 122/177/169
f 122/177/169 105/176/168 106/178/170
f 122/177/169 106/178/170 121/179/171
f 121/179/171 106/178/170 107/180/172
f 121/179/171 107/180/172 120/181/173
f 120/181/173 107/180/172 108/182/174
f 120/181/173 108/182/174 119/183/175
f 119/183/175 108/182/174 109/184/176
f 119/183/175 109/184/176 118/185/177
f 118/185/177 109/184/176 110/186/178
f 118/185/177 110/186/178 117/187/179
f 117/187/179 110/186/178 111/188/180
f 117/187/179 111/188/180 116/189/181
f 116/189/181 111/188/180 112/190/182
f 116/189/181 112/190/182 115/191/183
f 115/191/183 112/190/182 113/192/184
f 115/191/183 113/192/184 114/193/185
f 114/193/185 113/192/184 101/194/160
f 101/194/160 113/192/184 98/195/158
f 126/196/186 102/197/163 127/198/187
f 127/198/187 102/197/163 125/199/162
f 128/200/188 126/201/186 129/202/189
f 129/202/189 126/201/186 127/203/187
f 131/204/190 142/205/191 130/206/192
f 130/206/192 142/205/191 143/207/193
f 130/206/192 143/207/193 144/208/194
f 144/208/194 143/207/193 160/209/195
f 144/208/194 160/209/195 161/210/196
f 161/210/196 160/209/195 177/211/197
f 161/210/196 177/211/197 178/212/198
f 178/212/198 177/211/197 194/213/199
f 178/212/198 194/213/199 195/214/200
f 195/214/200 194/213/199 211/215/201
f 195/214/200 211/215/201 212/216/202
f 212/216/202 211/215/201 128/217/188
f 212/216/202 128/217/188 213/218/203
f 213/218/203 128/217/188 129/219/189
f 213/218/203 129/219/189 214/220/204
f 214/220/204 129/219/189 215/221/205
f 214/220/204 215/221/205 198/222/206
f 198/222/206 215/221/205 199/223/207
f 198/222/206 199/223/207 182/224/208
f 182/224/208 199/223/207 183/225/209
f 182/224/208 183/225/209 166/226/210
f 166/226/210 183/225/209 167/227/211
f 166/226/210 167/227/211 150/228/212
f 150/228/212 167/227/211 151/229/213
f 150/228/212 151/229/213 141/230/214
f 141/230/214 151/229/213 152/231/215
f 141/230/214 152/231/215 153/232/216
f 153/232/216 152/231/215 169/233/217
f 153/232/216 169/233/217 170/234/218
f 170/234/218 169/233/217 186/235/219
f 170/234/218 186/235/219 187/236/220
f 187/236/220 186/235/219 203/237/221
f 187/236/220 203/237/221 204/238/222
f 204/238/222 203/237/221 220/239/223
f 204/238/222 220/239/223 221/240/224
f 221/240/224 220/239/223 129/219/189
f 221/240/224 129/219/189 136/241/225
f 142/205/191 131/204/190 158/242/226
f 158/242/226 131/204/190 132/243/227
f 158/242/226 132/243/227 174/244/228
f 174/244/228 132/243/227 133/245/229
f 174/244/228 133/245/229 190/246/230
f 190/246/230 133/245/229 134/247/231
f 190/246/230 134/247/231 206/248/232
f 206/248/232 134/247/231 135/249/233
f 206/248/232 135/249/233 128/217/188
f 221/240/224 136/241/225 205/250/234
f 205/250/234 136/241/225 137/251/235
f 205/250/234 137/251/235 189/252/236
f 189/252/236 137/251/235 138/253/237
f 189/252/236 138/253/237 173/254/238
f 173/254/238 138/253/237 139/255/239
f 173/254/238 139/255/239 157/256/240
f 157/256/240 139/255/239 140/257/241
f 157/256/240 140/257/241 141/230/214
f 141/230/214 130/206/192 150/228/212
f 150/228/212 130/206/192 149/258/242
f 150/228/212 149/258/242 166/226/210
f 166/226/210 149/258/242 165/259/243
f 166/226/210 165/259/243 182/224/208
f 182/224/208 165/259/243 181/260/244
f 182/224/208 181/260/244 198/222/206
f 198/222/206 181/260/244 197/261/245
f 198/222/206 197/261/245 214/220/204
f 214/220/204 197/261/245 213/218/203
f 143/207/193 142/205/191 159/262/246
f 159/262/246 142/205/191 158/242/226
f 159/262/246 158/242/226 175/263/247
f 175/263/247 158/242/226 174/244/228
f 175/263/247 174/244/228 191/264/248
f 191/264/248 174/244/228 190/246/230
f 191/264/248 190/246/230 207/265/249
f 207/265/249 190/246/230 206/248/232
f 207/265/249 206/248/232 128/217/188
f 144/208/194 145/266/250 130/206/192
f 130/206/192 145/266/250 146/267/251
f 130/206/192 146/267/251 147/268/252
f 147/268/252 146/267/251 163/269/253
f 147/268/252 163/269/253 164/270/254
f 164/270/254 163/269/253 180/271/255
f 164/270/254 180/271/255 181/260/244
f 181/260/244 180/271/255 197/261/245
f 144/208/194 161/210/196 145/266/250
f 145/266/250 161/210/196 162/272/256
f 145/266/250 162/272/256 146/267/251
f 146/267/251 162/272/256 163/269/253
f 149/258/242 130/206/192 148/273/257
f 148/273/257 130/206/192 147/268/252
f 148/273/257 147/268/252 164/270/254
f 165/259/243 149/258/242 148/273/257
f 165/259/243 148/273/257 164/270/254
f 152/231/215 151/229/213 168/274/258
f 168/274/258 151/229/213 167/227/211
f 168/274/258 167/227/211 184/275/259
f 184/275/259 167/227/211 183/225/209
f 184/275/259 183/225/209 200/276/260
f 200/276/260 183/225/209 199/223/207
f 200/276/260 199/223/207 216/277/261
f 216/277/261 199/223/207 215/221/205
f 216/277/261 215/221/205 129/219/189
f 153/232/216 154/278/262 141/230/214
f 141/230/214 154/278/262 155/279/263
f 141/230/214 155/279/263 156/280/264
f 156/280/264 155/279/263 172/281/265
f 156/280/264 172/281/265 173/254/238
f 173/254/238 172/281/265 189/252/236
f 153/232/216 170/234/218 154/278/262
f 154/278/262 170/234/218 171/282/266
f 154/278/262 171/282/266 155/279/263
f 155/279/263 171/282/266 172/281/265
f 157/256/240 141/230/214 156/280/264
f 173/254/238 157/256/240 156/280/264
f 143/207/193 159/262/246 160/209/195
f 160/209/195 159/262/246 176/283/267
f 160/209/195 176/283/267 177/211/197
f 177/211/197 176/283/267 193/284/268
f 177/211/197 193/284/268 194/213/199
f 194/213/199 193/284/268 210/285/269
f 194/213/199 210/285/269 211/215/201
f 211/215/201 210/285/269 128/217/188
f 176/283/267 159/262/246 175/263/247
f 161/210/196 178/212/198 162/272/256
f 162/272/256 178/212/198 179/286/270
f 162/272/256 179/286/270 163/269/253
f 163/269/253 179/286/270 180/271/255
f 181/260/244 165/259/243 164/270/254
f 152/231/215 168/274/258 169/233/217
f 169/233/217 168/274/258 185/287/271
f 169/233/217 185/287/271 186/235/219
f 186/235/219 185/287/271 202/288/272
f 186/235/219 202/288/272 203/237/221
f 203/237/221 202/288/272 219/289/273
f 203/237/221 219/289/273 220/239/223
f 220/239/223 219/289/273 129/219/189
f 185/287/271 168/274/258 184/275/259
f 170/234/218 187/236/220 171/282/266
f 171/282/266 187/236/220 188/290/274
f 171/282/266 188/290/274 172/281/265
f 172/281/265 188/290/274 189/252/236
f 176/283/267 175/263/247 192/291/275
f 192/291/275 175/263/247 191/264/248
f 192/291/275 191/264/248 208/292/276
f 208/292/276 191/264/248 207/265/249
f 208/292/276 207/265/249 128/217/188
f 178/212/198 195/214/200 179/286/270
f 179/286/270 195/214/200 196/293/277
f 179/286/270 196/293/277 180/271/255
f 180/271/255 196/293/277 197/261/245
f 185/287/271 184/275/259 201/294/278
f 201/294/278 184/275/259 200/276/260
f 201/294/278 200/276/260 217/295/279
f 217/295/279 200/276/260 216/277/261
f 217/295/279 216/277/261 129/219/189
f 205/250/234 189/252/236 188/290/274
f 205/250/234 188/290/274 204/238/222
f 204/238/222 188/290/274 187/236/220
f 176/283/267 192/291/275 193/284/268
f 193/284/268 192/291/275 209/296/280
f 193/284/268 209/296/280 210/285/269
f 210/285/269 209/296/280 128/217/188
f 209/296/280 192/291/275 208/292/276
f 213/218/203 197/261/245 196/293/277
f 213/218/203 196/293/277 212/216/202
f 212/216/202 196/293/277 195/214/200
f 185/287/271 201/294/278 202/288/272
f 202/288/272 201/294/278 218/297/281
f 202/288/272 218/297/281 219/289/273
f 219/289/273 218/297/281 129/219/189
f 218/297/281 201/294/278 217/295/279
f 221/240/224 205/250/234 204/238/222
f 128/217/188 209/296/280 208/292/276
f 129/219/189 218/297/281 217/295/279
f 222/298/282 130/299/283 223/300/284
f 223/300/284 130/299/283 141/301/285
f 225/302/286 236/303/287 224/304/288
f 224/304/288 236/303/287 237/305/289
f 224/304/288 237/305/289 238/306/290
f 238/306/290 237/305/289 254/307/291
f 238/306/290 254/307/291 255/308/292
f 255/308/292 254/307/291 271/309/293
f 255/308/292 271/309/293 272/310/294
f 272/310/294 271/309/293 288/311/295
f 272/310/294 288/311/295 289/312/296
f 289/312/296 288/311/295 305/313/297
f 289/312/296 305/313/297 306/314/298
f 306/314/298 305/313/297 222/315/282
f 306/314/298 222/315/282 307/316/299
f 307/316/299 222/315/282 223/317/284
f 307/316/299 223/317/284 308/318/300
f 308/318/300 223/317/284 309/319/301
f 308/318/300 309/319/301 292/320/302
f 292/320/302 309/319/301 293/321/303
f 292/320/302 293/321/303 276/322/304
f 276/322/304 293/321/303 277/323/305
f 276/322/304 277/323/305 260/324/306
f 260/324/306 277/323/305 261/325/307
f 260/324/306 261/325/307 244/326/308
f 244/326/308 261/325/307 245/327/309
f 244/326/308 245/327/309 235/328/310
f 235/328/310 245/327/309 246/329/311
f 235/328/310 246/329/311 247/330/312
f 247/330/312 246/329/311 263/331/313
f 247/330/312 263/331/313 264/332/314
f 264/332/314 263/331/313 280/333/315
f 264/332/314 280/333/315 281/334/316
f 281/334/316 280/333/315 297/335/317
f 281/334/316 297/335/317 298/336/318
f 298/336/318 297/335/317 314/337/319
f 298/336/318 314/337/319 315/338/320
f 315/338/320 314/337/319 223/317/284
f 315/338/320 223/317/284 230/339/321
f 236/303/287 225/302/286 252/340/322
f 252/340/322 225/302/286 226/341/323
f 252/340/322 226/341/323 268/342/324
f 268/342/324 226/341/323 227/343/325
f 268/342/324 227/343/325 284/344/326
f 284/344/326 227/343/325 228/345/327
f 284/344/326 228/345/327 300/346/328
f 300/346/328 228/345/327 229/347/329
f 300/346/328 229/347/329 222/315/282
f 315/338/320 230/339/321 299/348/330
f 299/348/330 230/339/321 231/349/331
f 299/348/330 231/349/331 283/350/332
f 283/350/332 231/349/331 232/351/333
f 283/350/332 232/351/333 267/352/334
f 267/352/334 232/351/333 233/353/335
f 267/352/334 233/353/335 251/354/336
f 251/354/336 233/353/335 234/355/337
f 251/354/336 234/355/337 235/328/310
f 235/328/310 224/304/288 244/326/308
f 244/326/308 224/304/288 243/356/338
f 244/326/308 243/356/338 260/324/306
f 260/324/306 243/356/338 259/357/339
f 260/324/306 259/357/339 276/322/304
f 276/322/304 259/357/339 275/358/340
f 276/322/304 275/358/340 292/320/302
f 292/320/302 275/358/340 291/359/341
f 292/320/302 291/359/341 308/318/300
f 308/318/300 291/359/341 307/316/299
f 237/305/289 236/303/287 253/360/342
f 253/360/342 236/303/287 252/340/322
f 253/360/342 252/340/322 269/361/343
f 269/361/343 252/340/322 268/342/324
f 269/361/343 268/342/324 285/362/344
f 285/362/344 268/342/324 284/344/326
f 285/362/344 284/344/326 301/363/345
f 301/363/345 284/344/326 300/346/328
f 301/363/345 300/346/328 222/315/282
f 238/306/290 239/364/346 224/304/288
f 224/304/288 239/364/346 240/365/347
f 224/304/288 240/365/347 241/366/348
f 241/366/348 240/365/347 257/367/349
f 241/366/348 257/367/349 258/368/350
f 258/368/350 257/367/349 274/369/351
f 258/368/350 274/369/351 275/358/340
f 275/358/340 274/369/351 291/359/341
f 238/306/290 255/308/292 239/364/346
f 239/364/346 255/308/292 256/370/352
f 239/364/346 256/370/352 240/365/347
f 240/365/347 256/370/352 257/367/349
f 243/356/338 224/304/288 242/371/353
f 242/371/353 224/304/288 241/366/348
f 242/371/353 241/366/348 258/368/350
f 259/357/339 243/356/338 242/371/353
f 259/357/339 242/371/353 258/368/350
f 246/329/311 245/327/309 262/372/354
f 262/372/354 245/327/309 261/325/307
f 262/372/354 261/325/307 278/373/355
f 278/373/355 261/325/307 277/323/305
f 278/373/355 277/323/305 294/374/356
f 294/374/356 277/323/305 293/321/303
f 294/374/356 293/321/303 310/375/357
f 310/375/357 293/321/303 309/319/301
f 310/375/357 309/319/301 223/317/284
f 247/330/312 248/376/358 235/328/310
f 235/328/310 248/376/358 249/377/359
f 235/328/310 249/377/359 250/378/360
f 250/378/360 249/377/359 266/379/361
f 250/378/360 266/379/361 267/352/334
f 267/352/334 266/379/361 283/350/332
f 247/330/312 264/332/314 248/376/358
f 248/376/358 264/332/314 265/380/362
f 248/376/358 265/380/362 249/377/359
f 249/377/359 265/380/362 266/379/361
f 251/354/336 235/328/310 250/378/360
f 267/352/334 251/354/336 250/378/360
f 237/305/289 253/360/342 254/307/291
f 254/307/291 253/360/342 270/381/363
f 254/307/291 270/381/363 271/309/293
f 271/309/293 270/381/363 287/382/364
f 271/309/293 287/382/364 288/311/295
f 288/311/295 287/382/364 304/383/365
f 288/311/295 304/383/365 305/313/297
f 305/313/297 304/383/365 222/315/282
f 270/381/363 253/360/342 269/361/343
f 255/308/292 272/310/294 256/370/352
f 256/370/352 272/310/294 273/384/366
f 256/370/352 273/384/366 257/367/349
f 257/367/349 273/384/366 274/369/351
f 275/358/340 259/357/339 258/368/350
f 246/329/311 262/372/354 263/331/313
f 263/331/313 262/372/354 279/385/367
f 263/331/313 279/385/367 280/333/315
f 280/333/315 279/385/367 296/386/368
f 280/333/315 296/386/368 297/335/317
f 297/335/317 296/386/368 313/387/369
f 297/335/317 313/387/369 314/337/319
f 314/337/319 313/387/369 223/317/284
f 279/385/367 262/372/354 278/373/355
f 264/332/314 281/334/316 265/380/362
f 265/380/362 281/334/316 282/388/370
f 265/380/362 282/388/370 266/379/361
f 266/379/361 282/388/370 283/350/332
f 270/381/363 269/361/343 286/389/371
f 286/389/371 269/361/343 285/362/344
f 286/389/371 285/362/344 302/390/372
f 302/390/372 285/362/344 301/363/345
f 302/390/372 301/363/345 222/315/282
f 272/310/294 289/312/296 273/384/366
f 273/384/366 289/312/296 290/391/373
f 273/384/366 290/391/373 274/369/351
f 274/369/351 290/391/373 291/359/341
f 279/385/367 278/373/355 295/392/374
f 295/392/374 278/373/355 294/374/356
f 295/392/374 294/374/356 311/393/375
f 311/393/375 294/374/356 310/375/357
f 311/393/375 310/375/357 223/317/284
f 299/348/330 283/350/332 282/388/370
f 299/348/330 282/388/370 298/336/318
f 298/336/318 282/388/370 281/334/316
f 270/381/363 286/389/371 287/382/364
f 287/382/364 286/389/371 303/394/376
f 287/382/364 303/394/376 304/383/365
f 304/383/365 303/394/376 222/315/282
f 303/394/376 286/389/371 302/390/372
f 307/316/299 291/359/341 290/391/373
f 307/316/299 290/391/373 306/314/298
f 306/314/298 290/391/373 289/312/296
f 279/385/367 295/392/374 296/386/368
f 296/386/368 295/392/374 312/395/377
f 296/386/368 312/395/377 313/387/369
f 313/387/369 312/395/377 223/317/284
f 312/395/377 295/392/374 311/393/375
f 315/338/320 299/348/330 298/336/318
f 222/315/282 303/394/376 302/390/372
f 223/317/284 312/395/377 311/393/375
f 316/396/378 224/397/288 317/398/379
f 317/398/379 224/397/288 235/399/310
f 318/400/380 316/401/378 319/402/381
f 319/402/381 316/401/378 317/403/379
f 100/404/161 99/405/159 341/406/382
f 341/406/382 99/405/159 320/407/383
f 341/406/382 320/407/383 321/408/384
f 341/406/382 321/408/384 340/409/385
f 340/409/385 321/408/384 322/410/386
f 340/409/385 322/410/386 339/411/387
f 339/411/387 322/410/386 323/412/388
f 339/411/387 323/412/388 338/413/389
f 338/413/389 323/412/388 324/414/390
f 338/413/389 324/414/390 337/415/391
f 337/415/391 324/414/390 325/416/392
f 337/415/391 325/416/392 336/417/393
f 336/417/393 325/416/392 326/418/394
f 336/417/393 326/418/394 335/419/395
f 335/419/395 326/418/394 327/420/396
f 335/419/395 327/420/396 334/421/397
f 334/421/397 327/420/396 328/422/398
f 334/421/397 328/422/398 333/423/399
f 333/423/399 328/422/398 329/424/400
f 333/423/399 329/424/400 332/425/401
f 332/425/401 329/424/400 330/426/402
f 332/425/401 330/426/402 331/427/403
f 331/427/403 330/426/402 319/428/381
f 319/428/381 330/426/402 318/429/380
f 343/430/404 834/431/405 342/432/406
f 342/432/406 834/431/405 835/433/407
f 342/432/406 835/433/407 223/434/408
f 223/434/408 835/433/407 832/435/409
f 223/434/408 832/435/409 837/436/410
f 837/436/410 832/435/409 833/437/411
f 837/436/410 833/437/411 773/438/412
f 773/438/412 833/437/411 834/431/405
f 773/438/412 834/431/405 772/439/413
f 772/439/413 834/431/405 343/430/404
f 772/439/413 343/430/404 709/440/414
f 709/440/414 343/430/404 344/441/415
f 709/440/414 344/441/415 708/442/416
f 708/442/416 344/441/415 962/443/417
f 708/442/416 962/443/417 649/444/418
f 649/444/418 962/443/417 963/445/419
f 649/444/418 963/445/419 648/446/420
f 648/446/420 963/445/419 957/447/421
f 648/446/420 957/447/421 669/448/422
f 669/448/422 957/447/421 958/449/423
f 669/448/422 958/449/423 668/450/424
f 668/450/424 958/449/423 953/451/425
f 668/450/424 953/451/425 713/452/426
f 713/452/426 953/451/425 954/453/427
f 713/452/426 954/453/427 712/454/428
f 712/454/428 954/453/427 949/455/429
f 712/454/428 949/455/429 701/456/430
f 701/456/430 949/455/429 950/457/431
f 701/456/430 950/457/431 700/458/432
f 700/458/432 950/457/431 945/459/433
f 700/458/432 945/459/433 753/460/434
f 753/460/434 945/459/433 946/461/435
f 753/460/434 946/461/435 752/462/436
f 752/462/436 946/461/435 941/463/437
f 752/462/436 941/463/437 673/464/438
f 673/464/438 941/463/437 942/465/439
f 673/464/438 942/465/439 672/466/440
f 672/466/440 942/465/439 922/467/441
f 672/466/440 922/467/441 805/468/442
f 805/468/442 922/467/441 804/469/443
f 804/469/443 922/467/441 923/470/444
f 804/469/443 923/470/444 815/471/445
f 815/471/445 923/470/444 814/472/446
f 814/472/446 923/470/444 924/473/447
f 814/472/446 924/473/447 813/474/448
f 813/474/448 924/473/447 925/475/449
f 813/474/448 925/475/449 812/476/450
f 812/476/450 925/475/449 926/477/451
f 812/476/450 926/477/451 811/478/452
f 811/478/452 926/477/451 927/479/453
f 811/478/452 927/479/453 810/480/454
f 810/480/454 927/479/453 928/481/455
f 810/480/454 928/481/455 809/482/456
f 809/482/456 928/481/455 929/483/457
f 809/482/456 929/483/457 808/484/458
f 808/484/458 929/483/457 817/485/459
f 817/485/459 929/483/457 930/486/460
f 817/485/459 930/486/460 664/487/461
f 664/487/461 930/486/460 918/488/462
f 664/487/461 918/488/462 667/489/463
f 667/489/463 918/488/462 919/490/464
f 667/489/463 919/490/464 690/491/465
f 690/491/465 919/490/464 914/492/466
f 690/491/465 914/492/466 689/493/467
f 689/493/467 914/492/466 915/494/468
f 689/493/467 915/494/468 716/495/469
f 716/495/469 915/494/468 910/496/470
f 716/495/469 910/496/470 719/497/471
f 719/497/471 910/496/470 911/498/472
f 719/497/471 911/498/472 796/499/473
f 796/499/473 911/498/472 906/500/474
f 796/499/473 906/500/474 799/501/475
f 799/501/475 906/500/474 907/502/476
f 799/501/475 907/502/476 829/503/477
f 829/503/477 907/502/476 887/504/478
f 829/503/477 887/504/478 828/505/479
f 828/505/479 887/504/478 888/506/480
f 828/505/479 888/506/480 889/507/481
f 962/443/417 344/441/415 961/508/482
f 961/508/482 344/441/415 345/509/483
f 961/508/482 345/509/483 223/434/408
f 223/434/408 345/509/483 342/432/406
f 347/510/484 909/511/485 346/512/486
f 346/512/486 909/511/485 916/513/487
f 346/512/486 916/513/487 913/514/488
f 27/515/489 362/516/490 347/510/484
f 347/510/484 362/516/490 363/517/491
f 347/510/484 363/517/491 369/518/492
f 369/518/492 363/517/491 368/519/493
f 368/519/493 363/517/491 360/520/494
f 368/519/493 360/520/494 523/521/495
f 523/521/495 360/520/494 364/522/496
f 523/521/495 364/522/496 526/523/497
f 526/523/497 364/522/496 365/524/498
f 526/523/497 365/524/498 569/525/499
f 569/525/499 365/524/498 567/526/500
f 569/525/499 567/526/500 568/527/501
f 568/527/501 567/526/500 564/528/502
f 568/527/501 564/528/502 576/529/503
f 576/529/503 564/528/502 572/530/504
f 576/529/503 572/530/504 579/531/505
f 579/531/505 572/530/504 573/532/506
f 579/531/505 573/532/506 412/533/507
f 412/533/507 573/532/506 413/534/508
f 412/533/507 413/534/508 411/535/509
f 411/535/509 413/534/508 414/536/510
f 411/535/509 414/536/510 101/537/511
f 101/537/511 414/536/510 415/538/512
f 101/537/511 415/538/512 454/539/513
f 454/539/513 415/538/512 453/540/514
f 453/540/514 415/538/512 416/541/515
f 453/540/514 416/541/515 468/542/516
f 468/542/516 416/541/515 574/543/517
f 468/542/516 574/543/517 467/544/518
f 467/544/518 574/543/517 575/545/519
f 467/544/518 575/545/519 563/546/520
f 563/546/520 575/545/519 565/547/521
f 563/546/520 565/547/521 562/548/522
f 562/548/522 565/547/521 566/549/523
f 562/548/522 566/549/523 408/550/524
f 408/550/524 566/549/523 366/551/525
f 408/550/524 366/551/525 407/552/526
f 407/552/526 366/551/525 367/553/527
f 407/552/526 367/553/527 448/554/528
f 448/554/528 367/553/527 361/555/529
f 448/554/528 361/555/529 447/556/530
f 447/556/530 361/555/529 362/516/490
f 447/556/530 362/516/490 27/515/489
f 26/557/531 129/558/532 27/515/489
f 27/515/489 129/558/532 127/559/533
f 27/515/489 127/559/533 507/560/534
f 507/560/534 127/559/533 506/561/535
f 506/561/535 127/559/533 505/562/536
f 505/562/536 127/559/533 504/563/537
f 504/563/537 127/559/533 503/564/538
f 503/564/538 127/559/533 502/565/539
f 502/565/539 127/559/533 514/566/540
f 514/566/540 127/559/533 500/567/541
f 514/566/540 500/567/541 501/568/542
f 129/558/532 26/557/531 141/569/543
f 141/569/543 26/557/531 346/512/486
f 141/569/543 346/512/486 223/434/408
f 223/434/408 346/512/486 939/570/544
f 223/434/408 939/570/544 921/571/545
f 349/572/546 356/573/547 348/574/548
f 348/574/548 356/573/547 548/575/549
f 348/574/548 548/575/549 352/576/550
f 352/576/550 548/575/549 549/577/551
f 352/576/550 549/577/551 355/578/552
f 355/578/552 549/577/551 571/579/553
f 355/578/552 571/579/553 577/580/554
f 577/580/554 571/579/553 568/527/501
f 577/580/554 568/527/501 576/529/503
f 350/581/555 469/582/556 349/572/546
f 349/572/546 469/582/556 470/583/557
f 349/572/546 470/583/557 359/584/558
f 359/584/558 470/583/557 389/585/559
f 359/584/558 389/585/559 358/586/560
f 358/586/560 389/585/559 390/587/561
f 358/586/560 390/587/561 493/588/562
f 493/588/562 390/587/561 486/589/563
f 493/588/562 486/589/563 492/590/564
f 492/590/564 486/589/563 487/591/565
f 492/590/564 487/591/565 440/592/566
f 440/592/566 487/591/565 441/593/567
f 440/592/566 441/593/567 439/594/568
f 439/594/568 441/593/567 442/595/569
f 439/594/568 442/595/569 898/596/570
f 898/596/570 442/595/569 897/597/571
f 897/597/571 442/595/569 896/598/572
f 896/598/572 442/595/569 443/599/573
f 896/598/572 443/599/573 882/600/574
f 882/600/574 443/599/573 885/601/575
f 885/601/575 443/599/573 878/602/576
f 885/601/575 878/602/576 884/603/577
f 884/603/577 878/602/576 879/604/578
f 884/603/577 879/604/578 791/605/579
f 791/605/579 879/604/578 818/606/580
f 791/605/579 818/606/580 790/607/581
f 790/607/581 818/606/580 819/608/582
f 790/607/581 819/608/582 786/609/583
f 786/609/583 819/608/582 723/610/584
f 786/609/583 723/610/584 785/611/585
f 785/611/585 723/610/584 720/612/586
f 785/611/585 720/612/586 758/613/587
f 758/613/587 720/612/586 751/614/588
f 758/613/587 751/614/588 757/615/589
f 757/615/589 751/614/588 748/616/590
f 757/615/589 748/616/590 739/617/591
f 739/617/591 748/616/590 652/618/592
f 739/617/591 652/618/592 738/619/593
f 738/619/593 652/618/592 653/620/594
f 738/619/593 653/620/594 626/621/595
f 626/621/595 653/620/594 779/622/596
f 626/621/595 779/622/596 625/623/597
f 625/623/597 779/622/596 776/624/598
f 625/623/597 776/624/598 674/625/599
f 674/625/599 776/624/598 755/626/600
f 674/625/599 755/626/600 673/464/438
f 673/464/438 755/626/600 752/462/436
f 351/627/601 515/628/602 350/581/555
f 350/581/555 515/628/602 436/629/603
f 350/581/555 436/629/603 469/582/556
f 469/582/556 436/629/603 433/630/604
f 469/582/556 433/630/604 472/631/605
f 472/631/605 433/630/604 375/632/606
f 472/631/605 375/632/606 461/633/607
f 461/633/607 375/632/606 372/634/608
f 461/633/607 372/634/608 464/635/609
f 464/635/609 372/634/608 376/636/610
f 464/635/609 376/636/610 544/637/611
f 544/637/611 376/636/610 377/638/612
f 544/637/611 377/638/612 547/639/613
f 547/639/613 377/638/612 319/640/614
f 547/639/613 319/640/614 546/641/615
f 546/641/615 319/640/614 424/642/616
f 546/641/615 424/642/616 421/643/617
f 348/574/548 352/576/550 351/627/601
f 351/627/601 352/576/550 353/644/618
f 351/627/601 353/644/618 518/645/619
f 518/645/619 353/644/618 409/646/620
f 518/645/619 409/646/620 517/647/621
f 517/647/621 409/646/620 410/648/622
f 517/647/621 410/648/622 100/649/623
f 100/649/623 410/648/622 101/537/511
f 101/537/511 410/648/622 411/535/509
f 353/644/618 354/650/624 409/646/620
f 409/646/620 354/650/624 578/651/625
f 409/646/620 578/651/625 412/533/507
f 412/533/507 578/651/625 579/531/505
f 578/651/625 354/650/624 577/580/554
f 577/580/554 354/650/624 355/578/552
f 548/575/549 356/573/547 551/652/626
f 551/652/626 356/573/547 357/653/627
f 551/652/626 357/653/627 559/654/628
f 559/654/628 357/653/627 490/655/629
f 559/654/628 490/655/629 558/656/630
f 558/656/630 490/655/629 491/657/631
f 558/656/630 491/657/631 452/658/632
f 452/658/632 491/657/631 437/659/633
f 452/658/632 437/659/633 451/660/634
f 451/660/634 437/659/633 438/661/635
f 451/660/634 438/661/635 347/510/484
f 347/510/484 438/661/635 439/594/568
f 347/510/484 439/594/568 900/662/636
f 900/662/636 439/594/568 899/663/637
f 899/663/637 439/594/568 898/596/570
f 357/653/627 358/586/560 490/655/629
f 490/655/629 358/586/560 493/588/562
f 359/584/558 356/573/547 349/572/546
f 360/520/494 361/555/529 364/522/496
f 364/522/496 361/555/529 367/553/527
f 365/524/498 366/551/525 567/526/500
f 567/526/500 366/551/525 566/549/523
f 369/518/492 370/664/638 347/510/484
f 347/510/484 370/664/638 450/665/639
f 347/510/484 450/665/639 451/660/634
f 450/665/639 370/664/638 449/666/640
f 449/666/640 370/664/638 371/667/641
f 449/666/640 371/667/641 557/668/642
f 557/668/642 371/667/641 524/669/643
f 557/668/642 524/669/643 556/670/644
f 556/670/644 524/669/643 525/671/645
f 556/670/644 525/671/645 550/672/646
f 550/672/646 525/671/645 570/673/647
f 550/672/646 570/673/647 549/577/551
f 549/577/551 570/673/647 571/579/553
f 371/667/641 368/519/493 524/669/643
f 524/669/643 368/519/493 523/521/495
f 376/636/610 372/634/608 388/674/648
f 388/674/648 372/634/608 373/675/649
f 388/674/648 373/675/649 100/649/623
f 100/649/623 373/675/649 374/676/650
f 100/649/623 374/676/650 434/677/651
f 434/677/651 374/676/650 433/630/604
f 433/630/604 374/676/650 375/632/606
f 377/638/612 378/678/652 319/640/614
f 319/640/614 378/678/652 331/679/653
f 331/679/653 378/678/652 379/680/654
f 331/679/653 379/680/654 332/681/655
f 332/681/655 379/680/654 380/682/656
f 332/681/655 380/682/656 333/683/657
f 333/683/657 380/682/656 381/684/658
f 333/683/657 381/684/658 334/685/659
f 334/685/659 381/684/658 382/686/660
f 334/685/659 382/686/660 335/687/661
f 335/687/661 382/686/660 336/688/662
f 336/688/662 382/686/660 383/689/663
f 336/688/662 383/689/663 337/690/664
f 337/690/664 383/689/663 384/691/665
f 337/690/664 384/691/665 338/692/666
f 338/692/666 384/691/665 385/693/667
f 338/692/666 385/693/667 339/694/668
f 339/694/668 385/693/667 386/695/669
f 339/694/668 386/695/669 340/696/670
f 340/696/670 386/695/669 387/697/671
f 340/696/670 387/697/671 341/698/672
f 341/698/672 387/697/671 100/649/623
f 100/649/623 387/697/671 388/674/648
f 390/587/561 391/699/673 486/589/563
f 486/589/563 391/699/673 489/700/674
f 489/700/674 391/699/673 418/701/675
f 489/700/674 418/701/675 397/702/676
f 397/702/676 418/701/675 419/703/677
f 397/702/676 419/703/677 400/704/678
f 400/704/678 419/703/677 422/705/679
f 400/704/678 422/705/679 401/706/680
f 401/706/680 422/705/679 423/707/681
f 401/706/680 423/707/681 404/708/682
f 404/708/682 423/707/681 317/709/683
f 404/708/682 317/709/683 403/710/684
f 403/710/684 317/709/683 543/711/685
f 403/710/684 543/711/685 531/712/686
f 418/701/675 391/699/673 417/713/687
f 417/713/687 391/699/673 392/714/688
f 417/713/687 392/714/688 462/715/689
f 462/715/689 392/714/688 471/716/690
f 462/715/689 471/716/690 461/633/607
f 461/633/607 471/716/690 472/631/605
f 392/714/688 389/585/559 471/716/690
f 471/716/690 389/585/559 470/583/557
f 394/717/691 497/718/692 393/719/693
f 393/719/693 497/718/692 494/720/694
f 393/719/693 494/720/694 430/721/695
f 430/721/695 494/720/694 428/722/696
f 430/721/695 428/722/696 429/723/697
f 429/723/697 428/722/696 425/724/698
f 429/723/697 425/724/698 460/725/699
f 460/725/699 425/724/698 484/726/700
f 460/725/699 484/726/700 459/727/701
f 459/727/701 484/726/700 485/728/702
f 459/727/701 485/728/702 101/537/511
f 101/537/511 485/728/702 473/729/703
f 101/537/511 473/729/703 114/730/704
f 114/730/704 473/729/703 115/731/705
f 115/731/705 473/729/703 474/732/706
f 115/731/705 474/732/706 116/733/707
f 116/733/707 474/732/706 475/734/708
f 116/733/707 475/734/708 117/735/709
f 117/735/709 475/734/708 476/736/710
f 117/735/709 476/736/710 118/737/711
f 118/737/711 476/736/710 477/738/712
f 118/737/711 477/738/712 119/739/713
f 119/739/713 477/738/712 478/740/714
f 119/739/713 478/740/714 120/741/715
f 120/741/715 478/740/714 121/742/716
f 121/742/716 478/740/714 479/743/717
f 121/742/716 479/743/717 122/744/718
f 122/744/718 479/743/717 480/745/719
f 122/744/718 480/745/719 123/746/720
f 123/746/720 480/745/719 481/747/721
f 123/746/720 481/747/721 124/748/722
f 124/748/722 481/747/721 482/749/723
f 124/748/722 482/749/723 125/750/724
f 125/750/724 482/749/723 483/751/725
f 125/750/724 483/751/725 426/752/726
f 426/752/726 483/751/725 484/726/700
f 426/752/726 484/726/700 425/724/698
f 395/753/727 552/754/728 394/717/691
f 394/717/691 552/754/728 498/755/729
f 394/717/691 498/755/729 497/718/692
f 497/718/692 498/755/729 499/756/730
f 497/718/692 499/756/730 496/757/731
f 496/757/731 499/756/730 127/559/533
f 496/757/731 127/559/533 125/750/724
f 396/758/732 560/759/733 395/753/727
f 395/753/727 560/759/733 561/760/734
f 395/753/727 561/760/734 555/761/735
f 555/761/735 561/760/734 405/762/736
f 555/761/735 405/762/736 554/763/737
f 554/763/737 405/762/736 406/764/738
f 554/763/737 406/764/738 522/765/739
f 522/765/739 406/764/738 445/766/740
f 522/765/739 445/766/740 521/767/741
f 521/767/741 445/766/740 446/768/742
f 521/767/741 446/768/742 27/515/489
f 27/515/489 446/768/742 447/556/530
f 393/719/693 431/769/743 396/758/732
f 396/758/732 431/769/743 466/770/744
f 396/758/732 466/770/744 560/759/733
f 560/759/733 466/770/744 467/544/518
f 560/759/733 467/544/518 563/546/520
f 489/700/674 397/702/676 488/771/745
f 488/771/745 397/702/676 398/772/746
f 488/771/745 398/772/746 444/773/747
f 444/773/747 398/772/746 527/774/748
f 444/773/747 527/774/748 443/599/573
f 443/599/573 527/774/748 528/775/749
f 443/599/573 528/775/749 874/776/750
f 874/776/750 528/775/749 877/777/751
f 877/777/751 528/775/749 870/778/752
f 877/777/751 870/778/752 876/779/753
f 876/779/753 870/778/752 871/780/754
f 876/779/753 871/780/754 587/781/755
f 587/781/755 871/780/754 608/782/756
f 587/781/755 608/782/756 586/783/757
f 586/783/757 608/782/756 609/784/758
f 586/783/757 609/784/758 730/785/759
f 730/785/759 609/784/758 727/786/760
f 730/785/759 727/786/760 729/787/761
f 729/787/761 727/786/760 724/788/762
f 729/787/761 724/788/762 762/789/763
f 762/789/763 724/788/762 603/790/764
f 762/789/763 603/790/764 761/791/765
f 761/791/765 603/790/764 600/792/766
f 761/791/765 600/792/766 607/793/767
f 607/793/767 600/792/766 660/794/768
f 607/793/767 660/794/768 606/795/769
f 606/795/769 660/794/768 661/796/770
f 606/795/769 661/796/770 678/797/771
f 678/797/771 661/796/770 647/798/772
f 678/797/771 647/798/772 677/799/773
f 677/799/773 647/798/772 644/800/774
f 677/799/773 644/800/774 702/801/775
f 702/801/775 644/800/774 715/802/776
f 702/801/775 715/802/776 701/456/430
f 701/456/430 715/802/776 712/454/428
f 398/772/746 399/803/777 527/774/748
f 527/774/748 399/803/777 530/804/778
f 530/804/778 399/803/777 402/805/779
f 530/804/778 402/805/779 531/712/686
f 531/712/686 402/805/779 403/710/684
f 402/805/779 399/803/777 401/706/680
f 401/706/680 399/803/777 400/704/678
f 406/764/738 407/552/526 445/766/740
f 445/766/740 407/552/526 448/554/528
f 408/550/524 405/762/736 562/548/522
f 562/548/522 405/762/736 561/760/734
f 416/541/515 413/534/508 574/543/517
f 574/543/517 413/534/508 573/532/506
f 422/705/679 419/703/677 421/643/617
f 421/643/617 419/703/677 420/806/780
f 421/643/617 420/806/780 545/807/781
f 545/807/781 420/806/780 463/808/782
f 545/807/781 463/808/782 544/637/611
f 544/637/611 463/808/782 464/635/609
f 420/806/780 417/713/687 463/808/782
f 463/808/782 417/713/687 462/715/689
f 317/709/683 423/707/681 319/640/614
f 319/640/614 423/707/681 424/642/616
f 426/752/726 427/809/783 125/750/724
f 125/750/724 427/809/783 495/810/784
f 125/750/724 495/810/784 496/757/731
f 427/809/783 428/722/696 495/810/784
f 495/810/784 428/722/696 494/720/694
f 430/721/695 431/769/743 393/719/693
f 466/770/744 431/769/743 465/811/785
f 465/811/785 431/769/743 432/812/786
f 465/811/785 432/812/786 456/813/787
f 456/813/787 432/812/786 457/814/788
f 456/813/787 457/814/788 455/815/789
f 455/815/789 457/814/788 458/816/790
f 455/815/789 458/816/790 101/537/511
f 101/537/511 458/816/790 459/727/701
f 432/812/786 429/723/697 457/814/788
f 457/814/788 429/723/697 460/725/699
f 434/677/651 435/817/791 100/649/623
f 100/649/623 435/817/791 516/818/792
f 100/649/623 516/818/792 517/647/621
f 516/818/792 435/817/791 515/628/602
f 515/628/602 435/817/791 436/629/603
f 440/592/566 437/659/633 492/590/564
f 492/590/564 437/659/633 491/657/631
f 444/773/747 441/593/567 488/771/745
f 488/771/745 441/593/567 487/591/565
f 452/658/632 449/666/640 558/656/630
f 558/656/630 449/666/640 557/668/642
f 454/539/513 455/815/789 101/537/511
f 456/813/787 453/540/514 465/811/785
f 465/811/785 453/540/514 468/542/516
f 499/756/730 500/567/541 127/559/533
f 498/755/729 552/754/728 501/568/542
f 501/568/542 552/754/728 553/819/793
f 501/568/542 553/819/793 513/820/794
f 513/820/794 553/819/793 519/821/795
f 513/820/794 519/821/795 512/822/796
f 512/822/796 519/821/795 520/823/797
f 512/822/796 520/823/797 27/515/489
f 27/515/489 520/823/797 521/767/741
f 507/560/534 508/824/798 27/515/489
f 27/515/489 508/824/798 509/825/799
f 27/515/489 509/825/799 510/826/800
f 510/826/800 511/827/801 27/515/489
f 27/515/489 511/827/801 512/822/796
f 513/820/794 514/566/540 501/568/542
f 518/645/619 515/628/602 351/627/601
f 522/765/739 519/821/795 554/763/737
f 554/763/737 519/821/795 553/819/793
f 525/671/645 526/523/497 570/673/647
f 570/673/647 526/523/497 569/525/499
f 529/828/802 869/829/803 528/775/749
f 528/775/749 869/829/803 866/830/804
f 528/775/749 866/830/804 873/831/805
f 873/831/805 866/830/804 872/832/806
f 872/832/806 866/830/804 867/833/807
f 872/832/806 867/833/807 611/834/808
f 611/834/808 867/833/807 588/835/809
f 611/834/808 588/835/809 610/836/810
f 610/836/810 588/835/809 589/837/811
f 610/836/810 589/837/811 726/838/812
f 726/838/812 589/837/811 595/839/813
f 726/838/812 595/839/813 725/840/814
f 725/840/814 595/839/813 592/841/815
f 725/840/814 592/841/815 602/842/816
f 602/842/816 592/841/815 599/843/817
f 602/842/816 599/843/817 601/844/818
f 601/844/818 599/843/817 596/845/819
f 601/844/818 596/845/819 663/846/820
f 663/846/820 596/845/819 680/847/821
f 663/846/820 680/847/821 662/848/822
f 662/848/822 680/847/821 681/849/823
f 662/848/822 681/849/823 646/850/824
f 646/850/824 681/849/823 783/851/825
f 646/850/824 783/851/825 645/852/826
f 645/852/826 783/851/825 780/853/827
f 645/852/826 780/853/827 714/854/828
f 714/854/828 780/853/827 671/855/829
f 714/854/828 671/855/829 713/452/426
f 713/452/426 671/855/829 668/450/424
f 530/804/778 531/712/686 529/828/802
f 529/828/802 531/712/686 532/856/830
f 529/828/802 532/856/830 861/857/831
f 861/857/831 532/856/830 854/858/832
f 861/857/831 854/858/832 860/859/833
f 860/859/833 854/858/832 855/860/834
f 860/859/833 855/860/834 619/861/835
f 619/861/835 855/860/834 620/862/836
f 619/861/835 620/862/836 618/863/837
f 618/863/837 620/862/836 621/864/838
f 618/863/837 621/864/838 742/865/839
f 742/865/839 621/864/838 639/866/840
f 742/865/839 639/866/840 741/867/841
f 741/867/841 639/866/840 636/868/842
f 741/867/841 636/868/842 630/869/843
f 630/869/843 636/868/842 635/870/844
f 630/869/843 635/870/844 629/871/845
f 629/871/845 635/870/844 632/872/846
f 629/871/845 632/872/846 615/873/847
f 615/873/847 632/872/846 764/874/848
f 615/873/847 764/874/848 614/875/849
f 614/875/849 764/874/848 765/876/850
f 614/875/849 765/876/850 642/877/851
f 642/877/851 765/876/850 735/878/852
f 642/877/851 735/878/852 641/879/853
f 641/879/853 735/878/852 732/880/854
f 641/879/853 732/880/854 710/881/855
f 710/881/855 732/880/854 775/882/856
f 710/881/855 775/882/856 709/440/414
f 709/440/414 775/882/856 772/439/413
f 533/883/857 836/884/858 532/856/830
f 532/856/830 836/884/858 857/885/859
f 532/856/830 857/885/859 854/858/832
f 836/884/858 533/883/857 853/886/860
f 853/886/860 533/883/857 534/887/861
f 853/886/860 534/887/861 852/888/862
f 852/888/862 534/887/861 535/889/863
f 852/888/862 535/889/863 851/890/864
f 851/890/864 535/889/863 536/891/865
f 851/890/864 536/891/865 850/892/866
f 850/892/866 536/891/865 537/893/867
f 850/892/866 537/893/867 317/709/683
f 317/709/683 537/893/867 538/894/868
f 317/709/683 538/894/868 539/895/869
f 539/895/869 540/896/870 317/709/683
f 317/709/683 540/896/870 541/897/871
f 317/709/683 541/897/871 542/898/872
f 542/898/872 543/711/685 317/709/683
f 545/807/781 546/641/615 421/643/617
f 550/672/646 551/652/626 556/670/644
f 556/670/644 551/652/626 559/654/628
f 555/761/735 552/754/728 395/753/727
f 564/528/502 565/547/521 572/530/504
f 572/530/504 565/547/521 575/545/519
f 581/899/873 682/900/874 580/901/875
f 580/901/875 682/900/874 683/902/876
f 580/901/875 683/902/876 744/903/877
f 744/903/877 683/902/876 597/904/878
f 744/903/877 597/904/878 747/905/879
f 747/905/879 597/904/878 598/906/880
f 747/905/879 598/906/880 768/907/881
f 768/907/881 598/906/880 593/908/882
f 768/907/881 593/908/882 771/909/883
f 771/909/883 593/908/882 594/910/884
f 771/909/883 594/910/884 697/911/885
f 697/911/885 594/910/884 590/912/886
f 697/911/885 590/912/886 696/913/887
f 696/913/887 590/912/886 591/914/888
f 696/913/887 591/914/888 863/915/889
f 863/915/889 591/914/888 868/916/890
f 863/915/889 868/916/890 862/917/891
f 862/917/891 868/916/890 869/829/803
f 862/917/891 869/829/803 529/828/802
f 582/918/892 659/919/893 581/899/873
f 581/899/873 659/919/893 782/920/894
f 581/899/873 782/920/894 682/900/874
f 682/900/874 782/920/894 783/851/825
f 682/900/874 783/851/825 681/849/823
f 583/921/895 612/922/896 582/918/892
f 582/918/892 612/922/896 613/923/897
f 582/918/892 613/923/897 658/924/898
f 658/924/898 613/923/897 643/925/899
f 658/924/898 643/925/899 657/926/900
f 657/926/900 643/925/899 640/927/901
f 657/926/900 640/927/901 650/928/902
f 650/928/902 640/927/901 711/929/903
f 650/928/902 711/929/903 649/444/418
f 649/444/418 711/929/903 708/442/416
f 580/901/875 745/930/904 583/921/895
f 583/921/895 745/930/904 628/931/905
f 583/921/895 628/931/905 612/922/896
f 612/922/896 628/931/905 629/871/845
f 612/922/896 629/871/845 615/873/847
f 585/932/906 820/933/907 584/934/908
f 584/934/908 820/933/907 821/935/909
f 584/934/908 821/935/909 875/936/910
f 875/936/910 821/935/909 880/937/911
f 875/936/910 880/937/911 874/776/750
f 874/776/750 880/937/911 881/938/912
f 874/776/750 881/938/912 443/599/573
f 443/599/573 881/938/912 878/602/576
f 586/783/757 731/939/913 585/932/906
f 585/932/906 731/939/913 722/940/914
f 585/932/906 722/940/914 820/933/907
f 820/933/907 722/940/914 723/610/584
f 820/933/907 723/610/584 819/608/582
f 587/781/755 584/934/908 876/779/753
f 876/779/753 584/934/908 875/936/910
f 589/837/811 590/912/886 595/839/813
f 595/839/813 590/912/886 594/910/884
f 591/914/888 588/835/809 868/916/890
f 868/916/890 588/835/809 867/833/807
f 592/841/815 593/908/882 599/843/817
f 599/843/817 593/908/882 598/906/880
f 596/845/819 597/904/878 680/847/821
f 680/847/821 597/904/878 683/902/876
f 600/792/766 601/844/818 660/794/768
f 660/794/768 601/844/818 663/846/820
f 602/842/816 603/790/764 725/840/814
f 725/840/814 603/790/764 724/788/762
f 605/941/915 654/942/916 604/943/917
f 604/943/917 654/942/916 655/944/918
f 604/943/917 655/944/918 760/945/919
f 760/945/919 655/944/918 749/946/920
f 760/945/919 749/946/920 763/947/921
f 763/947/921 749/946/920 750/948/922
f 763/947/921 750/948/922 728/949/923
f 728/949/923 750/948/922 721/950/924
f 728/949/923 721/950/924 731/939/913
f 731/939/913 721/950/924 722/940/914
f 606/795/769 679/951/925 605/941/915
f 605/941/915 679/951/925 778/952/926
f 605/941/915 778/952/926 654/942/916
f 654/942/916 778/952/926 779/622/596
f 654/942/916 779/622/596 653/620/594
f 607/793/767 604/943/917 761/791/765
f 761/791/765 604/943/917 760/945/919
f 609/784/758 610/836/810 727/786/760
f 727/786/760 610/836/810 726/838/812
f 611/834/808 608/782/756 872/832/806
f 872/832/806 608/782/756 871/780/754
f 613/923/897 614/875/849 643/925/899
f 643/925/899 614/875/849 642/877/851
f 617/953/927 698/954/928 616/955/929
f 616/955/929 698/954/928 699/956/930
f 616/955/929 699/956/930 859/957/931
f 859/957/931 699/956/930 864/958/932
f 859/957/931 864/958/932 858/959/933
f 858/959/933 864/958/932 865/960/934
f 858/959/933 865/960/934 529/828/802
f 529/828/802 865/960/934 862/917/891
f 618/863/837 743/961/935 617/953/927
f 617/953/927 743/961/935 770/962/936
f 617/953/927 770/962/936 698/954/928
f 698/954/928 770/962/936 771/909/883
f 698/954/928 771/909/883 697/911/885
f 619/861/835 616/955/929 860/859/833
f 860/859/833 616/955/929 859/957/931
f 621/864/838 622/963/937 639/866/840
f 639/866/840 622/963/937 638/964/938
f 638/964/938 622/963/937 836/884/858
f 638/964/938 836/884/858 637/965/939
f 637/965/939 836/884/858 634/966/940
f 637/965/939 634/966/940 635/870/844
f 622/963/937 623/967/941 836/884/858
f 836/884/858 623/967/941 856/968/942
f 836/884/858 856/968/942 857/885/859
f 623/967/941 620/862/836 856/968/942
f 856/968/942 620/862/836 855/860/834
f 625/623/597 675/969/943 624/970/944
f 624/970/944 675/969/943 806/971/945
f 624/970/944 806/971/945 693/972/946
f 693/972/946 806/971/945 807/973/947
f 693/972/946 807/973/947 692/974/948
f 692/974/948 807/973/947 816/975/949
f 692/974/948 816/975/949 665/976/950
f 665/976/950 816/975/949 817/485/459
f 665/976/950 817/485/459 664/487/461
f 626/621/595 627/977/951 738/619/593
f 738/619/593 627/977/951 737/978/952
f 737/978/952 627/977/951 694/979/953
f 737/978/952 694/979/953 706/980/954
f 706/980/954 694/979/953 695/981/955
f 706/980/954 695/981/955 705/982/956
f 705/982/956 695/981/955 666/983/957
f 705/982/956 666/983/957 691/984/958
f 691/984/958 666/983/957 667/489/463
f 691/984/958 667/489/463 690/491/465
f 694/979/953 627/977/951 693/972/946
f 693/972/946 627/977/951 624/970/944
f 630/869/843 631/985/959 741/867/841
f 741/867/841 631/985/959 740/986/960
f 740/986/960 631/985/959 746/987/961
f 740/986/960 746/987/961 769/988/962
f 769/988/962 746/987/961 747/905/879
f 769/988/962 747/905/879 768/907/881
f 746/987/961 631/985/959 745/930/904
f 745/930/904 631/985/959 628/931/905
f 632/872/846 633/989/963 764/874/848
f 764/874/848 633/989/963 767/990/964
f 767/990/964 633/989/963 837/436/410
f 767/990/964 837/436/410 766/991/965
f 766/991/965 837/436/410 734/992/966
f 766/991/965 734/992/966 735/878/852
f 837/436/410 633/989/963 836/884/858
f 836/884/858 633/989/963 634/966/940
f 636/868/842 637/965/939 635/870/844
f 640/927/901 641/879/853 711/929/903
f 711/929/903 641/879/853 710/881/855
f 644/800/774 645/852/826 715/802/776
f 715/802/776 645/852/826 714/854/828
f 646/850/824 647/798/772 662/848/822
f 662/848/822 647/798/772 661/796/770
f 650/928/902 651/993/967 657/926/900
f 657/926/900 651/993/967 656/994/968
f 656/994/968 651/993/967 670/995/969
f 656/994/968 670/995/969 781/996/970
f 781/996/970 670/995/969 671/855/829
f 781/996/970 671/855/829 780/853/827
f 670/995/969 651/993/967 669/448/422
f 669/448/422 651/993/967 648/446/420
f 655/944/918 652/618/592 749/946/920
f 749/946/920 652/618/592 748/616/590
f 658/924/898 659/919/893 582/918/892
f 782/920/894 659/919/893 781/996/970
f 781/996/970 659/919/893 656/994/968
f 692/974/948 665/976/950 695/981/955
f 695/981/955 665/976/950 666/983/957
f 674/625/599 675/969/943 625/623/597
f 806/971/945 675/969/943 805/468/442
f 805/468/442 675/969/943 672/466/440
f 677/799/773 703/997/971 676/998/972
f 676/998/972 703/997/971 754/999/973
f 676/998/972 754/999/973 777/1000/974
f 777/1000/974 754/999/973 755/626/600
f 777/1000/974 755/626/600 776/624/598
f 678/797/771 679/951/925 606/795/769
f 778/952/926 679/951/925 777/1000/974
f 777/1000/974 679/951/925 676/998/972
f 685/1001/975 704/1002/976 684/1003/977
f 684/1003/977 704/1002/976 688/1004/978
f 684/1003/977 688/1004/978 717/1005/979
f 717/1005/979 688/1004/978 689/493/467
f 717/1005/979 689/493/467 716/495/469
f 686/1006/980 759/1007/981 685/1001/975
f 685/1001/975 759/1007/981 756/1008/982
f 685/1001/975 756/1008/982 707/1009/983
f 707/1009/983 756/1008/982 736/1010/984
f 707/1009/983 736/1010/984 706/980/954
f 706/980/954 736/1010/984 737/978/952
f 687/1011/985 801/1012/986 686/1006/980
f 686/1006/980 801/1012/986 784/1013/987
f 686/1006/980 784/1013/987 759/1007/981
f 759/1007/981 784/1013/987 785/611/585
f 759/1007/981 785/611/585 758/613/587
f 684/1003/977 717/1005/979 687/1011/985
f 687/1011/985 717/1005/979 718/1014/988
f 687/1011/985 718/1014/988 800/1015/989
f 800/1015/989 718/1014/988 797/1016/990
f 800/1015/989 797/1016/990 803/1017/991
f 803/1017/991 797/1016/990 798/1018/992
f 803/1017/991 798/1018/992 793/1019/993
f 793/1019/993 798/1018/992 830/1020/994
f 793/1019/993 830/1020/994 792/1021/995
f 792/1021/995 830/1020/994 831/1022/996
f 792/1021/995 831/1022/996 894/1023/997
f 894/1023/997 831/1022/996 822/1024/998
f 894/1023/997 822/1024/998 823/1025/999
f 705/982/956 691/984/958 704/1002/976
f 704/1002/976 691/984/958 688/1004/978
f 699/956/930 696/913/887 864/958/932
f 864/958/932 696/913/887 863/915/889
f 702/801/775 703/997/971 677/799/773
f 754/999/973 703/997/971 753/460/434
f 753/460/434 703/997/971 700/458/432
f 707/1009/983 704/1002/976 685/1001/975
f 718/1014/988 719/497/471 797/1016/990
f 797/1016/990 719/497/471 796/499/473
f 720/612/586 721/950/924 751/614/588
f 751/614/588 721/950/924 750/948/922
f 728/949/923 729/787/761 763/947/921
f 763/947/921 729/787/761 762/789/763
f 730/785/759 731/939/913 586/783/757
f 732/880/854 733/1026/1000 775/882/856
f 775/882/856 733/1026/1000 774/1027/1001
f 774/1027/1001 733/1026/1000 837/436/410
f 774/1027/1001 837/436/410 773/438/412
f 733/1026/1000 734/992/966 837/436/410
f 739/617/591 736/1010/984 757/615/589
f 757/615/589 736/1010/984 756/1008/982
f 742/865/839 743/961/935 618/863/837
f 770/962/936 743/961/935 769/988/962
f 769/988/962 743/961/935 740/986/960
f 744/903/877 745/930/904 580/901/875
f 765/876/850 766/991/965 735/878/852
f 786/609/583 787/1028/1002 790/607/581
f 790/607/581 787/1028/1002 789/1029/1003
f 789/1029/1003 787/1028/1002 802/1030/1004
f 789/1029/1003 802/1030/1004 794/1031/1005
f 794/1031/1005 802/1030/1004 803/1017/991
f 794/1031/1005 803/1017/991 793/1019/993
f 802/1030/1004 787/1028/1002 801/1012/986
f 801/1012/986 787/1028/1002 784/1013/987
f 789/1029/1003 794/1031/1005 788/1032/1006
f 788/1032/1006 794/1031/1005 795/1033/1007
f 788/1032/1006 795/1033/1007 883/1034/1008
f 883/1034/1008 795/1033/1007 895/1035/1009
f 883/1034/1008 895/1035/1009 882/600/574
f 882/600/574 895/1035/1009 896/598/572
f 791/605/579 788/1032/1006 884/603/577
f 884/603/577 788/1032/1006 883/1034/1008
f 795/1033/1007 792/1021/995 895/1035/1009
f 895/1035/1009 792/1021/995 894/1023/997
f 798/1018/992 799/501/475 830/1020/994
f 830/1020/994 799/501/475 829/503/477
f 800/1015/989 801/1012/986 687/1011/985
f 816/975/949 807/973/947 815/471/445
f 815/471/445 807/973/947 804/469/443
f 821/935/909 818/606/580 880/937/911
f 880/937/911 818/606/580 879/604/578
f 894/1023/997 823/1025/999 893/1036/1010
f 893/1036/1010 823/1025/999 824/1037/1011
f 893/1036/1010 824/1037/1011 892/1038/1012
f 892/1038/1012 824/1037/1011 825/1039/1013
f 892/1038/1012 825/1039/1013 891/1040/1014
f 891/1040/1014 825/1039/1013 826/1041/1015
f 891/1040/1014 826/1041/1015 890/1042/1016
f 890/1042/1016 826/1041/1015 827/1043/1017
f 890/1042/1016 827/1043/1017 889/507/481
f 889/507/481 827/1043/1017 828/505/479
f 837/436/410 838/1044/1018 223/434/408
f 223/434/408 838/1044/1018 839/1045/1019
f 223/434/408 839/1045/1019 840/1046/1020
f 840/1046/1020 841/1047/1021 223/434/408
f 223/434/408 841/1047/1021 842/1048/1022
f 223/434/408 842/1048/1022 235/1049/1023
f 235/1049/1023 842/1048/1022 843/1050/1024
f 235/1049/1023 843/1050/1024 844/1051/1025
f 844/1051/1025 845/1052/1026 235/1049/1023
f 235/1049/1023 845/1052/1026 846/1053/1027
f 235/1049/1023 846/1053/1027 317/709/683
f 317/709/683 846/1053/1027 847/1054/1028
f 317/709/683 847/1054/1028 848/1055/1029
f 848/1055/1029 849/1056/1030 317/709/683
f 317/709/683 849/1056/1030 850/892/866
f 861/857/831 858/959/933 529/828/802
f 873/831/805 870/778/752 528/775/749
f 887/504/478 908/1057/1031 886/1058/1032
f 886/1058/1032 908/1057/1031 347/510/484
f 886/1058/1032 347/510/484 904/1059/1033
f 904/1059/1033 347/510/484 903/1060/1034
f 903/1060/1034 347/510/484 902/1061/1035
f 902/1061/1035 347/510/484 901/1062/1036
f 901/1062/1036 347/510/484 900/662/636
f 906/500/474 912/1063/1037 905/1064/1038
f 905/1064/1038 912/1063/1037 347/510/484
f 905/1064/1038 347/510/484 908/1057/1031
f 907/502/476 908/1057/1031 887/504/478
f 909/511/485 910/496/470 916/513/487
f 916/513/487 910/496/470 915/494/468
f 911/498/472 912/1063/1037 906/500/474
f 912/1063/1037 909/511/485 347/510/484
f 346/512/486 913/514/488 920/1065/1039
f 920/1065/1039 913/514/488 914/492/466
f 920/1065/1039 914/492/466 919/490/464
f 918/488/462 931/1066/1040 917/1067/1041
f 917/1067/1041 931/1066/1040 346/512/486
f 917/1067/1041 346/512/486 920/1065/1039
f 922/467/441 942/465/439 921/571/545
f 921/571/545 942/465/439 943/1068/1042
f 921/571/545 943/1068/1042 223/434/408
f 223/434/408 943/1068/1042 940/1069/1043
f 223/434/408 940/1069/1043 947/1070/1044
f 947/1070/1044 940/1069/1043 946/461/435
f 946/461/435 940/1069/1043 941/463/437
f 930/486/460 931/1066/1040 918/488/462
f 931/1066/1040 932/1071/1045 346/512/486
f 346/512/486 932/1071/1045 933/1072/1046
f 346/512/486 933/1072/1046 934/1073/1047
f 934/1073/1047 935/1074/1048 346/512/486
f 346/512/486 935/1074/1048 936/1075/1049
f 346/512/486 936/1075/1049 937/1076/1050
f 937/1076/1050 938/1077/1051 346/512/486
f 346/512/486 938/1077/1051 939/570/544
f 945/459/433 950/457/431 944/1078/1052
f 944/1078/1052 950/457/431 951/1079/1053
f 944/1078/1052 951/1079/1053 223/434/408
f 223/434/408 951/1079/1053 948/1080/1054
f 223/434/408 948/1080/1054 955/1081/1055
f 955/1081/1055 948/1080/1054 954/453/427
f 954/453/427 948/1080/1054 949/455/429
f 947/1070/1044 944/1078/1052 223/434/408
f 953/451/425 958/449/423 952/1082/1056
f 952/1082/1056 958/449/423 959/1083/1057
f 952/1082/1056 959/1083/1057 223/434/408
f 223/434/408 959/1083/1057 956/1084/1058
f 223/434/408 956/1084/1058 960/1085/1059
f 960/1085/1059 956/1084/1058 963/445/419
f 963/445/419 956/1084/1058 957/447/421
f 955/1081/1055 952/1082/1056 223/434/408
f 960/1085/1059 961/508/482 223/434/408
f 235/1049/1023 234/1086/1060 223/434/408
f 223/434/408 234/1086/1060 233/1087/1061
f 223/434/408 233/1087/1061 232/1088/1062
f 232/1088/1062 231/1089/1063 223/434/408
f 223/434/408 231/1089/1063 230/1090/1064
f 140/1091/1065 139/1092/1066 141/569/543
f 141/569/543 139/1092/1066 138/1093/1067
f 141/569/543 138/1093/1067 137/1094/1068
f 137/1094/1068 136/1095/1069 141/569/543
f 141/569/543 136/1095/1069 129/558/532
f 964/1096/1070 965/1097/1071 967/1098/1072
f 967/1098/1072 965/1097/1071 966/1099/1073
f 968/1100/1074 967/1101/1075 969/1102/1076
f 969/1102/1076 967/1101/1075 966/1103/1077
f 970/1104/1078 971/1105/1079 1007/1106/1080
f 1007/1106/1080 971/1105/1079 972/1107/1081
f 1007/1106/1080 972/1107/1081 1005/1108/1082
f 1005/1108/1082 972/1107/1081 973/1109/1083
f 1005/1108/1082 973/1109/1083 1004/1110/1084
f 1004/1110/1084 973/1109/1083 976/1111/1085
f 1004/1110/1084 976/1111/1085 977/1112/1086
f 974/1113/1087 975/1114/1088 973/1109/1083
f 973/1109/1083 975/1114/1088 976/1111/1085
f 978/1115/1089 979/1116/1090 977/1112/1086
f 977/1112/1086 979/1116/1090 980/1117/1091
f 977/1112/1086 980/1117/1091 1004/1110/1084
f 1004/1110/1084 980/1117/1091 1002/1118/1092
f 1004/1110/1084 1002/1118/1092 1003/1119/1093
f 1002/1118/1092 980/1117/1091 1001/1120/1094
f 1001/1120/1094 980/1117/1091 981/1121/1095
f 1001/1120/1094 981/1121/1095 1000/1122/1096
f 1000/1122/1096 981/1121/1095 982/1123/1097
f 1000/1122/1096 982/1123/1097 999/1124/1098
f 999/1124/1098 982/1123/1097 983/1125/1099
f 999/1124/1098 983/1125/1099 998/1126/1100
f 998/1126/1100 983/1125/1099 984/1127/1101
f 998/1126/1100 984/1127/1101 985/1128/1102
f 998/1126/1100 985/1128/1102 997/1129/1103
f 997/1129/1103 985/1128/1102 986/1130/1104
f 997/1129/1103 986/1130/1104 996/1131/1105
f 996/1131/1105 986/1130/1104 987/1132/1106
f 996/1131/1105 987/1132/1106 995/1133/1107
f 995/1133/1107 987/1132/1106 988/1134/1108
f 995/1133/1107 988/1134/1108 989/1135/1109
f 995/1133/1107 989/1135/1109 994/1136/1110
f 994/1136/1110 989/1135/1109 990/1137/1111
f 994/1136/1110 990/1137/1111 993/1138/1112
f 993/1138/1112 990/1137/1111 991/1139/1113
f 993/1138/1112 991/1139/1113 992/1140/1114
f 1005/1108/1082 1006/1141/1115 1007/1106/1080
f 1008/1142/1116 1009/1143/1117 1039/1144/1118
f 1039/1144/1118 1009/1143/1117 1010/1145/1119
f 1039/1144/1118 1010/1145/1119 1016/1146/1120
f 1016/1146/1120 1010/1145/1119 1013/1147/1121
f 1016/1146/1120 1013/1147/1121 1015/1148/1122
f 1015/1148/1122 1013/1147/1121 1014/1149/1123
f 1010/1145/1119 1011/1150/1124 1013/1147/1121
f 1013/1147/1121 1011/1150/1124 1012/1151/1125
f 1016/1146/1120 1017/1152/1126 1039/1144/1118
f 1039/1144/1118 1017/1152/1126 1038/1153/1127
f 1038/1153/1127 1017/1152/1126 1020/1154/1128
f 1038/1153/1127 1020/1154/1128 1035/1155/1129
f 1035/1155/1129 1020/1154/1128 1021/1156/1130
f 1035/1155/1129 1021/1156/1130 1034/1157/1131
f 1034/1157/1131 1021/1156/1130 1024/1158/1132
f 1034/1157/1131 1024/1158/1132 1031/1159/1133
f 1031/1159/1133 1024/1158/1132 1025/1160/1134
f 1031/1159/1133 1025/1160/1134 1030/1161/1135
f 1030/1161/1135 1025/1160/1134 1027/1162/1136
f 1030/1161/1135 1027/1162/1136 1028/1163/1137
f 1018/1164/1138 1019/1165/1139 1017/1152/1126
f 1017/1152/1126 1019/1165/1139 1020/1154/1128
f 1022/1166/1140 1023/1167/1141 1021/1156/1130
f 1021/1156/1130 1023/1167/1141 1024/1158/1132
f 1025/1160/1134 1026/1168/1142 1027/1162/1136
f 1028/1163/1137 1029/1169/1143 1030/1161/1135
f 1032/1170/1144 1033/1171/1145 1031/1159/1133
f 1031/1159/1133 1033/1171/1145 1034/1157/1131
f 1036/1172/1146 1037/1173/1147 1035/1155/1129
f 1035/1155/1129 1037/1173/1147 1038/1153/1127
f 964/1174/1148 1040/1175/1149 965/1176/1150
f 965/1176/1150 1040/1175/1149 1041/1177/1151
f 1043/1178/1152 1062/1179/1153 1042/1180/1154
f 1042/1180/1154 1062/1179/1153 1063/1181/1155
f 1042/1180/1154 1063/1181/1155 1045/1182/1156
f 1045/1182/1156 1063/1181/1155 1048/1183/1157
f 1045/1182/1156 1048/1183/1157 1059/1184/1158
f 1059/1184/1158 1048/1183/1157 1058/1185/1159
f 1058/1185/1159 1048/1183/1157 1049/1186/1160
f 1058/1185/1159 1049/1186/1160 1055/1187/1161
f 1055/1187/1161 1049/1186/1160 1052/1188/1162
f 1055/1187/1161 1052/1188/1162 1054/1189/1163
f 1054/1189/1163 1052/1188/1162 1053/1190/1164
f 1044/1191/1165 1060/1192/1166 1043/1178/1152
f 1043/1178/1152 1060/1192/1166 1061/1193/1167
f 1043/1178/1152 1061/1193/1167 1062/1179/1153
f 1060/1192/1166 1044/1191/1165 1059/1184/1158
f 1059/1184/1158 1044/1191/1165 1045/1182/1156
f 1046/1194/1168 1047/1195/1169 1063/1181/1155
f 1063/1181/1155 1047/1195/1169 1048/1183/1157
f 1049/1186/1160 1050/1196/1170 1052/1188/1162
f 1052/1188/1162 1050/1196/1170 1051/1197/1171
f 1055/1187/1161 1056/1198/1172 1058/1185/1159
f 1058/1185/1159 1056/1198/1172 1057/1199/1173
f 1064/1200/1174 1054/1201/1175 1078/1202/1176
f 1078/1202/1176 1054/1201/1175 1069/1203/1177
f 1078/1202/1176 1069/1203/1177 1070/1204/1178
f 1053/1205/1179 89/1206/1180 1054/1201/1175
f 1054/1201/1175 89/1206/1180 1068/1207/1181
f 1054/1201/1175 1068/1207/1181 1069/1203/1177
f 1065/1208/1182 1066/1209/1183 1053/1205/1179
f 1053/1205/1179 1066/1209/1183 89/1206/1180
f 88/1210/1184 1067/1211/1185 89/1206/1180
f 89/1206/1180 1067/1211/1185 1068/1207/1181
f 1078/1202/1176 1070/1204/1178 1077/1212/1186
f 1077/1212/1186 1070/1204/1178 1071/1213/1187
f 1077/1212/1186 1071/1213/1187 1072/1214/1188
f 1072/1214/1188 1073/1215/1189 1077/1212/1186
f 1077/1212/1186 1073/1215/1189 1074/1216/1190
f 1077/1212/1186 1074/1216/1190 1076/1217/1191
f 1076/1217/1191 1074/1216/1190 1075/1218/1192
f 1079/1219/1193 1051/1220/1194 1086/1221/1195
f 1086/1221/1195 1051/1220/1194 1085/1222/1196
f 1085/1222/1196 1051/1220/1194 1050/1223/1197
f 1085/1222/1196 1050/1223/1197 1084/1224/1198
f 1084/1224/1198 1050/1223/1197 1047/1225/1199
f 1084/1224/1198 1047/1225/1199 1046/1226/1200
f 1080/1227/1201 1081/1228/1202 1050/1223/1197
f 1050/1223/1197 1081/1228/1202 1047/1225/1199
f 1082/1229/1203 1083/1230/1204 1046/1226/1200
f 1046/1226/1200 1083/1230/1204 1084/1224/1198
f 1088/1231/1205 1089/1232/1206 1087/1233/1207
f 1087/1233/1207 1089/1232/1206 1090/1234/1208
f 1091/1235/1209 1092/1236/1210 1094/1237/1211
f 1094/1237/1211 1092/1236/1210 1093/1238/1212
f 1096/1239/1213 1110/1240/1214 1095/1241/1215
f 1095/1241/1215 1110/1240/1214 1111/1242/1216
f 1095/1241/1215 1111/1242/1216 1149/1243/1217
f 1149/1243/1217 1111/1242/1216 1099/1244/1218
f 1149/1243/1217 1099/1244/1218 1148/1245/1219
f 1148/1245/1219 1099/1244/1218 1147/1246/1220
f 1147/1246/1220 1099/1244/1218 1146/1247/1221
f 1146/1247/1221 1099/1244/1218 1145/1248/1222
f 1145/1248/1222 1099/1244/1218 1144/1249/1223
f 1144/1249/1223 1099/1244/1218 1100/1250/1224
f 1144/1249/1223 1100/1250/1224 1143/1251/1225
f 1143/1251/1225 1100/1250/1224 1101/1252/1226
f 1143/1251/1225 1101/1252/1226 1142/1253/1227
f 1142/1253/1227 1101/1252/1226 1102/1254/1228
f 1142/1253/1227 1102/1254/1228 1141/1255/1229
f 1141/1255/1229 1102/1254/1228 1103/1256/1230
f 1141/1255/1229 1103/1256/1230 1140/1257/1231
f 1140/1257/1231 1103/1256/1230 1104/1258/1232
f 1140/1257/1231 1104/1258/1232 1105/1259/1233
f 1097/1260/1234 1133/1261/1235 1096/1239/1213
f 1096/1239/1213 1133/1261/1235 1136/1262/1236
f 1096/1239/1213 1136/1262/1236 1110/1240/1214
f 1110/1240/1214 1136/1262/1236 1137/1263/1237
f 1110/1240/1214 1137/1263/1237 1109/1264/1238
f 1109/1264/1238 1137/1263/1237 1086/1265/1239
f 1109/1264/1238 1086/1265/1239 1108/1266/1240
f 1108/1266/1240 1086/1265/1239 1107/1267/1241
f 1107/1267/1241 1086/1265/1239 1106/1268/1242
f 1106/1268/1242 1086/1265/1239 1139/1269/1243
f 1106/1268/1242 1139/1269/1243 1105/1259/1233
f 1105/1259/1233 1139/1269/1243 1140/1257/1231
f 1098/1270/1244 1112/1271/1245 1097/1260/1234
f 1097/1260/1234 1112/1271/1245 1113/1272/1246
f 1097/1260/1234 1113/1272/1246 1132/1273/1247
f 1132/1273/1247 1113/1272/1246 1129/1274/1248
f 1132/1273/1247 1129/1274/1248 1131/1275/1249
f 1131/1275/1249 1129/1274/1248 1130/1276/1250
f 1112/1271/1245 1098/1270/1244 1152/1277/1251
f 1152/1277/1251 1098/1270/1244 1095/1241/1215
f 1152/1277/1251 1095/1241/1215 1151/1278/1252
f 1151/1278/1252 1095/1241/1215 1149/1243/1217
f 1151/1278/1252 1149/1243/1217 1150/1279/1253
f 1113/1272/1246 1114/1280/1254 1129/1274/1248
f 1129/1274/1248 1114/1280/1254 1128/1281/1255
f 1128/1281/1255 1114/1280/1254 1122/1282/1256
f 1128/1281/1255 1122/1282/1256 1125/1283/1257
f 1125/1283/1257 1122/1282/1256 1123/1284/1258
f 1125/1283/1257 1123/1284/1258 1124/1285/1259
f 1122/1282/1256 1114/1280/1254 1121/1286/1260
f 1121/1286/1260 1114/1280/1254 1115/1287/1261
f 1121/1286/1260 1115/1287/1261 1152/1277/1251
f 1152/1277/1251 1115/1287/1261 1112/1271/1245
f 1116/1288/1262 1153/1289/1263 1065/1290/1264
f 1065/1290/1264 1153/1289/1263 1154/1291/1265
f 1065/1290/1264 1154/1291/1265 1066/1292/1266
f 1116/1288/1262 1117/1293/1267 1153/1289/1263
f 1153/1289/1263 1117/1293/1267 1120/1294/1268
f 1153/1289/1263 1120/1294/1268 1121/1286/1260
f 1118/1295/1269 1119/1296/1270 1117/1293/1267
f 1117/1293/1267 1119/1296/1270 1120/1294/1268
f 1126/1297/1271 1127/1298/1272 1125/1283/1257
f 1125/1283/1257 1127/1298/1272 1128/1281/1255
f 1132/1273/1247 1133/1261/1235 1097/1260/1234
f 1134/1299/1273 1135/1300/1274 1133/1261/1235
f 1133/1261/1235 1135/1300/1274 1136/1262/1236
f 1138/1301/1275 1079/1302/1276 1137/1263/1237
f 1137/1263/1237 1079/1302/1276 1086/1265/1239
f 1152/1277/1251 1153/1289/1263 1121/1286/1260
f 1155/1303/1277 1156/1304/1278 1158/1305/1279
f 1158/1305/1279 1156/1304/1278 1157/1306/1280
f 1160/1307/1281 1161/1308/1282 1159/1309/1283
f 1159/1309/1283 1161/1308/1282 1162/1310/1284
f 1163/1311/1285 1164/1312/1286 1166/1313/1287
f 1166/1313/1287 1164/1312/1286 1165/1314/1288
f 1167/1315/1289 1168/1316/1290 1080/1317/1291
f 1080/1317/1291 1168/1316/1290 1195/1318/1292
f 1080/1317/1291 1195/1318/1292 1081/1319/1293
f 1081/1319/1293 1195/1318/1292 1196/1320/1294
f 1168/1316/1290 1169/1321/1295 1195/1318/1292
f 1195/1318/1292 1169/1321/1295 1194/1322/1296
f 1194/1322/1296 1169/1321/1295 1172/1323/1297
f 1194/1322/1296 1172/1323/1297 1191/1324/1298
f 1191/1324/1298 1172/1323/1297 1173/1325/1299
f 1191/1324/1298 1173/1325/1299 1190/1326/1300
f 1190/1326/1300 1173/1325/1299 1176/1327/1301
f 1190/1326/1300 1176/1327/1301 1187/1328/1302
f 1187/1328/1302 1176/1327/1301 1177/1329/1303
f 1187/1328/1302 1177/1329/1303 1186/1330/1304
f 1186/1330/1304 1177/1329/1303 1180/1331/1305
f 1186/1330/1304 1180/1331/1305 1183/1332/1306
f 1183/1332/1306 1180/1331/1305 1181/1333/1307
f 1183/1332/1306 1181/1333/1307 1182/1334/1308
f 1170/1335/1309 1171/1336/1310 1169/1321/1295
f 1169/1321/1295 1171/1336/1310 1172/1323/1297
f 1174/1337/1311 1175/1338/1312 1173/1325/1299
f 1173/1325/1299 1175/1338/1312 1176/1327/1301
f 1178/1339/1313 1179/1340/1314 1177/1329/1303
f 1177/1329/1303 1179/1340/1314 1180/1331/1305
f 1184/1341/1315 1185/1342/1316 1183/1332/1306
f 1183/1332/1306 1185/1342/1316 1186/1330/1304
f 1188/1343/1317 1189/1344/1318 1187/1328/1302
f 1187/1328/1302 1189/1344/1318 1190/1326/1300
f 1192/1345/1319 1193/1346/1320 1191/1324/1298
f 1191/1324/1298 1193/1346/1320 1194/1322/1296
f 1197/1347/1321 1198/1348/1322 1232/1349/1323
f 1232/1349/1323 1198/1348/1322 1229/1350/1324
f 1232/1349/1323 1229/1350/1324 1231/1351/1325
f 1231/1351/1325 1229/1350/1324 1230/1352/1326
f 1229/1350/1324 1198/1348/1322 1228/1353/1327
f 1228/1353/1327 1198/1348/1322 1199/1354/1328
f 1228/1353/1327 1199/1354/1328 1225/1355/1329
f 1225/1355/1329 1199/1354/1328 1224/1356/1330
f 1224/1356/1330 1199/1354/1328 1221/1357/1331
f 1224/1356/1330 1221/1357/1331 1223/1358/1332
f 1223/1358/1332 1221/1357/1331 1222/1359/1333
f 1200/1360/1334 1201/1361/1335 1199/1354/1328
f 1199/1354/1328 1201/1361/1335 1221/1357/1331
f 1201/1361/1335 1202/1362/1336 1221/1357/1331
f 1221/1357/1331 1202/1362/1336 1220/1363/1337
f 1220/1363/1337 1202/1362/1336 1203/1364/1338
f 1220/1363/1337 1203/1364/1338 1219/1365/1339
f 1219/1365/1339 1203/1364/1338 1204/1366/1340
f 1219/1365/1339 1204/1366/1340 1218/1367/1341
f 1218/1367/1341 1204/1366/1340 1205/1368/1342
f 1218/1367/1341 1205/1368/1342 1217/1369/1343
f 1217/1369/1343 1205/1368/1342 1216/1370/1344
f 1216/1370/1344 1205/1368/1342 1206/1371/1345
f 1216/1370/1344 1206/1371/1345 1215/1372/1346
f 1215/1372/1346 1206/1371/1345 1207/1373/1347
f 1215/1372/1346 1207/1373/1347 1214/1374/1348
f 1214/1374/1348 1207/1373/1347 1208/1375/1349
f 1214/1374/1348 1208/1375/1349 1213/1376/1350
f 1213/1376/1350 1208/1375/1349 1212/1377/1351
f 1212/1377/1351 1208/1375/1349 1209/1378/1352
f 1212/1377/1351 1209/1378/1352 1211/1379/1353
f 1211/1379/1353 1209/1378/1352 1083/1380/1354
f 1211/1379/1353 1083/1380/1354 1210/1381/1355
f 1210/1381/1355 1083/1380/1354 1082/1382/1356
f 1226/1383/1357 1227/1384/1358 1225/1355/1329
f 1225/1355/1329 1227/1384/1358 1228/1353/1327
f 1041/1385/1151 1233/1386/1359 1235/1387/1360
f 1235/1387/1360 1233/1386/1359 1234/1388/1361
f 1237/1389/1362 1238/1390/1363 1236/1391/1364
f 1236/1391/1364 1238/1390/1363 1239/1392/1365
f 1240/1393/1366 1241/1394/1367 1243/1395/1368
f 1243/1395/1368 1241/1394/1367 1242/1396/1369
f 1245/1397/1370 1259/1398/1371 1244/1399/1372
f 1244/1399/1372 1259/1398/1371 1260/1400/1373
f 1244/1399/1372 1260/1400/1373 1078/1401/1374
f 1078/1401/1374 1260/1400/1373 1257/1402/1375
f 1078/1401/1374 1257/1402/1375 1264/1403/1376
f 1264/1403/1376 1257/1402/1375 1263/1404/1377
f 1263/1404/1377 1257/1402/1375 1258/1405/1378
f 1263/1404/1377 1258/1405/1378 1291/1406/1379
f 1291/1406/1379 1258/1405/1378 1288/1407/1380
f 1291/1406/1379 1288/1407/1380 1290/1408/1381
f 1290/1408/1381 1288/1407/1380 1289/1409/1382
f 1246/1410/1383 1284/1411/1384 1245/1397/1370
f 1245/1397/1370 1284/1411/1384 1287/1412/1385
f 1245/1397/1370 1287/1412/1385 1259/1398/1371
f 1259/1398/1371 1287/1412/1385 1288/1407/1380
f 1259/1398/1371 1288/1407/1380 1258/1405/1378
f 1247/1413/1386 1280/1414/1387 1246/1410/1383
f 1246/1410/1383 1280/1414/1387 1283/1415/1388
f 1246/1410/1383 1283/1415/1388 1284/1411/1384
f 1247/1413/1386 1248/1416/1389 1280/1414/1387
f 1280/1414/1387 1248/1416/1389 1249/1417/1390
f 1280/1414/1387 1249/1417/1390 1279/1418/1391
f 1279/1418/1391 1249/1417/1390 1250/1419/1392
f 1279/1418/1391 1250/1419/1392 1278/1420/1393
f 1278/1420/1393 1250/1419/1392 1251/1421/1394
f 1278/1420/1393 1251/1421/1394 1252/1422/1395
f 1278/1420/1393 1252/1422/1395 1277/1423/1396
f 1277/1423/1396 1252/1422/1395 1253/1424/1397
f 1277/1423/1396 1253/1424/1397 1276/1425/1398
f 1276/1425/1398 1253/1424/1397 1254/1426/1399
f 1276/1425/1398 1254/1426/1399 1275/1427/1400
f 1275/1427/1400 1254/1426/1399 1255/1428/1401
f 1275/1427/1400 1255/1428/1401 1274/1429/1402
f 1274/1429/1402 1255/1428/1401 1256/1430/1403
f 1274/1429/1402 1256/1430/1403 1273/1431/1404
f 1273/1431/1404 1256/1430/1403 1272/1432/1405
f 1272/1432/1405 1256/1430/1403 1271/1433/1406
f 1271/1433/1406 1256/1430/1403 1270/1434/1407
f 1270/1434/1407 1256/1430/1403 1078/1401/1374
f 1078/1401/1374 1256/1430/1403 1244/1399/1372
f 1262/1435/1408 1267/1436/1409 1261/1437/1410
f 1261/1437/1410 1267/1436/1409 1268/1438/1411
f 1261/1437/1410 1268/1438/1411 1064/1439/1412
f 1064/1439/1412 1268/1438/1411 1265/1440/1413
f 1064/1439/1412 1265/1440/1413 1303/1441/1414
f 1303/1441/1414 1265/1440/1413 1302/1442/1415
f 1302/1442/1415 1265/1440/1413 1266/1443/1416
f 1302/1442/1415 1266/1443/1416 1299/1444/1417
f 1299/1444/1417 1266/1443/1416 1296/1445/1418
f 1299/1444/1417 1296/1445/1418 1298/1446/1419
f 1298/1446/1419 1296/1445/1418 1297/1447/1420
f 1263/1404/1377 1292/1448/1421 1262/1435/1408
f 1262/1435/1408 1292/1448/1421 1295/1449/1422
f 1262/1435/1408 1295/1449/1422 1267/1436/1409
f 1267/1436/1409 1295/1449/1422 1296/1445/1418
f 1267/1436/1409 1296/1445/1418 1266/1443/1416
f 1264/1403/1376 1261/1437/1410 1078/1401/1374
f 1078/1401/1374 1261/1437/1410 1064/1439/1412
f 1269/1450/1423 1064/1439/1412 1303/1441/1414
f 1280/1414/1387 1281/1451/1424 1283/1415/1388
f 1283/1415/1388 1281/1451/1424 1282/1452/1425
f 1285/1453/1426 1286/1454/1427 1284/1411/1384
f 1284/1411/1384 1286/1454/1427 1287/1412/1385
f 1291/1406/1379 1292/1448/1421 1263/1404/1377
f 1293/1455/1428 1294/1456/1429 1292/1448/1421
f 1292/1448/1421 1294/1456/1429 1295/1449/1422
f 1299/1444/1417 1300/1457/1430 1302/1442/1415
f 1302/1442/1415 1300/1457/1430 1301/1458/1431
f 1305/1459/1432 1308/1460/1433 1304/1461/1434
f 1304/1461/1434 1308/1460/1433 1309/1462/1435
f 1304/1461/1434 1309/1462/1435 1316/1463/1436
f 1316/1463/1436 1309/1462/1435 1310/1464/1437
f 1316/1463/1436 1310/1464/1437 1315/1465/1438
f 1315/1465/1438 1310/1464/1437 1311/1466/1439
f 1315/1465/1438 1311/1466/1439 1314/1467/1440
f 1314/1467/1440 1311/1466/1439 1312/1468/1441
f 1314/1467/1440 1312/1468/1441 1313/1469/1442
f 1306/1470/1443 1307/1471/1444 1305/1459/1432
f 1305/1459/1432 1307/1471/1444 1308/1460/1433
f 320/1472/1445 99/1473/1446 1371/1474/1447
f 1371/1474/1447 99/1473/1446 98/1475/1448
f 1371/1474/1447 98/1475/1448 1370/1476/1449
f 1370/1476/1449 98/1475/1448 113/1477/1450
f 1370/1476/1449 113/1477/1450 1369/1478/1451
f 1369/1478/1451 113/1477/1450 112/1479/1452
f 1369/1478/1451 112/1479/1452 1368/1480/1453
f 1368/1480/1453 112/1479/1452 111/1481/1454
f 1368/1480/1453 111/1481/1454 1367/1482/1455
f 1367/1482/1455 111/1481/1454 110/1483/1456
f 1367/1482/1455 110/1483/1456 1366/1484/1457
f 1366/1484/1457 110/1483/1456 109/1485/1458
f 1366/1484/1457 109/1485/1458 1365/1486/1459
f 1365/1486/1459 109/1485/1458 108/1487/1460
f 1365/1486/1459 108/1487/1460 1364/1488/1461
f 1364/1488/1461 108/1487/1460 107/1489/1462
f 1364/1488/1461 107/1489/1462 1363/1490/1463
f 1363/1490/1463 107/1489/1462 106/1491/1464
f 1363/1490/1463 106/1491/1464 1362/1492/1465
f 1362/1492/1465 106/1491/1464 105/1493/1466
f 1362/1492/1465 105/1493/1466 1361/1494/1467
f 1361/1494/1467 105/1493/1466 104/1495/1468
f 1361/1494/1467 104/1495/1468 1360/1496/1469
f 1360/1496/1469 104/1495/1468 103/1497/1470
f 1360/1496/1469 103/1497/1470 1084/1498/1471
f 1084/1498/1471 103/1497/1470 102/1499/1472
f 1084/1498/1471 102/1499/1472 1085/1500/1473
f 1085/1500/1473 102/1499/1472 126/1501/1474
f 1085/1500/1473 126/1501/1474 1359/1502/1475
f 1359/1502/1475 126/1501/1474 1358/1503/1476
f 1358/1503/1476 126/1501/1474 1440/1504/1477
f 1358/1503/1476 1440/1504/1477 1357/1505/1478
f 1357/1505/1478 1440/1504/1477 1356/1506/1479
f 1356/1506/1479 1440/1504/1477 1441/1507/1480
f 1356/1506/1479 1441/1507/1480 1355/1508/1481
f 1355/1508/1481 1441/1507/1480 1442/1509/1482
f 1355/1508/1481 1442/1509/1482 1354/1510/1483
f 1354/1510/1483 1442/1509/1482 1443/1511/1484
f 1354/1510/1483 1443/1511/1484 1353/1512/1485
f 1353/1512/1485 1443/1511/1484 1444/1513/1486
f 1353/1512/1485 1444/1513/1486 1352/1514/1487
f 1352/1514/1487 1444/1513/1486 1445/1515/1488
f 1352/1514/1487 1445/1515/1488 1351/1516/1489
f 1351/1516/1489 1445/1515/1488 1446/1517/1490
f 1351/1516/1489 1446/1517/1490 1350/1518/1491
f 1350/1518/1491 1446/1517/1490 1447/1519/1492
f 1350/1518/1491 1447/1519/1492 1349/1520/1493
f 1349/1520/1493 1447/1519/1492 1448/1521/1494
f 1349/1520/1493 1448/1521/1494 1313/1522/1442
f 126/1501/1474 128/1523/1495 1440/1504/1477
f 1440/1504/1477 128/1523/1495 1439/1524/1496
f 1439/1524/1496 128/1523/1495 130/1525/1497
f 1439/1524/1496 130/1525/1497 1438/1526/1498
f 1438/1526/1498 130/1525/1497 222/1527/1499
f 1438/1526/1498 222/1527/1499 1326/1528/1500
f 1326/1528/1500 222/1527/1499 1317/1529/1501
f 1326/1528/1500 1317/1529/1501 1318/1530/1502
f 128/1523/1495 135/1531/1503 130/1525/1497
f 130/1525/1497 135/1531/1503 134/1532/1504
f 130/1525/1497 134/1532/1504 133/1533/1505
f 133/1533/1505 132/1534/1506 130/1525/1497
f 130/1525/1497 132/1534/1506 131/1535/1507
f 229/1536/1508 228/1537/1509 222/1527/1499
f 222/1527/1499 228/1537/1509 227/1538/1510
f 222/1527/1499 227/1538/1510 226/1539/1511
f 226/1539/1511 225/1540/1512 222/1527/1499
f 222/1527/1499 225/1540/1512 224/1541/1513
f 222/1527/1499 224/1541/1513 1323/1542/1514
f 1323/1542/1514 224/1541/1513 1322/1543/1515
f 1322/1543/1515 224/1541/1513 1411/1544/1516
f 1322/1543/1515 1411/1544/1516 1412/1545/1517
f 224/1541/1513 316/1546/1518 1411/1544/1516
f 1411/1544/1516 316/1546/1518 1410/1547/1519
f 1410/1547/1519 316/1546/1518 1409/1548/1520
f 1409/1548/1520 316/1546/1518 1408/1549/1521
f 1408/1549/1521 316/1546/1518 1385/1550/1522
f 1408/1549/1521 1385/1550/1522 1386/1551/1523
f 318/1552/1524 1383/1553/1525 316/1546/1518
f 316/1546/1518 1383/1553/1525 1384/1554/1526
f 316/1546/1518 1384/1554/1526 1385/1550/1522
f 1383/1553/1525 318/1552/1524 1382/1555/1527
f 1382/1555/1527 318/1552/1524 330/1556/1528
f 1382/1555/1527 330/1556/1528 1381/1557/1529
f 1381/1557/1529 330/1556/1528 329/1558/1530
f 1381/1557/1529 329/1558/1530 1380/1559/1531
f 1380/1559/1531 329/1558/1530 328/1560/1532
f 1380/1559/1531 328/1560/1532 1379/1561/1533
f 1379/1561/1533 328/1560/1532 327/1562/1534
f 1379/1561/1533 327/1562/1534 1378/1563/1535
f 1378/1563/1535 327/1562/1534 326/1564/1536
f 1378/1563/1535 326/1564/1536 1377/1565/1537
f 1377/1565/1537 326/1564/1536 325/1566/1538
f 1377/1565/1537 325/1566/1538 1376/1567/1539
f 1376/1567/1539 325/1566/1538 324/1568/1540
f 1376/1567/1539 324/1568/1540 1375/1569/1541
f 1375/1569/1541 324/1568/1540 323/1570/1542
f 1375/1569/1541 323/1570/1542 1374/1571/1543
f 1374/1571/1543 323/1570/1542 322/1572/1544
f 1374/1571/1543 322/1572/1544 1373/1573/1545
f 1373/1573/1545 322/1572/1544 321/1574/1546
f 1373/1573/1545 321/1574/1546 1372/1575/1547
f 1372/1575/1547 321/1574/1546 320/1472/1445
f 1372/1575/1547 320/1472/1445 1371/1474/1447
f 1326/1528/1500 1318/1530/1502 1325/1576/1548
f 1325/1576/1548 1318/1530/1502 1319/1577/1549
f 1325/1576/1548 1319/1577/1549 1324/1578/1550
f 1324/1578/1550 1319/1577/1549 1320/1579/1551
f 1324/1578/1550 1320/1579/1551 1321/1580/1552
f 1322/1543/1515 1413/1581/1553 1321/1580/1552
f 1321/1580/1552 1413/1581/1553 1414/1582/1554
f 1321/1580/1552 1414/1582/1554 1415/1583/1555
f 1323/1542/1514 1317/1529/1501 222/1527/1499
f 1326/1528/1500 1327/1584/1556 1438/1526/1498
f 1438/1526/1498 1327/1584/1556 1328/1585/1557
f 1438/1526/1498 1328/1585/1557 1329/1586/1558
f 1438/1526/1498 1329/1586/1558 1437/1587/1559
f 1437/1587/1559 1329/1586/1558 1330/1588/1560
f 1437/1587/1559 1330/1588/1560 1436/1589/1561
f 1436/1589/1561 1330/1588/1560 1331/1590/1562
f 1436/1589/1561 1331/1590/1562 1435/1591/1563
f 1435/1591/1563 1331/1590/1562 1332/1592/1564
f 1435/1591/1563 1332/1592/1564 1434/1593/1565
f 1434/1593/1565 1332/1592/1564 1333/1594/1566
f 1434/1593/1565 1333/1594/1566 1433/1595/1567
f 1433/1595/1567 1333/1594/1566 1334/1596/1568
f 1433/1595/1567 1334/1596/1568 1432/1597/1569
f 1432/1597/1569 1334/1596/1568 1335/1598/1570
f 1432/1597/1569 1335/1598/1570 1431/1599/1571
f 1431/1599/1571 1335/1598/1570 1430/1600/1572
f 1430/1600/1572 1335/1598/1570 1336/1601/1573
f 1430/1600/1572 1336/1601/1573 1337/1602/1574
f 1430/1600/1572 1337/1602/1574 1429/1603/1575
f 1429/1603/1575 1337/1602/1574 1338/1604/1576
f 1429/1603/1575 1338/1604/1576 1428/1605/1577
f 1428/1605/1577 1338/1604/1576 1339/1606/1578
f 1428/1605/1577 1339/1606/1578 1427/1607/1579
f 1427/1607/1579 1339/1606/1578 1340/1608/1580
f 1427/1607/1579 1340/1608/1580 1426/1609/1581
f 1426/1609/1581 1340/1608/1580 1341/1610/1582
f 1426/1609/1581 1341/1610/1582 1425/1611/1583
f 1425/1611/1583 1341/1610/1582 1342/1612/1584
f 1425/1611/1583 1342/1612/1584 1424/1613/1585
f 1424/1613/1585 1342/1612/1584 1343/1614/1586
f 1424/1613/1585 1343/1614/1586 1423/1615/1587
f 1423/1615/1587 1343/1614/1586 1344/1616/1588
f 1423/1615/1587 1344/1616/1588 1422/1617/1589
f 1422/1617/1589 1344/1616/1588 1345/1618/1590
f 1422/1617/1589 1345/1618/1590 1421/1619/1591
f 1421/1619/1591 1345/1618/1590 1346/1620/1592
f 1421/1619/1591 1346/1620/1592 1420/1621/1593
f 1420/1621/1593 1346/1620/1592 1347/1622/1594
f 1420/1621/1593 1347/1622/1594 1419/1623/1595
f 1419/1623/1595 1347/1622/1594 1348/1624/1596
f 1419/1623/1595 1348/1624/1596 1418/1625/1597
f 1418/1625/1597 1348/1624/1596 1324/1578/1550
f 1418/1625/1597 1324/1578/1550 1417/1626/1598
f 1417/1626/1598 1324/1578/1550 1321/1580/1552
f 1417/1626/1598 1321/1580/1552 1416/1627/1599
f 1416/1627/1599 1321/1580/1552 1415/1583/1555
f 1313/1522/1442 1312/1628/1441 1349/1520/1493
f 1387/1629/1600 1406/1630/1601 1386/1551/1523
f 1386/1551/1523 1406/1630/1601 1407/1631/1602
f 1386/1551/1523 1407/1631/1602 1408/1549/1521
f 1388/1632/1603 1404/1633/1604 1387/1629/1600
f 1387/1629/1600 1404/1633/1604 1405/1634/1605
f 1387/1629/1600 1405/1634/1605 1406/1630/1601
f 1389/1635/1606 1402/1636/1607 1388/1632/1603
f 1388/1632/1603 1402/1636/1607 1403/1637/1608
f 1388/1632/1603 1403/1637/1608 1404/1633/1604
f 1390/1638/1609 1400/1639/1610 1389/1635/1606
f 1389/1635/1606 1400/1639/1610 1401/1640/1611
f 1389/1635/1606 1401/1640/1611 1402/1636/1607
f 1400/1639/1610 1390/1638/1609 1399/1641/1612
f 1399/1641/1612 1390/1638/1609 1391/1642/1613
f 1399/1641/1612 1391/1642/1613 1398/1643/1614
f 1398/1643/1614 1391/1642/1613 1392/1644/1615
f 1398/1643/1614 1392/1644/1615 1397/1645/1616
f 1397/1645/1616 1392/1644/1615 1393/1646/1617
f 1397/1645/1616 1393/1646/1617 1396/1647/1618
f 1396/1647/1618 1393/1646/1617 1077/1648/1619
f 1396/1647/1618 1077/1648/1619 1395/1649/1620
f 1395/1649/1620 1077/1648/1619 1394/1650/1621
f 1394/1650/1621 1077/1648/1619 1076/1651/1622
f 1412/1545/1517 1413/1581/1553 1322/1543/1515
f 1311/1652/1623 1310/1653/1624 1312/1654/1625
f 1312/1654/1625 1310/1653/1624 1309/1655/1626
f 1312/1654/1625 1309/1655/1626 1349/1656/1627
f 1349/1656/1627 1309/1655/1626 1308/1657/1628
f 1349/1656/1627 1308/1657/1628 1307/1658/1629
f 1307/1658/1629 1449/1659/1630 1349/1656/1627
f 1349/1656/1627 1449/1659/1630 1149/1660/1631
f 1149/1660/1631 1449/1659/1630 1450/1661/1632
f 1149/1660/1631 1450/1661/1632 57/1662/1633
f 57/1662/1633 1450/1661/1632 1451/1663/1634
f 57/1662/1633 1451/1663/1634 1452/1664/1635
f 1452/1664/1635 58/1665/1636 57/1662/1633
f 57/1662/1633 1150/1666/1637 1149/1660/1631
f 1307/1667/1444 1306/1668/1443 1449/1669/1638
f 1449/1669/1638 1306/1668/1443 1453/1670/1639
f 1449/1669/1638 1453/1670/1639 1450/1671/1640
f 1450/1671/1640 1453/1670/1639 1454/1672/1641
f 1450/1671/1640 1454/1672/1641 1455/1673/1642
f 1450/1671/1640 1455/1673/1642 1451/1674/1643
f 1451/1674/1643 1455/1673/1642 1456/1675/1644
f 1451/1674/1643 1456/1675/1644 1457/1676/1645
f 1451/1674/1643 1457/1676/1645 1452/1677/1646
f 1452/1677/1646 1457/1676/1645 1458/1678/1647
f 1452/1677/1646 1458/1678/1647 58/1679/92
f 58/1679/92 1458/1678/1647 59/1680/83
f 1394/1681/1621 1076/1682/1622 1464/1683/1648
f 1464/1683/1648 1076/1682/1622 1075/1684/1649
f 1464/1683/1648 1075/1684/1649 1463/1685/1650
f 1463/1685/1650 1075/1684/1649 1074/1686/1651
f 1463/1685/1650 1074/1686/1651 1462/1687/1652
f 1462/1687/1652 1074/1686/1651 1073/1688/1653
f 1462/1687/1652 1073/1688/1653 1461/1689/1654
f 1461/1689/1654 1073/1688/1653 1072/1690/1655
f 1461/1689/1654 1072/1690/1655 1460/1691/1656
f 1460/1691/1656 1072/1690/1655 1071/1692/1657
f 1460/1691/1656 1071/1692/1657 1459/1693/1658
f 1394/1694/1659 1464/1695/1660 1395/1696/1661
f 1395/1696/1661 1464/1695/1660 1463/1697/1662
f 1395/1696/1661 1463/1697/1662 1462/1698/1663
f 1461/1699/1664 1465/1700/1665 1462/1698/1663
f 1462/1698/1663 1465/1700/1665 1395/1696/1661
f 1465/1701/1666 1461/1702/1667 1475/1703/1668
f 1475/1703/1668 1461/1702/1667 1460/1704/1669
f 1475/1703/1668 1460/1704/1669 1459/1705/1670
f 1475/1703/1668 1459/1705/1670 1474/1706/1671
f 1474/1706/1671 1459/1705/1670 1466/1707/1672
f 1474/1706/1671 1466/1707/1672 1473/1708/1673
f 1473/1708/1673 1466/1707/1672 1467/1709/1674
f 1473/1708/1673 1467/1709/1674 1472/1710/1675
f 1472/1710/1675 1467/1709/1674 1468/1711/1676
f 1472/1710/1675 1468/1711/1676 1469/1712/1677
f 1472/1710/1675 1469/1712/1677 86/1713/1678
f 86/1713/1678 1469/1712/1677 1470/1714/1679
f 86/1713/1678 1470/1714/1679 1471/1715/1680
f 1471/1715/1680 87/1716/1681 86/1713/1678
f 1475/1703/1668 1476/1717/1682 1465/1701/1666
f 1071/1718/1657 1070/1719/1683 1459/1720/1658
f 1459/1720/1658 1070/1719/1683 1466/1721/1684
f 1466/1721/1684 1070/1719/1683 1069/1722/1685
f 1466/1721/1684 1069/1722/1685 1467/1723/1686
f 1467/1723/1686 1069/1722/1685 1468/1724/1687
f 1468/1724/1687 1069/1722/1685 1068/1725/1688
f 1468/1724/1687 1068/1725/1688 1469/1726/1689
f 1469/1726/1689 1068/1725/1688 1470/1727/1690
f 1470/1727/1690 1068/1725/1688 1067/1728/1691
f 1470/1727/1690 1067/1728/1691 1471/1729/1692
f 1471/1729/1692 1067/1728/1691 88/1730/96
f 1471/1729/1692 88/1730/96 87/1731/85
f 1477/1732/1693 1478/1733/1694 92/1734/1695
f 92/1734/1695 1478/1733/1694 93/1735/1696
f 91/1736/1697 1479/1737/1698 92/1738/1699
f 92/1738/1699 1479/1737/1698 1477/1739/1700
f 90/1740/1701 1480/1741/1702 91/1742/1703
f 91/1742/1703 1480/1741/1702 1479/1743/1704
f 1154/1744/1705 1480/1745/1706 1066/1746/1707
f 1066/1746/1707 1480/1745/1706 90/1747/1708
f 1066/1746/1707 90/1747/1708 89/1748/1709
f 1481/1749/1710 1482/1750/1711 1490/1751/1712
f 1490/1751/1712 1482/1750/1711 67/1752/1713
f 1490/1751/1712 67/1752/1713 1489/1753/1714
f 1489/1753/1714 67/1752/1713 66/1754/1715
f 1489/1753/1714 66/1754/1715 1488/1755/1716
f 1488/1755/1716 66/1754/1715 65/1756/1717
f 1488/1755/1716 65/1756/1717 1487/1757/1718
f 1487/1757/1718 65/1756/1717 64/1758/1719
f 1487/1757/1718 64/1758/1719 1486/1759/1720
f 1486/1759/1720 64/1758/1719 63/1760/1721
f 1486/1759/1720 63/1760/1721 1485/1761/1722
f 1485/1761/1722 63/1760/1721 62/1762/1723
f 1485/1761/1722 62/1762/1723 1484/1763/1724
f 1484/1763/1724 62/1762/1723 61/1764/1725
f 1484/1763/1724 61/1764/1725 1483/1765/1726
f 1483/1765/1726 61/1764/1725 60/1766/1727
f 1453/1767/1728 1306/1768/1729 1483/1769/1726
f 1483/1769/1726 1306/1768/1729 1305/1770/1730
f 1483/1769/1726 1305/1770/1730 1304/1771/1731
f 1483/1769/1726 60/1772/1727 1453/1767/1728
f 1453/1767/1728 60/1772/1727 1454/1773/1732
f 1454/1773/1732 60/1772/1727 1455/1774/1733
f 1455/1774/1733 60/1772/1727 1456/1775/1734
f 1456/1775/1734 60/1772/1727 1457/1776/1735
f 1457/1776/1735 60/1772/1727 1458/1777/1736
f 1458/1777/1736 60/1772/1727 59/1778/1737
f 1476/1779/1682 1491/1780/1738 1465/1781/1666
f 1465/1781/1666 1491/1780/1738 1502/1782/1739
f 1502/1782/1739 1491/1780/1738 1492/1783/1740
f 1502/1782/1739 1492/1783/1740 1501/1784/1741
f 1501/1784/1741 1492/1783/1740 1493/1785/1742
f 1501/1784/1741 1493/1785/1742 1500/1786/1743
f 1500/1786/1743 1493/1785/1742 1494/1787/1744
f 1500/1786/1743 1494/1787/1744 1495/1788/1745
f 1500/1786/1743 1495/1788/1745 1499/1789/1746
f 1499/1789/1746 1495/1788/1745 1496/1790/1747
f 1499/1789/1746 1496/1790/1747 1498/1791/1748
f 1498/1791/1748 1496/1790/1747 1497/1792/1749
f 1503/1793/1750 1504/1794/1751 69/1795/1752
f 69/1795/1752 1504/1794/1751 1505/1796/1753
f 69/1795/1752 1505/1796/1753 70/1797/1754
f 70/1797/1754 1505/1796/1753 1506/1798/1755
f 70/1797/1754 1506/1798/1755 71/1799/1756
f 71/1799/1756 1506/1798/1755 1507/1800/1757
f 71/1799/1756 1507/1800/1757 72/1801/1758
f 72/1801/1758 1507/1800/1757 1508/1802/1759
f 72/1801/1758 1508/1802/1759 73/1803/1760
f 73/1803/1760 1508/1802/1759 1509/1804/1761
f 73/1803/1760 1509/1804/1761 74/1805/1762
f 74/1805/1762 1509/1804/1761 1510/1806/1763
f 74/1805/1762 1510/1806/1763 75/1807/1764
f 75/1808/1764 1510/1809/1763 76/1810/1765
f 76/1810/1765 1510/1809/1763 1511/1811/1766
f 1513/1812/1767 1514/1813/1768 1512/1814/1769
f 1512/1814/1769 1514/1813/1768 1497/1815/1770
f 1515/1816/1771 1516/1817/1772 1512/1818/1773
f 1512/1818/1773 1516/1817/1772 1517/1819/1774
f 1517/1819/1774 1518/1820/1775 1512/1821/1776
f 1518/1820/1775 1519/1822/1777 1512/1823/1778
f 1519/1822/1777 1520/1824/1779 1512/1825/1780
f 1520/1824/1779 1521/1826/1781 1512/1827/1782
f 1521/1826/1781 1513/1828/1767 1512/1829/1769
f 1475/1830/1783 1474/1831/1784 1533/1832/1785
f 1533/1832/1785 1474/1831/1784 1532/1833/1786
f 1532/1833/1786 1474/1831/1784 1473/1834/1787
f 1532/1833/1786 1473/1834/1787 1531/1835/1788
f 1531/1835/1788 1473/1834/1787 1472/1836/1789
f 1531/1835/1788 1472/1836/1789 1530/1837/1790
f 1530/1837/1790 1472/1836/1789 86/1838/1791
f 1530/1837/1790 86/1838/1791 1529/1839/1792
f 1529/1839/1792 86/1838/1791 85/1840/1793
f 1529/1839/1792 85/1840/1793 84/1841/1794
f 1529/1839/1792 84/1841/1794 1528/1842/1795
f 1528/1842/1795 84/1841/1794 83/1843/1796
f 1528/1842/1795 83/1843/1796 1527/1844/1797
f 1527/1844/1797 83/1843/1796 82/1845/1798
f 1527/1844/1797 82/1845/1798 1526/1846/1799
f 1526/1846/1799 82/1845/1798 81/1847/1800
f 1526/1846/1799 81/1847/1800 1525/1848/1801
f 1525/1848/1801 81/1847/1800 80/1849/1802
f 1525/1848/1801 80/1849/1802 1524/1850/1803
f 1524/1850/1803 80/1849/1802 79/1851/1804
f 1524/1850/1803 79/1851/1804 1523/1852/1805
f 1523/1852/1805 79/1851/1804 78/1853/1806
f 1523/1852/1805 78/1853/1806 1522/1854/1807
f 1522/1854/1807 78/1853/1806 77/1855/1808
f 1522/1854/1807 77/1855/1808 1511/1856/1766
f 1511/1856/1766 77/1855/1808 76/1857/1765
f 1514/1858/1768 1534/1859/1809 1497/1860/1810
f 1534/1859/1809 1535/1861/1811 1497/1862/1812
f 1535/1861/1811 1536/1863/1813 1497/1864/1814
f 1536/1863/1813 1537/1865/1815 1497/1866/1816
f 1537/1865/1815 1538/1867/1817 1497/1868/1818
f 1538/1867/1817 1539/1869/1819 1497/1870/1820
f 1539/1869/1819 1540/1871/1821 1497/1872/1822
f 1540/1871/1821 1541/1873/1823 1497/1874/1824
f 1541/1873/1823 1498/1875/1748 1497/1876/1749
f 1494/1877/1825 1493/1878/1826 1512/1879/1827
f 1512/1879/1827 1493/1878/1826 1515/1880/1771
f 1515/1880/1771 1493/1878/1826 1492/1881/1828
f 1515/1880/1771 1492/1881/1828 1491/1882/1829
f 1491/1882/1829 1476/1883/1830 1515/1880/1771
f 1515/1880/1771 1476/1883/1830 1533/1884/1785
f 1533/1884/1785 1476/1883/1830 1475/1885/1783
f 1465/1886/1665 1502/1887/1831 1395/1888/1661
f 1395/1888/1661 1502/1887/1831 1396/1889/1832
f 1396/1889/1832 1502/1887/1831 1501/1890/1833
f 1396/1889/1832 1501/1890/1833 1397/1891/1834
f 1397/1891/1834 1501/1890/1833 1500/1892/1835
f 1397/1891/1834 1500/1892/1835 1398/1893/1836
f 1398/1893/1836 1500/1892/1835 1499/1894/1837
f 1398/1893/1836 1499/1894/1837 1399/1895/1838
f 1399/1895/1838 1499/1894/1837 1498/1896/1839
f 1399/1895/1838 1498/1896/1839 1400/1897/1840
f 1498/1898/1839 1541/1899/1841 1400/1900/1842
f 1400/1900/1842 1541/1899/1841 1401/1901/1843
f 1401/1901/1843 1541/1899/1841 1540/1902/1844
f 1401/1901/1843 1540/1902/1844 1402/1903/1845
f 1402/1903/1845 1540/1902/1844 1539/1904/1846
f 1402/1903/1845 1539/1904/1846 1403/1905/1847
f 1403/1905/1847 1539/1904/1846 1538/1906/1848
f 1403/1905/1847 1538/1906/1848 1404/1907/1849
f 1404/1907/1849 1538/1906/1848 1537/1908/1850
f 1404/1907/1849 1537/1908/1850 1405/1909/1851
f 1405/1909/1851 1537/1908/1850 1536/1910/1852
f 1405/1909/1851 1536/1910/1852 1406/1911/1853
f 1406/1911/1853 1536/1910/1852 1535/1912/1854
f 1406/1911/1853 1535/1912/1854 1407/1913/1855
f 1407/1913/1855 1535/1912/1854 1534/1914/1856
f 1407/1913/1855 1534/1914/1856 1408/1915/1857
f 1408/1915/1857 1534/1914/1856 1514/1916/1858
f 1408/1915/1857 1514/1916/1858 1409/1917/1859
f 1514/1918/1858 1513/1919/1860 1409/1920/1859
f 1409/1920/1859 1513/1919/1860 1410/1921/1861
f 1497/1922/1862 1496/1923/1863 1512/1924/1864
f 1512/1924/1864 1496/1923/1863 1495/1925/1865
f 1512/1924/1864 1495/1925/1865 1494/1926/1866
f 1410/1927/1861 1513/1928/1860 1411/1929/1867
f 1411/1929/1867 1513/1928/1860 1521/1930/1868
f 1411/1929/1867 1521/1930/1868 1520/1931/1869
f 1411/1929/1867 1520/1931/1869 1412/1932/1870
f 1412/1932/1870 1520/1931/1869 1519/1933/1871
f 1412/1932/1870 1519/1933/1871 1413/1934/1872
f 1413/1934/1872 1519/1933/1871 1518/1935/1873
f 1413/1934/1872 1518/1935/1873 1414/1936/1874
f 1414/1936/1874 1518/1935/1873 1517/1937/1875
f 1414/1936/1874 1517/1937/1875 1415/1938/1876
f 1415/1938/1876 1517/1937/1875 1516/1939/1877
f 1415/1938/1876 1516/1939/1877 1416/1940/1878
f 1416/1940/1878 1516/1939/1877 1417/1941/1879
f 1417/1941/1879 1516/1939/1877 1515/1942/1880
f 1515/1943/1880 1533/1944/1881 1417/1945/1879
f 1417/1945/1879 1533/1944/1881 1418/1946/1882
f 1418/1947/1882 1533/1948/1881 1419/1949/1883
f 1419/1949/1883 1533/1948/1881 1532/1950/1884
f 1419/1949/1883 1532/1950/1884 1420/1951/1885
f 1420/1951/1885 1532/1950/1884 1531/1952/1886
f 1420/1951/1885 1531/1952/1886 1421/1953/1887
f 1421/1953/1887 1531/1952/1886 1530/1954/1888
f 1421/1953/1887 1530/1954/1888 1422/1955/1889
f 1422/1955/1889 1530/1954/1888 1529/1956/1890
f 1422/1955/1889 1529/1956/1890 1423/1957/1891
f 1423/1957/1891 1529/1956/1890 1528/1958/1892
f 1423/1957/1891 1528/1958/1892 1424/1959/1893
f 1424/1959/1893 1528/1958/1892 1527/1960/1894
f 1424/1959/1893 1527/1960/1894 1425/1961/1895
f 1425/1961/1895 1527/1960/1894 1526/1962/1896
f 1425/1961/1895 1526/1962/1896 1426/1963/1897
f 1426/1963/1897 1526/1962/1896 1525/1964/1898
f 1426/1963/1897 1525/1964/1898 1427/1965/1899
f 1427/1965/1899 1525/1964/1898 1524/1966/1900
f 1427/1965/1899 1524/1966/1900 1428/1967/1901
f 1428/1967/1901 1524/1966/1900 1523/1968/1902
f 1428/1967/1901 1523/1968/1902 1429/1969/1903
f 1429/1969/1903 1523/1968/1902 1522/1970/1904
f 1429/1969/1903 1522/1970/1904 1430/1971/1905
f 1430/1971/1905 1522/1970/1904 1511/1972/1906
f 1511/1973/1906 1510/1974/1907 1430/1975/1905
f 1430/1975/1905 1510/1974/1907 1431/1976/1908
f 1431/1977/1908 1510/1978/1907 1432/1979/1909
f 1432/1979/1909 1510/1978/1907 1509/1980/1910
f 1432/1979/1909 1509/1980/1910 1433/1981/1911
f 1433/1981/1911 1509/1980/1910 1508/1982/1912
f 1433/1981/1911 1508/1982/1912 1434/1983/1913
f 1434/1983/1913 1508/1982/1912 1507/1984/1914
f 1434/1983/1913 1507/1984/1914 1435/1985/1915
f 1435/1985/1915 1507/1984/1914 1506/1986/1916
f 1435/1985/1915 1506/1986/1916 1436/1987/1917
f 1436/1987/1917 1506/1986/1916 1505/1988/1918
f 1436/1987/1917 1505/1988/1918 1437/1989/1919
f 1437/1989/1919 1505/1988/1918 1504/1990/1920
f 1542/1991/1921 1543/1992/1922 831/1993/1923
f 831/1993/1923 1543/1992/1922 822/1994/1924
f 822/1995/1924 1543/1996/1922 823/1997/1925
f 823/1997/1925 1543/1996/1922 1544/1998/1926
f 823/1997/1925 1544/1998/1926 824/1999/1927
f 824/1999/1927 1544/1998/1926 1545/2000/1928
f 824/1999/1927 1545/2000/1928 825/2001/1929
f 825/2001/1929 1545/2000/1928 1546/2002/1930
f 825/2001/1929 1546/2002/1930 826/2003/1931
f 826/2003/1931 1546/2002/1930 1547/2004/1932
f 826/2003/1931 1547/2004/1932 827/2005/1933
f 827/2005/1933 1547/2004/1932 1548/2006/1934
f 827/2005/1933 1548/2006/1934 828/2007/1935
f 828/2007/1935 1548/2006/1934 1549/2008/1936
f 1550/2009/1937 1551/2010/1938 821/2011/1939
f 821/2011/1939 1551/2010/1938 818/2012/1940
f 1551/2013/1941 1552/2014/1942 818/2015/1943
f 818/2015/1943 1552/2014/1942 819/2016/1944
f 1553/2017/1945 1554/2018/1946 817/2019/1947
f 817/2019/1947 1554/2018/1946 808/2020/1948
f 808/2021/1948 1554/2022/1946 809/2023/1949
f 809/2023/1949 1554/2022/1946 1555/2024/1950
f 809/2023/1949 1555/2024/1950 810/2025/1951
f 810/2025/1951 1555/2024/1950 1556/2026/1952
f 810/2025/1951 1556/2026/1952 811/2027/1953
f 811/2027/1953 1556/2026/1952 1557/2028/1954
f 811/2027/1953 1557/2028/1954 812/2029/1955
f 812/2029/1955 1557/2028/1954 1558/2030/1956
f 812/2029/1955 1558/2030/1956 813/2031/1957
f 813/2031/1957 1558/2030/1956 1559/2032/1958
f 813/2031/1957 1559/2032/1958 814/2033/1959
f 814/2033/1959 1559/2032/1958 1560/2034/1960
f 1561/2035/1961 1562/2036/1962 807/2037/1963
f 807/2037/1963 1562/2036/1962 804/2038/1964
f 1562/2039/1965 1563/2040/1966 804/2041/1967
f 804/2041/1967 1563/2040/1966 805/2042/1968
f 1564/2043/1969 1565/2044/1970 803/2045/1971
f 803/2045/1971 1565/2044/1970 800/2046/1972
f 1565/2047/1973 1566/2048/1974 800/2049/1975
f 800/2049/1975 1566/2048/1974 801/2050/1976
f 1567/2051/1977 1568/2052/1978 799/2053/1979
f 799/2053/1979 1568/2052/1978 796/2054/1980
f 1568/2055/1981 1569/2056/1982 796/2057/1983
f 796/2057/1983 1569/2056/1982 797/2058/1984
f 1570/2059/1985 1571/2060/1986 795/2061/1987
f 795/2061/1987 1571/2060/1986 792/2062/1988
f 1571/2063/1989 1572/2064/1990 792/2065/1991
f 792/2065/1991 1572/2064/1990 793/2066/1992
f 1573/2067/1993 1574/2068/1994 791/2069/1995
f 791/2069/1995 1574/2068/1994 788/2070/1996
f 1574/2071/1997 1575/2072/1998 788/2073/1999
f 788/2073/1999 1575/2072/1998 789/2074/2000
f 1576/2075/2001 1577/2076/2002 787/2077/2003
f 787/2077/2003 1577/2076/2002 784/2078/2004
f 1577/2079/2005 1578/2080/2006 784/2081/2007
f 784/2081/2007 1578/2080/2006 785/2082/2008
f 1579/2083/2009 1580/2084/2010 783/2085/2011
f 783/2085/2011 1580/2084/2010 780/2086/2012
f 1580/2087/2013 1581/2088/2014 780/2089/2015
f 780/2089/2015 1581/2088/2014 781/2090/2016
f 1582/2091/2017 1583/2092/2018 779/2093/2019
f 779/2093/2019 1583/2092/2018 776/2094/2020
f 1583/2095/2021 1584/2096/2022 776/2097/2023
f 776/2097/2023 1584/2096/2022 777/2098/2024
f 1585/2099/2025 1586/2100/2026 775/2101/2027
f 775/2101/2027 1586/2100/2026 772/2102/2028
f 1586/2103/2029 1587/2104/2030 772/2105/2031
f 772/2105/2031 1587/2104/2030 773/2106/2032
f 1588/2107/2033 1589/2108/2034 771/2109/2035
f 771/2109/2035 1589/2108/2034 768/2110/2036
f 1589/2111/2037 1590/2112/2038 768/2113/2039
f 768/2113/2039 1590/2112/2038 769/2114/2040
f 1591/2115/2041 1592/2116/2042 767/2117/2043
f 767/2117/2043 1592/2116/2042 764/2118/2044
f 1592/2119/2045 1593/2120/2046 764/2121/2047
f 764/2121/2047 1593/2120/2046 765/2122/2048
f 1594/2123/2049 1595/2124/2050 763/2125/2051
f 763/2125/2051 1595/2124/2050 760/2126/2052
f 1595/2127/2053 1596/2128/2054 760/2129/2055
f 760/2129/2055 1596/2128/2054 761/2130/2056
f 1597/2131/2057 1598/2132/2058 759/2133/2059
f 759/2133/2059 1598/2132/2058 756/2134/2060
f 1598/2135/2061 1599/2136/2062 756/2137/2063
f 756/2137/2063 1599/2136/2062 757/2138/2064
f 1600/2139/2065 1601/2140/2066 755/2141/2067
f 755/2141/2067 1601/2140/2066 752/2142/2068
f 1601/2143/2069 1602/2144/2070 752/2145/2071
f 752/2145/2071 1602/2144/2070 753/2146/2072
f 1603/2147/2073 1604/2148/2074 751/2149/2075
f 751/2149/2075 1604/2148/2074 748/2150/2076
f 1604/2151/2077 1605/2152/2078 748/2153/2079
f 748/2153/2079 1605/2152/2078 749/2154/2080
f 1606/2155/2081 1607/2156/2082 747/2157/2083
f 747/2157/2083 1607/2156/2082 744/2158/2084
f 1607/2159/2085 1608/2160/2086 744/2161/2087
f 744/2161/2087 1608/2160/2086 745/2162/2088
f 1609/2163/2089 1610/2164/2090 743/2165/2091
f 743/2165/2091 1610/2164/2090 740/2166/2092
f 1610/2167/2093 1611/2168/2094 740/2169/2095
f 740/2169/2095 1611/2168/2094 741/2170/2096
f 1612/2171/2097 1613/2172/2098 739/2173/2099
f 739/2173/2099 1613/2172/2098 736/2174/2100
f 1613/2175/2101 1614/2176/2102 736/2177/2103
f 736/2177/2103 1614/2176/2102 737/2178/2104
f 1615/2179/2105 1616/2180/2106 735/2181/2107
f 735/2181/2107 1616/2180/2106 732/2182/2108
f 1616/2183/2109 1617/2184/2110 732/2185/2111
f 732/2185/2111 1617/2184/2110 733/2186/2112
f 1618/2187/2113 1619/2188/2114 731/2189/2115
f 731/2189/2115 1619/2188/2114 728/2190/2116
f 1619/2191/2117 1620/2192/2118 728/2193/2119
f 728/2193/2119 1620/2192/2118 729/2194/2120
f 1621/2195/2121 1622/2196/2122 727/2197/2123
f 727/2197/2123 1622/2196/2122 724/2198/2124
f 1622/2199/2125 1623/2200/2126 724/2201/2127
f 724/2201/2127 1623/2200/2126 725/2202/2128
f 1624/2203/2129 1625/2204/2130 723/2205/2131
f 723/2205/2131 1625/2204/2130 720/2206/2132
f 1625/2207/2133 1626/2208/2134 720/2209/2135
f 720/2209/2135 1626/2208/2134 721/2210/2136
f 1627/2211/2137 1628/2212/2138 719/2213/2139
f 719/2213/2139 1628/2212/2138 716/2214/2140
f 1628/2215/2141 1629/2216/2142 716/2217/2143
f 716/2217/2143 1629/2216/2142 717/2218/2144
f 1630/2219/2145 1631/2220/2146 715/2221/2147
f 715/2221/2147 1631/2220/2146 712/2222/2148
f 1631/2223/2149 1632/2224/2150 712/2225/2151
f 712/2225/2151 1632/2224/2150 713/2226/2152
f 1633/2227/2153 1634/2228/2154 711/2229/2155
f 711/2229/2155 1634/2228/2154 708/2230/2156
f 1634/2231/2157 1635/2232/2158 708/2233/2159
f 708/2233/2159 1635/2232/2158 709/2234/2160
f 1636/2235/2161 1637/2236/2162 707/2237/2163
f 707/2237/2163 1637/2236/2162 704/2238/2164
f 1637/2239/2165 1638/2240/2166 704/2241/2167
f 704/2241/2167 1638/2240/2166 705/2242/2168
f 1639/2243/2169 1640/2244/2170 703/2245/2171
f 703/2245/2171 1640/2244/2170 700/2246/2172
f 1640/2247/2173 1641/2248/2174 700/2249/2175
f 700/2249/2175 1641/2248/2174 701/2250/2176
f 1642/2251/2177 1643/2252/2178 699/2253/2179
f 699/2253/2179 1643/2252/2178 696/2254/2180
f 1643/2255/2181 1644/2256/2182 696/2257/2183
f 696/2257/2183 1644/2256/2182 697/2258/2184
f 1645/2259/2185 1646/2260/2186 695/2261/2187
f 695/2261/2187 1646/2260/2186 692/2262/2188
f 1646/2263/2189 1647/2264/2190 692/2265/2191
f 692/2265/2191 1647/2264/2190 693/2266/2192
f 1648/2267/2193 1649/2268/2194 691/2269/2195
f 691/2269/2195 1649/2268/2194 688/2270/2196
f 1649/2271/2197 1650/2272/2198 688/2273/2199
f 688/2273/2199 1650/2272/2198 689/2274/2200
f 1651/2275/2201 1652/2276/2202 687/2277/2203
f 687/2277/2203 1652/2276/2202 684/2278/2204
f 1652/2279/2205 1653/2280/2206 684/2281/2207
f 684/2281/2207 1653/2280/2206 685/2282/2208
f 1654/2283/2209 1655/2284/2210 683/2285/2211
f 683/2285/2211 1655/2284/2210 680/2286/2212
f 1655/2287/2213 1656/2288/2214 680/2289/2215
f 680/2289/2215 1656/2288/2214 681/2290/2216
f 1657/2291/2217 1658/2292/2218 679/2293/2219
f 679/2293/2219 1658/2292/2218 676/2294/2220
f 1658/2295/2221 1659/2296/2222 676/2297/2223
f 676/2297/2223 1659/2296/2222 677/2298/2224
f 1660/2299/2225 1661/2300/2226 675/2301/2227
f 675/2301/2227 1661/2300/2226 672/2302/2228
f 1661/2303/2229 1662/2304/2230 672/2305/2231
f 672/2305/2231 1662/2304/2230 673/2306/2232
f 1663/2307/2233 1664/2308/2234 671/2309/2235
f 671/2309/2235 1664/2308/2234 668/2310/2236
f 1664/2311/2237 1665/2312/2238 668/2313/2239
f 668/2313/2239 1665/2312/2238 669/2314/2240
f 1666/2315/2241 1667/2316/2242 667/2317/2243
f 667/2317/2243 1667/2316/2242 664/2318/2244
f 1667/2319/2245 1668/2320/2246 664/2321/2247
f 664/2321/2247 1668/2320/2246 665/2322/2248
f 1669/2323/2249 1670/2324/2250 663/2325/2251
f 663/2325/2251 1670/2324/2250 660/2326/2252
f 1670/2327/2253 1671/2328/2254 660/2329/2255
f 660/2329/2255 1671/2328/2254 661/2330/2256
f 1672/2331/2257 1673/2332/2258 659/2333/2259
f 659/2333/2259 1673/2332/2258 656/2334/2260
f 1673/2335/2261 1674/2336/2262 656/2337/2263
f 656/2337/2263 1674/2336/2262 657/2338/2264
f 1675/2339/2265 1676/2340/2266 655/2341/2267
f 655/2341/2267 1676/2340/2266 652/2342/2268
f 1676/2343/2269 1677/2344/2270 652/2345/2271
f 652/2345/2271 1677/2344/2270 653/2346/2272
f 1678/2347/2273 1679/2348/2274 651/2349/2275
f 651/2349/2275 1679/2348/2274 648/2350/2276
f 1679/2351/2277 1680/2352/2278 648/2353/2279
f 648/2353/2279 1680/2352/2278 649/2354/2280
f 1681/2355/2281 1682/2356/2282 647/2357/2283
f 647/2357/2283 1682/2356/2282 644/2358/2284
f 1682/2359/2285 1683/2360/2286 644/2361/2287
f 644/2361/2287 1683/2360/2286 645/2362/2288
f 1684/2363/2289 1685/2364/2290 643/2365/2291
f 643/2365/2291 1685/2364/2290 640/2366/2292
f 1685/2367/2293 1686/2368/2294 640/2369/2295
f 640/2369/2295 1686/2368/2294 641/2370/2296
f 1687/2371/2297 1688/2372/2298 639/2373/2299
f 639/2373/2299 1688/2372/2298 636/2374/2300
f 1688/2375/2301 1689/2376/2302 636/2377/2303
f 636/2377/2303 1689/2376/2302 637/2378/2304
f 1690/2379/2305 1691/2380/2306 635/2381/2307
f 635/2381/2307 1691/2380/2306 632/2382/2308
f 1691/2383/2309 1692/2384/2310 632/2385/2311
f 632/2385/2311 1692/2384/2310 633/2386/2312
f 1693/2387/2313 1694/2388/2314 631/2389/2315
f 631/2389/2315 1694/2388/2314 628/2390/2316
f 1694/2391/2317 1695/2392/2318 628/2393/2319
f 628/2393/2319 1695/2392/2318 629/2394/2320
f 1696/2395/2321 1697/2396/2322 627/2397/2323
f 627/2397/2323 1697/2396/2322 624/2398/2324
f 1697/2399/2325 1698/2400/2326 624/2401/2327
f 624/2401/2327 1698/2400/2326 625/2402/2328
f 1699/2403/2329 1700/2404/2330 623/2405/2331
f 623/2405/2331 1700/2404/2330 620/2406/2332
f 1700/2407/2333 1701/2408/2334 620/2409/2335
f 620/2409/2335 1701/2408/2334 621/2410/2336
f 1702/2411/2337 1703/2412/2338 619/2413/2339
f 619/2413/2339 1703/2412/2338 616/2414/2340
f 1703/2415/2341 1704/2416/2342 616/2417/2343
f 616/2417/2343 1704/2416/2342 617/2418/2344
f 1705/2419/2345 1706/2420/2346 615/2421/2347
f 615/2421/2347 1706/2420/2346 612/2422/2348
f 1706/2423/2349 1707/2424/2350 612/2425/2351
f 612/2425/2351 1707/2424/2350 613/2426/2352
f 1708/2427/2353 1709/2428/2354 611/2429/2355
f 611/2429/2355 1709/2428/2354 608/2430/2356
f 1709/2431/2357 1710/2432/2358 608/2433/2359
f 608/2433/2359 1710/2432/2358 609/2434/2360
f 1711/2435/2361 1712/2436/2362 607/2437/2363
f 607/2437/2363 1712/2436/2362 604/2438/2364
f 1712/2439/2365 1713/2440/2366 604/2441/2367
f 604/2441/2367 1713/2440/2366 605/2442/2368
f 1714/2443/2369 1715/2444/2370 603/2445/2371
f 603/2445/2371 1715/2444/2370 600/2446/2372
f 1715/2447/2373 1716/2448/2374 600/2449/2375
f 600/2449/2375 1716/2448/2374 601/2450/2376
f 1717/2451/2377 1718/2452/2378 599/2453/2379
f 599/2453/2379 1718/2452/2378 596/2454/2380
f 1718/2455/2381 1719/2456/2382 596/2457/2383
f 596/2457/2383 1719/2456/2382 597/2458/2384
f 1720/2459/2385 1721/2460/2386 595/2461/2387
f 595/2461/2387 1721/2460/2386 592/2462/2388
f 1721/2463/2389 1722/2464/2390 592/2465/2391
f 592/2465/2391 1722/2464/2390 593/2466/2392
f 1723/2467/2393 1724/2468/2394 591/2469/2395
f 591/2469/2395 1724/2468/2394 588/2470/2396
f 1724/2471/2397 1725/2472/2398 588/2473/2399
f 588/2473/2399 1725/2472/2398 589/2474/2400
f 1726/2475/2401 1727/2476/2402 587/2477/2403
f 587/2477/2403 1727/2476/2402 584/2478/2404
f 1727/2479/2405 1728/2480/2406 584/2481/2407
f 584/2481/2407 1728/2480/2406 585/2482/2408
f 1729/2483/2409 1730/2484/2410 583/2485/2411
f 583/2485/2411 1730/2484/2410 580/2486/2412
f 1730/2487/2413 1731/2488/2414 580/2489/2415
f 580/2489/2415 1731/2488/2414 581/2490/2416
f 1732/2491/2417 1733/2492/2418 962/2493/2419
f 962/2493/2419 1733/2492/2418 963/2494/2420
f 1733/2495/2421 1734/2496/2422 963/2497/2423
f 963/2497/2423 1734/2496/2422 960/2498/2424
f 1735/2499/2425 1736/2500/2426 956/2501/2427
f 956/2501/2427 1736/2500/2426 957/2502/2428
f 1736/2503/2429 1737/2504/2430 957/2505/2431
f 957/2505/2431 1737/2504/2430 958/2506/2432
f 1737/2507/2433 1738/2508/2434 958/2509/2435
f 958/2509/2435 1738/2508/2434 959/2510/2436
f 1739/2511/2437 1740/2512/2438 952/2513/2439
f 952/2513/2439 1740/2512/2438 953/2514/2440
f 1740/2515/2441 1741/2516/2442 953/2517/2443
f 953/2517/2443 1741/2516/2442 954/2518/2444
f 1741/2519/2445 1742/2520/2446 954/2521/2447
f 954/2521/2447 1742/2520/2446 955/2522/2448
f 1743/2523/2449 1744/2524/2450 948/2525/2451
f 948/2525/2451 1744/2524/2450 949/2526/2452
f 1744/2527/2453 1745/2528/2454 949/2529/2455
f 949/2529/2455 1745/2528/2454 950/2530/2456
f 1745/2531/2457 1746/2532/2458 950/2533/2459
f 950/2533/2459 1746/2532/2458 951/2534/2460
f 1747/2535/2461 1748/2536/2462 944/2537/2463
f 944/2537/2463 1748/2536/2462 945/2538/2464
f 1748/2539/2465 1749/2540/2466 945/2541/2467
f 945/2541/2467 1749/2540/2466 946/2542/2468
f 1749/2543/2469 1750/2544/2470 946/2545/2471
f 946/2545/2471 1750/2544/2470 947/2546/2472
f 1751/2547/2473 1752/2548/2474 940/2549/2475
f 940/2549/2475 1752/2548/2474 941/2550/2476
f 1752/2551/2477 1753/2552/2478 941/2553/2479
f 941/2553/2479 1753/2552/2478 942/2554/2480
f 1753/2555/2481 1754/2556/2482 942/2557/2483
f 942/2557/2483 1754/2556/2482 943/2558/2484
f 1755/2559/2485 1756/2560/2486 921/2561/2487
f 921/2561/2487 1756/2560/2486 922/2562/2488
f 1756/2563/2489 1757/2564/2490 922/2565/2491
f 922/2565/2491 1757/2564/2490 923/2566/2492
f 923/2566/2492 1757/2567/2490 924/2568/2493
f 924/2568/2493 1757/2567/2490 1758/2569/2494
f 924/2568/2493 1758/2569/2494 925/2570/2495
f 925/2570/2495 1758/2569/2494 1759/2571/2496
f 925/2570/2495 1759/2571/2496 926/2572/2497
f 926/2572/2497 1759/2571/2496 1760/2573/2498
f 926/2572/2497 1760/2573/2498 927/2574/2499
f 927/2574/2499 1760/2573/2498 1761/2575/2500
f 927/2574/2499 1761/2575/2500 928/2576/2501
f 928/2576/2501 1761/2575/2500 1762/2577/2502
f 928/2576/2501 1762/2577/2502 929/2578/2503
f 929/2578/2503 1762/2577/2502 1763/2579/2504
f 1763/2580/2504 1764/2581/2505 929/2582/2503
f 929/2582/2503 1764/2581/2505 930/2583/2506
f 1764/2584/2507 1765/2585/2508 930/2586/2509
f 930/2586/2509 1765/2585/2508 931/2587/2510
f 1766/2588/2511 1767/2589/2512 917/2590/2513
f 917/2590/2513 1767/2589/2512 918/2591/2514
f 1767/2592/2515 1768/2593/2516 918/2594/2517
f 918/2594/2517 1768/2593/2516 919/2595/2518
f 1768/2596/2519 1769/2597/2520 919/2598/2521
f 919/2598/2521 1769/2597/2520 920/2599/2522
f 1770/2600/2523 1771/2601/2524 913/2602/2525
f 913/2602/2525 1771/2601/2524 914/2603/2526
f 1771/2604/2527 1772/2605/2528 914/2606/2529
f 914/2606/2529 1772/2605/2528 915/2607/2530
f 1772/2608/2531 1773/2609/2532 915/2610/2533
f 915/2610/2533 1773/2609/2532 916/2611/2534
f 1774/2612/2535 1775/2613/2536 909/2614/2537
f 909/2614/2537 1775/2613/2536 910/2615/2538
f 1775/2616/2539 1776/2617/2540 910/2618/2541
f 910/2618/2541 1776/2617/2540 911/2619/2542
f 1776/2620/2543 1777/2621/2544 911/2622/2545
f 911/2622/2545 1777/2621/2544 912/2623/2546
f 1778/2624/2547 1779/2625/2548 905/2626/2549
f 905/2626/2549 1779/2625/2548 906/2627/2550
f 1779/2628/2551 1780/2629/2552 906/2630/2553
f 906/2630/2553 1780/2629/2552 907/2631/2554
f 1780/2632/2555 1781/2633/2556 907/2634/2557
f 907/2634/2557 1781/2633/2556 908/2635/2558
f 1782/2636/2559 1783/2637/2560 886/2638/2561
f 886/2638/2561 1783/2637/2560 887/2639/2562
f 1783/2640/2563 1784/2641/2564 887/2642/2565
f 887/2642/2565 1784/2641/2564 888/2643/2566
f 1549/2644/1936 1785/2645/2567 828/2646/1935
f 828/2646/1935 1785/2645/2567 829/2647/2568
f 1785/2648/2569 1786/2649/2570 829/2650/2571
f 829/2650/2571 1786/2649/2570 830/2651/2572
f 1786/2652/2573 1542/2653/2574 830/2654/2575
f 830/2654/2575 1542/2653/2574 831/2655/2576
f 1552/2656/2577 1787/2657/2578 819/2658/2579
f 819/2658/2579 1787/2657/2578 820/2659/2580
f 1787/2660/2581 1550/2661/2582 820/2662/2583
f 820/2662/2583 1550/2661/2582 821/2663/2584
f 1560/2664/1960 1788/2665/2585 814/2666/1959
f 814/2666/1959 1788/2665/2585 815/2667/2586
f 1788/2668/2587 1789/2669/2588 815/2670/2589
f 815/2670/2589 1789/2669/2588 816/2671/2590
f 1789/2672/2591 1553/2673/2592 816/2674/2593
f 816/2674/2593 1553/2673/2592 817/2675/2594
f 1563/2676/2595 1790/2677/2596 805/2678/2597
f 805/2678/2597 1790/2677/2596 806/2679/2598
f 1790/2680/2599 1561/2681/2600 806/2682/2601
f 806/2682/2601 1561/2681/2600 807/2683/2602
f 1566/2684/2603 1791/2685/2604 801/2686/2605
f 801/2686/2605 1791/2685/2604 802/2687/2606
f 1791/2688/2607 1564/2689/2608 802/2690/2609
f 802/2690/2609 1564/2689/2608 803/2691/2610
f 1569/2692/2611 1792/2693/2612 797/2694/2613
f 797/2694/2613 1792/2693/2612 798/2695/2614
f 1792/2696/2615 1567/2697/2616 798/2698/2617
f 798/2698/2617 1567/2697/2616 799/2699/2618
f 1572/2700/2619 1793/2701/2620 793/2702/2621
f 793/2702/2621 1793/2701/2620 794/2703/2622
f 1793/2704/2623 1570/2705/2624 794/2706/2625
f 794/2706/2625 1570/2705/2624 795/2707/2626
f 1575/2708/2627 1794/2709/2628 789/2710/2629
f 789/2710/2629 1794/2709/2628 790/2711/2630
f 1794/2712/2631 1573/2713/2632 790/2714/2633
f 790/2714/2633 1573/2713/2632 791/2715/2634
f 1578/2716/2635 1795/2717/2636 785/2718/2637
f 785/2718/2637 1795/2717/2636 786/2719/2638
f 1795/2720/2639 1576/2721/2640 786/2722/2641
f 786/2722/2641 1576/2721/2640 787/2723/2642
f 1581/2724/2643 1796/2725/2644 781/2726/2645
f 781/2726/2645 1796/2725/2644 782/2727/2646
f 1796/2728/2647 1579/2729/2648 782/2730/2649
f 782/2730/2649 1579/2729/2648 783/2731/2650
f 1584/2732/2651 1797/2733/2652 777/2734/2653
f 777/2734/2653 1797/2733/2652 778/2735/2654
f 1797/2736/2655 1582/2737/2656 778/2738/2657
f 778/2738/2657 1582/2737/2656 779/2739/2658
f 1587/2740/2659 1798/2741/2660 773/2742/2661
f 773/2742/2661 1798/2741/2660 774/2743/2662
f 1798/2744/2663 1585/2745/2664 774/2746/2665
f 774/2746/2665 1585/2745/2664 775/2747/2666
f 1590/2748/2667 1799/2749/2668 769/2750/2669
f 769/2750/2669 1799/2749/2668 770/2751/2670
f 1799/2752/2671 1588/2753/2672 770/2754/2673
f 770/2754/2673 1588/2753/2672 771/2755/2674
f 1593/2756/2675 1800/2757/2676 765/2758/2677
f 765/2758/2677 1800/2757/2676 766/2759/2678
f 1800/2760/2679 1591/2761/2680 766/2762/2681
f 766/2762/2681 1591/2761/2680 767/2763/2682
f 1596/2764/2683 1801/2765/2684 761/2766/2685
f 761/2766/2685 1801/2765/2684 762/2767/2686
f 1801/2768/2687 1594/2769/2688 762/2770/2689
f 762/2770/2689 1594/2769/2688 763/2771/2690
f 1599/2772/2691 1802/2773/2692 757/2774/2693
f 757/2774/2693 1802/2773/2692 758/2775/2694
f 1802/2776/2695 1597/2777/2696 758/2778/2697
f 758/2778/2697 1597/2777/2696 759/2779/2698
f 1602/2780/2699 1803/2781/2700 753/2782/2701
f 753/2782/2701 1803/2781/2700 754/2783/2702
f 1803/2784/2703 1600/2785/2704 754/2786/2705
f 754/2786/2705 1600/2785/2704 755/2787/2706
f 1605/2788/2707 1804/2789/2708 749/2790/2709
f 749/2790/2709 1804/2789/2708 750/2791/2710
f 1804/2792/2711 1603/2793/2712 750/2794/2713
f 750/2794/2713 1603/2793/2712 751/2795/2714
f 1608/2796/2715 1805/2797/2716 745/2798/2717
f 745/2798/2717 1805/2797/2716 746/2799/2718
f 1805/2800/2719 1606/2801/2720 746/2802/2721
f 746/2802/2721 1606/2801/2720 747/2803/2722
f 1611/2804/2723 1806/2805/2724 741/2806/2725
f 741/2806/2725 1806/2805/2724 742/2807/2726
f 1806/2808/2727 1609/2809/2728 742/2810/2729
f 742/2810/2729 1609/2809/2728 743/2811/2730
f 1614/2812/2731 1807/2813/2732 737/2814/2733
f 737/2814/2733 1807/2813/2732 738/2815/2734
f 1807/2816/2735 1612/2817/2736 738/2818/2737
f 738/2818/2737 1612/2817/2736 739/2819/2738
f 1617/2820/2739 1808/2821/2740 733/2822/2741
f 733/2822/2741 1808/2821/2740 734/2823/2742
f 1808/2824/2743 1615/2825/2744 734/2826/2745
f 734/2826/2745 1615/2825/2744 735/2827/2746
f 1620/2828/2747 1809/2829/2748 729/2830/2749
f 729/2830/2749 1809/2829/2748 730/2831/2750
f 1809/2832/2751 1618/2833/2752 730/2834/2753
f 730/2834/2753 1618/2833/2752 731/2835/2754
f 1623/2836/2755 1810/2837/2756 725/2838/2757
f 725/2838/2757 1810/2837/2756 726/2839/2758
f 1810/2840/2759 1621/2841/2760 726/2842/2761
f 726/2842/2761 1621/2841/2760 727/2843/2762
f 1626/2844/2763 1811/2845/2764 721/2846/2765
f 721/2846/2765 1811/2845/2764 722/2847/2766
f 1811/2848/2767 1624/2849/2768 722/2850/2769
f 722/2850/2769 1624/2849/2768 723/2851/2770
f 1629/2852/2771 1812/2853/2772 717/2854/2773
f 717/2854/2773 1812/2853/2772 718/2855/2774
f 1812/2856/2775 1627/2857/2776 718/2858/2777
f 718/2858/2777 1627/2857/2776 719/2859/2778
f 1632/2860/2779 1813/2861/2780 713/2862/2781
f 713/2862/2781 1813/2861/2780 714/2863/2782
f 1813/2864/2783 1630/2865/2784 714/2866/2785
f 714/2866/2785 1630/2865/2784 715/2867/2786
f 1635/2868/2787 1814/2869/2788 709/2870/2789
f 709/2870/2789 1814/2869/2788 710/2871/2790
f 1814/2872/2791 1633/2873/2792 710/2874/2793
f 710/2874/2793 1633/2873/2792 711/2875/2794
f 1638/2876/2795 1815/2877/2796 705/2878/2797
f 705/2878/2797 1815/2877/2796 706/2879/2798
f 1815/2880/2799 1636/2881/2800 706/2882/2801
f 706/2882/2801 1636/2881/2800 707/2883/2802
f 1641/2884/2803 1816/2885/2804 701/2886/2805
f 701/2886/2805 1816/2885/2804 702/2887/2806
f 1816/2888/2807 1639/2889/2808 702/2890/2809
f 702/2890/2809 1639/2889/2808 703/2891/2810
f 1644/2892/2811 1817/2893/2812 697/2894/2813
f 697/2894/2813 1817/2893/2812 698/2895/2814
f 1817/2896/2815 1642/2897/2816 698/2898/2817
f 698/2898/2817 1642/2897/2816 699/2899/2818
f 1647/2900/2819 1818/2901/2820 693/2902/2821
f 693/2902/2821 1818/2901/2820 694/2903/2822
f 1818/2904/2823 1645/2905/2824 694/2906/2825
f 694/2906/2825 1645/2905/2824 695/2907/2826
f 1650/2908/2827 1819/2909/2828 689/2910/2829
f 689/2910/2829 1819/2909/2828 690/2911/2830
f 1819/2912/2831 1648/2913/2832 690/2914/2833
f 690/2914/2833 1648/2913/2832 691/2915/2834
f 1653/2916/2835 1820/2917/2836 685/2918/2837
f 685/2918/2837 1820/2917/2836 686/2919/2838
f 1820/2920/2839 1651/2921/2840 686/2922/2841
f 686/2922/2841 1651/2921/2840 687/2923/2842
f 1656/2924/2843 1821/2925/2844 681/2926/2845
f 681/2926/2845 1821/2925/2844 682/2927/2846
f 1821/2928/2847 1654/2929/2848 682/2930/2849
f 682/2930/2849 1654/2929/2848 683/2931/2850
f 1659/2932/2851 1822/2933/2852 677/2934/2853
f 677/2934/2853 1822/2933/2852 678/2935/2854
f 1822/2936/2855 1657/2937/2856 678/2938/2857
f 678/2938/2857 1657/2937/2856 679/2939/2858
f 1662/2940/2859 1823/2941/2860 673/2942/2861
f 673/2942/2861 1823/2941/2860 674/2943/2862
f 1823/2944/2863 1660/2945/2864 674/2946/2865
f 674/2946/2865 1660/2945/2864 675/2947/2866
f 1665/2948/2867 1824/2949/2868 669/2950/2869
f 669/2950/2869 1824/2949/2868 670/2951/2870
f 1824/2952/2871 1663/2953/2872 670/2954/2873
f 670/2954/2873 1663/2953/2872 671/2955/2874
f 1668/2956/2875 1825/2957/2876 665/2958/2877
f 665/2958/2877 1825/2957/2876 666/2959/2878
f 1825/2960/2879 1666/2961/2880 666/2962/2881
f 666/2962/2881 1666/2961/2880 667/2963/2882
f 1671/2964/2883 1826/2965/2884 661/2966/2885
f 661/2966/2885 1826/2965/2884 662/2967/2886
f 1826/2968/2887 1669/2969/2888 662/2970/2889
f 662/2970/2889 1669/2969/2888 663/2971/2890
f 1674/2972/2891 1827/2973/2892 657/2974/2893
f 657/2974/2893 1827/2973/2892 658/2975/2894
f 1827/2976/2895 1672/2977/2896 658/2978/2897
f 658/2978/2897 1672/2977/2896 659/2979/2898
f 1677/2980/2899 1828/2981/2900 653/2982/2901
f 653/2982/2901 1828/2981/2900 654/2983/2902
f 1828/2984/2903 1675/2985/2904 654/2986/2905
f 654/2986/2905 1675/2985/2904 655/2987/2906
f 1680/2988/2907 1829/2989/2908 649/2990/2909
f 649/2990/2909 1829/2989/2908 650/2991/2910
f 1829/2992/2911 1678/2993/2912 650/2994/2913
f 650/2994/2913 1678/2993/2912 651/2995/2914
f 1683/2996/2915 1830/2997/2916 645/2998/2917
f 645/2998/2917 1830/2997/2916 646/2999/2918
f 1830/3000/2919 1681/3001/2920 646/3002/2921
f 646/3002/2921 1681/3001/2920 647/3003/2922
f 1686/3004/2923 1831/3005/2924 641/3006/2925
f 641/3006/2925 1831/3005/2924 642/3007/2926
f 1831/3008/2927 1684/3009/2928 642/3010/2929
f 642/3010/2929 1684/3009/2928 643/3011/2930
f 1689/3012/2931 1832/3013/2932 637/3014/2933
f 637/3014/2933 1832/3013/2932 638/3015/2934
f 1832/3016/2935 1687/3017/2936 638/3018/2937
f 638/3018/2937 1687/3017/2936 639/3019/2938
f 1692/3020/2939 1833/3021/2940 633/3022/2941
f 633/3022/2941 1833/3021/2940 634/3023/2942
f 1833/3024/2943 1690/3025/2944 634/3026/2945
f 634/3026/2945 1690/3025/2944 635/3027/2946
f 1695/3028/2947 1834/3029/2948 629/3030/2949
f 629/3030/2949 1834/3029/2948 630/3031/2950
f 1834/3032/2951 1693/3033/2952 630/3034/2953
f 630/3034/2953 1693/3033/2952 631/3035/2954
f 1698/3036/2955 1835/3037/2956 625/3038/2957
f 625/3038/2957 1835/3037/2956 626/3039/2958
f 1835/3040/2959 1696/3041/2960 626/3042/2961
f 626/3042/2961 1696/3041/2960 627/3043/2962
f 1701/3044/2963 1836/3045/2964 621/3046/2965
f 621/3046/2965 1836/3045/2964 622/3047/2966
f 1836/3048/2967 1699/3049/2968 622/3050/2969
f 622/3050/2969 1699/3049/2968 623/3051/2970
f 1704/3052/2971 1837/3053/2972 617/3054/2973
f 617/3054/2973 1837/3053/2972 618/3055/2974
f 1837/3056/2975 1702/3057/2976 618/3058/2977
f 618/3058/2977 1702/3057/2976 619/3059/2978
f 1707/3060/2979 1838/3061/2980 613/3062/2981
f 613/3062/2981 1838/3061/2980 614/3063/2982
f 1838/3064/2983 1705/3065/2984 614/3066/2985
f 614/3066/2985 1705/3065/2984 615/3067/2986
f 1710/3068/2987 1839/3069/2988 609/3070/2989
f 609/3070/2989 1839/3069/2988 610/3071/2990
f 1839/3072/2991 1708/3073/2992 610/3074/2993
f 610/3074/2993 1708/3073/2992 611/3075/2994
f 1713/3076/2995 1840/3077/2996 605/3078/2997
f 605/3078/2997 1840/3077/2996 606/3079/2998
f 1840/3080/2999 1711/3081/3000 606/3082/3001
f 606/3082/3001 1711/3081/3000 607/3083/3002
f 1716/3084/3003 1841/3085/3004 601/3086/3005
f 601/3086/3005 1841/3085/3004 602/3087/3006
f 1841/3088/3007 1714/3089/3008 602/3090/3009
f 602/3090/3009 1714/3089/3008 603/3091/3010
f 1719/3092/3011 1842/3093/3012 597/3094/3013
f 597/3094/3013 1842/3093/3012 598/3095/3014
f 1842/3096/3015 1717/3097/3016 598/3098/3017
f 598/3098/3017 1717/3097/3016 599/3099/3018
f 1722/3100/3019 1843/3101/3020 593/3102/3021
f 593/3102/3021 1843/3101/3020 594/3103/3022
f 1843/3104/3023 1720/3105/3024 594/3106/3025
f 594/3106/3025 1720/3105/3024 595/3107/3026
f 1725/3108/3027 1844/3109/3028 589/3110/3029
f 589/3110/3029 1844/3109/3028 590/3111/3030
f 1844/3112/3031 1723/3113/3032 590/3114/3033
f 590/3114/3033 1723/3113/3032 591/3115/3034
f 1728/3116/3035 1845/3117/3036 585/3118/3037
f 585/3118/3037 1845/3117/3036 586/3119/3038
f 1845/3120/3039 1726/3121/3040 586/3122/3041
f 586/3122/3041 1726/3121/3040 587/3123/3042
f 1731/3124/3043 1846/3125/3044 581/3126/3045
f 581/3126/3045 1846/3125/3044 582/3127/3046
f 1846/3128/3047 1729/3129/3048 582/3130/3049
f 582/3130/3049 1729/3129/3048 583/3131/3050
f 888/3132/2566 1784/3133/2564 889/3134/3051
f 889/3134/3051 1784/3133/2564 1847/3135/3052
f 889/3134/3051 1847/3135/3052 890/3136/3053
f 890/3136/3053 1847/3135/3052 1848/3137/3054
f 890/3136/3053 1848/3137/3054 891/3138/3055
f 891/3138/3055 1848/3137/3054 1849/3139/3056
f 891/3138/3055 1849/3139/3056 892/3140/3057
f 892/3140/3057 1849/3139/3056 1850/3141/3058
f 892/3140/3057 1850/3141/3058 893/3142/3059
f 893/3142/3059 1850/3141/3058 1851/3143/3060
f 893/3142/3059 1851/3143/3060 894/3144/3061
f 894/3144/3061 1851/3143/3060 1852/3145/3062
f 1852/3146/3063 1853/3147/3064 894/3148/3065
f 894/3148/3065 1853/3147/3064 895/3149/3066
f 1853/3150/3067 1854/3151/3068 895/3152/3069
f 895/3152/3069 1854/3151/3068 896/3153/3070
f 1855/3154/3071 1856/3155/3072 882/3156/3073
f 882/3156/3073 1856/3155/3072 883/3157/3074
f 1856/3158/3075 1857/3159/3076 883/3160/3077
f 883/3160/3077 1857/3159/3076 884/3161/3078
f 1857/3162/3079 1858/3163/3080 884/3164/3081
f 884/3164/3081 1858/3163/3080 885/3165/3082
f 1859/3166/3083 1860/3167/3084 878/3168/3085
f 878/3168/3085 1860/3167/3084 879/3169/3086
f 1860/3170/3087 1861/3171/3088 879/3172/3089
f 879/3172/3089 1861/3171/3088 880/3173/3090
f 1861/3174/3091 1862/3175/3092 880/3176/3093
f 880/3176/3093 1862/3175/3092 881/3177/3094
f 1863/3178/3095 1864/3179/3096 874/3180/3097
f 874/3180/3097 1864/3179/3096 875/3181/3098
f 1864/3182/3099 1865/3183/3100 875/3184/3101
f 875/3184/3101 1865/3183/3100 876/3185/3102
f 1865/3186/3103 1866/3187/3104 876/3188/3105
f 876/3188/3105 1866/3187/3104 877/3189/3106
f 1867/3190/3107 1868/3191/3108 870/3192/3109
f 870/3192/3109 1868/3191/3108 871/3193/3110
f 1868/3194/3111 1869/3195/3112 871/3196/3113
f 871/3196/3113 1869/3195/3112 872/3197/3114
f 1869/3198/3115 1870/3199/3116 872/3200/3117
f 872/3200/3117 1870/3199/3116 873/3201/3118
f 1871/3202/3119 1872/3203/3120 866/3204/3121
f 866/3204/3121 1872/3203/3120 867/3205/3122
f 1872/3206/3123 1873/3207/3124 867/3208/3125
f 867/3208/3125 1873/3207/3124 868/3209/3126
f 1873/3210/3127 1874/3211/3128 868/3212/3129
f 868/3212/3129 1874/3211/3128 869/3213/3130
f 1875/3214/3131 1876/3215/3132 862/3216/3133
f 862/3216/3133 1876/3215/3132 863/3217/3134
f 1876/3218/3135 1877/3219/3136 863/3220/3137
f 863/3220/3137 1877/3219/3136 864/3221/3138
f 1877/3222/3139 1878/3223/3140 864/3224/3141
f 864/3224/3141 1878/3223/3140 865/3225/3142
f 1879/3226/3143 1880/3227/3144 858/3228/3145
f 858/3228/3145 1880/3227/3144 859/3229/3146
f 1880/3230/3147 1881/3231/3148 859/3232/3149
f 859/3232/3149 1881/3231/3148 860/3233/3150
f 1881/3234/3151 1882/3235/3152 860/3236/3153
f 860/3236/3153 1882/3235/3152 861/3237/3154
f 1883/3238/3155 1884/3239/3156 854/3240/3157
f 854/3240/3157 1884/3239/3156 855/3241/3158
f 1884/3242/3159 1885/3243/3160 855/3244/3161
f 855/3244/3161 1885/3243/3160 856/3245/3162
f 1885/3246/3163 1886/3247/3164 856/3248/3165
f 856/3248/3165 1886/3247/3164 857/3249/3166
f 1887/3250/3167 1888/3251/3168 836/3252/3169
f 836/3252/3169 1888/3251/3168 837/3253/3170
f 1889/3254/3171 1890/3255/3172 832/3256/3173
f 832/3256/3173 1890/3255/3172 833/3257/3174
f 1890/3258/3175 1891/3259/3176 833/3260/3177
f 833/3260/3177 1891/3259/3176 834/3261/3178
f 1891/3262/3179 1892/3263/3180 834/3264/3181
f 834/3264/3181 1892/3263/3180 835/3265/3182
f 1893/3266/3183 1894/3267/3184 342/3268/3185
f 342/3268/3185 1894/3267/3184 343/3269/3186
f 1894/3270/3187 1895/3271/3188 343/3272/3189
f 343/3272/3189 1895/3271/3188 344/3273/3190
f 1895/3274/3191 1896/3275/3192 344/3276/3193
f 344/3276/3193 1896/3275/3192 345/3277/3194
f 1897/3278/3195 1732/3279/3196 961/3280/3197
f 961/3280/3197 1732/3279/3196 962/3281/3198
f 886/3282/3199 904/3283/3200 1782/3284/3201
f 1782/3284/3201 904/3283/3200 1898/3285/3202
f 905/3286/3203 908/3287/3204 1778/3288/3205
f 1778/3288/3205 908/3287/3204 1781/3289/3206
f 909/3290/3207 912/3291/3208 1774/3292/3209
f 1774/3292/3209 912/3291/3208 1777/3293/3210
f 913/3294/3211 916/3295/3212 1770/3296/3213
f 1770/3296/3213 916/3295/3212 1773/3297/3214
f 1765/3298/3215 1899/3299/3216 931/3300/3217
f 931/3300/3217 1899/3299/3216 932/3301/3218
f 917/3302/3219 920/3303/3220 1766/3304/3221
f 1766/3304/3221 920/3303/3220 1769/3305/3222
f 1887/3306/3223 836/3307/3224 1901/3308/3225
f 1901/3308/3225 836/3307/3224 853/3309/3226
f 1901/3308/3225 853/3309/3226 1900/3310/3227
f 854/3311/3228 857/3312/3229 1883/3313/3230
f 1883/3313/3230 857/3312/3229 1886/3314/3231
f 858/3315/3232 861/3316/3233 1879/3317/3234
f 1879/3317/3234 861/3316/3233 1882/3318/3235
f 862/3319/3236 865/3320/3237 1875/3321/3238
f 1875/3321/3238 865/3320/3237 1878/3322/3239
f 866/3323/3240 869/3324/3241 1871/3325/3242
f 1871/3325/3242 869/3324/3241 1874/3326/3243
f 870/3327/3244 873/3328/3245 1867/3329/3246
f 1867/3329/3246 873/3328/3245 1870/3330/3247
f 874/3331/3248 877/3332/3249 1863/3333/3250
f 1863/3333/3250 877/3332/3249 1866/3334/3251
f 878/3335/3252 881/3336/3253 1859/3337/3254
f 1859/3337/3254 881/3336/3253 1862/3338/3255
f 1854/3339/3256 1902/3340/3257 896/3341/3258
f 896/3341/3258 1902/3340/3257 897/3342/3259
f 882/3343/3260 885/3344/3261 1855/3345/3262
f 1855/3345/3262 885/3344/3261 1858/3346/3263
f 342/3347/3264 345/3348/3265 1893/3349/3266
f 1893/3349/3266 345/3348/3265 1896/3350/3267
f 1888/3351/3268 1903/3352/3269 837/3353/3270
f 837/3353/3270 1903/3352/3269 838/3354/3271
f 838/3354/3271 1903/3352/3269 1904/3355/3272
f 832/3356/3273 835/3357/3274 1889/3358/3275
f 1889/3358/3275 835/3357/3274 1892/3359/3276
f 921/3360/3277 939/3361/3278 1755/3362/3279
f 1755/3362/3279 939/3361/3278 1905/3363/3280
f 940/3364/3281 943/3365/3282 1751/3366/3283
f 1751/3366/3283 943/3365/3282 1754/3367/3284
f 944/3368/3285 947/3369/3286 1747/3370/3287
f 1747/3370/3287 947/3369/3286 1750/3371/3288
f 948/3372/3289 951/3373/3290 1743/3374/3291
f 1743/3374/3291 951/3373/3290 1746/3375/3292
f 952/3376/3293 955/3377/3294 1739/3378/3295
f 1739/3378/3295 955/3377/3294 1742/3379/3296
f 1734/3380/3297 1897/3381/3298 960/3382/3299
f 960/3382/3299 1897/3381/3298 961/3383/3300
f 956/3384/3301 959/3385/3302 1735/3386/3303
f 1735/3386/3303 959/3385/3302 1738/3387/3304
f 1898/3388/3202 904/3389/3200 1911/3390/3305
f 1911/3390/3305 904/3389/3200 903/3391/3306
f 1911/3390/3305 903/3391/3306 1910/3392/3307
f 1910/3392/3307 903/3391/3306 902/3393/3308
f 1910/3392/3307 902/3393/3308 1909/3394/3309
f 1909/3394/3309 902/3393/3308 901/3395/3310
f 1909/3394/3309 901/3395/3310 1908/3396/3311
f 1908/3396/3311 901/3395/3310 900/3397/3312
f 1908/3396/3311 900/3397/3312 1907/3398/3313
f 1907/3398/3313 900/3397/3312 899/3399/3314
f 1907/3398/3313 899/3399/3314 1906/3400/3315
f 1906/3400/3315 899/3399/3314 898/3401/3316
f 1906/3400/3315 898/3401/3316 1902/3402/3257
f 1902/3402/3257 898/3401/3316 897/3403/3259
f 1905/3404/3280 939/3405/3278 1917/3406/3317
f 1917/3406/3317 939/3405/3278 938/3407/3318
f 1917/3406/3317 938/3407/3318 1916/3408/3319
f 1916/3408/3319 938/3407/3318 937/3409/3320
f 1916/3408/3319 937/3409/3320 1915/3410/3321
f 1915/3410/3321 937/3409/3320 936/3411/3322
f 1915/3410/3321 936/3411/3322 1914/3412/3323
f 1914/3412/3323 936/3411/3322 935/3413/3324
f 1914/3412/3323 935/3413/3324 1913/3414/3325
f 1913/3414/3325 935/3413/3324 934/3415/3326
f 1913/3414/3325 934/3415/3326 1912/3416/3327
f 1912/3416/3327 934/3415/3326 933/3417/3328
f 1912/3416/3327 933/3417/3328 1899/3418/3216
f 1899/3418/3216 933/3417/3328 932/3419/3218
f 1919/3420/3329 1920/3421/3330 1918/3422/3331
f 1918/3422/3331 1920/3421/3330 1922/3423/3332
f 1918/3422/3331 1922/3423/3332 1923/3424/3333
f 1920/3421/3330 1921/3425/3334 1922/3423/3332
f 1922/3423/3332 1921/3425/3334 1900/3426/3335
f 1900/3426/3335 1921/3425/3334 1904/3427/3336
f 1900/3426/3335 1904/3427/3336 1901/3428/3337
f 1901/3428/3337 1904/3427/3336 1903/3429/3338
f 1923/3424/3333 1924/3430/3339 1918/3422/3331
f 1918/3422/3331 1924/3430/3339 1933/3431/3340
f 1933/3431/3340 1924/3430/3339 1925/3432/3341
f 1933/3431/3340 1925/3432/3341 1928/3433/3342
f 1928/3433/3342 1925/3432/3341 1926/3434/3343
f 1928/3433/3342 1926/3434/3343 1927/3435/3344
f 1928/3433/3342 1929/3436/3345 1933/3431/3340
f 1933/3431/3340 1929/3436/3345 1932/3437/3346
f 1932/3437/3346 1929/3436/3345 1931/3438/3347
f 1931/3438/3347 1929/3436/3345 1930/3439/3348
f 1936/3440/3349 1932/3441/3350 844/3442/3351
f 844/3442/3351 1932/3441/3350 1931/3443/3352
f 844/3442/3351 1931/3443/3352 1930/3444/3353
f 1929/3445/3354 845/3446/3355 1930/3444/3353
f 1930/3444/3353 845/3446/3355 844/3442/3351
f 844/3442/3351 843/3447/3356 1936/3440/3349
f 1936/3440/3349 843/3447/3356 1935/3448/3357
f 1935/3448/3357 843/3447/3356 842/3449/3358
f 1935/3448/3357 842/3449/3358 1934/3450/3359
f 1934/3450/3359 842/3449/3358 841/3451/3360
f 1934/3450/3359 841/3451/3360 1919/3452/3361
f 1919/3452/3361 841/3451/3360 840/3453/3362
f 1919/3452/3361 840/3453/3362 1920/3454/3363
f 1920/3454/3363 840/3453/3362 839/3455/3364
f 1920/3454/3363 839/3455/3364 1921/3456/3365
f 1921/3456/3365 839/3455/3364 838/3457/3271
f 1921/3456/3365 838/3457/3271 1904/3458/3272
f 1929/3459/3354 1928/3460/3366 845/3461/3355
f 845/3461/3355 1928/3460/3366 846/3462/3367
f 846/3463/3367 1928/3464/3366 847/3465/3368
f 847/3465/3368 1928/3464/3366 1927/3466/3369
f 847/3465/3368 1927/3466/3369 848/3467/3370
f 848/3467/3370 1927/3466/3369 1926/3468/3371
f 848/3467/3370 1926/3468/3371 849/3469/3372
f 849/3469/3372 1926/3468/3371 1925/3470/3373
f 849/3469/3372 1925/3470/3373 850/3471/3374
f 850/3471/3374 1925/3470/3373 1924/3472/3375
f 850/3471/3374 1924/3472/3375 851/3473/3376
f 851/3473/3376 1924/3472/3375 1923/3474/3377
f 851/3473/3376 1923/3474/3377 852/3475/3378
f 852/3475/3378 1923/3474/3377 1922/3476/3379
f 852/3475/3378 1922/3476/3379 853/3477/3226
f 853/3477/3226 1922/3476/3379 1900/3478/3227
f 9/3479/13 8/3480/12 25/3481/3380
f 25/3481/3380 8/3480/12 94/3482/3381
f 25/3481/3380 94/3482/3381 95/3483/3382
f 25/3481/3380 95/3483/3382 1938/3484/3383
f 1938/3484/3383 95/3483/3382 96/3485/3384
f 1938/3484/3383 96/3485/3384 1937/3486/3385
f 1937/3486/3385 96/3485/3384 97/3487/3386
f 1937/3486/3385 97/3487/3386 28/3488/3387
f 28/3488/3387 97/3487/3386 38/3489/47
f 28/3488/3387 38/3489/47 29/3490/49
f 1947/3491/3388 1335/3492/3389 1946/3493/3390
f 1946/3493/3390 1335/3492/3389 1334/3494/3391
f 1946/3493/3390 1334/3494/3391 1945/3495/3392
f 1945/3495/3392 1334/3494/3391 1333/3496/3393
f 1945/3495/3392 1333/3496/3393 1944/3497/3394
f 1944/3497/3394 1333/3496/3393 1332/3498/3395
f 1944/3497/3394 1332/3498/3395 1943/3499/3396
f 1943/3499/3396 1332/3498/3395 1331/3500/3397
f 1943/3499/3396 1331/3500/3397 1942/3501/3398
f 1942/3501/3398 1331/3500/3397 1330/3502/3399
f 1942/3501/3398 1330/3502/3399 1941/3503/3400
f 1941/3503/3400 1330/3502/3399 1329/3504/3401
f 1941/3503/3400 1329/3504/3401 1940/3505/3402
f 1940/3505/3402 1329/3504/3401 1328/3506/3403
f 1940/3505/3402 1328/3506/3403 1939/3507/3404
f 1939/3507/3404 1328/3506/3403 1327/3508/3405
f 1327/3509/3405 1326/3510/3406 1939/3511/3404
f 1939/3511/3404 1326/3510/3406 1948/3512/3407
f 1326/3513/3408 1325/3514/3409 1948/3515/3410
f 1948/3515/3410 1325/3514/3409 1949/3516/3411
f 1322/3517/3412 1321/3518/3413 1951/3519/3414
f 1951/3519/3414 1321/3518/3413 1950/3520/3415
f 1950/3521/3416 1321/3522/3417 1932/3523/3418
f 1932/3523/3418 1321/3522/3417 1320/3524/3419
f 1932/3523/3418 1320/3524/3419 1933/3525/3420
f 1320/3526/3421 1319/3527/3422 1933/3528/3423
f 1933/3528/3423 1319/3527/3422 1918/3529/3424
f 1918/3530/3425 1319/3531/3426 1919/3532/3427
f 1919/3532/3427 1319/3531/3426 1318/3533/3428
f 1919/3532/3427 1318/3533/3428 1952/3534/3429
f 1318/3535/3430 1317/3536/3431 1952/3537/3432
f 1952/3537/3432 1317/3536/3431 1953/3538/3433
f 1503/3539/3434 1438/3540/3435 1504/3541/3436
f 1504/3541/3436 1438/3540/3435 1437/3542/3437
f 1324/3543/3438 1901/3544/3439 1325/3545/3440
f 1325/3545/3440 1901/3544/3439 1903/3546/3441
f 1325/3545/3440 1903/3546/3441 1949/3547/3442
f 1324/3543/3438 1954/3548/3443 1901/3544/3439
f 1324/3549/3444 1348/3550/3445 1954/3551/3446
f 1954/3551/3446 1348/3550/3445 1955/3552/3447
f 1955/3552/3447 1348/3553/3445 1967/3554/3448
f 1967/3554/3448 1348/3553/3445 1347/3555/3449
f 1967/3554/3448 1347/3555/3449 1966/3556/3450
f 1966/3556/3450 1347/3555/3449 1346/3557/3451
f 1966/3556/3450 1346/3557/3451 1965/3558/3452
f 1965/3558/3452 1346/3557/3451 1345/3559/3453
f 1965/3558/3452 1345/3559/3453 1964/3560/3454
f 1964/3560/3454 1345/3559/3453 1344/3561/3455
f 1964/3560/3454 1344/3561/3455 1963/3562/3456
f 1963/3562/3456 1344/3561/3455 1343/3563/3457
f 1963/3562/3456 1343/3563/3457 1962/3564/3458
f 1962/3564/3458 1343/3563/3457 1342/3565/3459
f 1962/3564/3458 1342/3565/3459 1961/3566/3460
f 1961/3566/3460 1342/3565/3459 1341/3567/3461
f 1961/3566/3460 1341/3567/3461 1960/3568/3462
f 1960/3568/3462 1341/3567/3461 1340/3569/3463
f 1960/3568/3462 1340/3569/3463 1959/3570/3464
f 1959/3570/3464 1340/3569/3463 1339/3571/3465
f 1959/3570/3464 1339/3571/3465 1958/3572/3466
f 1958/3572/3466 1339/3571/3465 1338/3573/3467
f 1958/3572/3466 1338/3573/3467 1957/3574/3468
f 1957/3574/3468 1338/3573/3467 1337/3575/3469
f 1957/3574/3468 1337/3575/3469 1956/3576/3470
f 1956/3576/3470 1337/3575/3469 1336/3577/3471
f 1336/3578/3471 1335/3579/3389 1956/3580/3470
f 1956/3580/3470 1335/3579/3389 1947/3581/3388
f 1317/3582/3472 1323/3583/3473 1953/3584/3474
f 1953/3584/3474 1323/3583/3473 1968/3585/3475
f 69/3586/3476 68/3587/3477 1503/3588/3478
f 1503/3588/3478 68/3587/3477 1439/3589/3479
f 1503/3588/3478 1439/3589/3479 1438/3590/3480
f 1932/3591/3481 1936/3592/3482 1950/3593/3483
f 1950/3593/3483 1936/3592/3482 1951/3594/3484
f 1951/3594/3484 1936/3592/3482 1935/3595/3485
f 1951/3594/3484 1935/3595/3485 1968/3596/3486
f 1968/3596/3486 1935/3595/3485 1953/3597/3487
f 1953/3597/3487 1935/3595/3485 1934/3598/3488
f 1953/3597/3487 1934/3598/3488 1952/3599/3489
f 1952/3599/3489 1934/3598/3488 1919/3600/3490
f 67/3601/3491 1482/3602/3492 68/3603/3493
f 68/3603/3493 1482/3602/3492 1439/3604/3494
f 1439/3604/3494 1482/3602/3492 1481/3605/3495
f 1439/3604/3494 1481/3605/3495 1440/3606/3496
f 1951/3607/3497 1968/3608/3498 1322/3609/3499
f 1322/3609/3499 1968/3608/3498 1323/3610/3500
f 1440/3611/3501 1481/3612/3502 1441/3613/3503
f 1441/3613/3503 1481/3612/3502 1490/3614/3504
f 1441/3613/3503 1490/3614/3504 1442/3615/3505
f 1442/3615/3505 1490/3614/3504 1489/3616/3506
f 1442/3615/3505 1489/3616/3506 1443/3617/3507
f 1443/3617/3507 1489/3616/3506 1488/3618/3508
f 1443/3617/3507 1488/3618/3508 1444/3619/3509
f 1444/3619/3509 1488/3618/3508 1487/3620/3510
f 1444/3619/3509 1487/3620/3510 1445/3621/3511
f 1445/3621/3511 1487/3620/3510 1486/3622/3512
f 1445/3621/3511 1486/3622/3512 1446/3623/3513
f 1446/3623/3513 1486/3622/3512 1485/3624/3514
f 1446/3623/3513 1485/3624/3514 1447/3625/3515
f 1447/3625/3515 1485/3624/3514 1484/3626/3516
f 1447/3625/3515 1484/3626/3516 1448/3627/3517
f 1448/3627/3517 1484/3626/3516 1483/3628/3518
f 1738/3629/3519 1948/3630/3520 1735/3631/3521
f 1735/3631/3521 1948/3630/3520 1734/3632/3522
f 1735/3631/3521 1734/3632/3522 1736/3633/3523
f 1736/3633/3523 1734/3632/3522 1733/3634/3524
f 1736/3633/3523 1733/3634/3524 1665/3635/3525
f 1665/3635/3525 1733/3634/3524 1679/3636/3526
f 1665/3635/3525 1679/3636/3526 1824/3637/3527
f 1824/3637/3527 1679/3636/3526 1678/3638/3528
f 1824/3637/3527 1678/3638/3528 1581/3639/3529
f 1581/3639/3529 1678/3638/3528 1673/3640/3530
f 1581/3639/3529 1673/3640/3530 1796/3641/3531
f 1796/3641/3531 1673/3640/3530 1672/3642/3532
f 1796/3641/3531 1672/3642/3532 1821/3643/3533
f 1821/3643/3533 1672/3642/3532 1731/3644/3534
f 1821/3643/3533 1731/3644/3534 1654/3645/3535
f 1654/3645/3535 1731/3644/3534 1730/3646/3536
f 1654/3645/3535 1730/3646/3536 1719/3647/3537
f 1719/3647/3537 1730/3646/3536 1607/3648/3538
f 1719/3647/3537 1607/3648/3538 1842/3649/3539
f 1842/3649/3539 1607/3648/3538 1606/3650/3540
f 1842/3649/3539 1606/3650/3540 1722/3651/3541
f 1722/3651/3541 1606/3650/3540 1589/3652/3542
f 1722/3651/3541 1589/3652/3542 1843/3653/3543
f 1843/3653/3543 1589/3652/3542 1588/3654/3544
f 1843/3653/3543 1588/3654/3544 1844/3655/3545
f 1844/3655/3545 1588/3654/3544 1644/3656/3546
f 1844/3655/3545 1644/3656/3546 1723/3657/3547
f 1723/3657/3547 1644/3656/3546 1643/3658/3548
f 1723/3657/3547 1643/3658/3548 1873/3659/3549
f 1873/3659/3549 1643/3658/3548 1876/3660/3550
f 1873/3659/3549 1876/3660/3550 1874/3661/3551
f 1874/3661/3551 1876/3660/3550 1875/3662/3552
f 1874/3661/3551 1875/3662/3552 1954/3663/3553
f 1954/3663/3553 1875/3662/3552 1878/3664/3554
f 1954/3663/3553 1878/3664/3554 1879/3665/3555
f 1879/3665/3555 1878/3664/3554 1880/3666/3556
f 1880/3666/3556 1878/3664/3554 1877/3667/3557
f 1880/3666/3556 1877/3667/3557 1703/3668/3558
f 1703/3668/3558 1877/3667/3557 1642/3669/3559
f 1703/3668/3558 1642/3669/3559 1704/3670/3560
f 1704/3670/3560 1642/3669/3559 1817/3671/3561
f 1704/3670/3560 1817/3671/3561 1609/3672/3562
f 1609/3672/3562 1817/3671/3561 1799/3673/3563
f 1609/3672/3562 1799/3673/3563 1610/3674/3564
f 1610/3674/3564 1799/3673/3563 1590/3675/3565
f 1610/3674/3564 1590/3675/3565 1693/3676/3566
f 1693/3676/3566 1590/3675/3565 1805/3677/3567
f 1693/3676/3566 1805/3677/3567 1694/3678/3568
f 1694/3678/3568 1805/3677/3567 1608/3679/3569
f 1694/3678/3568 1608/3679/3569 1706/3680/3570
f 1706/3680/3570 1608/3679/3569 1729/3681/3571
f 1706/3680/3570 1729/3681/3571 1707/3682/3572
f 1707/3682/3572 1729/3681/3571 1846/3683/3573
f 1707/3682/3572 1846/3683/3573 1684/3684/3574
f 1684/3684/3574 1846/3683/3573 1827/3685/3575
f 1684/3684/3574 1827/3685/3575 1685/3686/3576
f 1685/3686/3576 1827/3685/3575 1674/3687/3577
f 1685/3686/3576 1674/3687/3577 1633/3688/3578
f 1633/3688/3578 1674/3687/3577 1829/3689/3579
f 1633/3688/3578 1829/3689/3579 1634/3690/3580
f 1634/3690/3580 1829/3689/3579 1680/3691/3581
f 1634/3690/3580 1680/3691/3581 1895/3692/3582
f 1895/3692/3582 1680/3691/3581 1732/3693/3583
f 1895/3692/3582 1732/3693/3583 1896/3694/3584
f 1896/3694/3584 1732/3693/3583 1897/3695/3585
f 1896/3694/3584 1897/3695/3585 1948/3630/3520
f 1948/3630/3520 1897/3695/3585 1734/3632/3522
f 1737/3696/3586 1740/3697/3587 1738/3629/3519
f 1738/3629/3519 1740/3697/3587 1739/3698/3588
f 1738/3629/3519 1739/3698/3588 1948/3630/3520
f 1948/3630/3520 1739/3698/3588 1742/3699/3589
f 1948/3630/3520 1742/3699/3589 1939/3700/3590
f 1939/3700/3590 1742/3699/3589 1743/3701/3591
f 1939/3700/3590 1743/3701/3591 1746/3702/3592
f 1736/3633/3523 1664/3703/3593 1737/3696/3586
f 1737/3696/3586 1664/3703/3593 1632/3704/3594
f 1737/3696/3586 1632/3704/3594 1740/3697/3587
f 1740/3697/3587 1632/3704/3594 1631/3705/3595
f 1740/3697/3587 1631/3705/3595 1741/3706/3596
f 1741/3706/3596 1631/3705/3595 1641/3707/3597
f 1741/3706/3596 1641/3707/3597 1744/3708/3598
f 1744/3708/3598 1641/3707/3597 1640/3709/3599
f 1744/3708/3598 1640/3709/3599 1745/3710/3600
f 1745/3710/3600 1640/3709/3599 1602/3711/3601
f 1745/3710/3600 1602/3711/3601 1748/3712/3602
f 1748/3712/3602 1602/3711/3601 1601/3713/3603
f 1748/3712/3602 1601/3713/3603 1749/3714/3604
f 1749/3714/3604 1601/3713/3603 1662/3715/3605
f 1749/3714/3604 1662/3715/3605 1752/3716/3606
f 1752/3716/3606 1662/3715/3605 1661/3717/3607
f 1752/3716/3606 1661/3717/3607 1753/3718/3608
f 1753/3718/3608 1661/3717/3607 1563/3719/3609
f 1753/3718/3608 1563/3719/3609 1756/3720/3610
f 1756/3720/3610 1563/3719/3609 1562/3721/3611
f 1756/3720/3610 1562/3721/3611 1757/3722/3612
f 1757/3722/3612 1562/3721/3611 1788/3723/3613
f 1757/3722/3612 1788/3723/3613 1560/3724/3614
f 1743/3701/3591 1742/3699/3589 1744/3708/3598
f 1744/3708/3598 1742/3699/3589 1741/3706/3596
f 1745/3710/3600 1748/3712/3602 1746/3702/3592
f 1746/3702/3592 1748/3712/3602 1747/3725/3615
f 1746/3702/3592 1747/3725/3615 1939/3700/3590
f 1939/3700/3590 1747/3725/3615 1750/3726/3616
f 1939/3700/3590 1750/3726/3616 1751/3727/3617
f 1751/3727/3617 1750/3726/3616 1752/3716/3606
f 1752/3716/3606 1750/3726/3616 1749/3714/3604
f 1751/3727/3617 1754/3728/3618 1939/3700/3590
f 1939/3700/3590 1754/3728/3618 1755/3729/3619
f 1939/3700/3590 1755/3729/3619 1905/3730/3620
f 1755/3729/3619 1754/3728/3618 1756/3720/3610
f 1756/3720/3610 1754/3728/3618 1753/3718/3608
f 1905/3730/3620 1917/3731/3621 1939/3700/3590
f 1939/3700/3590 1917/3731/3621 1916/3732/3622
f 1939/3700/3590 1916/3732/3622 1940/3733/3623
f 1940/3733/3623 1916/3732/3622 1915/3734/3624
f 1940/3733/3623 1915/3734/3624 1941/3735/3625
f 1941/3735/3625 1915/3734/3624 1914/3736/3626
f 1941/3735/3625 1914/3736/3626 1942/3737/3627
f 1942/3737/3627 1914/3736/3626 1913/3738/3628
f 1942/3737/3627 1913/3738/3628 1943/3739/3629
f 1943/3739/3629 1913/3738/3628 1912/3740/3630
f 1943/3739/3629 1912/3740/3630 1944/3741/3631
f 1944/3741/3631 1912/3740/3630 1945/3742/3632
f 1945/3742/3632 1912/3740/3630 1899/3743/3633
f 1945/3742/3632 1899/3743/3633 1946/3744/3634
f 1946/3744/3634 1899/3743/3633 1947/3745/3635
f 1947/3745/3635 1899/3743/3633 1765/3746/3636
f 1947/3745/3635 1765/3746/3636 1766/3747/3637
f 1766/3747/3637 1765/3746/3636 1764/3748/3638
f 1766/3747/3637 1764/3748/3638 1767/3749/3639
f 1767/3749/3639 1764/3748/3638 1553/3750/3640
f 1767/3749/3639 1553/3750/3640 1667/3751/3641
f 1667/3751/3641 1553/3750/3640 1789/3752/3642
f 1667/3751/3641 1789/3752/3642 1668/3753/3643
f 1668/3753/3643 1789/3752/3642 1561/3754/3644
f 1668/3753/3643 1561/3754/3644 1646/3755/3645
f 1646/3755/3645 1561/3754/3644 1790/3756/3646
f 1646/3755/3645 1790/3756/3646 1647/3757/3647
f 1647/3757/3647 1790/3756/3646 1660/3758/3648
f 1647/3757/3647 1660/3758/3648 1697/3759/3649
f 1697/3759/3649 1660/3758/3648 1823/3760/3650
f 1697/3759/3649 1823/3760/3650 1698/3761/3651
f 1698/3761/3651 1823/3760/3650 1600/3762/3652
f 1698/3761/3651 1600/3762/3652 1583/3763/3653
f 1583/3763/3653 1600/3762/3652 1803/3764/3654
f 1583/3763/3653 1803/3764/3654 1584/3765/3655
f 1584/3765/3655 1803/3764/3654 1639/3766/3656
f 1584/3765/3655 1639/3766/3656 1658/3767/3657
f 1658/3767/3657 1639/3766/3656 1816/3768/3658
f 1658/3767/3657 1816/3768/3658 1659/3769/3659
f 1659/3769/3659 1816/3768/3658 1630/3770/3660
f 1659/3769/3659 1630/3770/3660 1682/3771/3661
f 1682/3771/3661 1630/3770/3660 1813/3772/3662
f 1682/3771/3661 1813/3772/3662 1683/3773/3663
f 1683/3773/3663 1813/3772/3662 1663/3774/3664
f 1683/3773/3663 1663/3774/3664 1580/3775/3665
f 1580/3775/3665 1663/3774/3664 1824/3637/3527
f 1580/3775/3665 1824/3637/3527 1581/3639/3529
f 1553/3750/3640 1764/3748/3638 1554/3776/3666
f 1554/3776/3666 1764/3748/3638 1763/3777/3667
f 1554/3776/3666 1763/3777/3667 1762/3778/3668
f 1554/3776/3666 1762/3778/3668 1555/3779/3669
f 1555/3779/3669 1762/3778/3668 1761/3780/3670
f 1555/3779/3669 1761/3780/3670 1760/3781/3671
f 1555/3779/3669 1760/3781/3671 1556/3782/3672
f 1556/3782/3672 1760/3781/3671 1759/3783/3673
f 1556/3782/3672 1759/3783/3673 1557/3784/3674
f 1557/3784/3674 1759/3783/3673 1558/3785/3675
f 1558/3785/3675 1759/3783/3673 1758/3786/3676
f 1558/3785/3675 1758/3786/3676 1559/3787/3677
f 1559/3787/3677 1758/3786/3676 1757/3722/3612
f 1559/3787/3677 1757/3722/3612 1560/3724/3614
f 1766/3747/3637 1769/3788/3678 1947/3745/3635
f 1947/3745/3635 1769/3788/3678 1770/3789/3679
f 1947/3745/3635 1770/3789/3679 1773/3790/3680
f 1769/3788/3678 1768/3791/3681 1770/3789/3679
f 1770/3789/3679 1768/3791/3681 1771/3792/3682
f 1771/3792/3682 1768/3791/3681 1666/3793/3683
f 1771/3792/3682 1666/3793/3683 1819/3794/3684
f 1819/3794/3684 1666/3793/3683 1825/3795/3685
f 1819/3794/3684 1825/3795/3685 1648/3796/3686
f 1648/3796/3686 1825/3795/3685 1645/3797/3687
f 1648/3796/3686 1645/3797/3687 1638/3798/3688
f 1638/3798/3688 1645/3797/3687 1818/3799/3689
f 1638/3798/3688 1818/3799/3689 1815/3800/3690
f 1815/3800/3690 1818/3799/3689 1696/3801/3691
f 1815/3800/3690 1696/3801/3691 1614/3802/3692
f 1614/3802/3692 1696/3801/3691 1835/3803/3693
f 1614/3802/3692 1835/3803/3693 1807/3804/3694
f 1807/3804/3694 1835/3803/3693 1582/3805/3695
f 1807/3804/3694 1582/3805/3695 1677/3806/3696
f 1677/3806/3696 1582/3805/3695 1797/3807/3697
f 1677/3806/3696 1797/3807/3697 1828/3808/3698
f 1828/3808/3698 1797/3807/3697 1657/3809/3699
f 1828/3808/3698 1657/3809/3699 1713/3810/3700
f 1713/3810/3700 1657/3809/3699 1822/3811/3701
f 1713/3810/3700 1822/3811/3701 1840/3812/3702
f 1840/3812/3702 1822/3811/3701 1681/3813/3703
f 1840/3812/3702 1681/3813/3703 1671/3814/3704
f 1671/3814/3704 1681/3813/3703 1830/3815/3705
f 1671/3814/3704 1830/3815/3705 1826/3816/3706
f 1826/3816/3706 1830/3815/3705 1579/3817/3707
f 1826/3816/3706 1579/3817/3707 1656/3818/3708
f 1656/3818/3708 1579/3817/3707 1796/3641/3531
f 1656/3818/3708 1796/3641/3531 1821/3643/3533
f 1666/3793/3683 1768/3791/3681 1667/3751/3641
f 1667/3751/3641 1768/3791/3681 1767/3749/3639
f 1772/3819/3709 1774/3820/3710 1773/3790/3680
f 1773/3790/3680 1774/3820/3710 1956/3821/3711
f 1773/3790/3680 1956/3821/3711 1947/3745/3635
f 1771/3792/3682 1819/3794/3684 1772/3819/3709
f 1772/3819/3709 1819/3794/3684 1650/3822/3712
f 1772/3819/3709 1650/3822/3712 1775/3823/3713
f 1775/3823/3713 1650/3822/3712 1628/3824/3714
f 1775/3823/3713 1628/3824/3714 1776/3825/3715
f 1776/3825/3715 1628/3824/3714 1627/3826/3716
f 1776/3825/3715 1627/3826/3716 1779/3827/3717
f 1779/3827/3717 1627/3826/3716 1568/3828/3718
f 1779/3827/3717 1568/3828/3718 1780/3829/3719
f 1780/3829/3719 1568/3828/3718 1567/3830/3720
f 1780/3829/3719 1567/3830/3720 1783/3831/3721
f 1783/3831/3721 1567/3830/3720 1785/3832/3722
f 1783/3831/3721 1785/3832/3722 1784/3833/3723
f 1784/3833/3723 1785/3832/3722 1549/3834/3724
f 1784/3833/3723 1549/3834/3724 1847/3835/3725
f 1847/3835/3725 1549/3834/3724 1548/3836/3726
f 1847/3835/3725 1548/3836/3726 1848/3837/3727
f 1848/3837/3727 1548/3836/3726 1849/3838/3728
f 1849/3838/3728 1548/3836/3726 1547/3839/3729
f 1849/3838/3728 1547/3839/3729 1850/3840/3730
f 1850/3840/3730 1547/3839/3729 1546/3841/3731
f 1850/3840/3730 1546/3841/3731 1851/3842/3732
f 1851/3842/3732 1546/3841/3731 1545/3843/3733
f 1851/3842/3732 1545/3843/3733 1544/3844/3734
f 1774/3820/3710 1777/3845/3735 1956/3821/3711
f 1956/3821/3711 1777/3845/3735 1778/3846/3736
f 1956/3821/3711 1778/3846/3736 1781/3847/3737
f 1777/3845/3735 1776/3825/3715 1778/3846/3736
f 1778/3846/3736 1776/3825/3715 1779/3827/3717
f 1775/3823/3713 1774/3820/3710 1772/3819/3709
f 1956/3821/3711 1781/3847/3737 1782/3848/3738
f 1782/3848/3738 1781/3847/3737 1780/3829/3719
f 1782/3848/3738 1780/3829/3719 1783/3831/3721
f 1956/3821/3711 1782/3848/3738 1957/3849/3739
f 1957/3849/3739 1782/3848/3738 1898/3850/3740
f 1957/3849/3739 1898/3850/3740 1958/3851/3741
f 1958/3851/3741 1898/3850/3740 1959/3852/3742
f 1959/3852/3742 1898/3850/3740 1911/3853/3743
f 1959/3852/3742 1911/3853/3743 1960/3854/3744
f 1960/3854/3744 1911/3853/3743 1910/3855/3745
f 1960/3854/3744 1910/3855/3745 1961/3856/3746
f 1961/3856/3746 1910/3855/3745 1909/3857/3747
f 1961/3856/3746 1909/3857/3747 1962/3858/3748
f 1962/3858/3748 1909/3857/3747 1908/3859/3749
f 1962/3858/3748 1908/3859/3749 1963/3860/3750
f 1963/3860/3750 1908/3859/3749 1907/3861/3751
f 1963/3860/3750 1907/3861/3751 1964/3862/3752
f 1964/3862/3752 1907/3861/3751 1906/3863/3753
f 1964/3862/3752 1906/3863/3753 1965/3864/3754
f 1965/3864/3754 1906/3863/3753 1902/3865/3755
f 1965/3864/3754 1902/3865/3755 1966/3866/3756
f 1966/3866/3756 1902/3865/3755 1854/3867/3757
f 1966/3866/3756 1854/3867/3757 1967/3868/3758
f 1967/3868/3758 1854/3867/3757 1855/3869/3759
f 1967/3868/3758 1855/3869/3759 1955/3870/3760
f 1955/3870/3760 1855/3869/3759 1858/3871/3761
f 1955/3870/3760 1858/3871/3761 1859/3872/3762
f 1859/3872/3762 1858/3871/3761 1860/3873/3763
f 1860/3873/3763 1858/3871/3761 1857/3874/3764
f 1860/3873/3763 1857/3874/3764 1551/3875/3765
f 1551/3875/3765 1857/3874/3764 1573/3876/3766
f 1551/3875/3765 1573/3876/3766 1552/3877/3767
f 1552/3877/3767 1573/3876/3766 1794/3878/3768
f 1552/3877/3767 1794/3878/3768 1624/3879/3769
f 1624/3879/3769 1794/3878/3768 1795/3880/3770
f 1624/3879/3769 1795/3880/3770 1625/3881/3771
f 1625/3881/3771 1795/3880/3770 1578/3882/3772
f 1625/3881/3771 1578/3882/3772 1603/3883/3773
f 1603/3883/3773 1578/3882/3772 1802/3884/3774
f 1603/3883/3773 1802/3884/3774 1604/3885/3775
f 1604/3885/3775 1802/3884/3774 1599/3886/3776
f 1604/3885/3775 1599/3886/3776 1676/3887/3777
f 1676/3887/3777 1599/3886/3776 1612/3888/3778
f 1676/3887/3777 1612/3888/3778 1677/3806/3696
f 1677/3806/3696 1612/3888/3778 1807/3804/3694
f 1855/3869/3759 1854/3867/3757 1856/3889/3779
f 1856/3889/3779 1854/3867/3757 1853/3890/3780
f 1856/3889/3779 1853/3890/3780 1574/3891/3781
f 1574/3891/3781 1853/3890/3780 1570/3892/3782
f 1574/3891/3781 1570/3892/3782 1575/3893/3783
f 1575/3893/3783 1570/3892/3782 1793/3894/3784
f 1575/3893/3783 1793/3894/3784 1576/3895/3785
f 1576/3895/3785 1793/3894/3784 1791/3896/3786
f 1576/3895/3785 1791/3896/3786 1577/3897/3787
f 1577/3897/3787 1791/3896/3786 1566/3898/3788
f 1577/3897/3787 1566/3898/3788 1597/3899/3789
f 1597/3899/3789 1566/3898/3788 1820/3900/3790
f 1597/3899/3789 1820/3900/3790 1598/3901/3791
f 1598/3901/3791 1820/3900/3790 1653/3902/3792
f 1598/3901/3791 1653/3902/3792 1613/3903/3793
f 1613/3903/3793 1653/3902/3792 1636/3904/3794
f 1613/3903/3793 1636/3904/3794 1614/3802/3692
f 1614/3802/3692 1636/3904/3794 1815/3800/3690
f 1570/3892/3782 1853/3890/3780 1571/3905/3795
f 1571/3905/3795 1853/3890/3780 1852/3906/3796
f 1571/3905/3795 1852/3906/3796 1542/3907/3797
f 1542/3907/3797 1852/3906/3796 1543/3908/3798
f 1543/3908/3798 1852/3906/3796 1544/3844/3734
f 1544/3844/3734 1852/3906/3796 1851/3842/3732
f 1857/3874/3764 1856/3889/3779 1573/3876/3766
f 1573/3876/3766 1856/3889/3779 1574/3891/3781
f 1859/3872/3762 1862/3909/3799 1955/3870/3760
f 1955/3870/3760 1862/3909/3799 1863/3910/3800
f 1955/3870/3760 1863/3910/3800 1866/3911/3801
f 1863/3910/3800 1862/3909/3799 1864/3912/3802
f 1864/3912/3802 1862/3909/3799 1861/3913/3803
f 1864/3912/3802 1861/3913/3803 1727/3914/3804
f 1727/3914/3804 1861/3913/3803 1550/3915/3805
f 1727/3914/3804 1550/3915/3805 1728/3916/3806
f 1728/3916/3806 1550/3915/3805 1787/3917/3807
f 1728/3916/3806 1787/3917/3807 1618/3918/3808
f 1618/3918/3808 1787/3917/3807 1811/3919/3809
f 1618/3918/3808 1811/3919/3809 1619/3920/3810
f 1619/3920/3810 1811/3919/3809 1626/3921/3811
f 1619/3920/3810 1626/3921/3811 1594/3922/3812
f 1594/3922/3812 1626/3921/3811 1804/3923/3813
f 1594/3922/3812 1804/3923/3813 1595/3924/3814
f 1595/3924/3814 1804/3923/3813 1605/3925/3815
f 1595/3924/3814 1605/3925/3815 1712/3926/3816
f 1712/3926/3816 1605/3925/3815 1675/3927/3817
f 1712/3926/3816 1675/3927/3817 1713/3810/3700
f 1713/3810/3700 1675/3927/3817 1828/3808/3698
f 1861/3913/3803 1860/3873/3763 1550/3915/3805
f 1550/3915/3805 1860/3873/3763 1551/3875/3765
f 1865/3928/3818 1868/3929/3819 1866/3911/3801
f 1866/3911/3801 1868/3929/3819 1867/3930/3820
f 1866/3911/3801 1867/3930/3820 1955/3870/3760
f 1955/3870/3760 1867/3930/3820 1870/3931/3821
f 1955/3870/3760 1870/3931/3821 1871/3932/3822
f 1871/3932/3822 1870/3931/3821 1872/3933/3823
f 1872/3933/3823 1870/3931/3821 1869/3934/3824
f 1872/3933/3823 1869/3934/3824 1724/3935/3825
f 1724/3935/3825 1869/3934/3824 1708/3936/3826
f 1724/3935/3825 1708/3936/3826 1725/3937/3827
f 1725/3937/3827 1708/3936/3826 1839/3938/3828
f 1725/3937/3827 1839/3938/3828 1720/3939/3829
f 1720/3939/3829 1839/3938/3828 1810/3940/3830
f 1720/3939/3829 1810/3940/3830 1721/3941/3831
f 1721/3941/3831 1810/3940/3830 1623/3942/3832
f 1721/3941/3831 1623/3942/3832 1717/3943/3833
f 1717/3943/3833 1623/3942/3832 1841/3944/3834
f 1717/3943/3833 1841/3944/3834 1718/3945/3835
f 1718/3945/3835 1841/3944/3834 1716/3946/3836
f 1718/3945/3835 1716/3946/3836 1655/3947/3837
f 1655/3947/3837 1716/3946/3836 1669/3948/3838
f 1655/3947/3837 1669/3948/3838 1656/3818/3708
f 1656/3818/3708 1669/3948/3838 1826/3816/3706
f 1864/3912/3802 1726/3949/3839 1865/3928/3818
f 1865/3928/3818 1726/3949/3839 1709/3950/3840
f 1865/3928/3818 1709/3950/3840 1868/3929/3819
f 1868/3929/3819 1709/3950/3840 1708/3936/3826
f 1868/3929/3819 1708/3936/3826 1869/3934/3824
f 1871/3932/3822 1874/3661/3551 1955/3870/3760
f 1955/3870/3760 1874/3661/3551 1954/3663/3553
f 1873/3659/3549 1872/3933/3823 1723/3657/3547
f 1723/3657/3547 1872/3933/3823 1724/3935/3825
f 1877/3667/3557 1876/3660/3550 1642/3669/3559
f 1642/3669/3559 1876/3660/3550 1643/3658/3548
f 1879/3665/3555 1882/3951/3841 1954/3663/3553
f 1954/3663/3553 1882/3951/3841 1883/3952/3842
f 1954/3663/3553 1883/3952/3842 1886/3953/3843
f 1883/3952/3842 1882/3951/3841 1884/3954/3844
f 1884/3954/3844 1882/3951/3841 1881/3955/3845
f 1884/3954/3844 1881/3955/3845 1700/3956/3846
f 1700/3956/3846 1881/3955/3845 1702/3957/3847
f 1700/3956/3846 1702/3957/3847 1701/3958/3848
f 1701/3958/3848 1702/3957/3847 1837/3959/3849
f 1701/3958/3848 1837/3959/3849 1687/3960/3850
f 1687/3960/3850 1837/3959/3849 1806/3961/3851
f 1687/3960/3850 1806/3961/3851 1688/3962/3852
f 1688/3962/3852 1806/3961/3851 1611/3963/3853
f 1688/3962/3852 1611/3963/3853 1690/3964/3854
f 1690/3964/3854 1611/3963/3853 1834/3965/3855
f 1690/3964/3854 1834/3965/3855 1691/3966/3856
f 1691/3966/3856 1834/3965/3855 1695/3967/3857
f 1691/3966/3856 1695/3967/3857 1592/3968/3858
f 1592/3968/3858 1695/3967/3857 1705/3969/3859
f 1592/3968/3858 1705/3969/3859 1593/3970/3860
f 1593/3970/3860 1705/3969/3859 1838/3971/3861
f 1593/3970/3860 1838/3971/3861 1615/3972/3862
f 1615/3972/3862 1838/3971/3861 1831/3973/3863
f 1615/3972/3862 1831/3973/3863 1616/3974/3864
f 1616/3974/3864 1831/3973/3863 1686/3975/3865
f 1616/3974/3864 1686/3975/3865 1585/3976/3866
f 1585/3976/3866 1686/3975/3865 1814/3977/3867
f 1585/3976/3866 1814/3977/3867 1586/3978/3868
f 1586/3978/3868 1814/3977/3867 1635/3979/3869
f 1586/3978/3868 1635/3979/3869 1891/3980/3870
f 1891/3980/3870 1635/3979/3869 1894/3981/3871
f 1891/3980/3870 1894/3981/3871 1892/3982/3872
f 1892/3982/3872 1894/3981/3871 1893/3983/3873
f 1892/3982/3872 1893/3983/3873 1948/3630/3520
f 1948/3630/3520 1893/3983/3873 1896/3694/3584
f 1881/3955/3845 1880/3666/3556 1702/3957/3847
f 1702/3957/3847 1880/3666/3556 1703/3668/3558
f 1954/3663/3553 1886/3953/3843 1887/3984/3874
f 1887/3984/3874 1886/3953/3843 1885/3985/3875
f 1887/3984/3874 1885/3985/3875 1699/3986/3876
f 1699/3986/3876 1885/3985/3875 1884/3954/3844
f 1699/3986/3876 1884/3954/3844 1700/3956/3846
f 1887/3984/3874 1901/3987/3877 1954/3663/3553
f 1949/3988/3878 1903/3989/3879 1948/3630/3520
f 1948/3630/3520 1903/3989/3879 1888/3990/3880
f 1948/3630/3520 1888/3990/3880 1889/3991/3881
f 1889/3991/3881 1888/3990/3880 1890/3992/3882
f 1890/3992/3882 1888/3990/3880 1587/3993/3883
f 1890/3992/3882 1587/3993/3883 1586/3978/3868
f 1887/3984/3874 1692/3994/3884 1888/3990/3880
f 1888/3990/3880 1692/3994/3884 1591/3995/3885
f 1888/3990/3880 1591/3995/3885 1800/3996/3886
f 1889/3991/3881 1892/3982/3872 1948/3630/3520
f 1891/3980/3870 1890/3992/3882 1586/3978/3868
f 1895/3692/3582 1894/3981/3871 1634/3690/3580
f 1634/3690/3580 1894/3981/3871 1635/3979/3869
f 1571/3905/3795 1542/3907/3797 1572/3997/3887
f 1572/3997/3887 1542/3907/3797 1786/3998/3888
f 1572/3997/3887 1786/3998/3888 1564/3999/3889
f 1564/3999/3889 1786/3998/3888 1792/4000/3890
f 1564/3999/3889 1792/4000/3890 1565/4001/3891
f 1565/4001/3891 1792/4000/3890 1569/4002/3892
f 1565/4001/3891 1569/4002/3892 1651/4003/3893
f 1651/4003/3893 1569/4002/3892 1812/4004/3894
f 1651/4003/3893 1812/4004/3894 1652/4005/3895
f 1652/4005/3895 1812/4004/3894 1629/4006/3896
f 1652/4005/3895 1629/4006/3896 1637/4007/3897
f 1637/4007/3897 1629/4006/3896 1649/4008/3898
f 1637/4007/3897 1649/4008/3898 1638/3798/3688
f 1638/3798/3688 1649/4008/3898 1648/3796/3686
f 1786/3998/3888 1785/3832/3722 1792/4000/3890
f 1792/4000/3890 1785/3832/3722 1567/3830/3720
f 1787/3917/3807 1552/3877/3767 1811/3919/3809
f 1811/3919/3809 1552/3877/3767 1624/3879/3769
f 1561/3754/3644 1789/3752/3642 1562/3721/3611
f 1562/3721/3611 1789/3752/3642 1788/3723/3613
f 1660/3758/3648 1790/3756/3646 1661/3717/3607
f 1661/3717/3607 1790/3756/3646 1563/3719/3609
f 1566/3898/3788 1565/4001/3891 1820/3900/3790
f 1820/3900/3790 1565/4001/3891 1651/4003/3893
f 1564/3999/3889 1791/3896/3786 1572/3997/3887
f 1572/3997/3887 1791/3896/3786 1793/3894/3784
f 1569/4002/3892 1568/3828/3718 1812/4004/3894
f 1812/4004/3894 1568/3828/3718 1627/3826/3716
f 1794/3878/3768 1575/3893/3783 1795/3880/3770
f 1795/3880/3770 1575/3893/3783 1576/3895/3785
f 1578/3882/3772 1577/3897/3787 1802/3884/3774
f 1802/3884/3774 1577/3897/3787 1597/3899/3789
f 1683/3773/3663 1580/3775/3665 1830/3815/3705
f 1830/3815/3705 1580/3775/3665 1579/3817/3707
f 1657/3809/3699 1797/3807/3697 1658/3767/3657
f 1658/3767/3657 1797/3807/3697 1584/3765/3655
f 1698/3761/3651 1583/3763/3653 1835/3803/3693
f 1835/3803/3693 1583/3763/3653 1582/3805/3695
f 1587/3993/3883 1888/3990/3880 1798/4009/3899
f 1798/4009/3899 1888/3990/3880 1617/4010/3900
f 1798/4009/3899 1617/4010/3900 1616/3974/3864
f 1585/3976/3866 1798/4009/3899 1616/3974/3864
f 1590/3675/3565 1589/3652/3542 1805/3677/3567
f 1805/3677/3567 1589/3652/3542 1606/3650/3540
f 1588/3654/3544 1799/3673/3563 1644/3656/3546
f 1644/3656/3546 1799/3673/3563 1817/3671/3561
f 1888/3990/3880 1800/3996/3886 1808/4011/3901
f 1808/4011/3901 1800/3996/3886 1593/3970/3860
f 1808/4011/3901 1593/3970/3860 1615/3972/3862
f 1592/3968/3858 1591/3995/3885 1691/3966/3856
f 1691/3966/3856 1591/3995/3885 1692/3994/3884
f 1596/4012/3902 1715/4013/3903 1801/4014/3904
f 1801/4014/3904 1715/4013/3903 1714/4015/3905
f 1801/4014/3904 1714/4015/3905 1620/4016/3906
f 1620/4016/3906 1714/4015/3905 1622/4017/3907
f 1620/4016/3906 1622/4017/3907 1809/4018/3908
f 1809/4018/3908 1622/4017/3907 1621/4019/3909
f 1809/4018/3908 1621/4019/3909 1845/4020/3910
f 1845/4020/3910 1621/4019/3909 1710/4021/3911
f 1845/4020/3910 1710/4021/3911 1726/3949/3839
f 1726/3949/3839 1710/4021/3911 1709/3950/3840
f 1595/3924/3814 1711/4022/3912 1596/4012/3902
f 1596/4012/3902 1711/4022/3912 1670/4023/3913
f 1596/4012/3902 1670/4023/3913 1715/4013/3903
f 1715/4013/3903 1670/4023/3913 1669/3948/3838
f 1715/4013/3903 1669/3948/3838 1716/3946/3836
f 1594/3922/3812 1801/4014/3904 1619/3920/3810
f 1619/3920/3810 1801/4014/3904 1620/4016/3906
f 1599/3886/3776 1598/3901/3791 1612/3888/3778
f 1612/3888/3778 1598/3901/3791 1613/3903/3793
f 1639/3766/3656 1803/3764/3654 1640/3709/3599
f 1640/3709/3599 1803/3764/3654 1602/3711/3601
f 1662/3715/3605 1601/3713/3603 1823/3760/3650
f 1823/3760/3650 1601/3713/3603 1600/3762/3652
f 1605/3925/3815 1604/3885/3775 1675/3927/3817
f 1675/3927/3817 1604/3885/3775 1676/3887/3777
f 1603/3883/3773 1804/3923/3813 1625/3881/3771
f 1625/3881/3771 1804/3923/3813 1626/3921/3811
f 1608/3679/3569 1607/3648/3538 1729/3681/3571
f 1729/3681/3571 1607/3648/3538 1730/3646/3536
f 1611/3963/3853 1610/3674/3564 1834/3965/3855
f 1834/3965/3855 1610/3674/3564 1693/3676/3566
f 1609/3672/3562 1806/3961/3851 1704/3670/3560
f 1704/3670/3560 1806/3961/3851 1837/3959/3849
f 1808/4011/3901 1617/4010/3900 1888/3990/3880
f 1618/3918/3808 1809/4018/3908 1728/3916/3806
f 1728/3916/3806 1809/4018/3908 1845/4020/3910
f 1623/3942/3832 1622/4017/3907 1841/3944/3834
f 1841/3944/3834 1622/4017/3907 1714/4015/3905
f 1621/4019/3909 1810/3940/3830 1710/4021/3911
f 1710/4021/3911 1810/3940/3830 1839/3938/3828
f 1629/4006/3896 1628/3824/3714 1649/4008/3898
f 1649/4008/3898 1628/3824/3714 1650/3822/3712
f 1663/3774/3664 1813/3772/3662 1664/3703/3593
f 1664/3703/3593 1813/3772/3662 1632/3704/3594
f 1641/3707/3597 1631/3705/3595 1816/3768/3658
f 1816/3768/3658 1631/3705/3595 1630/3770/3660
f 1633/3688/3578 1814/3977/3867 1685/3686/3576
f 1685/3686/3576 1814/3977/3867 1686/3975/3865
f 1637/4007/3897 1636/3904/3794 1652/4005/3895
f 1652/4005/3895 1636/3904/3794 1653/3902/3792
f 1696/3801/3691 1818/3799/3689 1697/3759/3649
f 1697/3759/3649 1818/3799/3689 1647/3757/3647
f 1668/3753/3643 1646/3755/3645 1825/3795/3685
f 1825/3795/3685 1646/3755/3645 1645/3797/3687
f 1655/3947/3837 1654/3645/3535 1718/3945/3835
f 1718/3945/3835 1654/3645/3535 1719/3647/3537
f 1681/3813/3703 1822/3811/3701 1682/3771/3661
f 1682/3771/3661 1822/3811/3701 1659/3769/3659
f 1665/3635/3525 1664/3703/3593 1736/3633/3523
f 1840/3812/3702 1671/3814/3704 1711/4022/3912
f 1711/4022/3912 1671/3814/3704 1670/4023/3913
f 1674/3687/3577 1673/3640/3530 1829/3689/3579
f 1829/3689/3579 1673/3640/3530 1678/3638/3528
f 1672/3642/3532 1827/3685/3575 1731/3644/3534
f 1731/3644/3534 1827/3685/3575 1846/3683/3573
f 1680/3691/3581 1679/3636/3526 1732/3693/3583
f 1732/3693/3583 1679/3636/3526 1733/3634/3524
f 1684/3684/3574 1831/3973/3863 1707/3682/3572
f 1707/3682/3572 1831/3973/3863 1838/3971/3861
f 1689/4024/3914 1887/3984/3874 1832/4025/3915
f 1832/4025/3915 1887/3984/3874 1836/4026/3916
f 1832/4025/3915 1836/4026/3916 1701/3958/3848
f 1887/3984/3874 1689/4024/3914 1833/4027/3917
f 1833/4027/3917 1689/4024/3914 1688/3962/3852
f 1833/4027/3917 1688/3962/3852 1690/3964/3854
f 1687/3960/3850 1832/4025/3915 1701/3958/3848
f 1833/4027/3917 1692/3994/3884 1887/3984/3874
f 1695/3967/3857 1694/3678/3568 1705/3969/3859
f 1705/3969/3859 1694/3678/3568 1706/3680/3570
f 1699/3986/3876 1836/4026/3916 1887/3984/3874
f 1712/3926/3816 1711/4022/3912 1595/3924/3814
f 1717/3943/3833 1842/3649/3539 1721/3941/3831
f 1721/3941/3831 1842/3649/3539 1722/3651/3541
f 1720/3939/3829 1843/3653/3543 1725/3937/3827
f 1725/3937/3827 1843/3653/3543 1844/3655/3545
f 1727/3914/3804 1726/3949/3839 1864/3912/3802
f 27/4028/3918 347/4029/3919 28/4030/3920
f 28/4030/3920 347/4029/3919 1937/4031/3921
f 347/4032/3922 346/4033/3923 1937/4034/3924
f 1937/4034/3924 346/4033/3923 1938/4035/3925
f 346/4036/3926 26/4037/3927 1938/4038/3928
f 1938/4038/3928 26/4037/3927 25/4039/3929
f 57/4040/3930 93/4041/3931 1150/4042/3932
f 1150/4042/3932 93/4041/3931 1478/4043/3933
f 1150/4042/3932 1478/4043/3933 1151/4044/3934
f 1478/4045/3935 1477/4046/3936 1151/4047/3937
f 1151/4047/3937 1477/4046/3936 1152/4048/3938
f 1477/4049/3939 1479/4050/3940 1152/4051/3941
f 1152/4051/3941 1479/4050/3940 1153/4052/3942
f 1479/4053/3943 1480/4054/3944 1153/4055/3945
f 1153/4055/3945 1480/4054/3944 1154/4056/3946
f 1304/4057/3947 1316/4058/3948 1483/4059/3518
f 1483/4059/3518 1316/4058/3948 1448/4060/3517
f 1448/4060/3517 1316/4058/3948 1315/4061/3949
f 1448/4060/3517 1315/4061/3949 1314/4062/3950
f 1314/4062/3950 1313/4063/3951 1448/4060/3517
f 1980/4064/3952 1969/4065/3953 1979/4066/3954
f 1979/4066/3954 1969/4065/3953 1970/4067/3955
f 1979/4066/3954 1970/4067/3955 1978/4068/3956
f 1978/4068/3956 1970/4067/3955 1971/4069/3957
f 1978/4068/3956 1971/4069/3957 1977/4070/3958
f 1977/4070/3958 1971/4069/3957 1972/4071/3959
f 1977/4070/3958 1972/4071/3959 1976/4072/3960
f 1976/4072/3960 1972/4071/3959 1973/4073/3961
f 1976/4072/3960 1973/4073/3961 1975/4074/3962
f 1975/4074/3962 1973/4073/3961 1974/4075/3963
f 1975/4074/3962 1974/4075/3963 1118/4076/1269
f 1118/4076/1269 1974/4075/3963 1119/4077/1270
f 1969/4078/3953 1980/4079/3952 1982/4080/3964
f 1982/4080/3964 1980/4079/3952 1981/4081/3965
f 1980/4079/3952 368/4082/3966 1987/4083/3967
f 1987/4083/3967 368/4082/3966 1986/4084/3968
f 1986/4084/3968 368/4082/3966 1985/4085/3969
f 1985/4085/3969 368/4082/3966 1984/4086/3970
f 1984/4086/3970 368/4082/3966 1983/4087/3971
f 1983/4087/3971 368/4082/3966 1090/4088/3972
f 1090/4088/3972 368/4082/3966 371/4089/3973
f 1090/4088/3972 371/4089/3973 1087/4090/3974
f 1969/4091/3953 1988/4092/3975 360/4093/3976
f 360/4093/3976 1988/4092/3975 1989/4094/3977
f 360/4093/3976 1989/4094/3977 1990/4095/3978
f 1990/4095/3978 1991/4096/3979 360/4093/3976
f 360/4093/3976 1991/4096/3979 1992/4097/3980
f 360/4093/3976 1992/4097/3980 1123/4098/3981
f 1122/4099/3982 361/4100/3983 1123/4098/3981
f 1123/4098/3981 361/4100/3983 360/4093/3976
f 2004/4101/3984 1993/4102/3985 2003/4103/3986
f 2003/4103/3986 1993/4102/3985 1994/4104/3987
f 2003/4103/3986 1994/4104/3987 2002/4105/3988
f 2002/4105/3988 1994/4104/3987 1995/4106/3989
f 2002/4105/3988 1995/4106/3989 2001/4107/3990
f 2001/4107/3990 1995/4106/3989 1996/4108/3991
f 2001/4107/3990 1996/4108/3991 2000/4109/3992
f 2000/4109/3992 1996/4108/3991 1997/4110/3993
f 2000/4109/3992 1997/4110/3993 1999/4111/3994
f 1999/4111/3994 1997/4110/3993 1998/4112/3995
f 1999/4111/3994 1998/4112/3995 1093/4113/1212
f 1093/4113/1212 1998/4112/3995 1094/4114/1211
f 1993/4115/3985 2004/4116/3984 2006/4117/3996
f 2006/4117/3996 2004/4116/3984 2005/4118/3997
f 2004/4116/3984 364/4119/3998 2011/4120/3999
f 2011/4120/3999 364/4119/3998 2010/4121/4000
f 2010/4121/4000 364/4119/3998 2009/4122/4001
f 2009/4122/4001 364/4119/3998 2008/4123/4002
f 2008/4123/4002 364/4119/3998 2007/4124/4003
f 2007/4124/4003 364/4119/3998 1124/4125/4004
f 1124/4125/4004 364/4119/3998 367/4126/4005
f 1124/4125/4004 367/4126/4005 1125/4127/4006
f 1993/4128/3985 2012/4129/4007 523/4130/4008
f 523/4130/4008 2012/4129/4007 2013/4131/4009
f 523/4130/4008 2013/4131/4009 2014/4132/4010
f 2014/4132/4010 2015/4133/4011 523/4130/4008
f 523/4130/4008 2015/4133/4011 2016/4134/4012
f 523/4130/4008 2016/4134/4012 1089/4135/4013
f 1088/4136/4014 524/4137/4015 1089/4135/4013
f 1089/4135/4013 524/4137/4015 523/4130/4008
f 2028/4138/4016 2017/4139/4017 2027/4140/4018
f 2027/4140/4018 2017/4139/4017 2018/4141/4019
f 2027/4140/4018 2018/4141/4019 2026/4142/4020
f 2026/4142/4020 2018/4141/4019 2019/4143/4021
f 2026/4142/4020 2019/4143/4021 2025/4144/4022
f 2025/4144/4022 2019/4143/4021 2020/4145/4023
f 2025/4144/4022 2020/4145/4023 2024/4146/4024
f 2024/4146/4024 2020/4145/4023 2021/4147/4025
f 2024/4146/4024 2021/4147/4025 2023/4148/4026
f 2023/4148/4026 2021/4147/4025 2022/4149/4027
f 2023/4148/4026 2022/4149/4027 1157/4150/1280
f 1157/4150/1280 2022/4149/4027 1158/4151/1279
f 2017/4152/4017 2028/4153/4016 2030/4154/4028
f 2030/4154/4028 2028/4153/4016 2029/4155/4029
f 2028/4153/4016 568/4156/4030 2035/4157/4031
f 2035/4157/4031 568/4156/4030 2034/4158/4032
f 2034/4158/4032 568/4156/4030 2033/4159/4033
f 2033/4159/4033 568/4156/4030 2032/4160/4034
f 2032/4160/4034 568/4156/4030 2031/4161/4035
f 2031/4161/4035 568/4156/4030 1162/4162/4036
f 1162/4162/4036 568/4156/4030 571/4163/4037
f 1162/4162/4036 571/4163/4037 1159/4164/4038
f 2017/4165/4017 2036/4166/4039 564/4167/4040
f 564/4167/4040 2036/4166/4039 2037/4168/4041
f 564/4167/4040 2037/4168/4041 2038/4169/4042
f 2038/4169/4042 2039/4170/4043 564/4167/4040
f 564/4167/4040 2039/4170/4043 2040/4171/4044
f 564/4167/4040 2040/4171/4044 1181/4172/4045
f 1180/4173/4046 565/4174/4047 1181/4172/4045
f 1181/4172/4045 565/4174/4047 564/4167/4040
f 2052/4175/4048 2041/4176/4049 2051/4177/4050
f 2051/4177/4050 2041/4176/4049 2042/4178/4051
f 2051/4177/4050 2042/4178/4051 2050/4179/4052
f 2050/4179/4052 2042/4178/4051 2043/4180/4053
f 2050/4179/4052 2043/4180/4053 2049/4181/4054
f 2049/4181/4054 2043/4180/4053 2044/4182/4055
f 2049/4181/4054 2044/4182/4055 2048/4183/4056
f 2048/4183/4056 2044/4182/4055 2045/4184/4057
f 2048/4183/4056 2045/4184/4057 2047/4185/4058
f 2047/4185/4058 2045/4184/4057 2046/4186/4059
f 2047/4185/4058 2046/4186/4059 1165/4187/1288
f 1165/4187/1288 2046/4186/4059 1166/4188/1287
f 2041/4189/4049 2052/4190/4048 2054/4191/4060
f 2054/4191/4060 2052/4190/4048 2053/4192/4061
f 2052/4190/4048 572/4193/4062 2059/4194/4063
f 2059/4194/4063 572/4193/4062 2058/4195/4064
f 2058/4195/4064 572/4193/4062 2057/4196/4065
f 2057/4196/4065 572/4193/4062 2056/4197/4066
f 2056/4197/4066 572/4193/4062 2055/4198/4067
f 2055/4198/4067 572/4193/4062 1182/4199/4068
f 1182/4199/4068 572/4193/4062 575/4200/4069
f 1182/4199/4068 575/4200/4069 1183/4201/4070
f 2041/4202/4049 2060/4203/4071 576/4204/4072
f 576/4204/4072 2060/4203/4071 2061/4205/4073
f 576/4204/4072 2061/4205/4073 2062/4206/4074
f 2062/4206/4074 2063/4207/4075 576/4204/4072
f 576/4204/4072 2063/4207/4075 2064/4208/4076
f 576/4204/4072 2064/4208/4076 1161/4209/4077
f 1160/4210/4078 577/4211/4079 1161/4209/4077
f 1161/4209/4077 577/4211/4079 576/4204/4072
f 2076/4212/4080 2065/4213/4081 2075/4214/4082
f 2075/4214/4082 2065/4213/4081 2066/4215/4083
f 2075/4214/4082 2066/4215/4083 2074/4216/4084
f 2074/4216/4084 2066/4215/4083 2067/4217/4085
f 2074/4216/4084 2067/4217/4085 2073/4218/4086
f 2073/4218/4086 2067/4217/4085 2068/4219/4087
f 2073/4218/4086 2068/4219/4087 2072/4220/4088
f 2072/4220/4088 2068/4219/4087 2069/4221/4089
f 2072/4220/4088 2069/4221/4089 2071/4222/4090
f 2071/4222/4090 2069/4221/4089 2070/4223/4091
f 2071/4222/4090 2070/4223/4091 1242/4224/1369
f 1242/4224/1369 2070/4223/4091 1243/4225/1368
f 2065/4226/4081 2076/4227/4080 2078/4228/4092
f 2078/4228/4092 2076/4227/4080 2077/4229/4093
f 2076/4227/4080 356/4230/4094 2083/4231/4095
f 2083/4231/4095 356/4230/4094 2082/4232/4096
f 2082/4232/4096 356/4230/4094 2081/4233/4097
f 2081/4233/4097 356/4230/4094 2080/4234/4098
f 2080/4234/4098 356/4230/4094 2079/4235/4099
f 2079/4235/4099 356/4230/4094 1012/4236/4100
f 1012/4236/4100 356/4230/4094 359/4237/4101
f 1012/4236/4100 359/4237/4101 1013/4238/4102
f 2065/4239/4081 2084/4240/4103 548/4241/4104
f 548/4241/4104 2084/4240/4103 2085/4242/4105
f 548/4241/4104 2085/4242/4105 2086/4243/4106
f 2086/4243/4106 2087/4244/4107 548/4241/4104
f 548/4241/4104 2087/4244/4107 2088/4245/4108
f 548/4241/4104 2088/4245/4108 1238/4246/4109
f 1237/4247/4110 549/4248/4111 1238/4246/4109
f 1238/4246/4109 549/4248/4111 548/4241/4104
f 2100/4249/4112 2089/4250/4113 2099/4251/4114
f 2099/4251/4114 2089/4250/4113 2090/4252/4115
f 2099/4251/4114 2090/4252/4115 2098/4253/4116
f 2098/4253/4116 2090/4252/4115 2091/4254/4117
f 2098/4253/4116 2091/4254/4117 2097/4255/4118
f 2097/4255/4118 2091/4254/4117 2092/4256/4119
f 2097/4255/4118 2092/4256/4119 2096/4257/4120
f 2096/4257/4120 2092/4256/4119 2093/4258/4121
f 2096/4257/4120 2093/4258/4121 2095/4259/4122
f 2095/4259/4122 2093/4258/4121 2094/4260/4123
f 2095/4259/4122 2094/4260/4123 1234/4261/1361
f 1234/4261/1361 2094/4260/4123 1235/4262/1360
f 2089/4263/4113 2100/4264/4112 2102/4265/4124
f 2102/4265/4124 2100/4264/4112 2101/4266/4125
f 2100/4264/4112 352/4267/4126 2107/4268/4127
f 2107/4268/4127 352/4267/4126 2106/4269/4128
f 2106/4269/4128 352/4267/4126 2105/4270/4129
f 2105/4270/4129 352/4267/4126 2104/4271/4130
f 2104/4271/4130 352/4267/4126 2103/4272/4131
f 2103/4272/4131 352/4267/4126 1239/4273/4132
f 1239/4273/4132 352/4267/4126 355/4274/4133
f 1239/4273/4132 355/4274/4133 1236/4275/4134
f 2089/4276/4113 2108/4277/4135 348/4278/4136
f 348/4278/4136 2108/4277/4135 2109/4279/4137
f 348/4278/4136 2109/4279/4137 2110/4280/4138
f 2110/4280/4138 2111/4281/4139 348/4278/4136
f 348/4278/4136 2111/4281/4139 2112/4282/4140
f 348/4278/4136 2112/4282/4140 1011/4283/4141
f 1010/4284/4142 349/4285/4143 1011/4283/4141
f 1011/4283/4141 349/4285/4143 348/4278/4136
f 2113/4286/4144 2114/4287/4145 2006/4288/4146
f 2006/4288/4146 2114/4287/4145 1981/4289/4147
f 2114/4290/4148 2115/4291/4149 1981/4292/4150
f 1981/4292/4150 2115/4291/4149 1982/4293/4151
f 2116/4294/4152 2005/4295/4153 2115/4296/4154
f 2115/4296/4154 2005/4295/4153 1982/4297/4155
f 2006/4298/4156 2005/4299/4157 2113/4300/4158
f 2113/4300/4158 2005/4299/4157 2116/4301/4159
f 2006/4302/4160 1981/4303/4161 1993/4304/4162
f 1993/4304/4162 1981/4303/4161 1980/4305/4163
f 2113/4306/4164 2116/4307/4165 2114/4308/4166
f 2114/4308/4166 2116/4307/4165 2115/4309/4167
f 2117/4310/4168 2118/4311/4169 2102/4312/4170
f 2102/4312/4170 2118/4311/4169 2077/4313/4171
f 2118/4314/4172 2119/4315/4173 2077/4316/4174
f 2077/4316/4174 2119/4315/4173 2078/4317/4175
f 2120/4318/4176 2101/4319/4177 2119/4320/4178
f 2119/4320/4178 2101/4319/4177 2078/4321/4179
f 2102/4322/4180 2101/4323/4181 2117/4324/4182
f 2117/4324/4182 2101/4323/4181 2120/4325/4183
f 2102/4326/4184 2077/4327/4185 2089/4328/4186
f 2089/4328/4186 2077/4327/4185 2076/4329/4187
f 2117/4330/4188 2120/4331/4189 2118/4332/4190
f 2118/4332/4190 2120/4331/4189 2119/4333/4191
f 2121/4334/4192 2122/4335/4193 2054/4336/4194
f 2054/4336/4194 2122/4335/4193 2029/4337/4195
f 2122/4338/4196 2123/4339/4197 2029/4340/4198
f 2029/4340/4198 2123/4339/4197 2030/4341/4199
f 2124/4342/4200 2053/4343/4201 2123/4344/4202
f 2123/4344/4202 2053/4343/4201 2030/4345/4203
f 2054/4346/4204 2053/4347/4205 2121/4348/4206
f 2121/4348/4206 2053/4347/4205 2124/4349/4207
f 2054/4350/4208 2029/4351/4209 2041/4352/4210
f 2041/4352/4210 2029/4351/4209 2028/4353/4211
f 2121/4354/4212 2124/4355/4213 2122/4356/4214
f 2122/4356/4214 2124/4355/4213 2123/4357/4215
f 2089/4358/4186 2076/4359/4187 2108/4360/4216
f 2108/4360/4216 2076/4359/4187 2083/4361/4217
f 2108/4360/4216 2083/4361/4217 2109/4362/4218
f 2109/4362/4218 2083/4361/4217 2082/4363/4219
f 2109/4362/4218 2082/4363/4219 2110/4364/4220
f 2110/4364/4220 2082/4363/4219 2081/4365/4221
f 2110/4364/4220 2081/4365/4221 2111/4366/4222
f 2111/4366/4222 2081/4365/4221 2080/4367/4223
f 2111/4366/4222 2080/4367/4223 2112/4368/4224
f 2112/4368/4224 2080/4367/4223 2079/4369/4225
f 2112/4368/4224 2079/4369/4225 1011/4370/1124
f 1011/4370/1124 2079/4369/4225 1012/4371/1125
f 2065/4372/4226 2100/4373/4227 2084/4374/4228
f 2084/4374/4228 2100/4373/4227 2107/4375/4229
f 2084/4374/4228 2107/4375/4229 2085/4376/4230
f 2085/4376/4230 2107/4375/4229 2106/4377/4231
f 2085/4376/4230 2106/4377/4231 2086/4378/4232
f 2086/4378/4232 2106/4377/4231 2105/4379/4233
f 2086/4378/4232 2105/4379/4233 2087/4380/4234
f 2087/4380/4234 2105/4379/4233 2104/4381/4235
f 2087/4380/4234 2104/4381/4235 2088/4382/4236
f 2088/4382/4236 2104/4381/4235 2103/4383/4237
f 2088/4382/4236 2103/4383/4237 1238/4384/1363
f 1238/4384/1363 2103/4383/4237 1239/4385/1365
f 2078/4386/4238 2101/4387/4239 2065/4388/4226
f 2065/4388/4226 2101/4387/4239 2100/4389/4227
f 2041/4390/4210 2028/4391/4211 2060/4392/4240
f 2060/4392/4240 2028/4391/4211 2035/4393/4241
f 2060/4392/4240 2035/4393/4241 2061/4394/4242
f 2061/4394/4242 2035/4393/4241 2034/4395/4243
f 2061/4394/4242 2034/4395/4243 2062/4396/4244
f 2062/4396/4244 2034/4395/4243 2033/4397/4245
f 2062/4396/4244 2033/4397/4245 2063/4398/4246
f 2063/4398/4246 2033/4397/4245 2032/4399/4247
f 2063/4398/4246 2032/4399/4247 2064/4400/4248
f 2064/4400/4248 2032/4399/4247 2031/4401/4249
f 2064/4400/4248 2031/4401/4249 1161/4402/1282
f 1161/4402/1282 2031/4401/4249 1162/4403/1284
f 2017/4404/4250 2052/4405/4251 2036/4406/4252
f 2036/4406/4252 2052/4405/4251 2059/4407/4253
f 2036/4406/4252 2059/4407/4253 2037/4408/4254
f 2037/4408/4254 2059/4407/4253 2058/4409/4255
f 2037/4408/4254 2058/4409/4255 2038/4410/4256
f 2038/4410/4256 2058/4409/4255 2057/4411/4257
f 2038/4410/4256 2057/4411/4257 2039/4412/4258
f 2039/4412/4258 2057/4411/4257 2056/4413/4259
f 2039/4412/4258 2056/4413/4259 2040/4414/4260
f 2040/4414/4260 2056/4413/4259 2055/4415/4261
f 2040/4414/4260 2055/4415/4261 1181/4416/1307
f 1181/4416/1307 2055/4415/4261 1182/4417/1308
f 2030/4418/4262 2053/4419/4263 2017/4420/4250
f 2017/4420/4250 2053/4419/4263 2052/4421/4251
f 1993/4422/4162 1980/4423/4163 2012/4424/4264
f 2012/4424/4264 1980/4423/4163 1987/4425/4265
f 2012/4424/4264 1987/4425/4265 2013/4426/4266
f 2013/4426/4266 1987/4425/4265 1986/4427/4267
f 2013/4426/4266 1986/4427/4267 2014/4428/4268
f 2014/4428/4268 1986/4427/4267 1985/4429/4269
f 2014/4428/4268 1985/4429/4269 2015/4430/4270
f 2015/4430/4270 1985/4429/4269 1984/4431/4271
f 2015/4430/4270 1984/4431/4271 2016/4432/4272
f 2016/4432/4272 1984/4431/4271 1983/4433/4273
f 2016/4432/4272 1983/4433/4273 1089/4434/1206
f 1089/4434/1206 1983/4433/4273 1090/4435/1208
f 1969/4436/4274 2004/4437/4275 1988/4438/4276
f 1988/4438/4276 2004/4437/4275 2011/4439/4277
f 1988/4438/4276 2011/4439/4277 1989/4440/4278
f 1989/4440/4278 2011/4439/4277 2010/4441/4279
f 1989/4440/4278 2010/4441/4279 1990/4442/4280
f 1990/4442/4280 2010/4441/4279 2009/4443/4281
f 1990/4442/4280 2009/4443/4281 1991/4444/4282
f 1991/4444/4282 2009/4443/4281 2008/4445/4283
f 1991/4444/4282 2008/4445/4283 1992/4446/4284
f 1992/4446/4284 2008/4445/4283 2007/4447/4285
f 1992/4446/4284 2007/4447/4285 1123/4448/1258
f 1123/4448/1258 2007/4447/4285 1124/4449/1259
f 1982/4450/4286 2005/4451/4287 1969/4452/4274
f 1969/4452/4274 2005/4451/4287 2004/4453/4275
f 1164/4454/4288 573/4455/4289 1165/4456/4290
f 1165/4456/4290 573/4455/4289 572/4457/4291
f 1165/4456/4290 572/4457/4291 2047/4458/4292
f 2047/4458/4292 572/4457/4291 2048/4459/4293
f 2048/4459/4293 572/4457/4291 2049/4460/4294
f 2049/4460/4294 572/4457/4291 2050/4461/4295
f 2050/4461/4295 572/4457/4291 2051/4462/4296
f 2051/4462/4296 572/4457/4291 2052/4463/4251
f 575/4464/4297 574/4465/4298 1183/4466/4299
f 1183/4466/4299 574/4465/4298 1184/4467/4300
f 563/4468/4301 562/4469/4302 1177/4470/4303
f 1177/4470/4303 562/4469/4302 1178/4471/4304
f 560/4472/4305 563/4473/4306 1176/4474/4307
f 1176/4474/4307 563/4473/4306 1177/4475/4308
f 561/4476/4309 560/4477/4310 1175/4478/4311
f 1175/4478/4311 560/4477/4310 1176/4479/4312
f 567/4480/4313 1158/4481/4314 564/4482/4315
f 564/4482/4315 1158/4481/4314 2022/4483/4316
f 564/4482/4315 2022/4483/4316 2021/4484/4317
f 567/4480/4313 1155/4485/4318 1158/4481/4314
f 2021/4484/4317 2020/4486/4319 564/4482/4315
f 564/4482/4315 2020/4486/4319 2019/4487/4320
f 564/4482/4315 2019/4487/4320 2018/4488/4321
f 2018/4488/4321 2017/4489/4250 564/4482/4315
f 566/4490/4322 565/4491/4323 1179/4492/4324
f 1179/4492/4324 565/4491/4323 1180/4493/4325
f 350/4494/4326 349/4495/4327 1009/4496/4328
f 1009/4496/4328 349/4495/4327 1010/4497/4329
f 1041/4498/4330 351/4499/4331 965/4500/4332
f 965/4500/4332 351/4499/4331 350/4501/4333
f 965/4500/4332 350/4501/4333 1009/4502/4334
f 965/4500/4332 1009/4502/4334 966/4503/4335
f 966/4503/4335 1009/4502/4334 1008/4504/4336
f 966/4503/4335 1008/4504/4336 1037/4505/4337
f 1037/4505/4337 1008/4504/4336 472/4506/4338
f 472/4506/4338 1008/4504/4336 469/4507/4339
f 1037/4505/4337 1036/4508/4340 966/4503/4335
f 966/4503/4335 1036/4508/4340 969/4509/4341
f 969/4509/4341 1036/4508/4340 1033/4510/4342
f 969/4509/4341 1033/4510/4342 1032/4511/4343
f 461/4512/4344 464/4513/4345 1036/4508/4340
f 1036/4508/4340 464/4513/4345 1033/4510/4342
f 544/4514/4346 547/4515/4347 1032/4511/4343
f 1032/4511/4343 547/4515/4347 1029/4516/4348
f 1032/4511/4343 1029/4516/4348 969/4509/4341
f 969/4509/4341 1029/4516/4348 1028/4517/4349
f 351/4518/4350 1235/4519/4351 348/4520/4352
f 348/4520/4352 1235/4519/4351 2094/4521/4353
f 348/4520/4352 2094/4521/4353 2093/4522/4354
f 351/4518/4350 1041/4523/4355 1235/4519/4351
f 2093/4522/4354 2092/4524/4356 348/4520/4352
f 348/4520/4352 2092/4524/4356 2091/4525/4357
f 348/4520/4352 2091/4525/4357 2090/4526/4358
f 2090/4526/4358 2089/4527/4186 348/4520/4352
f 558/4528/4359 557/4529/4360 1299/4530/4361
f 1299/4530/4361 557/4529/4360 1300/4531/4362
f 559/4532/4363 558/4533/4364 1298/4534/4365
f 1298/4534/4365 558/4533/4364 1299/4535/4366
f 559/4536/4367 1298/4537/4368 556/4538/4369
f 556/4538/4369 1298/4537/4368 1055/4539/4370
f 1055/4539/4370 1298/4537/4368 1297/4540/4371
f 1055/4539/4370 1297/4540/4371 1294/4541/4372
f 1294/4541/4372 1297/4540/4371 493/4542/4373
f 493/4542/4373 1297/4540/4371 490/4543/4374
f 1294/4541/4372 1293/4544/4375 1055/4539/4370
f 1055/4539/4370 1293/4544/4375 1290/4545/4376
f 1055/4539/4370 1290/4545/4376 1056/4546/4377
f 1056/4546/4377 1290/4545/4376 1289/4547/4378
f 1056/4546/4377 1289/4547/4378 1286/4548/4379
f 1286/4548/4379 1289/4547/4378 400/4549/4380
f 400/4549/4380 1289/4547/4378 397/4550/4381
f 486/4551/4382 489/4552/4383 1293/4544/4375
f 1293/4544/4375 489/4552/4383 1290/4545/4376
f 1286/4548/4379 1285/4553/4384 1056/4546/4377
f 1056/4546/4377 1285/4553/4384 1282/4554/4385
f 1056/4546/4377 1282/4554/4385 1281/4555/4386
f 401/4556/4387 404/4557/4388 1285/4553/4384
f 1285/4553/4384 404/4557/4388 1282/4554/4385
f 554/4558/4389 553/4559/4390 1132/4560/4391
f 1132/4560/4391 553/4559/4390 1133/4561/4392
f 555/4562/4393 554/4563/4394 1131/4564/4395
f 1131/4564/4395 554/4563/4394 1132/4565/4396
f 553/4566/4397 552/4567/4398 1133/4568/4399
f 1133/4568/4399 552/4567/4398 1134/4569/4400
f 1233/4570/4401 353/4571/4402 1234/4572/4403
f 1234/4572/4403 353/4571/4402 352/4573/4404
f 1234/4572/4403 352/4573/4404 2095/4574/4405
f 2095/4574/4405 352/4573/4404 2096/4575/4406
f 2096/4575/4406 352/4573/4404 2097/4576/4407
f 2097/4576/4407 352/4573/4404 2098/4577/4408
f 2098/4577/4408 352/4573/4404 2099/4578/4409
f 2099/4578/4409 352/4573/4404 2100/4579/4227
f 353/4580/4410 1233/4581/4411 354/4582/4412
f 354/4582/4412 1233/4581/4411 1059/4583/4413
f 1059/4583/4413 1233/4581/4411 1060/4584/4414
f 1060/4584/4414 1233/4581/4411 1041/4585/4330
f 546/4586/4415 545/4587/4416 1030/4588/4417
f 1030/4588/4417 545/4587/4416 1031/4589/4418
f 547/4590/4419 546/4591/4420 1029/4592/4421
f 1029/4592/4421 546/4591/4420 1030/4593/4422
f 545/4594/4423 544/4595/4424 1031/4596/4425
f 1031/4596/4425 544/4595/4424 1032/4597/4426
f 533/4598/4427 532/4599/4428 1256/4600/4429
f 1256/4600/4429 532/4599/4428 1244/4601/4430
f 1247/4602/4431 542/4603/4432 1248/4604/4433
f 1248/4604/4433 542/4603/4432 541/4605/4434
f 1248/4604/4433 541/4605/4434 1249/4606/4435
f 1249/4606/4435 541/4605/4434 540/4607/4436
f 1249/4606/4435 540/4607/4436 1250/4608/4437
f 1250/4608/4437 540/4607/4436 539/4609/4438
f 1250/4608/4437 539/4609/4438 1251/4610/4439
f 1251/4610/4439 539/4609/4438 538/4611/4440
f 1251/4610/4439 538/4611/4440 1252/4612/4441
f 1252/4612/4441 538/4611/4440 537/4613/4442
f 1252/4612/4441 537/4613/4442 1253/4614/4443
f 1253/4614/4443 537/4613/4442 536/4615/4444
f 1253/4614/4443 536/4615/4444 1254/4616/4445
f 1254/4616/4445 536/4615/4444 535/4617/4446
f 1254/4616/4445 535/4617/4446 1255/4618/4447
f 1255/4618/4447 535/4617/4446 534/4619/4448
f 1255/4618/4447 534/4619/4448 1256/4620/4429
f 1256/4620/4429 534/4619/4448 533/4621/4427
f 543/4622/4449 542/4623/4432 1246/4624/4450
f 1246/4624/4450 542/4623/4432 1247/4625/4431
f 531/4626/4451 543/4627/4452 1245/4628/4453
f 1245/4628/4453 543/4627/4452 1246/4629/4454
f 532/4630/4455 531/4631/4456 1244/4632/4457
f 1244/4632/4457 531/4631/4456 1245/4633/4458
f 529/4634/4459 528/4635/4460 1260/4636/4461
f 1260/4636/4461 528/4635/4460 1257/4637/4462
f 530/4638/4463 529/4639/4464 1259/4640/4465
f 1259/4640/4465 529/4639/4464 1260/4641/4466
f 527/4642/4467 530/4643/4468 1258/4644/4469
f 1258/4644/4469 530/4643/4468 1259/4645/4470
f 528/4646/4471 527/4647/4472 1257/4648/4473
f 1257/4648/4473 527/4647/4472 1258/4649/4474
f 370/4650/4475 369/4651/4476 1116/4652/4477
f 1116/4652/4477 369/4651/4476 1117/4653/4478
f 371/4654/4479 370/4655/4480 1087/4656/4481
f 1087/4656/4481 370/4655/4480 1116/4657/4482
f 1087/4656/4481 1116/4657/4482 1053/4658/4483
f 1053/4658/4483 1116/4657/4482 1065/4659/4484
f 1053/4658/4483 1052/4660/4485 1087/4656/4481
f 1087/4656/4481 1052/4660/4485 1088/4661/4486
f 1088/4661/4486 1052/4660/4485 525/4662/4487
f 1088/4661/4486 525/4662/4487 524/4663/4488
f 1117/4664/4489 369/4665/4490 1118/4666/4491
f 1118/4666/4491 369/4665/4490 368/4667/4492
f 1118/4666/4491 368/4667/4492 1975/4668/4493
f 1975/4668/4493 368/4667/4492 1976/4669/4494
f 1976/4669/4494 368/4667/4492 1977/4670/4495
f 1977/4670/4495 368/4667/4492 1978/4671/4496
f 1978/4671/4496 368/4667/4492 1979/4672/4497
f 1979/4672/4497 368/4667/4492 1980/4673/4163
f 521/4674/4498 520/4675/4499 1098/4676/4500
f 1098/4676/4500 520/4675/4499 1095/4677/4501
f 522/4678/4502 521/4679/4503 1097/4680/4504
f 1097/4680/4504 521/4679/4503 1098/4681/4505
f 519/4682/4506 522/4683/4507 1096/4684/4508
f 1096/4684/4508 522/4683/4507 1097/4685/4509
f 520/4686/4510 519/4687/4511 1095/4688/4512
f 1095/4688/4512 519/4687/4511 1096/4689/4513
f 517/4690/4514 516/4691/4515 1006/4692/4516
f 1006/4692/4516 516/4691/4515 1007/4693/4517
f 518/4694/4518 517/4695/4519 1040/4696/4520
f 1040/4696/4520 517/4695/4519 1006/4697/4521
f 1040/4696/4520 1006/4697/4521 1060/4698/4522
f 1060/4698/4522 1006/4697/4521 1061/4699/4523
f 1061/4699/4523 1006/4697/4521 1005/4700/4524
f 1060/4698/4522 1041/4701/4355 1040/4696/4520
f 970/4702/4525 515/4703/4526 964/4704/4527
f 964/4704/4527 515/4703/4526 518/4705/4528
f 964/4704/4527 518/4705/4528 1040/4706/4529
f 964/4704/4527 967/4707/4530 970/4702/4525
f 970/4702/4525 967/4707/4530 971/4708/4531
f 971/4708/4531 967/4707/4530 974/4709/4532
f 971/4708/4531 974/4709/4532 436/4710/4533
f 436/4710/4533 974/4709/4532 433/4711/4534
f 974/4709/4532 967/4707/4530 975/4712/4535
f 975/4712/4535 967/4707/4530 968/4713/4536
f 975/4712/4535 968/4713/4536 978/4714/4537
f 978/4714/4537 968/4713/4536 979/4715/4538
f 979/4715/4538 968/4713/4536 991/4716/4539
f 979/4715/4538 991/4716/4539 376/4717/4540
f 376/4717/4540 991/4716/4539 377/4718/4541
f 968/4713/4536 992/4719/4542 991/4716/4539
f 372/4720/4543 375/4721/4544 978/4714/4537
f 978/4714/4537 375/4721/4544 975/4712/4535
f 516/4722/4545 515/4723/4546 1007/4724/4547
f 1007/4724/4547 515/4723/4546 970/4725/4548
f 512/4726/4549 511/4727/4550 1111/4728/4551
f 1111/4728/4551 511/4727/4550 1099/4729/4552
f 513/4730/4553 512/4731/4554 1110/4732/4555
f 1110/4732/4555 512/4731/4554 1111/4733/4556
f 514/4734/4557 513/4735/4558 1109/4736/4559
f 1109/4736/4559 513/4735/4558 1110/4737/4560
f 502/4738/4561 514/4739/4562 1108/4740/4563
f 1108/4740/4563 514/4739/4562 1109/4741/4564
f 1099/4742/4552 511/4743/4550 1100/4744/4565
f 1100/4744/4565 511/4743/4550 510/4745/4566
f 1100/4744/4565 510/4745/4566 1101/4746/4567
f 1101/4746/4567 510/4745/4566 509/4747/4568
f 1101/4746/4567 509/4747/4568 1102/4748/4569
f 1102/4748/4569 509/4747/4568 508/4749/4570
f 1102/4748/4569 508/4749/4570 1103/4750/4571
f 1103/4750/4571 508/4749/4570 507/4751/4572
f 1103/4750/4571 507/4751/4572 1104/4752/4573
f 1104/4752/4573 507/4751/4572 506/4753/4574
f 1104/4752/4573 506/4753/4574 1105/4754/4575
f 1105/4754/4575 506/4753/4574 505/4755/4576
f 1105/4754/4575 505/4755/4576 1106/4756/4577
f 1106/4756/4577 505/4755/4576 504/4757/4578
f 1106/4756/4577 504/4757/4578 1107/4758/4579
f 1107/4758/4579 504/4757/4578 503/4759/4580
f 1107/4758/4579 503/4759/4580 1108/4760/4563
f 1108/4760/4563 503/4759/4580 502/4761/4561
f 500/4762/4581 499/4763/4582 1137/4764/4583
f 1137/4764/4583 499/4763/4582 1138/4765/4584
f 501/4766/4585 500/4767/4586 1136/4768/4587
f 1136/4768/4587 500/4767/4586 1137/4769/4588
f 498/4770/4589 501/4771/4590 1135/4772/4591
f 1135/4772/4591 501/4771/4590 1136/4773/4592
f 496/4774/4593 495/4775/4594 1167/4776/4595
f 1167/4776/4595 495/4775/4594 1168/4777/4596
f 497/4778/4597 496/4779/4598 1170/4780/4599
f 1170/4780/4599 496/4779/4598 1167/4781/4600
f 1170/4780/4599 1167/4781/4600 1050/4782/4601
f 1050/4782/4601 1167/4781/4600 1080/4783/4602
f 1049/4784/4603 1175/4785/4604 1050/4782/4601
f 1050/4782/4601 1175/4785/4604 1174/4786/4605
f 1050/4782/4601 1174/4786/4605 1171/4787/4606
f 1171/4787/4606 1174/4786/4605 394/4788/4607
f 394/4788/4607 1174/4786/4605 395/4789/4608
f 570/4790/4609 1156/4791/4610 1049/4784/4603
f 1049/4784/4603 1156/4791/4610 1155/4792/4611
f 1049/4784/4603 1155/4792/4611 1179/4793/4612
f 1179/4793/4612 1155/4792/4611 566/4794/4613
f 566/4794/4613 1155/4792/4611 567/4795/4614
f 570/4790/4609 569/4796/4615 1156/4791/4610
f 1179/4793/4612 1178/4797/4616 1049/4784/4603
f 1049/4784/4603 1178/4797/4616 1175/4785/4604
f 562/4798/4617 561/4799/4618 1178/4797/4616
f 1178/4797/4616 561/4799/4618 1175/4785/4604
f 1171/4787/4606 1170/4780/4599 1050/4782/4601
f 494/4800/4619 497/4801/4620 1169/4802/4621
f 1169/4802/4621 497/4801/4620 1170/4803/4622
f 495/4804/4623 494/4805/4624 1168/4806/4625
f 1168/4806/4625 494/4805/4624 1169/4807/4626
f 492/4808/4627 491/4809/4628 1295/4810/4629
f 1295/4810/4629 491/4809/4628 1296/4811/4630
f 493/4812/4631 492/4813/4632 1294/4814/4633
f 1294/4814/4633 492/4813/4632 1295/4815/4634
f 491/4816/4635 490/4817/4636 1296/4818/4637
f 1296/4818/4637 490/4817/4636 1297/4819/4638
f 488/4820/4639 487/4821/4640 1291/4822/4641
f 1291/4822/4641 487/4821/4640 1292/4823/4642
f 489/4824/4643 488/4825/4644 1290/4826/4645
f 1290/4826/4645 488/4825/4644 1291/4827/4646
f 487/4828/4647 486/4829/4648 1292/4830/4649
f 1292/4830/4649 486/4829/4648 1293/4831/4650
f 483/4832/4651 482/4833/4652 1210/4834/4653
f 1210/4834/4653 482/4833/4652 1211/4835/4654
f 485/4836/4655 484/4837/4656 1221/4838/4657
f 1221/4838/4657 484/4837/4656 1222/4839/4658
f 473/4840/4659 485/4841/4660 1220/4842/4661
f 1220/4842/4661 485/4841/4660 1221/4843/4662
f 1211/4844/4654 482/4845/4652 1212/4846/4663
f 1212/4846/4663 482/4845/4652 481/4847/4664
f 1212/4846/4663 481/4847/4664 1213/4848/4665
f 1213/4848/4665 481/4847/4664 480/4849/4666
f 1213/4848/4665 480/4849/4666 1214/4850/4667
f 1214/4850/4667 480/4849/4666 479/4851/4668
f 1214/4850/4667 479/4851/4668 1215/4852/4669
f 1215/4852/4669 479/4851/4668 478/4853/4670
f 1215/4852/4669 478/4853/4670 1216/4854/4671
f 1216/4854/4671 478/4853/4670 477/4855/4672
f 1216/4854/4671 477/4855/4672 1217/4856/4673
f 1217/4856/4673 477/4855/4672 476/4857/4674
f 1217/4856/4673 476/4857/4674 1218/4858/4675
f 1218/4858/4675 476/4857/4674 475/4859/4676
f 1218/4858/4675 475/4859/4676 1219/4860/4677
f 1219/4860/4677 475/4859/4676 474/4861/4678
f 1219/4860/4677 474/4861/4678 1220/4862/4661
f 1220/4862/4661 474/4861/4678 473/4863/4659
f 471/4864/4679 470/4865/4680 1038/4866/4681
f 1038/4866/4681 470/4865/4680 1039/4867/4682
f 472/4868/4683 471/4869/4684 1037/4870/4685
f 1037/4870/4685 471/4869/4684 1038/4871/4686
f 470/4872/4687 469/4873/4688 1039/4874/4689
f 1039/4874/4689 469/4873/4688 1008/4875/4690
f 467/4876/4691 466/4877/4692 1186/4878/4693
f 1186/4878/4693 466/4877/4692 1187/4879/4694
f 468/4880/4695 467/4881/4696 1185/4882/4697
f 1185/4882/4697 467/4881/4696 1186/4883/4698
f 466/4884/4699 465/4885/4700 1187/4886/4701
f 1187/4886/4701 465/4885/4700 1188/4887/4702
f 463/4888/4703 462/4889/4704 1034/4890/4705
f 1034/4890/4705 462/4889/4704 1035/4891/4706
f 464/4892/4707 463/4893/4708 1033/4894/4709
f 1033/4894/4709 463/4893/4708 1034/4895/4710
f 462/4896/4711 461/4897/4712 1035/4898/4713
f 1035/4898/4713 461/4897/4712 1036/4899/4714
f 363/4900/4715 362/4901/4716 1120/4902/4717
f 1120/4902/4717 362/4901/4716 1121/4903/4718
f 363/4904/4719 1119/4905/4720 360/4906/4721
f 360/4906/4721 1119/4905/4720 1974/4907/4722
f 360/4906/4721 1974/4907/4722 1973/4908/4723
f 363/4904/4719 1120/4909/4724 1119/4905/4720
f 1973/4908/4723 1972/4910/4725 360/4906/4721
f 360/4906/4721 1972/4910/4725 1971/4911/4726
f 360/4906/4721 1971/4911/4726 1970/4912/4727
f 1970/4912/4727 1969/4913/4274 360/4906/4721
f 362/4914/4728 361/4915/4729 1121/4916/4730
f 1121/4916/4730 361/4915/4729 1122/4917/4731
f 526/4918/4732 525/4919/4733 1091/4920/4734
f 1091/4920/4734 525/4919/4733 1052/4921/4735
f 1091/4920/4734 1052/4921/4735 1092/4922/4736
f 1092/4922/4736 1052/4921/4735 1126/4923/4737
f 1092/4922/4736 1126/4923/4737 365/4924/4738
f 365/4924/4738 1126/4923/4737 366/4925/4739
f 1051/4926/4740 1130/4927/4741 1052/4921/4735
f 1052/4921/4735 1130/4927/4741 1127/4928/4742
f 1052/4921/4735 1127/4928/4742 1126/4923/4737
f 1079/4929/4743 1138/4930/4744 1051/4926/4740
f 1051/4926/4740 1138/4930/4744 1135/4931/4745
f 1051/4926/4740 1135/4931/4745 1134/4932/4746
f 499/4933/4747 498/4934/4748 1138/4930/4744
f 1138/4930/4744 498/4934/4748 1135/4931/4745
f 552/4935/4749 555/4936/4750 1134/4932/4746
f 1134/4932/4746 555/4936/4750 1131/4937/4751
f 1134/4932/4746 1131/4937/4751 1051/4926/4740
f 1051/4926/4740 1131/4937/4751 1130/4927/4741
f 405/4938/4752 408/4939/4753 1130/4927/4741
f 1130/4927/4741 408/4939/4753 1127/4928/4742
f 526/4940/4754 1094/4941/4755 523/4942/4756
f 523/4942/4756 1094/4941/4755 1998/4943/4757
f 523/4942/4756 1998/4943/4757 1997/4944/4758
f 526/4940/4754 1091/4945/4759 1094/4941/4755
f 1997/4944/4758 1996/4946/4760 523/4942/4756
f 523/4942/4756 1996/4946/4760 1995/4947/4761
f 523/4942/4756 1995/4947/4761 1994/4948/4762
f 1994/4948/4762 1993/4949/4162 523/4942/4756
f 1092/4950/4763 365/4951/4764 1093/4952/4765
f 1093/4952/4765 365/4951/4764 364/4953/4766
f 1093/4952/4765 364/4953/4766 1999/4954/4767
f 1999/4954/4767 364/4953/4766 2000/4955/4768
f 2000/4955/4768 364/4953/4766 2001/4956/4769
f 2001/4956/4769 364/4953/4766 2002/4957/4770
f 2002/4957/4770 364/4953/4766 2003/4958/4771
f 2003/4958/4771 364/4953/4766 2004/4959/4275
f 367/4960/4772 366/4961/4773 1125/4962/4774
f 1125/4962/4774 366/4961/4773 1126/4963/4775
f 459/4964/4776 458/4965/4777 1224/4966/4778
f 1224/4966/4778 458/4965/4777 1225/4967/4779
f 460/4968/4780 459/4969/4781 1223/4970/4782
f 1223/4970/4782 459/4969/4781 1224/4971/4783
f 458/4972/4784 457/4973/4785 1225/4974/4786
f 1225/4974/4786 457/4973/4785 1226/4975/4787
f 455/4976/4788 454/4977/4789 1228/4978/4790
f 1228/4978/4790 454/4977/4789 1229/4979/4791
f 456/4980/4792 455/4981/4793 1227/4982/4794
f 1227/4982/4794 455/4981/4793 1228/4983/4795
f 454/4984/4796 453/4985/4797 1229/4986/4798
f 1229/4986/4798 453/4985/4797 1230/4987/4799
f 451/4988/4800 450/4989/4801 1303/4990/4802
f 1303/4990/4802 450/4989/4801 1269/4991/4803
f 452/4992/4804 451/4993/4805 1302/4994/4806
f 1302/4994/4806 451/4993/4805 1303/4995/4807
f 449/4996/4808 452/4997/4809 1301/4998/4810
f 1301/4998/4810 452/4997/4809 1302/4999/4811
f 450/5000/4812 449/5001/4813 1269/5002/4814
f 1269/5002/4814 449/5001/4813 1301/5003/4815
f 1269/5002/4814 1301/5003/4815 1054/5004/4816
f 1054/5004/4816 1301/5003/4815 1055/5005/4817
f 1055/5005/4817 1301/5003/4815 1300/5006/4818
f 1055/5005/4817 1300/5006/4818 556/5007/4819
f 556/5007/4819 1300/5006/4818 557/5008/4820
f 1054/5004/4816 1064/5009/4821 1269/5002/4814
f 579/5010/4822 578/5011/4823 1163/5012/4824
f 1163/5012/4824 578/5011/4823 1048/5013/4825
f 1163/5012/4824 1048/5013/4825 1164/5014/4826
f 1164/5014/4826 1048/5013/4825 1184/5015/4827
f 1164/5014/4826 1184/5015/4827 573/5016/4828
f 573/5016/4828 1184/5015/4827 574/5017/4829
f 1047/5018/4830 1188/5019/4831 1048/5013/4825
f 1048/5013/4825 1188/5019/4831 1185/5020/4832
f 1048/5013/4825 1185/5020/4832 1184/5015/4827
f 1081/5021/4833 1196/5022/4834 1047/5018/4830
f 1047/5018/4830 1196/5022/4834 1193/5023/4835
f 1047/5018/4830 1193/5023/4835 1192/5024/4836
f 426/5025/4837 425/5026/4838 1196/5022/4834
f 1196/5022/4834 425/5026/4838 1193/5023/4835
f 429/5027/4839 432/5028/4840 1192/5024/4836
f 1192/5024/4836 432/5028/4840 1189/5029/4841
f 1192/5024/4836 1189/5029/4841 1047/5018/4830
f 1047/5018/4830 1189/5029/4841 1188/5019/4831
f 465/5030/4842 468/5031/4843 1188/5019/4831
f 1188/5019/4831 468/5031/4843 1185/5020/4832
f 579/5032/4844 1166/5033/4845 576/5034/4846
f 576/5034/4846 1166/5033/4845 2046/5035/4847
f 576/5034/4846 2046/5035/4847 2045/5036/4848
f 579/5032/4844 1163/5037/4849 1166/5033/4845
f 2045/5036/4848 2044/5038/4850 576/5034/4846
f 576/5034/4846 2044/5038/4850 2043/5039/4851
f 576/5034/4846 2043/5039/4851 2042/5040/4852
f 2042/5040/4852 2041/5041/4210 576/5034/4846
f 447/5042/4853 446/5043/4854 1115/5044/4855
f 1115/5044/4855 446/5043/4854 1112/5045/4856
f 448/5046/4857 447/5047/4858 1114/5048/4859
f 1114/5048/4859 447/5047/4858 1115/5049/4860
f 445/5050/4861 448/5051/4862 1113/5052/4863
f 1113/5052/4863 448/5051/4862 1114/5053/4864
f 446/5054/4865 445/5055/4866 1112/5056/4867
f 1112/5056/4867 445/5055/4866 1113/5057/4868
f 443/5058/4869 442/5059/4870 1264/5060/4871
f 1264/5060/4871 442/5059/4870 1261/5061/4872
f 444/5062/4873 443/5063/4874 1263/5064/4875
f 1263/5064/4875 443/5063/4874 1264/5065/4876
f 441/5066/4877 444/5067/4878 1262/5068/4879
f 1262/5068/4879 444/5067/4878 1263/5069/4880
f 442/5070/4881 441/5071/4882 1261/5072/4883
f 1261/5072/4883 441/5071/4882 1262/5073/4884
f 439/5074/4885 438/5075/4886 1268/5076/4887
f 1268/5076/4887 438/5075/4886 1265/5077/4888
f 440/5078/4889 439/5079/4890 1267/5080/4891
f 1267/5080/4891 439/5079/4890 1268/5081/4892
f 437/5082/4893 440/5083/4894 1266/5084/4895
f 1266/5084/4895 440/5083/4894 1267/5085/4896
f 438/5086/4897 437/5087/4898 1265/5088/4899
f 1265/5088/4899 437/5087/4898 1266/5089/4900
f 435/5090/4901 434/5091/4902 972/5092/4903
f 972/5092/4903 434/5091/4902 973/5093/4904
f 436/5094/4905 435/5095/4906 971/5096/4907
f 971/5096/4907 435/5095/4906 972/5097/4908
f 434/5098/4909 433/5099/4910 973/5100/4911
f 973/5100/4911 433/5099/4910 974/5101/4912
f 431/5102/4913 430/5103/4914 1190/5104/4915
f 1190/5104/4915 430/5103/4914 1191/5105/4916
f 432/5106/4917 431/5107/4918 1189/5108/4919
f 1189/5108/4919 431/5107/4918 1190/5109/4920
f 430/5110/4921 429/5111/4922 1191/5112/4923
f 1191/5112/4923 429/5111/4922 1192/5113/4924
f 427/5114/4925 426/5115/4926 1195/5116/4927
f 1195/5116/4927 426/5115/4926 1196/5117/4928
f 428/5118/4929 427/5119/4930 1194/5120/4931
f 1194/5120/4931 427/5119/4930 1195/5121/4932
f 425/5122/4933 428/5123/4934 1193/5124/4935
f 1193/5124/4935 428/5123/4934 1194/5125/4936
f 423/5126/4937 422/5127/4938 1026/5128/4939
f 1026/5128/4939 422/5127/4938 1023/5129/4940
f 1026/5128/4939 1023/5129/4940 1057/5130/4941
f 1057/5130/4941 1023/5129/4940 1022/5131/4942
f 1057/5130/4941 1022/5131/4942 1019/5132/4943
f 1019/5132/4943 1022/5131/4942 418/5133/4944
f 418/5133/4944 1022/5131/4942 419/5134/4945
f 1019/5132/4943 1018/5135/4946 1057/5130/4941
f 1057/5130/4941 1018/5135/4946 1058/5136/4947
f 1058/5136/4947 1018/5135/4946 1015/5137/4948
f 1058/5136/4947 1015/5137/4948 1014/5138/4949
f 391/5139/4950 390/5140/4951 1018/5135/4946
f 1018/5135/4946 390/5140/4951 1015/5137/4948
f 358/5141/4952 357/5142/4953 1014/5138/4949
f 1014/5138/4949 357/5142/4953 1241/5143/4954
f 1014/5138/4949 1241/5143/4954 1058/5136/4947
f 1058/5136/4947 1241/5143/4954 1240/5144/4955
f 1058/5136/4947 1240/5144/4955 550/5145/4956
f 550/5145/4956 1240/5144/4955 551/5146/4957
f 1057/5130/4941 1027/5147/4958 1026/5128/4939
f 424/5148/4959 423/5149/4960 1025/5150/4961
f 1025/5150/4961 423/5149/4960 1026/5151/4962
f 421/5152/4963 424/5153/4964 1024/5154/4965
f 1024/5154/4965 424/5153/4964 1025/5155/4966
f 422/5156/4967 421/5157/4968 1023/5158/4969
f 1023/5158/4969 421/5157/4968 1024/5159/4970
f 420/5160/4971 419/5161/4972 1021/5162/4973
f 1021/5162/4973 419/5161/4972 1022/5163/4974
f 417/5164/4975 420/5165/4976 1020/5166/4977
f 1020/5166/4977 420/5165/4976 1021/5167/4978
f 418/5168/4979 417/5169/4980 1019/5170/4981
f 1019/5170/4981 417/5169/4980 1020/5171/4982
f 415/5172/4983 414/5173/4984 1232/5174/4985
f 1232/5174/4985 414/5173/4984 1197/5175/4986
f 416/5176/4987 415/5177/4988 1231/5178/4989
f 1231/5178/4989 415/5177/4988 1232/5179/4990
f 416/5180/4991 1231/5181/4992 413/5182/4993
f 413/5182/4993 1231/5181/4992 1063/5183/4994
f 1063/5183/4994 1231/5181/4992 1230/5184/4995
f 1063/5183/4994 1230/5184/4995 1227/5185/4996
f 1227/5185/4996 1230/5184/4995 456/5186/4997
f 456/5186/4997 1230/5184/4995 453/5187/4998
f 1227/5185/4996 1226/5188/4999 1063/5183/4994
f 1063/5183/4994 1226/5188/4999 1046/5189/5000
f 1046/5189/5000 1226/5188/4999 1223/5190/5001
f 1046/5189/5000 1223/5190/5001 1222/5191/5002
f 457/5192/5003 460/5193/5004 1226/5188/4999
f 1226/5188/4999 460/5193/5004 1223/5190/5001
f 484/5194/5005 483/5195/5006 1222/5191/5002
f 1222/5191/5002 483/5195/5006 1210/5196/5007
f 1222/5191/5002 1210/5196/5007 1046/5189/5000
f 1046/5189/5000 1210/5196/5007 1082/5197/5008
f 414/5198/5009 413/5199/5010 1197/5200/5011
f 1197/5200/5011 413/5199/5010 1063/5201/5012
f 1197/5200/5011 1063/5201/5012 1062/5202/5013
f 1062/5202/5013 1198/5203/5014 1197/5200/5011
f 411/5204/5015 410/5205/5016 1042/5206/5017
f 1042/5206/5017 410/5205/5016 1043/5207/5018
f 412/5208/5019 411/5209/5020 1045/5210/5021
f 1045/5210/5021 411/5209/5020 1042/5211/5022
f 409/5212/5023 412/5213/5024 1044/5214/5025
f 1044/5214/5025 412/5213/5024 1045/5215/5026
f 410/5216/5027 409/5217/5028 1043/5218/5029
f 1043/5218/5029 409/5217/5028 1044/5219/5030
f 407/5220/5031 406/5221/5032 1128/5222/5033
f 1128/5222/5033 406/5221/5032 1129/5223/5034
f 408/5224/5035 407/5225/5036 1127/5226/5037
f 1127/5226/5037 407/5225/5036 1128/5227/5038
f 406/5228/5039 405/5229/5040 1129/5230/5041
f 1129/5230/5041 405/5229/5040 1130/5231/5042
f 403/5232/5043 402/5233/5044 1283/5234/5045
f 1283/5234/5045 402/5233/5044 1284/5235/5046
f 404/5236/5047 403/5237/5048 1282/5238/5049
f 1282/5238/5049 403/5237/5048 1283/5239/5050
f 402/5240/5051 401/5241/5052 1284/5242/5053
f 1284/5242/5053 401/5241/5052 1285/5243/5054
f 399/5244/5055 398/5245/5056 1287/5246/5057
f 1287/5246/5057 398/5245/5056 1288/5247/5058
f 400/5248/5059 399/5249/5060 1286/5250/5061
f 1286/5250/5061 399/5249/5060 1287/5251/5062
f 398/5252/5063 397/5253/5064 1288/5254/5065
f 1288/5254/5065 397/5253/5064 1289/5255/5066
f 396/5256/5067 395/5257/5068 1173/5258/5069
f 1173/5258/5069 395/5257/5068 1174/5259/5070
f 393/5260/5071 396/5261/5072 1172/5262/5073
f 1172/5262/5073 396/5261/5072 1173/5263/5074
f 394/5264/5075 393/5265/5076 1171/5266/5077
f 1171/5266/5077 393/5265/5076 1172/5267/5078
f 571/5268/5079 570/5269/5080 1159/5270/5081
f 1159/5270/5081 570/5269/5080 1049/5271/5082
f 1159/5270/5081 1049/5271/5082 1048/5272/5083
f 1159/5270/5081 1048/5272/5083 1160/5273/5084
f 1160/5273/5084 1048/5272/5083 578/5274/5085
f 1160/5273/5084 578/5274/5085 577/5275/5086
f 1156/5276/5087 569/5277/5088 1157/5278/5089
f 1157/5278/5089 569/5277/5088 568/5279/5090
f 1157/5278/5089 568/5279/5090 2023/5280/5091
f 2023/5280/5091 568/5279/5090 2024/5281/5092
f 2024/5281/5092 568/5279/5090 2025/5282/5093
f 2025/5282/5093 568/5279/5090 2026/5283/5094
f 2026/5283/5094 568/5279/5090 2027/5284/5095
f 2027/5284/5095 568/5279/5090 2028/5285/4211
f 551/5286/5096 1243/5287/5097 548/5288/5098
f 548/5288/5098 1243/5287/5097 2070/5289/5099
f 548/5288/5098 2070/5289/5099 2069/5290/5100
f 551/5286/5096 1240/5291/5101 1243/5287/5097
f 2069/5290/5100 2068/5292/5102 548/5288/5098
f 548/5288/5098 2068/5292/5102 2067/5293/5103
f 548/5288/5098 2067/5293/5103 2066/5294/5104
f 2066/5294/5104 2065/5295/4226 548/5288/5098
f 549/5296/5105 1237/5297/5106 550/5298/5107
f 550/5298/5107 1237/5297/5106 1058/5299/5108
f 1058/5299/5108 1237/5297/5106 1236/5300/5109
f 1058/5299/5108 1236/5300/5109 1059/5301/5110
f 1059/5301/5110 1236/5300/5109 354/5302/5111
f 354/5302/5111 1236/5300/5109 355/5303/5112
f 392/5304/5113 391/5305/5114 1017/5306/5115
f 1017/5306/5115 391/5305/5114 1018/5307/5116
f 389/5308/5117 392/5309/5118 1016/5310/5119
f 1016/5310/5119 392/5309/5118 1017/5311/5120
f 390/5312/5121 389/5313/5122 1015/5314/5123
f 1015/5314/5123 389/5313/5122 1016/5315/5124
f 378/5316/5125 377/5317/5126 990/5318/5127
f 990/5318/5127 377/5317/5126 991/5319/5128
f 981/5320/5129 387/5321/5130 982/5322/5131
f 982/5322/5131 387/5321/5130 386/5323/5132
f 982/5322/5131 386/5323/5132 983/5324/5133
f 983/5324/5133 386/5323/5132 385/5325/5134
f 983/5324/5133 385/5325/5134 984/5326/5135
f 984/5326/5135 385/5325/5134 384/5327/5136
f 984/5326/5135 384/5327/5136 985/5328/5137
f 985/5328/5137 384/5327/5136 383/5329/5138
f 985/5328/5137 383/5329/5138 986/5330/5139
f 986/5330/5139 383/5329/5138 382/5331/5140
f 986/5330/5139 382/5331/5140 987/5332/5141
f 987/5332/5141 382/5331/5140 381/5333/5142
f 987/5332/5141 381/5333/5142 988/5334/5143
f 988/5334/5143 381/5333/5142 380/5335/5144
f 988/5334/5143 380/5335/5144 989/5336/5145
f 989/5336/5145 380/5335/5144 379/5337/5146
f 989/5336/5145 379/5337/5146 990/5338/5127
f 990/5338/5127 379/5337/5146 378/5339/5125
f 388/5340/5147 387/5341/5130 980/5342/5148
f 980/5342/5148 387/5341/5130 981/5343/5129
f 376/5344/5149 388/5345/5150 979/5346/5151
f 979/5346/5151 388/5345/5150 980/5347/5152
f 359/5348/5153 358/5349/5154 1013/5350/5155
f 1013/5350/5155 358/5349/5154 1014/5351/5156
f 1241/5352/5157 357/5353/5158 1242/5354/5159
f 1242/5354/5159 357/5353/5158 356/5355/5160
f 1242/5354/5159 356/5355/5160 2071/5356/5161
f 2071/5356/5161 356/5355/5160 2072/5357/5162
f 2072/5357/5162 356/5355/5160 2073/5358/5163
f 2073/5358/5163 356/5355/5160 2074/5359/5164
f 2074/5359/5164 356/5355/5160 2075/5360/5165
f 2075/5360/5165 356/5355/5160 2076/5361/4187
f 374/5362/5166 373/5363/5167 976/5364/5168
f 976/5364/5168 373/5363/5167 977/5365/5169
f 375/5366/5170 374/5367/5171 975/5368/5172
f 975/5368/5172 374/5367/5171 976/5369/5173
f 373/5370/5174 372/5371/5175 977/5372/5176
f 977/5372/5176 372/5371/5175 978/5373/5177
f 1383/5374/5178 1280/5375/5179 1384/5376/5180
f 1384/5376/5180 1280/5375/5179 1279/5377/5181
f 1384/5376/5180 1279/5377/5181 1385/5378/5182
f 1385/5378/5182 1279/5377/5181 1278/5379/5183
f 1385/5378/5182 1278/5379/5183 1386/5380/5184
f 1386/5380/5184 1278/5379/5183 1277/5381/5185
f 1386/5380/5184 1277/5381/5185 1387/5382/5186
f 1387/5382/5186 1277/5381/5185 1276/5383/5187
f 1387/5382/5186 1276/5383/5187 1388/5384/5188
f 1388/5384/5188 1276/5383/5187 1275/5385/5189
f 1388/5384/5188 1275/5385/5189 1389/5386/5190
f 1389/5386/5190 1275/5385/5189 1274/5387/5191
f 1389/5386/5190 1274/5387/5191 1390/5388/5192
f 1390/5388/5192 1274/5387/5191 1273/5389/5193
f 1390/5388/5192 1273/5389/5193 1391/5390/5194
f 1391/5390/5194 1273/5389/5193 1272/5391/5195
f 1391/5390/5194 1272/5391/5195 1392/5392/5196
f 1392/5392/5196 1272/5391/5195 1271/5393/5197
f 1392/5392/5196 1271/5393/5197 1393/5394/5198
f 1393/5394/5198 1271/5393/5197 1270/5395/5199
f 1393/5394/5198 1270/5395/5199 1077/5396/1186
f 1077/5396/1186 1270/5395/5199 1078/5397/1176
f 1349/5398/1627 1149/5399/1631 1350/5400/5200
f 1350/5400/5200 1149/5399/1631 1148/5401/5201
f 1350/5400/5200 1148/5401/5201 1351/5402/5202
f 1351/5402/5202 1148/5401/5201 1147/5403/5203
f 1351/5402/5202 1147/5403/5203 1352/5404/5204
f 1352/5404/5204 1147/5403/5203 1146/5405/5205
f 1352/5404/5204 1146/5405/5205 1353/5406/5206
f 1353/5406/5206 1146/5405/5205 1145/5407/5207
f 1353/5406/5206 1145/5407/5207 1354/5408/5208
f 1354/5408/5208 1145/5407/5207 1144/5409/5209
f 1354/5408/5208 1144/5409/5209 1355/5410/5210
f 1355/5410/5210 1144/5409/5209 1143/5411/5211
f 1355/5410/5210 1143/5411/5211 1356/5412/5212
f 1356/5412/5212 1143/5411/5211 1142/5413/5213
f 1356/5412/5212 1142/5413/5213 1357/5414/5214
f 1357/5414/5214 1142/5413/5213 1141/5415/5215
f 1357/5414/5214 1141/5415/5215 1358/5416/5216
f 1358/5416/5216 1141/5415/5215 1140/5417/5217
f 1358/5416/5216 1140/5417/5217 1359/5418/5218
f 1359/5418/5218 1140/5417/5217 1139/5419/5219
f 1359/5418/5218 1139/5419/5219 1085/5420/1196
f 1085/5420/1196 1139/5419/5219 1086/5421/1195
f 1084/5422/1198 1083/5423/1204 1360/5424/5220
f 1360/5424/5220 1083/5423/1204 1209/5425/5221
f 1360/5424/5220 1209/5425/5221 1361/5426/5222
f 1361/5426/5222 1209/5425/5221 1208/5427/5223
f 1361/5426/5222 1208/5427/5223 1362/5428/5224
f 1362/5428/5224 1208/5427/5223 1207/5429/5225
f 1362/5428/5224 1207/5429/5225 1363/5430/5226
f 1363/5430/5226 1207/5429/5225 1206/5431/5227
f 1363/5430/5226 1206/5431/5227 1364/5432/5228
f 1364/5432/5228 1206/5431/5227 1205/5433/5229
f 1364/5432/5228 1205/5433/5229 1365/5434/5230
f 1365/5434/5230 1205/5433/5229 1204/5435/5231
f 1365/5434/5230 1204/5435/5231 1366/5436/5232
f 1366/5436/5232 1204/5435/5231 1203/5437/5233
f 1366/5436/5232 1203/5437/5233 1367/5438/5234
f 1367/5438/5234 1203/5437/5233 1202/5439/5235
f 1367/5438/5234 1202/5439/5235 1368/5440/5236
f 1368/5440/5236 1202/5439/5235 1201/5441/5237
f 1368/5440/5236 1201/5441/5237 1369/5442/5238
f 1369/5442/5238 1201/5441/5237 1200/5443/5239
f 1369/5442/5238 1200/5443/5239 1370/5444/5240
f 1370/5444/5240 1200/5443/5239 1199/5445/5241
f 1005/5446/5242 1004/5447/5243 1061/5448/5244
f 1061/5448/5244 1004/5447/5243 1371/5449/5245
f 1061/5448/5244 1371/5449/5245 1370/5450/5240
f 1061/5448/5244 1370/5450/5240 1062/5451/5246
f 1062/5451/5246 1370/5450/5240 1199/5452/5241
f 1062/5451/5246 1199/5452/5241 1198/5453/5247
f 1371/5449/5245 1004/5454/5243 1372/5455/5248
f 1372/5455/5248 1004/5454/5243 1003/5456/5249
f 1372/5455/5248 1003/5456/5249 1373/5457/5250
f 1373/5457/5250 1003/5456/5249 1002/5458/5251
f 1373/5457/5250 1002/5458/5251 1374/5459/5252
f 1374/5459/5252 1002/5458/5251 1001/5460/5253
f 1374/5459/5252 1001/5460/5253 1375/5461/5254
f 1375/5461/5254 1001/5460/5253 1000/5462/5255
f 1375/5461/5254 1000/5462/5255 1376/5463/5256
f 1376/5463/5256 1000/5462/5255 999/5464/5257
f 1376/5463/5256 999/5464/5257 1377/5465/5258
f 1377/5465/5258 999/5464/5257 998/5466/5259
f 1377/5465/5258 998/5466/5259 1378/5467/5260
f 1378/5467/5260 998/5466/5259 997/5468/5261
f 1378/5467/5260 997/5468/5261 1379/5469/5262
f 1379/5469/5262 997/5468/5261 996/5470/5263
f 1379/5469/5262 996/5470/5263 1380/5471/5264
f 1380/5471/5264 996/5470/5263 995/5472/5265
f 1380/5471/5264 995/5472/5265 1381/5473/5266
f 1381/5473/5266 995/5472/5265 994/5474/5267
f 1381/5473/5266 994/5474/5267 1382/5475/5268
f 1382/5475/5268 994/5474/5267 993/5476/5269
f 1028/5477/5270 1027/5478/5271 969/5479/5272
f 969/5479/5272 1027/5478/5271 1057/5480/5273
f 969/5479/5272 1057/5480/5273 1382/5481/5268
f 1382/5481/5268 1057/5480/5273 1383/5482/5178
f 1383/5482/5178 1057/5480/5273 1056/5483/5274
f 1383/5482/5178 1056/5483/5274 1280/5484/5179
f 1280/5484/5179 1056/5483/5274 1281/5485/5275
f 969/5479/5272 1382/5481/5268 968/5486/5276
f 968/5486/5276 1382/5481/5268 993/5487/5269
f 968/5486/5276 993/5487/5269 992/5488/5277
# 2124 vertices
# 5488 texture params
# 5277 normals
# 4780 facets

# 1 groups
