# WaveFront *.obj file (generated by Autodesk ATF)

mtllib switch.mtl

g switch

v 109.300002 79.350001 -1.871573
v 109.300002 79.298237 -1.878388
v 109.300002 79.250001 -1.898368
v 109.300002 79.208579 -1.930152
v 109.300002 79.176796 -1.971573
v 109.300002 79.156816 -2.019809
v 109.300002 79.150001 -2.071573
v 110.300002 79.150001 -2.071573
v 110.300002 79.156816 -2.019809
v 110.300002 79.176796 -1.971573
v 110.300002 79.208579 -1.930152
v 110.300002 79.250001 -1.898368
v 110.300002 79.298237 -1.878388
v 110.300002 79.350001 -1.871573
v 109.300002 79.150001 -8.421573
v 110.300002 79.150001 -8.421573
v 109.300002 91.750001 -1.871573
v 109.300002 91.801765 -1.878388
v 109.300002 91.850001 -1.898368
v 109.300002 91.891422 -1.930152
v 109.300002 91.923206 -1.971573
v 109.300002 91.943186 -2.019809
v 109.300002 91.950001 -2.071573
v 109.300002 91.950001 -8.421573
v 109.300002 91.943186 -8.473337
v 109.300002 91.923206 -8.521573
v 109.300002 91.891422 -8.562994
v 109.300002 91.850001 -8.594778
v 109.300002 91.801765 -8.614758
v 109.300002 91.750001 -8.621573
v 109.300002 79.350001 -8.621573
v 109.300002 79.298237 -8.614758
v 109.300002 79.250001 -8.594778
v 109.300002 79.208579 -8.562994
v 109.300002 79.176796 -8.521573
v 109.300002 79.156816 -8.473337
v 109.300002 84.250001 -3.871573
v 109.300002 84.250001 -6.471573
v 109.300002 86.850001 -6.471573
v 109.300002 86.850001 -3.871573
v 110.300002 79.350001 -8.621573
v 110.300002 79.298237 -8.614758
v 110.300002 79.250001 -8.594778
v 110.300002 79.208579 -8.562994
v 110.300002 79.176796 -8.521573
v 110.300002 79.156816 -8.473337
v 110.300002 91.750001 -8.621573
v 110.300002 91.750001 -1.871573
v 110.300002 91.950001 -8.421573
v 110.300002 91.943186 -8.473337
v 110.300002 91.923206 -8.521573
v 110.300002 91.891422 -8.562994
v 110.300002 91.850001 -8.594778
v 110.300002 91.801765 -8.614758
v 110.300002 91.950001 -2.071573
v 110.300002 91.801765 -1.878388
v 110.300002 91.850001 -1.898368
v 110.300002 91.891422 -1.930152
v 110.300002 91.923206 -1.971573
v 110.300002 91.943186 -2.019809
v 110.300002 83.250001 -7.049456
v 110.300002 83.257687 -7.127492
v 110.300002 83.280449 -7.202529
v 110.300002 83.317413 -7.271684
v 110.300002 83.367158 -7.332299
v 110.300002 83.427773 -7.382044
v 110.300002 83.496927 -7.419008
v 110.300002 83.571965 -7.441770
v 110.300002 83.650001 -7.449456
v 112.500002 83.650001 -7.449456
v 112.500002 83.571965 -7.441770
v 112.500002 83.496927 -7.419008
v 112.500002 83.427773 -7.382044
v 112.500002 83.367158 -7.332299
v 112.500002 83.317413 -7.271684
v 112.500002 83.280449 -7.202529
v 112.500002 83.257687 -7.127492
v 112.500002 83.250001 -7.049456
v 111.400002 83.257687 -7.127492
v 111.400002 83.280449 -7.202529
v 111.400002 83.317413 -7.271684
v 111.400002 83.367158 -7.332299
v 111.400002 83.427773 -7.382044
v 111.400002 83.496927 -7.419008
v 111.400002 83.571965 -7.441770
v 112.598019 83.652890 -7.444641
v 112.695092 83.661530 -7.430241
v 112.790286 83.675837 -7.406396
v 112.882685 83.695673 -7.373336
v 112.971398 83.720848 -7.331377
v 113.055572 83.751119 -7.280926
v 113.134395 83.786195 -7.222467
v 113.207108 83.825737 -7.156563
v 113.273012 83.869365 -7.083849
v 113.331471 83.916659 -7.005026
v 113.381923 83.967163 -6.920853
v 113.423881 84.020391 -6.832139
v 113.456942 84.075830 -6.739741
v 113.480787 84.132947 -6.644546
v 113.495186 84.191191 -6.547473
v 113.500002 84.250001 -6.449456
v 113.495186 84.151984 -6.508266
v 113.480787 84.054910 -6.566510
v 113.456942 83.959716 -6.623627
v 113.423881 83.867317 -6.679066
v 113.381923 83.778604 -6.732294
v 113.331471 83.694431 -6.782798
v 113.273012 83.615608 -6.830092
v 113.207108 83.542894 -6.873720
v 113.134395 83.476990 -6.913262
v 113.055572 83.418531 -6.948338
v 112.971398 83.368080 -6.978609
v 112.882685 83.326121 -7.003784
v 112.790286 83.293060 -7.023620
v 112.695092 83.269216 -7.037927
v 112.598019 83.254816 -7.046567
v 113.291803 83.834917 -7.056461
v 113.327236 83.690017 -6.820069
v 113.101988 83.707896 -7.242567
v 113.096891 83.450683 -6.978186
v 112.922939 83.635113 -7.349040
v 112.918020 83.345239 -7.047933
v 112.718394 83.588142 -7.417554
v 112.784926 83.295603 -7.080834
v 112.573444 83.573639 -7.438655
v 112.576893 83.498769 -7.415393
v 112.578431 83.452860 -7.392516
v 112.579589 83.391991 -7.348997
v 112.579449 83.340109 -7.295014
v 112.578010 83.299096 -7.232452
v 112.575308 83.270487 -7.163387
v 112.572376 83.257254 -7.106304
v 112.646440 83.579146 -7.430648
v 112.653246 83.505417 -7.406901
v 112.656280 83.460152 -7.383933
v 112.658565 83.400018 -7.340594
v 112.658289 83.348581 -7.287123
v 112.655450 83.307669 -7.225352
v 112.650119 83.278785 -7.157297
v 112.644332 83.265073 -7.101104
v 112.728257 83.516197 -7.393113
v 112.732653 83.471945 -7.370038
v 112.735963 83.412979 -7.327022
v 112.735562 83.362268 -7.274379
v 112.731451 83.321560 -7.213862
v 112.723726 83.292302 -7.147391
v 112.715338 83.277890 -7.092590
v 112.857125 83.616242 -7.376591
v 112.871623 83.549572 -7.350361
v 112.878073 83.508332 -7.327113
v 112.882929 83.452889 -7.285217
v 112.882341 83.404445 -7.235132
v 112.876310 83.364515 -7.178378
v 112.864967 83.334380 -7.116604
v 112.852627 83.318109 -7.065909
v 112.795539 83.310884 -7.133787
v 112.805306 83.340573 -7.198149
v 112.810502 83.380959 -7.256983
v 112.811008 83.430671 -7.308493
v 112.806825 83.488063 -7.351031
v 112.801269 83.530964 -7.374208
v 112.788794 83.600537 -7.399495
v 112.938772 83.571785 -7.321861
v 112.945807 83.532469 -7.298606
v 112.951102 83.479307 -7.257534
v 112.950461 83.432384 -7.209147
v 112.943884 83.393072 -7.154820
v 112.931507 83.362543 -7.096032
v 113.046132 83.681405 -7.281348
v 113.062819 83.625573 -7.252729
v 113.070210 83.590622 -7.229831
v 113.075771 83.542750 -7.191027
v 113.075098 83.499546 -7.146725
v 113.068191 83.462069 -7.097985
v 113.055172 83.431252 -7.045936
v 113.040931 83.412178 -7.003640
v 112.980865 83.376678 -7.027122
v 112.994971 83.394939 -7.072399
v 113.007891 83.425713 -7.127920
v 113.014751 83.464213 -7.179559
v 113.015420 83.509383 -7.226010
v 113.009897 83.560005 -7.266053
v 113.002557 83.597210 -7.289200
v 112.986013 83.656897 -7.317200
v 113.118318 83.655972 -7.213608
v 113.125540 83.623325 -7.191116
v 113.130971 83.578311 -7.153738
v 113.130313 83.537221 -7.111724
v 113.123568 83.500964 -7.065981
v 113.110840 83.470348 -7.017467
v 113.149742 83.492620 -6.950476
v 113.163027 83.512615 -6.986711
v 113.175125 83.542742 -7.031625
v 113.181531 83.577552 -7.074266
v 113.182156 83.616358 -7.113835
v 113.176998 83.658399 -7.149572
v 113.170138 83.688688 -7.171476
v 113.154600 83.736652 -7.200446
v 113.203841 83.767511 -7.155230
v 113.218245 83.723515 -7.126609
v 113.224594 83.695612 -7.105482
v 113.229365 83.656630 -7.071594
v 113.228788 83.620259 -7.034606
v 113.222861 83.587122 -6.995142
v 113.211657 83.557790 -6.953852
v 113.199331 83.537755 -6.920660
v 113.249611 83.800318 -7.107156
v 113.262621 83.760273 -7.079248
v 113.268346 83.734769 -7.059083
v 113.272649 83.698914 -7.027242
v 113.272128 83.665113 -6.992955
v 113.266784 83.633865 -6.956722
v 113.256674 83.605630 -6.919058
v 113.245530 83.585855 -6.888887
v 113.303244 83.798783 -7.029631
v 113.308271 83.775675 -7.010612
v 113.312048 83.742995 -6.981004
v 113.311590 83.711886 -6.949522
v 113.306900 83.682732 -6.916554
v 113.298018 83.655898 -6.882497
v 113.288209 83.636687 -6.855307
v 113.335628 83.708354 -6.844335
v 113.343213 83.733487 -6.874827
v 113.347215 83.760349 -6.904516
v 113.347605 83.788662 -6.933105
v 113.344383 83.818138 -6.960305
v 113.340093 83.838865 -6.978000
v 113.330312 83.871153 -7.003379
v 113.365041 83.908877 -6.948141
v 113.373154 83.880358 -6.924573
v 113.376708 83.861988 -6.908371
v 113.379377 83.835730 -6.883742
v 113.379054 83.810304 -6.858118
v 113.375739 83.785917 -6.831709
v 113.369453 83.762772 -6.804728
v 113.362486 83.745615 -6.783320
v 113.395926 83.947930 -6.890978
v 113.402418 83.923110 -6.869548
v 113.405259 83.907072 -6.854992
v 113.407391 83.884044 -6.833077
v 113.407133 83.861583 -6.810482
v 113.404484 83.839834 -6.787350
v 113.399458 83.818938 -6.763830
v 113.393879 83.803239 -6.745217
v 113.436445 84.011395 -6.798130
v 113.440597 83.992239 -6.780620
v 113.442411 83.979810 -6.768909
v 113.443772 83.961854 -6.751492
v 113.443607 83.944172 -6.733745
v 113.441917 83.926836 -6.715740
v 113.438705 83.909917 -6.697548
v 113.435134 83.896988 -6.683202
v 113.467179 84.077116 -6.702036
v 113.469385 84.063488 -6.689023
v 113.470347 84.054616 -6.680419
v 113.471069 84.041739 -6.667743
v 113.470981 84.028964 -6.654944
v 113.470085 84.016318 -6.642049
v 113.468380 84.003829 -6.629085
v 113.466482 83.994164 -6.618890
v 113.487915 84.144476 -6.603598
v 113.488736 84.136262 -6.595520
v 113.489093 84.130903 -6.590219
v 113.489362 84.123100 -6.582460
v 113.489329 84.115318 -6.574673
v 113.488996 84.107566 -6.566866
v 113.488362 84.099847 -6.559043
v 113.487655 84.093823 -6.552903
v 113.498510 84.212842 -6.503731
v 113.498613 84.209968 -6.500862
v 113.498658 84.208090 -6.498987
v 113.498691 84.205352 -6.496251
v 113.498687 84.202615 -6.493514
v 113.498646 84.199879 -6.490775
v 113.498566 84.197144 -6.488036
v 113.498478 84.195001 -6.485888
v 112.500002 87.450001 -7.449456
v 112.598019 87.447112 -7.444641
v 112.695092 87.438472 -7.430241
v 112.790286 87.424165 -7.406396
v 112.882685 87.404329 -7.373336
v 112.971398 87.379154 -7.331377
v 113.055572 87.348883 -7.280926
v 113.134395 87.313807 -7.222467
v 113.207108 87.274265 -7.156563
v 113.273012 87.230637 -7.083849
v 113.331471 87.183343 -7.005026
v 113.381923 87.132839 -6.920853
v 113.423881 87.079611 -6.832139
v 113.456942 87.024172 -6.739741
v 113.480787 86.967055 -6.644546
v 113.495186 86.908811 -6.547473
v 113.500002 86.850001 -6.449456
v 113.465927 85.550001 -6.708275
v 113.491446 85.550001 -6.579982
v 113.423881 85.550001 -6.832139
v 113.366027 85.550001 -6.949456
v 113.293355 85.550001 -7.058217
v 113.207108 85.550001 -7.156563
v 113.108763 85.550001 -7.242809
v 113.000002 85.550001 -7.315481
v 112.882685 85.550001 -7.373336
v 112.758821 85.550001 -7.415382
v 112.630528 85.550001 -7.440901
v 110.300002 87.450001 -7.449456
v 112.500002 87.528037 -7.441770
v 112.500002 87.603074 -7.419008
v 112.500002 87.672229 -7.382044
v 112.500002 87.732844 -7.332299
v 112.500002 87.782589 -7.271684
v 112.500002 87.819553 -7.202529
v 112.500002 87.842315 -7.127492
v 112.500002 87.850001 -7.049456
v 112.598019 87.845186 -7.046567
v 112.695092 87.830786 -7.037927
v 112.790286 87.806941 -7.023620
v 112.882685 87.773880 -7.003784
v 112.971398 87.731922 -6.978609
v 113.055572 87.681470 -6.948338
v 113.134395 87.623011 -6.913262
v 113.207108 87.557108 -6.873720
v 113.273012 87.484394 -6.830092
v 113.331471 87.405571 -6.782798
v 113.381923 87.321398 -6.732294
v 113.423881 87.232684 -6.679066
v 113.456942 87.140285 -6.623627
v 113.480787 87.045091 -6.566510
v 113.495186 86.948018 -6.508266
v 113.291803 87.457005 -6.864540
v 113.327236 87.220614 -7.009440
v 113.101988 87.643112 -6.991561
v 113.096891 87.378731 -7.248774
v 112.922939 87.749584 -7.064344
v 112.918020 87.448478 -7.354218
v 112.718394 87.818099 -7.111315
v 112.784926 87.481379 -7.403853
v 112.573444 87.839200 -7.125818
v 112.576893 87.815937 -7.200688
v 112.578431 87.793061 -7.246597
v 112.579589 87.749542 -7.307466
v 112.579449 87.695559 -7.359348
v 112.578010 87.632997 -7.400361
v 112.575308 87.563932 -7.428970
v 112.572376 87.506848 -7.442203
v 112.646440 87.831193 -7.120310
v 112.653246 87.807446 -7.194040
v 112.656280 87.784477 -7.239305
v 112.658565 87.741139 -7.299439
v 112.658289 87.687668 -7.350876
v 112.655450 87.625897 -7.391787
v 112.650119 87.557842 -7.420672
v 112.644332 87.501649 -7.434384
v 112.728257 87.793658 -7.183260
v 112.732653 87.770583 -7.227512
v 112.735963 87.727567 -7.286477
v 112.735562 87.674924 -7.337189
v 112.731451 87.614407 -7.377897
v 112.723726 87.547936 -7.407155
v 112.715338 87.493135 -7.421567
v 112.857125 87.777136 -7.083215
v 112.871623 87.750906 -7.149885
v 112.878073 87.727658 -7.191125
v 112.882929 87.685762 -7.246568
v 112.882341 87.635677 -7.295012
v 112.876310 87.578923 -7.334942
v 112.864967 87.517148 -7.365077
v 112.852627 87.466453 -7.381348
v 112.795539 87.534332 -7.388573
v 112.805306 87.598693 -7.358884
v 112.810502 87.657527 -7.318498
v 112.811008 87.709038 -7.268786
v 112.806825 87.751576 -7.211394
v 112.801269 87.774752 -7.168493
v 112.788794 87.800040 -7.098920
v 112.938772 87.722406 -7.127672
v 112.945807 87.699151 -7.166988
v 112.951102 87.658079 -7.220150
v 112.950461 87.609692 -7.267073
v 112.943884 87.555364 -7.306385
v 112.931507 87.496577 -7.336914
v 113.046132 87.681892 -7.018052
v 113.062819 87.653273 -7.073883
v 113.070210 87.630375 -7.108835
v 113.075771 87.591572 -7.156707
v 113.075098 87.547270 -7.199911
v 113.068191 87.498529 -7.237388
v 113.055172 87.446480 -7.268205
v 113.040931 87.404185 -7.287279
v 112.980865 87.427667 -7.322778
v 112.994971 87.472943 -7.304517
v 113.007891 87.528465 -7.273744
v 113.014751 87.580104 -7.235244
v 113.015420 87.626555 -7.190074
v 113.009897 87.666598 -7.139452
v 113.002557 87.689745 -7.102247
v 112.986013 87.717745 -7.042560
v 113.118318 87.614153 -7.043485
v 113.125540 87.591660 -7.076131
v 113.130971 87.554283 -7.121146
v 113.130313 87.512269 -7.162236
v 113.123568 87.466526 -7.198493
v 113.110840 87.418012 -7.229109
v 113.149742 87.351021 -7.206837
v 113.163027 87.387255 -7.186841
v 113.175125 87.432170 -7.156715
v 113.181531 87.474811 -7.121905
v 113.182156 87.514380 -7.083099
v 113.176998 87.550117 -7.041058
v 113.170138 87.572021 -7.010768
v 113.154600 87.600991 -6.962805
v 113.203841 87.555775 -6.931946
v 113.218245 87.527154 -6.975942
v 113.224594 87.506027 -7.003845
v 113.229365 87.472139 -7.042827
v 113.228788 87.435151 -7.079198
v 113.222861 87.395687 -7.112335
v 113.211657 87.354397 -7.141667
v 113.199331 87.321205 -7.161702
v 113.249611 87.507701 -6.899139
v 113.262621 87.479793 -6.939184
v 113.268346 87.459628 -6.964688
v 113.272649 87.427786 -7.000543
v 113.272128 87.393500 -7.034344
v 113.266784 87.357267 -7.065592
v 113.256674 87.319603 -7.093826
v 113.245530 87.289432 -7.113602
v 113.303244 87.430176 -6.900674
v 113.308271 87.411157 -6.923782
v 113.312048 87.381548 -6.956462
v 113.311590 87.350067 -6.987571
v 113.306900 87.317099 -7.016724
v 113.298018 87.283041 -7.043559
v 113.288209 87.255852 -7.062770
v 113.335628 87.244880 -6.991103
v 113.343213 87.275372 -6.965969
v 113.347215 87.305061 -6.939108
v 113.347605 87.333650 -6.910795
v 113.344383 87.360849 -6.881319
v 113.340093 87.378545 -6.860592
v 113.330312 87.403924 -6.828304
v 113.365041 87.348686 -6.790580
v 113.373154 87.325117 -6.819099
v 113.376708 87.308916 -6.837469
v 113.379377 87.284287 -6.863726
v 113.379054 87.258663 -6.889153
v 113.375739 87.232254 -6.913540
v 113.369453 87.205273 -6.936685
v 113.362486 87.183864 -6.953842
v 113.395926 87.291523 -6.751527
v 113.402418 87.270093 -6.776347
v 113.405259 87.255537 -6.792385
v 113.407391 87.233622 -6.815413
v 113.407133 87.211026 -6.837874
v 113.404484 87.187895 -6.859623
v 113.399458 87.164375 -6.880519
v 113.393879 87.145762 -6.896218
v 113.436445 87.198675 -6.688062
v 113.440597 87.181165 -6.707218
v 113.442411 87.169453 -6.719647
v 113.443772 87.152037 -6.737603
v 113.443607 87.134290 -6.755284
v 113.441917 87.116284 -6.772620
v 113.438705 87.098093 -6.789540
v 113.435134 87.083747 -6.802469
v 113.467179 87.102581 -6.622341
v 113.469385 87.089568 -6.635969
v 113.470347 87.080964 -6.644841
v 113.471069 87.068288 -6.657718
v 113.470981 87.055489 -6.670493
v 113.470085 87.042594 -6.683138
v 113.468380 87.029629 -6.695628
v 113.466482 87.019435 -6.705293
v 113.487915 87.004143 -6.554981
v 113.488736 86.996065 -6.563195
v 113.489093 86.990764 -6.568554
v 113.489362 86.983005 -6.576357
v 113.489329 86.975218 -6.584138
v 113.488996 86.967411 -6.591891
v 113.488362 86.959588 -6.599610
v 113.487655 86.953448 -6.605634
v 113.498510 86.904275 -6.486615
v 113.498613 86.901407 -6.489489
v 113.498658 86.899532 -6.491367
v 113.498691 86.896796 -6.494105
v 113.498687 86.894058 -6.496842
v 113.498646 86.891320 -6.499578
v 113.498566 86.888581 -6.502313
v 113.498478 86.886433 -6.504455
v 110.300002 87.528037 -7.441770
v 110.300002 87.603074 -7.419008
v 110.300002 87.672229 -7.382044
v 110.300002 87.732844 -7.332299
v 110.300002 87.782589 -7.271684
v 110.300002 87.819553 -7.202529
v 110.300002 87.842315 -7.127492
v 110.300002 87.850001 -7.049456
v 111.400002 87.842315 -7.127492
v 111.400002 87.819553 -7.202529
v 111.400002 87.782589 -7.271684
v 111.400002 87.732844 -7.332299
v 111.400002 87.672229 -7.382044
v 111.400002 87.603074 -7.419008
v 111.400002 87.528037 -7.441770
v 112.500002 87.850001 -3.249456
v 112.598019 87.845186 -3.252345
v 112.695092 87.830786 -3.260985
v 112.790286 87.806941 -3.275292
v 112.882685 87.773880 -3.295128
v 112.971398 87.731922 -3.320303
v 113.055572 87.681470 -3.350574
v 113.134395 87.623011 -3.385650
v 113.207108 87.557108 -3.425192
v 113.273012 87.484394 -3.468820
v 113.331471 87.405571 -3.516114
v 113.381923 87.321398 -3.566618
v 113.423881 87.232684 -3.619846
v 113.456942 87.140285 -3.675285
v 113.480787 87.045091 -3.732402
v 113.495186 86.948018 -3.790646
v 113.500002 86.850001 -3.849456
v 113.465927 87.108820 -5.149456
v 113.491446 86.980527 -5.149456
v 113.423881 87.232684 -5.149456
v 113.366027 87.350001 -5.149456
v 113.293355 87.458762 -5.149456
v 113.207108 87.557108 -5.149456
v 113.108763 87.643354 -5.149456
v 113.000002 87.716026 -5.149456
v 112.882685 87.773880 -5.149456
v 112.758821 87.815927 -5.149456
v 112.630528 87.841446 -5.149456
v 112.500002 87.842315 -3.171420
v 112.500002 87.819553 -3.096383
v 112.500002 87.782589 -3.027228
v 112.500002 87.732844 -2.966613
v 112.500002 87.672229 -2.916868
v 112.500002 87.603074 -2.879904
v 112.500002 87.528037 -2.857142
v 112.500002 87.450001 -2.849456
v 112.598019 87.447112 -2.854271
v 112.695092 87.438472 -2.868671
v 112.790286 87.424165 -2.892516
v 112.882685 87.404329 -2.925577
v 112.971398 87.379154 -2.967535
v 113.055572 87.348883 -3.017986
v 113.134395 87.313807 -3.076446
v 113.207108 87.274265 -3.142349
v 113.273012 87.230637 -3.215063
v 113.331471 87.183343 -3.293886
v 113.381923 87.132839 -3.378059
v 113.423881 87.079611 -3.466773
v 113.456942 87.024172 -3.559171
v 113.480787 86.967055 -3.654366
v 113.495186 86.908811 -3.751439
v 113.291803 87.265084 -3.242451
v 113.327236 87.409985 -3.478843
v 113.101988 87.392106 -3.056345
v 113.096891 87.649319 -3.320726
v 112.922939 87.464889 -2.949872
v 112.918020 87.754763 -3.250979
v 112.718394 87.511860 -2.881358
v 112.784926 87.804398 -3.218078
v 112.573444 87.526363 -2.860257
v 112.576893 87.601233 -2.883520
v 112.578431 87.647142 -2.906396
v 112.579589 87.708011 -2.949915
v 112.579449 87.759893 -3.003898
v 112.578010 87.800906 -3.066460
v 112.575308 87.829515 -3.135525
v 112.572376 87.842747 -3.192608
v 112.646440 87.520855 -2.868264
v 112.653246 87.594585 -2.892011
v 112.656280 87.639850 -2.914980
v 112.658565 87.699983 -2.958318
v 112.658289 87.751421 -3.011789
v 112.655450 87.792332 -3.073560
v 112.650119 87.821217 -3.141615
v 112.644332 87.834929 -3.197808
v 112.728257 87.583804 -2.905799
v 112.732653 87.628057 -2.928874
v 112.735963 87.687022 -2.971890
v 112.735562 87.737734 -3.024533
v 112.731451 87.778442 -3.085050
v 112.723726 87.807700 -3.151521
v 112.715338 87.822111 -3.206322
v 112.857125 87.483760 -2.922321
v 112.871623 87.550430 -2.948551
v 112.878073 87.591670 -2.971799
v 112.882929 87.647112 -3.013695
v 112.882341 87.695557 -3.063780
v 112.876310 87.735487 -3.120534
v 112.864967 87.765621 -3.182308
v 112.852627 87.781893 -3.233003
v 112.795539 87.789118 -3.165125
v 112.805306 87.759428 -3.100764
v 112.810502 87.719042 -3.041929
v 112.811008 87.669331 -2.990419
v 112.806825 87.611938 -2.947881
v 112.801269 87.569038 -2.924705
v 112.788794 87.499465 -2.899417
v 112.938772 87.528217 -2.977051
v 112.945807 87.567533 -3.000306
v 112.951102 87.620694 -3.041378
v 112.950461 87.667617 -3.089765
v 112.943884 87.706930 -3.144093
v 112.931507 87.737458 -3.202880
v 113.046132 87.418597 -3.017564
v 113.062819 87.474428 -3.046184
v 113.070210 87.509380 -3.069081
v 113.075771 87.557251 -3.107885
v 113.075098 87.600456 -3.152187
v 113.068191 87.637933 -3.200927
v 113.055172 87.668750 -3.252977
v 113.040931 87.687823 -3.295272
v 112.980865 87.723323 -3.271790
v 112.994971 87.705062 -3.226514
v 113.007891 87.674289 -3.170992
v 113.014751 87.635789 -3.119353
v 113.015420 87.590619 -3.072902
v 113.009897 87.539997 -3.032859
v 113.002557 87.502792 -3.009712
v 112.986013 87.443105 -2.981712
v 113.118318 87.444029 -3.085304
v 113.125540 87.476676 -3.107797
v 113.130971 87.521691 -3.145174
v 113.130313 87.562780 -3.187188
v 113.123568 87.599038 -3.232931
v 113.110840 87.629653 -3.281445
v 113.149742 87.607382 -3.348436
v 113.163027 87.587386 -3.312201
v 113.175125 87.557260 -3.267287
v 113.181531 87.522450 -3.224646
v 113.182156 87.483644 -3.185077
v 113.176998 87.441602 -3.149340
v 113.170138 87.411313 -3.127436
v 113.154600 87.363350 -3.098466
v 113.203841 87.332491 -3.143682
v 113.218245 87.376486 -3.172303
v 113.224594 87.404390 -3.193430
v 113.229365 87.443372 -3.227318
v 113.228788 87.479743 -3.264306
v 113.222861 87.512880 -3.303770
v 113.211657 87.542212 -3.345060
v 113.199331 87.562247 -3.378252
v 113.249611 87.299684 -3.191756
v 113.262621 87.339728 -3.219664
v 113.268346 87.365233 -3.239829
v 113.272649 87.401088 -3.271671
v 113.272128 87.434888 -3.305957
v 113.266784 87.466137 -3.342190
v 113.256674 87.494371 -3.379854
v 113.245530 87.514147 -3.410025
v 113.303244 87.301219 -3.269281
v 113.308271 87.324327 -3.288300
v 113.312048 87.357006 -3.317909
v 113.311590 87.388116 -3.349390
v 113.306900 87.417269 -3.382358
v 113.298018 87.444104 -3.416416
v 113.288209 87.463315 -3.443605
v 113.335628 87.391648 -3.454577
v 113.343213 87.366514 -3.424085
v 113.347215 87.339653 -3.394396
v 113.347605 87.311339 -3.365807
v 113.344383 87.281864 -3.338607
v 113.340093 87.261137 -3.320912
v 113.330312 87.228848 -3.295533
v 113.365041 87.191125 -3.350771
v 113.373154 87.219644 -3.374339
v 113.376708 87.238014 -3.390541
v 113.379377 87.264271 -3.415170
v 113.379054 87.289698 -3.440794
v 113.375739 87.314085 -3.467203
v 113.369453 87.337230 -3.494184
v 113.362486 87.354387 -3.515592
v 113.395926 87.152071 -3.407934
v 113.402418 87.176892 -3.429364
v 113.405259 87.192929 -3.443920
v 113.407391 87.215957 -3.465835
v 113.407133 87.238418 -3.488431
v 113.404484 87.260168 -3.511562
v 113.399458 87.281063 -3.535082
v 113.393879 87.296762 -3.553695
v 113.436445 87.088607 -3.500782
v 113.440597 87.107762 -3.518292
v 113.442411 87.120192 -3.530003
v 113.443772 87.138148 -3.547420
v 113.443607 87.155829 -3.565167
v 113.441917 87.173165 -3.583172
v 113.438705 87.190085 -3.601364
v 113.435134 87.203013 -3.615710
v 113.467179 87.022886 -3.596876
v 113.469385 87.036514 -3.609889
v 113.470347 87.045386 -3.618493
v 113.471069 87.058263 -3.631169
v 113.470981 87.071037 -3.643968
v 113.470085 87.083683 -3.656863
v 113.468380 87.096173 -3.669827
v 113.466482 87.105838 -3.680022
v 113.487915 86.955526 -3.695314
v 113.488736 86.963739 -3.703392
v 113.489093 86.969099 -3.708693
v 113.489362 86.976902 -3.716452
v 113.489329 86.984683 -3.724239
v 113.488996 86.992436 -3.732046
v 113.488362 87.000155 -3.739869
v 113.487655 87.006178 -3.746009
v 113.498510 86.887160 -3.795181
v 113.498613 86.890034 -3.798050
v 113.498658 86.891912 -3.799925
v 113.498691 86.894650 -3.802661
v 113.498687 86.897387 -3.805398
v 113.498646 86.900123 -3.808137
v 113.498566 86.902858 -3.810876
v 113.498478 86.905000 -3.813024
v 110.300002 87.850001 -3.249456
v 110.300002 87.842315 -3.171420
v 110.300002 87.819553 -3.096383
v 110.300002 87.782589 -3.027228
v 110.300002 87.732844 -2.966613
v 110.300002 87.672229 -2.916868
v 110.300002 87.603074 -2.879904
v 110.300002 87.528037 -2.857142
v 110.300002 87.450001 -2.849456
v 111.400002 87.528037 -2.857142
v 111.400002 87.603074 -2.879904
v 111.400002 87.672229 -2.916868
v 111.400002 87.732844 -2.966613
v 111.400002 87.782589 -3.027228
v 111.400002 87.819553 -3.096383
v 111.400002 87.842315 -3.171420
v 112.500002 83.650001 -2.849456
v 112.598019 83.652890 -2.854271
v 112.695092 83.661530 -2.868671
v 112.790286 83.675837 -2.892516
v 112.882685 83.695673 -2.925577
v 112.971398 83.720848 -2.967535
v 113.055572 83.751119 -3.017986
v 113.134395 83.786195 -3.076446
v 113.207108 83.825737 -3.142349
v 113.273012 83.869365 -3.215063
v 113.331471 83.916659 -3.293886
v 113.381923 83.967163 -3.378059
v 113.423881 84.020391 -3.466773
v 113.456942 84.075830 -3.559171
v 113.480787 84.132947 -3.654366
v 113.495186 84.191191 -3.751439
v 113.500002 84.250001 -3.849456
v 113.465927 85.550001 -3.590637
v 113.491446 85.550001 -3.718930
v 113.423881 85.550001 -3.466773
v 113.366027 85.550001 -3.349456
v 113.293355 85.550001 -3.240695
v 113.207108 85.550001 -3.142349
v 113.108763 85.550001 -3.056103
v 113.000002 85.550001 -2.983431
v 112.882685 85.550001 -2.925577
v 112.758821 85.550001 -2.883530
v 112.630528 85.550001 -2.858011
v 112.500002 83.571965 -2.857142
v 112.500002 83.496927 -2.879904
v 112.500002 83.427773 -2.916868
v 112.500002 83.367158 -2.966613
v 112.500002 83.317413 -3.027228
v 112.500002 83.280449 -3.096383
v 112.500002 83.257687 -3.171420
v 112.500002 83.250001 -3.249456
v 112.598019 83.254816 -3.252345
v 112.695092 83.269216 -3.260985
v 112.790286 83.293060 -3.275292
v 112.882685 83.326121 -3.295128
v 112.971398 83.368080 -3.320303
v 113.055572 83.418531 -3.350574
v 113.134395 83.476990 -3.385650
v 113.207108 83.542894 -3.425192
v 113.273012 83.615608 -3.468820
v 113.331471 83.694431 -3.516114
v 113.381923 83.778604 -3.566618
v 113.423881 83.867317 -3.619846
v 113.456942 83.959716 -3.675285
v 113.480787 84.054910 -3.732402
v 113.495186 84.151984 -3.790646
v 113.291803 83.642996 -3.434372
v 113.327236 83.879388 -3.289472
v 113.101988 83.456890 -3.307351
v 113.096891 83.721271 -3.050138
v 112.922939 83.350417 -3.234568
v 112.918020 83.651524 -2.944694
v 112.718394 83.281902 -3.187597
v 112.784926 83.618623 -2.895059
v 112.573444 83.260802 -3.173094
v 112.576893 83.284064 -3.098224
v 112.578431 83.306941 -3.052315
v 112.579589 83.350460 -2.991446
v 112.579449 83.404443 -2.939564
v 112.578010 83.467005 -2.898551
v 112.575308 83.536070 -2.869942
v 112.572376 83.593153 -2.856709
v 112.646440 83.268809 -3.178602
v 112.653246 83.292556 -3.104872
v 112.656280 83.315524 -3.059607
v 112.658565 83.358863 -2.999473
v 112.658289 83.412334 -2.948036
v 112.655450 83.474104 -2.907125
v 112.650119 83.542160 -2.878240
v 112.644332 83.598352 -2.864528
v 112.728257 83.306344 -3.115652
v 112.732653 83.329419 -3.071400
v 112.735963 83.372435 -3.012435
v 112.735562 83.425077 -2.961723
v 112.731451 83.485595 -2.921015
v 112.723726 83.552066 -2.891757
v 112.715338 83.606867 -2.877346
v 112.857125 83.322866 -3.215697
v 112.871623 83.349096 -3.149027
v 112.878073 83.372344 -3.107787
v 112.882929 83.414240 -3.052345
v 112.882341 83.464325 -3.003900
v 112.876310 83.521079 -2.963970
v 112.864967 83.582853 -2.933836
v 112.852627 83.633548 -2.917564
v 112.795539 83.565670 -2.910339
v 112.805306 83.501308 -2.940029
v 112.810502 83.442474 -2.980415
v 112.811008 83.390964 -3.030126
v 112.806825 83.348425 -3.087518
v 112.801269 83.325249 -3.130419
v 112.788794 83.299962 -3.199992
v 112.938772 83.377596 -3.171240
v 112.945807 83.400851 -3.131924
v 112.951102 83.441923 -3.078763
v 112.950461 83.490309 -3.031840
v 112.943884 83.544637 -2.992527
v 112.931507 83.603425 -2.961998
v 113.046132 83.418109 -3.280860
v 113.062819 83.446728 -3.225029
v 113.070210 83.469626 -3.190077
v 113.075771 83.508430 -3.142206
v 113.075098 83.552732 -3.099001
v 113.068191 83.601472 -3.061524
v 113.055172 83.653521 -3.030707
v 113.040931 83.695817 -3.011633
v 112.980865 83.672335 -2.976134
v 112.994971 83.627058 -2.994395
v 113.007891 83.571537 -3.025168
v 113.014751 83.519898 -3.063668
v 113.015420 83.473447 -3.108838
v 113.009897 83.433404 -3.159460
v 113.002557 83.410257 -3.196665
v 112.986013 83.382257 -3.256352
v 113.118318 83.485849 -3.255428
v 113.125540 83.508341 -3.222781
v 113.130971 83.545719 -3.177766
v 113.130313 83.587733 -3.136676
v 113.123568 83.633476 -3.100419
v 113.110840 83.681990 -3.069804
v 113.149742 83.748981 -3.092075
v 113.163027 83.712746 -3.112071
v 113.175125 83.667832 -3.142197
v 113.181531 83.625191 -3.177007
v 113.182156 83.585622 -3.215813
v 113.176998 83.549885 -3.257855
v 113.170138 83.527980 -3.288144
v 113.154600 83.499011 -3.336107
v 113.203841 83.544227 -3.366966
v 113.218245 83.572847 -3.322971
v 113.224594 83.593975 -3.295067
v 113.229365 83.627863 -3.256085
v 113.228788 83.664851 -3.219714
v 113.222861 83.704314 -3.186577
v 113.211657 83.745605 -3.157245
v 113.199331 83.778797 -3.137210
v 113.249611 83.592300 -3.399773
v 113.262621 83.620209 -3.359728
v 113.268346 83.640374 -3.334224
v 113.272649 83.672215 -3.298369
v 113.272128 83.706502 -3.264569
v 113.266784 83.742735 -3.233320
v 113.256674 83.780399 -3.205086
v 113.245530 83.810570 -3.185310
v 113.303244 83.669825 -3.398238
v 113.308271 83.688845 -3.375130
v 113.312048 83.718453 -3.342451
v 113.311590 83.749935 -3.311341
v 113.306900 83.782903 -3.282188
v 113.298018 83.816960 -3.255353
v 113.288209 83.844150 -3.236142
v 113.335628 83.855122 -3.307809
v 113.343213 83.824630 -3.332943
v 113.347215 83.794941 -3.359804
v 113.347605 83.766352 -3.388117
v 113.344383 83.739152 -3.417593
v 113.340093 83.721457 -3.438320
v 113.330312 83.696078 -3.470608
v 113.365041 83.751316 -3.508332
v 113.373154 83.774884 -3.479813
v 113.376708 83.791086 -3.461443
v 113.379377 83.815715 -3.435186
v 113.379054 83.841339 -3.409759
v 113.375739 83.867748 -3.385372
v 113.369453 83.894729 -3.362227
v 113.362486 83.916137 -3.345070
v 113.395926 83.808479 -3.547385
v 113.402418 83.829909 -3.522565
v 113.405259 83.844464 -3.506527
v 113.407391 83.866380 -3.483499
v 113.407133 83.888975 -3.461038
v 113.404484 83.912107 -3.439289
v 113.399458 83.935627 -3.418393
v 113.393879 83.954240 -3.402694
v 113.436445 83.901327 -3.610850
v 113.440597 83.918837 -3.591695
v 113.442411 83.930548 -3.579265
v 113.443772 83.947965 -3.561309
v 113.443607 83.965712 -3.543628
v 113.441917 83.983717 -3.526292
v 113.438705 84.001909 -3.509372
v 113.435134 84.016254 -3.496443
v 113.467179 83.997421 -3.676571
v 113.469385 84.010434 -3.662943
v 113.470347 84.019038 -3.654071
v 113.471069 84.031714 -3.641194
v 113.470981 84.044513 -3.628419
v 113.470085 84.057408 -3.615774
v 113.468380 84.070372 -3.603284
v 113.466482 84.080567 -3.593619
v 113.487915 84.095858 -3.743931
v 113.488736 84.103937 -3.735718
v 113.489093 84.109238 -3.730358
v 113.489362 84.116997 -3.722555
v 113.489329 84.124783 -3.714774
v 113.488996 84.132591 -3.707021
v 113.488362 84.140414 -3.699302
v 113.487655 84.146554 -3.693279
v 113.498510 84.195726 -3.812297
v 113.498613 84.198594 -3.809423
v 113.498658 84.200469 -3.807545
v 113.498691 84.203206 -3.804807
v 113.498687 84.205943 -3.802070
v 113.498646 84.208682 -3.799334
v 113.498566 84.211421 -3.796599
v 113.498478 84.213568 -3.794457
v 110.300002 83.650001 -2.849456
v 110.300002 83.571965 -2.857142
v 110.300002 83.496927 -2.879904
v 110.300002 83.427773 -2.916868
v 110.300002 83.367158 -2.966613
v 110.300002 83.317413 -3.027228
v 110.300002 83.280449 -3.096383
v 110.300002 83.257687 -3.171420
v 110.300002 83.250001 -3.249456
v 111.400002 83.257687 -3.171420
v 111.400002 83.280449 -3.096383
v 111.400002 83.317413 -3.027228
v 111.400002 83.367158 -2.966613
v 111.400002 83.427773 -2.916868
v 111.400002 83.496927 -2.879904
v 111.400002 83.571965 -2.857142
v 112.630528 83.258556 -5.149456
v 112.758821 83.284075 -5.149456
v 112.882685 83.326121 -5.149456
v 113.000002 83.383975 -5.149456
v 113.108763 83.456647 -5.149456
v 113.207108 83.542894 -5.149456
v 113.293355 83.641239 -5.149456
v 113.366027 83.750001 -5.149456
v 113.423881 83.867317 -5.149456
v 113.465927 83.991182 -5.149456
v 113.491446 84.119475 -5.149456
v 109.500002 84.450001 -4.071573
v 109.500002 84.450001 -6.271573
v 109.500002 86.650001 -4.071573
v 109.500002 86.650001 -6.271573
v 111.300002 84.450001 -6.271573
v 111.300002 86.650001 -6.271573
v 111.300002 84.450001 -4.071573
v 111.300002 86.650001 -4.071573
vt -0.000000 0.015708 0.000000
vt -0.100000 0.015708 0.000000
vt -0.000000 0.010472 0.000000
vt -0.100000 0.010472 0.000000
vt -0.000000 0.005236 0.000000
vt -0.100000 0.005236 0.000000
vt -0.000000 0.000000 0.000000
vt -0.100000 0.000000 0.000000
vt -0.000000 -0.005236 0.000000
vt -0.100000 -0.005236 0.000000
vt -0.000000 -0.010472 0.000000
vt -0.100000 -0.010472 0.000000
vt -0.000000 -0.015708 0.000000
vt -0.100000 -0.015708 0.000000
vt 0.640000 0.100000 0.000000
vt 0.005000 0.100000 0.000000
vt 0.640000 0.000000 0.000000
vt 0.005000 0.000000 0.000000
vt 0.315176 -0.639319 0.000000
vt 0.330000 -0.620000 0.000000
vt 0.310000 -0.640000 0.000000
vt 0.130000 -0.130000 0.000000
vt -0.130000 -0.130000 0.000000
vt 0.320000 -0.637321 0.000000
vt 0.324142 -0.634142 0.000000
vt 0.327321 -0.630000 0.000000
vt 0.329319 -0.625176 0.000000
vt 0.130000 0.130000 0.000000
vt 0.330000 0.620000 0.000000
vt 0.310000 0.640000 0.000000
vt 0.315176 0.639319 0.000000
vt 0.320000 0.637321 0.000000
vt 0.324142 0.634142 0.000000
vt 0.327321 0.630000 0.000000
vt 0.329319 0.625176 0.000000
vt -0.130000 0.130000 0.000000
vt -0.325000 0.640000 0.000000
vt -0.345000 0.620000 0.000000
vt -0.330176 0.639319 0.000000
vt -0.335000 0.637321 0.000000
vt -0.339142 0.634142 0.000000
vt -0.342321 0.630000 0.000000
vt -0.344319 0.625176 0.000000
vt -0.345000 -0.620000 0.000000
vt -0.325000 -0.640000 0.000000
vt -0.344319 -0.625176 0.000000
vt -0.342321 -0.630000 0.000000
vt -0.339142 -0.634142 0.000000
vt -0.335000 -0.637321 0.000000
vt -0.330176 -0.639319 0.000000
vt 0.100000 0.015708 0.000000
vt -0.000000 0.015708 0.000000
vt 0.100000 0.010472 0.000000
vt -0.000000 0.010472 0.000000
vt 0.100000 0.005236 0.000000
vt -0.000000 0.005236 0.000000
vt 0.100000 0.000000 0.000000
vt -0.000000 0.000000 0.000000
vt 0.100000 -0.005236 0.000000
vt -0.000000 -0.005236 0.000000
vt 0.100000 -0.010472 0.000000
vt -0.000000 -0.010472 0.000000
vt 0.100000 -0.015708 0.000000
vt -0.000000 -0.015708 0.000000
vt 1.220000 0.100000 0.000000
vt -0.020000 0.100000 0.000000
vt 1.220000 0.000000 0.000000
vt -0.020000 0.000000 0.000000
vt -0.020000 0.000000 0.000000
vt 1.220000 0.000000 0.000000
vt -0.020000 0.100000 0.000000
vt 1.220000 0.100000 0.000000
vt -0.000000 0.015708 0.000000
vt -0.100000 0.015708 0.000000
vt -0.000000 0.010472 0.000000
vt -0.100000 0.010472 0.000000
vt -0.000000 0.005236 0.000000
vt -0.100000 0.005236 0.000000
vt -0.000000 0.000000 0.000000
vt -0.100000 0.000000 0.000000
vt -0.000000 -0.005236 0.000000
vt -0.100000 -0.005236 0.000000
vt -0.000000 -0.010472 0.000000
vt -0.100000 -0.010472 0.000000
vt -0.000000 -0.015708 0.000000
vt -0.100000 -0.015708 0.000000
vt 0.655000 0.100000 0.000000
vt 0.020000 0.100000 0.000000
vt 0.655000 0.000000 0.000000
vt 0.020000 0.000000 0.000000
vt 0.100000 0.015708 0.000000
vt -0.000000 0.015708 0.000000
vt 0.100000 0.010472 0.000000
vt -0.000000 0.010472 0.000000
vt 0.100000 0.005236 0.000000
vt -0.000000 0.005236 0.000000
vt 0.100000 0.000000 0.000000
vt -0.000000 0.000000 0.000000
vt 0.100000 -0.005236 0.000000
vt -0.000000 -0.005236 0.000000
vt 0.100000 -0.010472 0.000000
vt -0.000000 -0.010472 0.000000
vt 0.100000 -0.015708 0.000000
vt -0.000000 -0.015708 0.000000
vt -0.200000 -0.031416 0.000000
vt 0.020000 -0.031416 0.000000
vt -0.090000 -0.023562 0.000000
vt 0.020000 -0.023562 0.000000
vt -0.090000 -0.015708 0.000000
vt 0.020000 -0.015708 0.000000
vt -0.090000 -0.007854 0.000000
vt 0.020000 -0.007854 0.000000
vt -0.090000 0.000000 0.000000
vt 0.020000 0.000000 0.000000
vt -0.090000 0.007854 0.000000
vt 0.020000 0.007854 0.000000
vt -0.090000 0.015708 0.000000
vt 0.020000 0.015708 0.000000
vt -0.090000 0.023562 0.000000
vt 0.020000 0.023562 0.000000
vt 0.020000 0.031416 0.000000
vt -0.200000 0.031416 0.000000
vt -0.200000 0.023562 0.000000
vt -0.200000 0.015708 0.000000
vt -0.200000 0.007854 0.000000
vt -0.200000 0.000000 0.000000
vt -0.200000 -0.007854 0.000000
vt -0.200000 -0.015708 0.000000
vt -0.200000 -0.023562 0.000000
vt -0.000005 -0.010916 0.000000
vt -0.000002 -0.000001 0.000000
vt -0.003932 -0.007656 0.000000
vt -0.005241 -0.000009 0.000000
vt -0.007864 -0.007656 0.000000
vt -0.010477 -0.000015 0.000000
vt -0.012879 -0.007656 0.000000
vt -0.015712 -0.000018 0.000000
vt -0.017895 -0.007656 0.000000
vt -0.020944 -0.000019 0.000000
vt -0.022910 -0.007656 0.000000
vt -0.026175 -0.000018 0.000000
vt -0.027925 -0.007656 0.000000
vt -0.031411 -0.000015 0.000000
vt -0.031363 -0.007656 0.000000
vt -0.036625 -0.007656 0.000000
vt -0.031363 -0.015312 0.000000
vt -0.036625 -0.015312 0.000000
vt -0.031363 -0.022968 0.000000
vt -0.036625 -0.022968 0.000000
vt -0.031363 -0.030624 0.000000
vt -0.036625 -0.030624 0.000000
vt -0.031363 -0.038279 0.000000
vt -0.036625 -0.038279 0.000000
vt -0.031363 -0.045935 0.000000
vt -0.036625 -0.045935 0.000000
vt -0.031363 -0.053591 0.000000
vt -0.036625 -0.053591 0.000000
vt -0.031363 -0.061247 0.000000
vt -0.036625 -0.061247 0.000000
vt -0.031363 -0.068752 0.000000
vt -0.036625 -0.068752 0.000000
vt -0.031363 -0.076257 0.000000
vt -0.036625 -0.076257 0.000000
vt -0.031363 -0.083762 0.000000
vt -0.036625 -0.083762 0.000000
vt -0.031363 -0.091267 0.000000
vt -0.036625 -0.091267 0.000000
vt -0.031363 -0.098772 0.000000
vt -0.036625 -0.098772 0.000000
vt -0.031363 -0.106277 0.000000
vt -0.036625 -0.106277 0.000000
vt -0.031363 -0.113782 0.000000
vt -0.036625 -0.113782 0.000000
vt -0.031363 -0.121287 0.000000
vt -0.036625 -0.121287 0.000000
vt -0.031363 -0.133043 0.000000
vt -0.036625 -0.133043 0.000000
vt -0.031363 -0.144799 0.000000
vt -0.036625 -0.144799 0.000000
vt -0.031363 -0.156555 0.000000
vt -0.036625 -0.156555 0.000000
vt -0.031363 -0.168311 0.000000
vt -0.036625 -0.168311 0.000000
vt -0.031363 -0.174668 0.000000
vt -0.036646 -0.000009 0.000000
vt -0.041885 -0.000001 0.000000
vt -0.041883 -0.010916 0.000000
vt -0.041884 -0.021832 0.000000
vt -0.041887 -0.032749 0.000000
vt -0.041888 -0.043667 0.000000
vt -0.041887 -0.054583 0.000000
vt -0.041887 -0.065500 0.000000
vt -0.041888 -0.076417 0.000000
vt -0.041887 -0.087334 0.000000
vt -0.041888 -0.098251 0.000000
vt -0.041887 -0.109167 0.000000
vt -0.041884 -0.120083 0.000000
vt -0.041883 -0.130999 0.000000
vt -0.041885 -0.141916 0.000000
vt -0.041888 -0.152834 0.000000
vt -0.041888 -0.163751 0.000000
vt -0.041888 -0.174668 0.000000
vt -0.000000 -0.152834 0.000000
vt -0.003932 -0.156555 0.000000
vt -0.000000 -0.163751 0.000000
vt -0.003932 -0.168311 0.000000
vt -0.000000 -0.174668 0.000000
vt -0.003932 -0.144799 0.000000
vt -0.000003 -0.141916 0.000000
vt -0.003932 -0.133043 0.000000
vt -0.000005 -0.130999 0.000000
vt -0.003932 -0.121287 0.000000
vt -0.000003 -0.120083 0.000000
vt -0.003932 -0.113782 0.000000
vt -0.000001 -0.109167 0.000000
vt -0.003932 -0.106277 0.000000
vt -0.000000 -0.098251 0.000000
vt -0.003932 -0.098772 0.000000
vt -0.003932 -0.091267 0.000000
vt -0.007864 -0.091267 0.000000
vt -0.007864 -0.083762 0.000000
vt -0.012879 -0.083762 0.000000
vt -0.012879 -0.076257 0.000000
vt -0.017895 -0.076257 0.000000
vt -0.017895 -0.068752 0.000000
vt -0.022910 -0.068752 0.000000
vt -0.022910 -0.061247 0.000000
vt -0.027925 -0.061247 0.000000
vt -0.027925 -0.053591 0.000000
vt -0.000001 -0.087334 0.000000
vt -0.003932 -0.083762 0.000000
vt -0.007864 -0.076257 0.000000
vt -0.012879 -0.068752 0.000000
vt -0.017895 -0.061247 0.000000
vt -0.022910 -0.053591 0.000000
vt -0.027925 -0.045935 0.000000
vt -0.000000 -0.076417 0.000000
vt -0.003932 -0.076257 0.000000
vt -0.007864 -0.068752 0.000000
vt -0.012879 -0.061247 0.000000
vt -0.017895 -0.053591 0.000000
vt -0.022910 -0.045935 0.000000
vt -0.027925 -0.038279 0.000000
vt -0.003932 -0.068752 0.000000
vt -0.000000 -0.065500 0.000000
vt -0.003932 -0.061247 0.000000
vt -0.000001 -0.054583 0.000000
vt -0.003932 -0.053591 0.000000
vt -0.003932 -0.045935 0.000000
vt -0.007864 -0.045935 0.000000
vt -0.007864 -0.038279 0.000000
vt -0.012879 -0.038279 0.000000
vt -0.012879 -0.030624 0.000000
vt -0.017895 -0.030624 0.000000
vt -0.017895 -0.022968 0.000000
vt -0.022910 -0.022968 0.000000
vt -0.022910 -0.015312 0.000000
vt -0.027925 -0.015312 0.000000
vt -0.000000 -0.043667 0.000000
vt -0.003932 -0.038279 0.000000
vt -0.007864 -0.030624 0.000000
vt -0.012879 -0.022968 0.000000
vt -0.017895 -0.015312 0.000000
vt -0.000001 -0.032749 0.000000
vt -0.003932 -0.030624 0.000000
vt -0.007864 -0.022968 0.000000
vt -0.012879 -0.015312 0.000000
vt -0.000004 -0.021832 0.000000
vt -0.003932 -0.022968 0.000000
vt -0.007864 -0.015312 0.000000
vt -0.003932 -0.015312 0.000000
vt -0.027925 -0.174668 0.000000
vt -0.027925 -0.168311 0.000000
vt -0.022910 -0.174668 0.000000
vt -0.022910 -0.168311 0.000000
vt -0.017895 -0.174668 0.000000
vt -0.017895 -0.168311 0.000000
vt -0.012879 -0.174668 0.000000
vt -0.012879 -0.168311 0.000000
vt -0.007864 -0.174668 0.000000
vt -0.007864 -0.168311 0.000000
vt -0.003932 -0.174668 0.000000
vt -0.027925 -0.022968 0.000000
vt -0.027925 -0.030624 0.000000
vt -0.022910 -0.030624 0.000000
vt -0.017895 -0.038279 0.000000
vt -0.012879 -0.045935 0.000000
vt -0.007864 -0.053591 0.000000
vt -0.022910 -0.038279 0.000000
vt -0.017895 -0.045935 0.000000
vt -0.012879 -0.053591 0.000000
vt -0.007864 -0.061247 0.000000
vt -0.027925 -0.068752 0.000000
vt -0.022910 -0.076257 0.000000
vt -0.017895 -0.083762 0.000000
vt -0.012879 -0.091267 0.000000
vt -0.007864 -0.098772 0.000000
vt -0.027925 -0.076257 0.000000
vt -0.027925 -0.083762 0.000000
vt -0.027925 -0.091267 0.000000
vt -0.027925 -0.098772 0.000000
vt -0.027925 -0.106277 0.000000
vt -0.027925 -0.113782 0.000000
vt -0.027925 -0.121287 0.000000
vt -0.027925 -0.133043 0.000000
vt -0.027925 -0.144799 0.000000
vt -0.027925 -0.156555 0.000000
vt -0.022910 -0.083762 0.000000
vt -0.022910 -0.091267 0.000000
vt -0.022910 -0.098772 0.000000
vt -0.022910 -0.106277 0.000000
vt -0.022910 -0.113782 0.000000
vt -0.022910 -0.121287 0.000000
vt -0.022910 -0.133043 0.000000
vt -0.022910 -0.144799 0.000000
vt -0.022910 -0.156555 0.000000
vt -0.017895 -0.091267 0.000000
vt -0.012879 -0.098772 0.000000
vt -0.007864 -0.106277 0.000000
vt -0.017895 -0.098772 0.000000
vt -0.017895 -0.106277 0.000000
vt -0.017895 -0.113782 0.000000
vt -0.017895 -0.121287 0.000000
vt -0.017895 -0.133043 0.000000
vt -0.017895 -0.144799 0.000000
vt -0.017895 -0.156555 0.000000
vt -0.012879 -0.106277 0.000000
vt -0.007864 -0.113782 0.000000
vt -0.012879 -0.113782 0.000000
vt -0.012879 -0.121287 0.000000
vt -0.012879 -0.133043 0.000000
vt -0.012879 -0.144799 0.000000
vt -0.012879 -0.156555 0.000000
vt -0.007864 -0.121287 0.000000
vt -0.007864 -0.133043 0.000000
vt -0.007864 -0.144799 0.000000
vt -0.007864 -0.156555 0.000000
vt 0.020881 -0.068722 0.000000
vt -0.115000 -0.065450 0.000000
vt 0.015000 -0.078540 0.000000
vt -0.250881 -0.068722 0.000000
vt -0.245000 -0.078540 0.000000
vt 0.026705 -0.058905 0.000000
vt -0.115000 -0.052360 0.000000
vt -0.256705 -0.058905 0.000000
vt -0.262417 -0.049087 0.000000
vt -0.115000 -0.039270 0.000000
vt -0.267961 -0.039270 0.000000
vt -0.273284 -0.029452 0.000000
vt -0.115000 -0.026180 0.000000
vt -0.278334 -0.019635 0.000000
vt -0.115000 -0.013090 0.000000
vt -0.283064 -0.009817 0.000000
vt -0.115000 -0.000000 0.000000
vt -0.287426 -0.000000 0.000000
vt -0.291381 0.009817 0.000000
vt -0.115000 0.013090 0.000000
vt -0.294888 0.019635 0.000000
vt -0.115000 0.026180 0.000000
vt -0.297915 0.029452 0.000000
vt -0.115000 0.039270 0.000000
vt -0.300433 0.039270 0.000000
vt -0.302416 0.049087 0.000000
vt -0.115000 0.052360 0.000000
vt -0.303847 0.058905 0.000000
vt -0.115000 0.065450 0.000000
vt -0.304711 0.068722 0.000000
vt -0.305000 0.078540 0.000000
vt 0.074711 0.068722 0.000000
vt 0.075000 0.078540 0.000000
vt 0.032417 -0.049087 0.000000
vt 0.037961 -0.039270 0.000000
vt 0.043284 -0.029452 0.000000
vt 0.048334 -0.019635 0.000000
vt 0.053064 -0.009817 0.000000
vt 0.057426 -0.000000 0.000000
vt 0.061381 0.009817 0.000000
vt 0.064888 0.019635 0.000000
vt 0.067915 0.029452 0.000000
vt 0.070433 0.039270 0.000000
vt 0.072416 0.049087 0.000000
vt 0.073847 0.058905 0.000000
vt 0.040000 -0.020000 0.000000
vt 0.420000 -0.020000 0.000000
vt 0.040000 0.200000 0.000000
vt 0.420000 0.200000 0.000000
vt -0.000005 -0.010916 0.000000
vt -0.000002 -0.000001 0.000000
vt -0.003932 -0.007656 0.000000
vt -0.005241 -0.000009 0.000000
vt -0.007864 -0.007656 0.000000
vt -0.010477 -0.000015 0.000000
vt -0.012879 -0.007656 0.000000
vt -0.015712 -0.000018 0.000000
vt -0.017895 -0.007656 0.000000
vt -0.020944 -0.000019 0.000000
vt -0.022910 -0.007656 0.000000
vt -0.026175 -0.000018 0.000000
vt -0.027925 -0.007656 0.000000
vt -0.031411 -0.000015 0.000000
vt -0.031363 -0.007656 0.000000
vt -0.036625 -0.007656 0.000000
vt -0.031363 -0.015312 0.000000
vt -0.036625 -0.015312 0.000000
vt -0.031363 -0.022968 0.000000
vt -0.036625 -0.022968 0.000000
vt -0.031363 -0.030624 0.000000
vt -0.036625 -0.030624 0.000000
vt -0.031363 -0.038279 0.000000
vt -0.036625 -0.038279 0.000000
vt -0.031363 -0.045935 0.000000
vt -0.036625 -0.045935 0.000000
vt -0.031363 -0.053591 0.000000
vt -0.036625 -0.053591 0.000000
vt -0.031363 -0.061247 0.000000
vt -0.036625 -0.061247 0.000000
vt -0.031363 -0.068752 0.000000
vt -0.036625 -0.068752 0.000000
vt -0.031363 -0.076257 0.000000
vt -0.036625 -0.076257 0.000000
vt -0.031363 -0.083762 0.000000
vt -0.036625 -0.083762 0.000000
vt -0.031363 -0.091267 0.000000
vt -0.036625 -0.091267 0.000000
vt -0.031363 -0.098772 0.000000
vt -0.036625 -0.098772 0.000000
vt -0.031363 -0.106277 0.000000
vt -0.036625 -0.106277 0.000000
vt -0.031363 -0.113782 0.000000
vt -0.036625 -0.113782 0.000000
vt -0.031363 -0.121287 0.000000
vt -0.036625 -0.121287 0.000000
vt -0.031363 -0.133043 0.000000
vt -0.036625 -0.133043 0.000000
vt -0.031363 -0.144799 0.000000
vt -0.036625 -0.144799 0.000000
vt -0.031363 -0.156555 0.000000
vt -0.036625 -0.156555 0.000000
vt -0.031363 -0.168311 0.000000
vt -0.036625 -0.168311 0.000000
vt -0.031363 -0.174668 0.000000
vt -0.036646 -0.000009 0.000000
vt -0.041885 -0.000001 0.000000
vt -0.041883 -0.010916 0.000000
vt -0.041884 -0.021832 0.000000
vt -0.041887 -0.032749 0.000000
vt -0.041888 -0.043667 0.000000
vt -0.041887 -0.054583 0.000000
vt -0.041887 -0.065500 0.000000
vt -0.041888 -0.076417 0.000000
vt -0.041887 -0.087334 0.000000
vt -0.041888 -0.098251 0.000000
vt -0.041887 -0.109167 0.000000
vt -0.041884 -0.120083 0.000000
vt -0.041883 -0.130999 0.000000
vt -0.041885 -0.141916 0.000000
vt -0.041888 -0.152834 0.000000
vt -0.041888 -0.163751 0.000000
vt -0.041888 -0.174668 0.000000
vt -0.000000 -0.152834 0.000000
vt -0.003932 -0.156555 0.000000
vt -0.000000 -0.163751 0.000000
vt -0.003932 -0.168311 0.000000
vt -0.000000 -0.174668 0.000000
vt -0.003932 -0.144799 0.000000
vt -0.000003 -0.141916 0.000000
vt -0.003932 -0.133043 0.000000
vt -0.000005 -0.130999 0.000000
vt -0.003932 -0.121287 0.000000
vt -0.000003 -0.120083 0.000000
vt -0.003932 -0.113782 0.000000
vt -0.000001 -0.109167 0.000000
vt -0.003932 -0.106277 0.000000
vt -0.000000 -0.098251 0.000000
vt -0.003932 -0.098772 0.000000
vt -0.003932 -0.091267 0.000000
vt -0.007864 -0.091267 0.000000
vt -0.007864 -0.083762 0.000000
vt -0.012879 -0.083762 0.000000
vt -0.012879 -0.076257 0.000000
vt -0.017895 -0.076257 0.000000
vt -0.017895 -0.068752 0.000000
vt -0.022910 -0.068752 0.000000
vt -0.022910 -0.061247 0.000000
vt -0.027925 -0.061247 0.000000
vt -0.027925 -0.053591 0.000000
vt -0.000001 -0.087334 0.000000
vt -0.003932 -0.083762 0.000000
vt -0.007864 -0.076257 0.000000
vt -0.012879 -0.068752 0.000000
vt -0.017895 -0.061247 0.000000
vt -0.022910 -0.053591 0.000000
vt -0.027925 -0.045935 0.000000
vt -0.000000 -0.076417 0.000000
vt -0.003932 -0.076257 0.000000
vt -0.007864 -0.068752 0.000000
vt -0.012879 -0.061247 0.000000
vt -0.017895 -0.053591 0.000000
vt -0.022910 -0.045935 0.000000
vt -0.027925 -0.038279 0.000000
vt -0.003932 -0.068752 0.000000
vt -0.000000 -0.065500 0.000000
vt -0.003932 -0.061247 0.000000
vt -0.000001 -0.054583 0.000000
vt -0.003932 -0.053591 0.000000
vt -0.003932 -0.045935 0.000000
vt -0.007864 -0.045935 0.000000
vt -0.007864 -0.038279 0.000000
vt -0.012879 -0.038279 0.000000
vt -0.012879 -0.030624 0.000000
vt -0.017895 -0.030624 0.000000
vt -0.017895 -0.022968 0.000000
vt -0.022910 -0.022968 0.000000
vt -0.022910 -0.015312 0.000000
vt -0.027925 -0.015312 0.000000
vt -0.000000 -0.043667 0.000000
vt -0.003932 -0.038279 0.000000
vt -0.007864 -0.030624 0.000000
vt -0.012879 -0.022968 0.000000
vt -0.017895 -0.015312 0.000000
vt -0.000001 -0.032749 0.000000
vt -0.003932 -0.030624 0.000000
vt -0.007864 -0.022968 0.000000
vt -0.012879 -0.015312 0.000000
vt -0.000004 -0.021832 0.000000
vt -0.003932 -0.022968 0.000000
vt -0.007864 -0.015312 0.000000
vt -0.003932 -0.015312 0.000000
vt -0.027925 -0.174668 0.000000
vt -0.027925 -0.168311 0.000000
vt -0.022910 -0.174668 0.000000
vt -0.022910 -0.168311 0.000000
vt -0.017895 -0.174668 0.000000
vt -0.017895 -0.168311 0.000000
vt -0.012879 -0.174668 0.000000
vt -0.012879 -0.168311 0.000000
vt -0.007864 -0.174668 0.000000
vt -0.007864 -0.168311 0.000000
vt -0.003932 -0.174668 0.000000
vt -0.027925 -0.022968 0.000000
vt -0.027925 -0.030624 0.000000
vt -0.022910 -0.030624 0.000000
vt -0.017895 -0.038279 0.000000
vt -0.012879 -0.045935 0.000000
vt -0.007864 -0.053591 0.000000
vt -0.022910 -0.038279 0.000000
vt -0.017895 -0.045935 0.000000
vt -0.012879 -0.053591 0.000000
vt -0.007864 -0.061247 0.000000
vt -0.027925 -0.068752 0.000000
vt -0.022910 -0.076257 0.000000
vt -0.017895 -0.083762 0.000000
vt -0.012879 -0.091267 0.000000
vt -0.007864 -0.098772 0.000000
vt -0.027925 -0.076257 0.000000
vt -0.027925 -0.083762 0.000000
vt -0.027925 -0.091267 0.000000
vt -0.027925 -0.098772 0.000000
vt -0.027925 -0.106277 0.000000
vt -0.027925 -0.113782 0.000000
vt -0.027925 -0.121287 0.000000
vt -0.027925 -0.133043 0.000000
vt -0.027925 -0.144799 0.000000
vt -0.027925 -0.156555 0.000000
vt -0.022910 -0.083762 0.000000
vt -0.022910 -0.091267 0.000000
vt -0.022910 -0.098772 0.000000
vt -0.022910 -0.106277 0.000000
vt -0.022910 -0.113782 0.000000
vt -0.022910 -0.121287 0.000000
vt -0.022910 -0.133043 0.000000
vt -0.022910 -0.144799 0.000000
vt -0.022910 -0.156555 0.000000
vt -0.017895 -0.091267 0.000000
vt -0.012879 -0.098772 0.000000
vt -0.007864 -0.106277 0.000000
vt -0.017895 -0.098772 0.000000
vt -0.017895 -0.106277 0.000000
vt -0.017895 -0.113782 0.000000
vt -0.017895 -0.121287 0.000000
vt -0.017895 -0.133043 0.000000
vt -0.017895 -0.144799 0.000000
vt -0.017895 -0.156555 0.000000
vt -0.012879 -0.106277 0.000000
vt -0.007864 -0.113782 0.000000
vt -0.012879 -0.113782 0.000000
vt -0.012879 -0.121287 0.000000
vt -0.012879 -0.133043 0.000000
vt -0.012879 -0.144799 0.000000
vt -0.012879 -0.156555 0.000000
vt -0.007864 -0.121287 0.000000
vt -0.007864 -0.133043 0.000000
vt -0.007864 -0.144799 0.000000
vt -0.007864 -0.156555 0.000000
vt -0.020000 -0.031416 0.000000
vt 0.200000 -0.031416 0.000000
vt 0.090000 -0.023562 0.000000
vt 0.200000 -0.023562 0.000000
vt 0.090000 -0.015708 0.000000
vt 0.200000 -0.015708 0.000000
vt 0.090000 -0.007854 0.000000
vt 0.200000 -0.007854 0.000000
vt 0.090000 0.000000 0.000000
vt 0.200000 0.000000 0.000000
vt 0.090000 0.007854 0.000000
vt 0.200000 0.007854 0.000000
vt 0.090000 0.015708 0.000000
vt 0.200000 0.015708 0.000000
vt 0.090000 0.023562 0.000000
vt 0.200000 0.023562 0.000000
vt 0.200000 0.031416 0.000000
vt -0.020000 0.031416 0.000000
vt -0.020000 0.023562 0.000000
vt -0.020000 0.015708 0.000000
vt -0.020000 0.007854 0.000000
vt -0.020000 0.000000 0.000000
vt -0.020000 -0.007854 0.000000
vt -0.020000 -0.015708 0.000000
vt -0.020000 -0.023562 0.000000
vt 0.020881 -0.068722 0.000000
vt -0.115000 -0.065450 0.000000
vt 0.015000 -0.078540 0.000000
vt -0.250881 -0.068722 0.000000
vt -0.245000 -0.078540 0.000000
vt 0.026705 -0.058905 0.000000
vt -0.115000 -0.052360 0.000000
vt -0.256705 -0.058905 0.000000
vt -0.262417 -0.049087 0.000000
vt -0.115000 -0.039270 0.000000
vt -0.267961 -0.039270 0.000000
vt -0.273284 -0.029452 0.000000
vt -0.115000 -0.026180 0.000000
vt -0.278334 -0.019635 0.000000
vt -0.115000 -0.013090 0.000000
vt -0.283064 -0.009817 0.000000
vt -0.115000 0.000000 0.000000
vt -0.287426 0.000000 0.000000
vt -0.291381 0.009817 0.000000
vt -0.115000 0.013090 0.000000
vt -0.294888 0.019635 0.000000
vt -0.115000 0.026180 0.000000
vt -0.297915 0.029452 0.000000
vt -0.115000 0.039270 0.000000
vt -0.300433 0.039270 0.000000
vt -0.302416 0.049087 0.000000
vt -0.115000 0.052360 0.000000
vt -0.303847 0.058905 0.000000
vt -0.115000 0.065450 0.000000
vt -0.304711 0.068722 0.000000
vt -0.305000 0.078540 0.000000
vt 0.074711 0.068722 0.000000
vt 0.075000 0.078540 0.000000
vt 0.032417 -0.049087 0.000000
vt 0.037961 -0.039270 0.000000
vt 0.043284 -0.029452 0.000000
vt 0.048334 -0.019635 0.000000
vt 0.053064 -0.009817 0.000000
vt 0.057426 0.000000 0.000000
vt 0.061381 0.009817 0.000000
vt 0.064888 0.019635 0.000000
vt 0.067915 0.029452 0.000000
vt 0.070433 0.039270 0.000000
vt 0.072416 0.049087 0.000000
vt 0.073847 0.058905 0.000000
vt -0.000005 -0.010916 0.000000
vt -0.000002 -0.000001 0.000000
vt -0.003932 -0.007656 0.000000
vt -0.005241 -0.000009 0.000000
vt -0.007864 -0.007656 0.000000
vt -0.010477 -0.000015 0.000000
vt -0.012879 -0.007656 0.000000
vt -0.015712 -0.000018 0.000000
vt -0.017895 -0.007656 0.000000
vt -0.020944 -0.000019 0.000000
vt -0.022910 -0.007656 0.000000
vt -0.026175 -0.000018 0.000000
vt -0.027925 -0.007656 0.000000
vt -0.031411 -0.000015 0.000000
vt -0.031363 -0.007656 0.000000
vt -0.036625 -0.007656 0.000000
vt -0.031363 -0.015312 0.000000
vt -0.036625 -0.015312 0.000000
vt -0.031363 -0.022968 0.000000
vt -0.036625 -0.022968 0.000000
vt -0.031363 -0.030624 0.000000
vt -0.036625 -0.030624 0.000000
vt -0.031363 -0.038279 0.000000
vt -0.036625 -0.038279 0.000000
vt -0.031363 -0.045935 0.000000
vt -0.036625 -0.045935 0.000000
vt -0.031363 -0.053591 0.000000
vt -0.036625 -0.053591 0.000000
vt -0.031363 -0.061247 0.000000
vt -0.036625 -0.061247 0.000000
vt -0.031363 -0.068752 0.000000
vt -0.036625 -0.068752 0.000000
vt -0.031363 -0.076257 0.000000
vt -0.036625 -0.076257 0.000000
vt -0.031363 -0.083762 0.000000
vt -0.036625 -0.083762 0.000000
vt -0.031363 -0.091267 0.000000
vt -0.036625 -0.091267 0.000000
vt -0.031363 -0.098772 0.000000
vt -0.036625 -0.098772 0.000000
vt -0.031363 -0.106277 0.000000
vt -0.036625 -0.106277 0.000000
vt -0.031363 -0.113782 0.000000
vt -0.036625 -0.113782 0.000000
vt -0.031363 -0.121287 0.000000
vt -0.036625 -0.121287 0.000000
vt -0.031363 -0.133043 0.000000
vt -0.036625 -0.133043 0.000000
vt -0.031363 -0.144799 0.000000
vt -0.036625 -0.144799 0.000000
vt -0.031363 -0.156555 0.000000
vt -0.036625 -0.156555 0.000000
vt -0.031363 -0.168311 0.000000
vt -0.036625 -0.168311 0.000000
vt -0.031363 -0.174668 0.000000
vt -0.036646 -0.000009 0.000000
vt -0.041885 -0.000001 0.000000
vt -0.041883 -0.010916 0.000000
vt -0.041884 -0.021832 0.000000
vt -0.041887 -0.032749 0.000000
vt -0.041888 -0.043667 0.000000
vt -0.041887 -0.054583 0.000000
vt -0.041887 -0.065500 0.000000
vt -0.041888 -0.076417 0.000000
vt -0.041887 -0.087334 0.000000
vt -0.041888 -0.098251 0.000000
vt -0.041887 -0.109167 0.000000
vt -0.041884 -0.120083 0.000000
vt -0.041883 -0.130999 0.000000
vt -0.041885 -0.141916 0.000000
vt -0.041888 -0.152834 0.000000
vt -0.041888 -0.163751 0.000000
vt -0.041888 -0.174668 0.000000
vt -0.000000 -0.152834 0.000000
vt -0.003932 -0.156555 0.000000
vt -0.000000 -0.163751 0.000000
vt -0.003932 -0.168311 0.000000
vt -0.000000 -0.174668 0.000000
vt -0.003932 -0.144799 0.000000
vt -0.000003 -0.141916 0.000000
vt -0.003932 -0.133043 0.000000
vt -0.000005 -0.130999 0.000000
vt -0.003932 -0.121287 0.000000
vt -0.000003 -0.120083 0.000000
vt -0.003932 -0.113782 0.000000
vt -0.000001 -0.109167 0.000000
vt -0.003932 -0.106277 0.000000
vt -0.000000 -0.098251 0.000000
vt -0.003932 -0.098772 0.000000
vt -0.003932 -0.091267 0.000000
vt -0.007864 -0.091267 0.000000
vt -0.007864 -0.083762 0.000000
vt -0.012879 -0.083762 0.000000
vt -0.012879 -0.076257 0.000000
vt -0.017895 -0.076257 0.000000
vt -0.017895 -0.068752 0.000000
vt -0.022910 -0.068752 0.000000
vt -0.022910 -0.061247 0.000000
vt -0.027925 -0.061247 0.000000
vt -0.027925 -0.053591 0.000000
vt -0.000001 -0.087334 0.000000
vt -0.003932 -0.083762 0.000000
vt -0.007864 -0.076257 0.000000
vt -0.012879 -0.068752 0.000000
vt -0.017895 -0.061247 0.000000
vt -0.022910 -0.053591 0.000000
vt -0.027925 -0.045935 0.000000
vt -0.000000 -0.076417 0.000000
vt -0.003932 -0.076257 0.000000
vt -0.007864 -0.068752 0.000000
vt -0.012879 -0.061247 0.000000
vt -0.017895 -0.053591 0.000000
vt -0.022910 -0.045935 0.000000
vt -0.027925 -0.038279 0.000000
vt -0.003932 -0.068752 0.000000
vt -0.000000 -0.065500 0.000000
vt -0.003932 -0.061247 0.000000
vt -0.000001 -0.054583 0.000000
vt -0.003932 -0.053591 0.000000
vt -0.003932 -0.045935 0.000000
vt -0.007864 -0.045935 0.000000
vt -0.007864 -0.038279 0.000000
vt -0.012879 -0.038279 0.000000
vt -0.012879 -0.030624 0.000000
vt -0.017895 -0.030624 0.000000
vt -0.017895 -0.022968 0.000000
vt -0.022910 -0.022968 0.000000
vt -0.022910 -0.015312 0.000000
vt -0.027925 -0.015312 0.000000
vt -0.000000 -0.043667 0.000000
vt -0.003932 -0.038279 0.000000
vt -0.007864 -0.030624 0.000000
vt -0.012879 -0.022968 0.000000
vt -0.017895 -0.015312 0.000000
vt -0.000001 -0.032749 0.000000
vt -0.003932 -0.030624 0.000000
vt -0.007864 -0.022968 0.000000
vt -0.012879 -0.015312 0.000000
vt -0.000004 -0.021832 0.000000
vt -0.003932 -0.022968 0.000000
vt -0.007864 -0.015312 0.000000
vt -0.003932 -0.015312 0.000000
vt -0.027925 -0.174668 0.000000
vt -0.027925 -0.168311 0.000000
vt -0.022910 -0.174668 0.000000
vt -0.022910 -0.168311 0.000000
vt -0.017895 -0.174668 0.000000
vt -0.017895 -0.168311 0.000000
vt -0.012879 -0.174668 0.000000
vt -0.012879 -0.168311 0.000000
vt -0.007864 -0.174668 0.000000
vt -0.007864 -0.168311 0.000000
vt -0.003932 -0.174668 0.000000
vt -0.027925 -0.022968 0.000000
vt -0.027925 -0.030624 0.000000
vt -0.022910 -0.030624 0.000000
vt -0.017895 -0.038279 0.000000
vt -0.012879 -0.045935 0.000000
vt -0.007864 -0.053591 0.000000
vt -0.022910 -0.038279 0.000000
vt -0.017895 -0.045935 0.000000
vt -0.012879 -0.053591 0.000000
vt -0.007864 -0.061247 0.000000
vt -0.027925 -0.068752 0.000000
vt -0.022910 -0.076257 0.000000
vt -0.017895 -0.083762 0.000000
vt -0.012879 -0.091267 0.000000
vt -0.007864 -0.098772 0.000000
vt -0.027925 -0.076257 0.000000
vt -0.027925 -0.083762 0.000000
vt -0.027925 -0.091267 0.000000
vt -0.027925 -0.098772 0.000000
vt -0.027925 -0.106277 0.000000
vt -0.027925 -0.113782 0.000000
vt -0.027925 -0.121287 0.000000
vt -0.027925 -0.133043 0.000000
vt -0.027925 -0.144799 0.000000
vt -0.027925 -0.156555 0.000000
vt -0.022910 -0.083762 0.000000
vt -0.022910 -0.091267 0.000000
vt -0.022910 -0.098772 0.000000
vt -0.022910 -0.106277 0.000000
vt -0.022910 -0.113782 0.000000
vt -0.022910 -0.121287 0.000000
vt -0.022910 -0.133043 0.000000
vt -0.022910 -0.144799 0.000000
vt -0.022910 -0.156555 0.000000
vt -0.017895 -0.091267 0.000000
vt -0.012879 -0.098772 0.000000
vt -0.007864 -0.106277 0.000000
vt -0.017895 -0.098772 0.000000
vt -0.017895 -0.106277 0.000000
vt -0.017895 -0.113782 0.000000
vt -0.017895 -0.121287 0.000000
vt -0.017895 -0.133043 0.000000
vt -0.017895 -0.144799 0.000000
vt -0.017895 -0.156555 0.000000
vt -0.012879 -0.106277 0.000000
vt -0.007864 -0.113782 0.000000
vt -0.012879 -0.113782 0.000000
vt -0.012879 -0.121287 0.000000
vt -0.012879 -0.133043 0.000000
vt -0.012879 -0.144799 0.000000
vt -0.012879 -0.156555 0.000000
vt -0.007864 -0.121287 0.000000
vt -0.007864 -0.133043 0.000000
vt -0.007864 -0.144799 0.000000
vt -0.007864 -0.156555 0.000000
vt -0.020000 -0.031416 0.000000
vt 0.200000 -0.031416 0.000000
vt 0.090000 -0.023562 0.000000
vt 0.200000 -0.023562 0.000000
vt 0.090000 -0.015708 0.000000
vt 0.200000 -0.015708 0.000000
vt 0.090000 -0.007854 0.000000
vt 0.200000 -0.007854 0.000000
vt 0.090000 0.000000 0.000000
vt 0.200000 0.000000 0.000000
vt 0.090000 0.007854 0.000000
vt 0.200000 0.007854 0.000000
vt 0.090000 0.015708 0.000000
vt 0.200000 0.015708 0.000000
vt 0.090000 0.023562 0.000000
vt 0.200000 0.023562 0.000000
vt 0.200000 0.031416 0.000000
vt -0.020000 0.031416 0.000000
vt -0.020000 0.023562 0.000000
vt -0.020000 0.015708 0.000000
vt -0.020000 0.007854 0.000000
vt -0.020000 -0.000000 0.000000
vt -0.020000 -0.007854 0.000000
vt -0.020000 -0.015708 0.000000
vt -0.020000 -0.023562 0.000000
vt 0.040000 -0.020000 0.000000
vt 0.420000 -0.020000 0.000000
vt 0.040000 0.200000 0.000000
vt 0.420000 0.200000 0.000000
vt 0.020881 -0.068722 0.000000
vt -0.115000 -0.065450 0.000000
vt 0.015000 -0.078540 0.000000
vt -0.250881 -0.068722 0.000000
vt -0.245000 -0.078540 0.000000
vt 0.026705 -0.058905 0.000000
vt -0.115000 -0.052360 0.000000
vt -0.256705 -0.058905 0.000000
vt -0.262417 -0.049087 0.000000
vt -0.115000 -0.039270 0.000000
vt -0.267961 -0.039270 0.000000
vt -0.273284 -0.029452 0.000000
vt -0.115000 -0.026180 0.000000
vt -0.278334 -0.019635 0.000000
vt -0.115000 -0.013090 0.000000
vt -0.283064 -0.009817 0.000000
vt -0.115000 -0.000000 0.000000
vt -0.287426 -0.000000 0.000000
vt -0.291381 0.009817 0.000000
vt -0.115000 0.013090 0.000000
vt -0.294888 0.019635 0.000000
vt -0.115000 0.026180 0.000000
vt -0.297915 0.029452 0.000000
vt -0.115000 0.039270 0.000000
vt -0.300433 0.039270 0.000000
vt -0.302416 0.049087 0.000000
vt -0.115000 0.052360 0.000000
vt -0.303847 0.058905 0.000000
vt -0.115000 0.065450 0.000000
vt -0.304711 0.068722 0.000000
vt -0.305000 0.078540 0.000000
vt 0.074711 0.068722 0.000000
vt 0.075000 0.078540 0.000000
vt 0.032417 -0.049087 0.000000
vt 0.037961 -0.039270 0.000000
vt 0.043284 -0.029452 0.000000
vt 0.048334 -0.019635 0.000000
vt 0.053064 -0.009817 0.000000
vt 0.057426 -0.000000 0.000000
vt 0.061381 0.009817 0.000000
vt 0.064888 0.019635 0.000000
vt 0.067915 0.029452 0.000000
vt 0.070433 0.039270 0.000000
vt 0.072416 0.049087 0.000000
vt 0.073847 0.058905 0.000000
vt -0.000005 -0.010916 0.000000
vt -0.000002 -0.000001 0.000000
vt -0.003932 -0.007656 0.000000
vt -0.005241 -0.000009 0.000000
vt -0.007864 -0.007656 0.000000
vt -0.010477 -0.000015 0.000000
vt -0.012879 -0.007656 0.000000
vt -0.015712 -0.000018 0.000000
vt -0.017895 -0.007656 0.000000
vt -0.020944 -0.000019 0.000000
vt -0.022910 -0.007656 0.000000
vt -0.026175 -0.000018 0.000000
vt -0.027925 -0.007656 0.000000
vt -0.031411 -0.000015 0.000000
vt -0.031363 -0.007656 0.000000
vt -0.036625 -0.007656 0.000000
vt -0.031363 -0.015312 0.000000
vt -0.036625 -0.015312 0.000000
vt -0.031363 -0.022968 0.000000
vt -0.036625 -0.022968 0.000000
vt -0.031363 -0.030624 0.000000
vt -0.036625 -0.030624 0.000000
vt -0.031363 -0.038279 0.000000
vt -0.036625 -0.038279 0.000000
vt -0.031363 -0.045935 0.000000
vt -0.036625 -0.045935 0.000000
vt -0.031363 -0.053591 0.000000
vt -0.036625 -0.053591 0.000000
vt -0.031363 -0.061247 0.000000
vt -0.036625 -0.061247 0.000000
vt -0.031363 -0.068752 0.000000
vt -0.036625 -0.068752 0.000000
vt -0.031363 -0.076257 0.000000
vt -0.036625 -0.076257 0.000000
vt -0.031363 -0.083762 0.000000
vt -0.036625 -0.083762 0.000000
vt -0.031363 -0.091267 0.000000
vt -0.036625 -0.091267 0.000000
vt -0.031363 -0.098772 0.000000
vt -0.036625 -0.098772 0.000000
vt -0.031363 -0.106277 0.000000
vt -0.036625 -0.106277 0.000000
vt -0.031363 -0.113782 0.000000
vt -0.036625 -0.113782 0.000000
vt -0.031363 -0.121287 0.000000
vt -0.036625 -0.121287 0.000000
vt -0.031363 -0.133043 0.000000
vt -0.036625 -0.133043 0.000000
vt -0.031363 -0.144799 0.000000
vt -0.036625 -0.144799 0.000000
vt -0.031363 -0.156555 0.000000
vt -0.036625 -0.156555 0.000000
vt -0.031363 -0.168311 0.000000
vt -0.036625 -0.168311 0.000000
vt -0.031363 -0.174668 0.000000
vt -0.036646 -0.000009 0.000000
vt -0.041885 -0.000001 0.000000
vt -0.041883 -0.010916 0.000000
vt -0.041884 -0.021832 0.000000
vt -0.041887 -0.032749 0.000000
vt -0.041888 -0.043667 0.000000
vt -0.041887 -0.054583 0.000000
vt -0.041887 -0.065500 0.000000
vt -0.041888 -0.076417 0.000000
vt -0.041887 -0.087334 0.000000
vt -0.041888 -0.098251 0.000000
vt -0.041887 -0.109167 0.000000
vt -0.041884 -0.120083 0.000000
vt -0.041883 -0.130999 0.000000
vt -0.041885 -0.141916 0.000000
vt -0.041888 -0.152834 0.000000
vt -0.041888 -0.163751 0.000000
vt -0.041888 -0.174668 0.000000
vt -0.000000 -0.152834 0.000000
vt -0.003932 -0.156555 0.000000
vt -0.000000 -0.163751 0.000000
vt -0.003932 -0.168311 0.000000
vt -0.000000 -0.174668 0.000000
vt -0.003932 -0.144799 0.000000
vt -0.000003 -0.141916 0.000000
vt -0.003932 -0.133043 0.000000
vt -0.000005 -0.130999 0.000000
vt -0.003932 -0.121287 0.000000
vt -0.000003 -0.120083 0.000000
vt -0.003932 -0.113782 0.000000
vt -0.000001 -0.109167 0.000000
vt -0.003932 -0.106277 0.000000
vt -0.000000 -0.098251 0.000000
vt -0.003932 -0.098772 0.000000
vt -0.003932 -0.091267 0.000000
vt -0.007864 -0.091267 0.000000
vt -0.007864 -0.083762 0.000000
vt -0.012879 -0.083762 0.000000
vt -0.012879 -0.076257 0.000000
vt -0.017895 -0.076257 0.000000
vt -0.017895 -0.068752 0.000000
vt -0.022910 -0.068752 0.000000
vt -0.022910 -0.061247 0.000000
vt -0.027925 -0.061247 0.000000
vt -0.027925 -0.053591 0.000000
vt -0.000001 -0.087334 0.000000
vt -0.003932 -0.083762 0.000000
vt -0.007864 -0.076257 0.000000
vt -0.012879 -0.068752 0.000000
vt -0.017895 -0.061247 0.000000
vt -0.022910 -0.053591 0.000000
vt -0.027925 -0.045935 0.000000
vt -0.000000 -0.076417 0.000000
vt -0.003932 -0.076257 0.000000
vt -0.007864 -0.068752 0.000000
vt -0.012879 -0.061247 0.000000
vt -0.017895 -0.053591 0.000000
vt -0.022910 -0.045935 0.000000
vt -0.027925 -0.038279 0.000000
vt -0.003932 -0.068752 0.000000
vt -0.000000 -0.065500 0.000000
vt -0.003932 -0.061247 0.000000
vt -0.000001 -0.054583 0.000000
vt -0.003932 -0.053591 0.000000
vt -0.003932 -0.045935 0.000000
vt -0.007864 -0.045935 0.000000
vt -0.007864 -0.038279 0.000000
vt -0.012879 -0.038279 0.000000
vt -0.012879 -0.030624 0.000000
vt -0.017895 -0.030624 0.000000
vt -0.017895 -0.022968 0.000000
vt -0.022910 -0.022968 0.000000
vt -0.022910 -0.015312 0.000000
vt -0.027925 -0.015312 0.000000
vt -0.000000 -0.043667 0.000000
vt -0.003932 -0.038279 0.000000
vt -0.007864 -0.030624 0.000000
vt -0.012879 -0.022968 0.000000
vt -0.017895 -0.015312 0.000000
vt -0.000001 -0.032749 0.000000
vt -0.003932 -0.030624 0.000000
vt -0.007864 -0.022968 0.000000
vt -0.012879 -0.015312 0.000000
vt -0.000004 -0.021832 0.000000
vt -0.003932 -0.022968 0.000000
vt -0.007864 -0.015312 0.000000
vt -0.003932 -0.015312 0.000000
vt -0.027925 -0.174668 0.000000
vt -0.027925 -0.168311 0.000000
vt -0.022910 -0.174668 0.000000
vt -0.022910 -0.168311 0.000000
vt -0.017895 -0.174668 0.000000
vt -0.017895 -0.168311 0.000000
vt -0.012879 -0.174668 0.000000
vt -0.012879 -0.168311 0.000000
vt -0.007864 -0.174668 0.000000
vt -0.007864 -0.168311 0.000000
vt -0.003932 -0.174668 0.000000
vt -0.027925 -0.022968 0.000000
vt -0.027925 -0.030624 0.000000
vt -0.022910 -0.030624 0.000000
vt -0.017895 -0.038279 0.000000
vt -0.012879 -0.045935 0.000000
vt -0.007864 -0.053591 0.000000
vt -0.022910 -0.038279 0.000000
vt -0.017895 -0.045935 0.000000
vt -0.012879 -0.053591 0.000000
vt -0.007864 -0.061247 0.000000
vt -0.027925 -0.068752 0.000000
vt -0.022910 -0.076257 0.000000
vt -0.017895 -0.083762 0.000000
vt -0.012879 -0.091267 0.000000
vt -0.007864 -0.098772 0.000000
vt -0.027925 -0.076257 0.000000
vt -0.027925 -0.083762 0.000000
vt -0.027925 -0.091267 0.000000
vt -0.027925 -0.098772 0.000000
vt -0.027925 -0.106277 0.000000
vt -0.027925 -0.113782 0.000000
vt -0.027925 -0.121287 0.000000
vt -0.027925 -0.133043 0.000000
vt -0.027925 -0.144799 0.000000
vt -0.027925 -0.156555 0.000000
vt -0.022910 -0.083762 0.000000
vt -0.022910 -0.091267 0.000000
vt -0.022910 -0.098772 0.000000
vt -0.022910 -0.106277 0.000000
vt -0.022910 -0.113782 0.000000
vt -0.022910 -0.121287 0.000000
vt -0.022910 -0.133043 0.000000
vt -0.022910 -0.144799 0.000000
vt -0.022910 -0.156555 0.000000
vt -0.017895 -0.091267 0.000000
vt -0.012879 -0.098772 0.000000
vt -0.007864 -0.106277 0.000000
vt -0.017895 -0.098772 0.000000
vt -0.017895 -0.106277 0.000000
vt -0.017895 -0.113782 0.000000
vt -0.017895 -0.121287 0.000000
vt -0.017895 -0.133043 0.000000
vt -0.017895 -0.144799 0.000000
vt -0.017895 -0.156555 0.000000
vt -0.012879 -0.106277 0.000000
vt -0.007864 -0.113782 0.000000
vt -0.012879 -0.113782 0.000000
vt -0.012879 -0.121287 0.000000
vt -0.012879 -0.133043 0.000000
vt -0.012879 -0.144799 0.000000
vt -0.012879 -0.156555 0.000000
vt -0.007864 -0.121287 0.000000
vt -0.007864 -0.133043 0.000000
vt -0.007864 -0.144799 0.000000
vt -0.007864 -0.156555 0.000000
vt -0.020000 -0.031416 0.000000
vt 0.200000 -0.031416 0.000000
vt 0.090000 -0.023562 0.000000
vt 0.200000 -0.023562 0.000000
vt 0.090000 -0.015708 0.000000
vt 0.200000 -0.015708 0.000000
vt 0.090000 -0.007854 0.000000
vt 0.200000 -0.007854 0.000000
vt 0.090000 0.000000 0.000000
vt 0.200000 0.000000 0.000000
vt 0.090000 0.007854 0.000000
vt 0.200000 0.007854 0.000000
vt 0.090000 0.015708 0.000000
vt 0.200000 0.015708 0.000000
vt 0.090000 0.023562 0.000000
vt 0.200000 0.023562 0.000000
vt 0.200000 0.031416 0.000000
vt -0.020000 0.031416 0.000000
vt -0.020000 0.023562 0.000000
vt -0.020000 0.015708 0.000000
vt -0.020000 0.007854 0.000000
vt -0.020000 0.000000 0.000000
vt -0.020000 -0.007854 0.000000
vt -0.020000 -0.015708 0.000000
vt -0.020000 -0.023562 0.000000
vt 0.040000 -0.020000 0.000000
vt 0.420000 -0.020000 0.000000
vt 0.040000 0.200000 0.000000
vt 0.420000 0.200000 0.000000
vt -0.304711 0.068722 0.000000
vt -0.115000 0.065450 0.000000
vt -0.305000 0.078540 0.000000
vt 0.074711 0.068722 0.000000
vt 0.075000 0.078540 0.000000
vt -0.303847 0.058905 0.000000
vt -0.115000 0.052360 0.000000
vt 0.073847 0.058905 0.000000
vt 0.072416 0.049087 0.000000
vt -0.115000 0.039270 0.000000
vt 0.070433 0.039270 0.000000
vt 0.067915 0.029452 0.000000
vt -0.115000 0.026180 0.000000
vt 0.064888 0.019635 0.000000
vt -0.115000 0.013090 0.000000
vt 0.061381 0.009817 0.000000
vt -0.115000 -0.000000 0.000000
vt 0.057426 -0.000000 0.000000
vt 0.053064 -0.009817 0.000000
vt -0.115000 -0.013090 0.000000
vt 0.048334 -0.019635 0.000000
vt -0.115000 -0.026180 0.000000
vt 0.043284 -0.029452 0.000000
vt -0.115000 -0.039270 0.000000
vt 0.037961 -0.039270 0.000000
vt 0.032417 -0.049087 0.000000
vt -0.115000 -0.052360 0.000000
vt 0.026705 -0.058905 0.000000
vt -0.115000 -0.065450 0.000000
vt 0.020881 -0.068722 0.000000
vt 0.015000 -0.078540 0.000000
vt -0.250881 -0.068722 0.000000
vt -0.245000 -0.078540 0.000000
vt -0.302416 0.049087 0.000000
vt -0.300433 0.039270 0.000000
vt -0.297915 0.029452 0.000000
vt -0.294888 0.019635 0.000000
vt -0.291381 0.009817 0.000000
vt -0.287426 -0.000000 0.000000
vt -0.283064 -0.009817 0.000000
vt -0.278334 -0.019635 0.000000
vt -0.273284 -0.029452 0.000000
vt -0.267961 -0.039270 0.000000
vt -0.262417 -0.049087 0.000000
vt -0.256705 -0.058905 0.000000
vt -0.625176 0.329319 0.000000
vt -0.630000 0.327321 0.000000
vt -0.620000 0.330000 0.000000
vt -0.634142 0.324142 0.000000
vt -0.637321 0.320000 0.000000
vt -0.639319 0.315176 0.000000
vt -0.640000 0.310000 0.000000
vt -0.223259 0.214434 0.000000
vt -0.226955 0.207519 0.000000
vt -0.229231 0.200015 0.000000
vt -0.230000 0.192212 0.000000
vt -0.230000 -0.187788 0.000000
vt -0.640000 -0.325000 0.000000
vt -0.229231 -0.195592 0.000000
vt -0.226955 -0.203096 0.000000
vt -0.223259 -0.210011 0.000000
vt -0.218284 -0.216073 0.000000
vt -0.620000 -0.345000 0.000000
vt -0.212223 -0.221047 0.000000
vt -0.205307 -0.224744 0.000000
vt -0.197804 -0.227020 0.000000
vt -0.190000 -0.227788 0.000000
vt 0.620000 -0.345000 0.000000
vt 0.190000 -0.227788 0.000000
vt 0.197804 -0.227020 0.000000
vt 0.205307 -0.224744 0.000000
vt 0.212223 -0.221047 0.000000
vt 0.218284 -0.216073 0.000000
vt 0.640000 -0.325000 0.000000
vt 0.223259 -0.210011 0.000000
vt 0.226955 -0.203096 0.000000
vt 0.229231 -0.195592 0.000000
vt 0.230000 -0.187788 0.000000
vt 0.640000 0.310000 0.000000
vt 0.230000 0.192212 0.000000
vt 0.229231 0.200015 0.000000
vt 0.226955 0.207519 0.000000
vt 0.223259 0.214434 0.000000
vt 0.620000 0.330000 0.000000
vt 0.218284 0.220496 0.000000
vt 0.212223 0.225470 0.000000
vt 0.205307 0.229167 0.000000
vt 0.197804 0.231443 0.000000
vt 0.190000 0.232212 0.000000
vt -0.190000 0.232212 0.000000
vt -0.197804 0.231443 0.000000
vt -0.205307 0.229167 0.000000
vt -0.212223 0.225470 0.000000
vt -0.218284 0.220496 0.000000
vt -0.639319 -0.330176 0.000000
vt -0.637321 -0.335000 0.000000
vt -0.634142 -0.339142 0.000000
vt -0.630000 -0.342321 0.000000
vt -0.625176 -0.344319 0.000000
vt 0.625176 -0.344319 0.000000
vt 0.630000 -0.342321 0.000000
vt 0.634142 -0.339142 0.000000
vt 0.637321 -0.335000 0.000000
vt 0.639319 -0.330176 0.000000
vt 0.639319 0.315176 0.000000
vt 0.637321 0.320000 0.000000
vt 0.634142 0.324142 0.000000
vt 0.630000 0.327321 0.000000
vt 0.625176 0.329319 0.000000
vt -0.180000 -0.014142 0.000000
vt 0.080000 -0.014142 0.000000
vt -0.160000 0.014142 0.000000
vt 0.060000 0.014142 0.000000
vt -0.014142 -0.160000 0.000000
vt 0.014142 -0.180000 0.000000
vt -0.014142 0.060000 0.000000
vt 0.014142 0.080000 0.000000
vt -0.014142 0.180000 0.000000
vt -0.014142 -0.080000 0.000000
vt 0.014142 0.160000 0.000000
vt 0.014142 -0.060000 0.000000
vt 0.180000 0.014142 0.000000
vt -0.080000 0.014142 0.000000
vt 0.160000 -0.014142 0.000000
vt -0.060000 -0.014142 0.000000
vt -0.210000 0.020000 0.000000
vt 0.010000 0.020000 0.000000
vt -0.210000 0.200000 0.000000
vt 0.010000 0.200000 0.000000
vt -0.210000 0.020000 0.000000
vt 0.010000 0.020000 0.000000
vt -0.210000 0.200000 0.000000
vt 0.010000 0.200000 0.000000
vt -0.210000 0.020000 0.000000
vt 0.010000 0.020000 0.000000
vt -0.210000 0.200000 0.000000
vt 0.010000 0.200000 0.000000
vt -0.210000 0.020000 0.000000
vt 0.010000 0.020000 0.000000
vt -0.210000 0.200000 0.000000
vt 0.010000 0.200000 0.000000
vt 0.110000 0.110000 0.000000
vt -0.110000 0.110000 0.000000
vt 0.110000 -0.110000 0.000000
vt -0.110000 -0.110000 0.000000
vt 0.130000 0.130000 0.000000
vt -0.130000 0.130000 0.000000
vt 0.130000 -0.130000 0.000000
vt -0.130000 -0.130000 0.000000
vt 0.420000 0.200000 0.000000
vt 0.040000 0.200000 0.000000
vt 0.420000 -0.020000 0.000000
vt 0.040000 -0.020000 0.000000
vn 0.000000 0.000000 0.100000
vn 0.000000 0.000000 0.100000
vn 0.000000 -0.025882 0.096593
vn 0.000000 -0.025882 0.096593
vn 0.000000 -0.050000 0.086603
vn 0.000000 -0.050000 0.086603
vn 0.000000 -0.070711 0.070711
vn 0.000000 -0.070711 0.070711
vn 0.000000 -0.086603 0.050000
vn 0.000000 -0.086603 0.050000
vn 0.000000 -0.096593 0.025882
vn 0.000000 -0.096593 0.025882
vn 0.000000 -0.100000 0.000000
vn 0.000000 -0.100000 0.000000
vn 0.000000 -0.100000 0.000000
vn 0.000000 -0.100000 0.000000
vn -0.100000 0.000000 0.000000
vn -0.100000 0.000000 0.000000
vn -0.100000 0.000000 0.000000
vn -0.100000 0.000000 0.000000
vn -0.100000 0.000000 0.000000
vn -0.100000 0.000000 0.000000
vn -0.100000 0.000000 0.000000
vn -0.100000 0.000000 0.000000
vn -0.100000 0.000000 0.000000
vn -0.100000 0.000000 0.000000
vn -0.100000 0.000000 0.000000
vn -0.100000 0.000000 0.000000
vn -0.100000 0.000000 0.000000
vn -0.100000 0.000000 0.000000
vn -0.100000 0.000000 0.000000
vn -0.100000 0.000000 0.000000
vn -0.100000 0.000000 0.000000
vn -0.100000 0.000000 0.000000
vn -0.100000 0.000000 0.000000
vn -0.100000 0.000000 0.000000
vn -0.100000 0.000000 0.000000
vn -0.100000 0.000000 0.000000
vn -0.100000 0.000000 0.000000
vn -0.100000 0.000000 0.000000
vn -0.100000 0.000000 0.000000
vn -0.100000 0.000000 0.000000
vn -0.100000 0.000000 0.000000
vn -0.100000 0.000000 0.000000
vn -0.100000 0.000000 0.000000
vn -0.100000 0.000000 0.000000
vn -0.100000 0.000000 0.000000
vn -0.100000 0.000000 0.000000
vn 0.000000 0.000000 -0.100000
vn 0.000000 0.000000 -0.100000
vn 0.000000 -0.025882 -0.096593
vn 0.000000 -0.025882 -0.096593
vn 0.000000 -0.050000 -0.086603
vn 0.000000 -0.050000 -0.086603
vn 0.000000 -0.070711 -0.070711
vn 0.000000 -0.070711 -0.070711
vn 0.000000 -0.086603 -0.050000
vn 0.000000 -0.086603 -0.050000
vn 0.000000 -0.096593 -0.025882
vn 0.000000 -0.096593 -0.025882
vn 0.000000 0.000000 -0.100000
vn 0.000000 0.000000 -0.100000
vn 0.000000 0.000000 0.100000
vn 0.000000 0.000000 0.100000
vn -0.000000 0.025882 -0.096593
vn -0.000000 0.025882 -0.096593
vn -0.000000 0.050000 -0.086603
vn -0.000000 0.050000 -0.086603
vn -0.000000 0.070711 -0.070711
vn -0.000000 0.070711 -0.070711
vn -0.000000 0.086603 -0.050000
vn -0.000000 0.086603 -0.050000
vn -0.000000 0.096593 -0.025882
vn -0.000000 0.096593 -0.025882
vn 0.000000 0.100000 0.000000
vn 0.000000 0.100000 0.000000
vn 0.000000 0.100000 0.000000
vn 0.000000 0.100000 0.000000
vn 0.000000 0.025882 0.096593
vn 0.000000 0.025882 0.096593
vn 0.000000 0.050000 0.086603
vn 0.000000 0.050000 0.086603
vn 0.000000 0.070711 0.070711
vn 0.000000 0.070711 0.070711
vn 0.000000 0.086603 0.050000
vn 0.000000 0.086603 0.050000
vn 0.000000 0.096593 0.025882
vn 0.000000 0.096593 0.025882
vn 0.000000 -0.100000 0.000000
vn 0.000000 -0.100000 0.000000
vn 0.000000 -0.098079 -0.019509
vn 0.000000 -0.098079 -0.019509
vn 0.000000 -0.092388 -0.038268
vn 0.000000 -0.092388 -0.038268
vn 0.000000 -0.083147 -0.055557
vn 0.000000 -0.083147 -0.055557
vn 0.000000 -0.070711 -0.070711
vn 0.000000 -0.070711 -0.070711
vn 0.000000 -0.055557 -0.083147
vn 0.000000 -0.055557 -0.083147
vn 0.000000 -0.038268 -0.092388
vn 0.000000 -0.038268 -0.092388
vn 0.000000 -0.019509 -0.098079
vn 0.000000 -0.019509 -0.098079
vn 0.000000 0.000000 -0.100000
vn 0.000000 0.000000 -0.100000
vn 0.000000 -0.019509 -0.098079
vn 0.000000 -0.038268 -0.092388
vn 0.000000 -0.055557 -0.083147
vn 0.000000 -0.070711 -0.070711
vn 0.000000 -0.083147 -0.055557
vn 0.000000 -0.092388 -0.038268
vn 0.000000 -0.098079 -0.019509
vn 0.009847 -0.099513 -0.000340
vn 0.000079 -0.100000 -0.000170
vn 0.007935 -0.098553 -0.014975
vn 0.000243 -0.098033 -0.019737
vn 0.008744 -0.095278 -0.029081
vn 0.000373 -0.092383 -0.038279
vn 0.009497 -0.088145 -0.046264
vn 0.000456 -0.083046 -0.055707
vn 0.009900 -0.077839 -0.061993
vn 0.000484 -0.070710 -0.070710
vn 0.009938 -0.065068 -0.075282
vn 0.000456 -0.055707 -0.083046
vn 0.009616 -0.049851 -0.086154
vn 0.000373 -0.038279 -0.092383
vn 0.009184 -0.038310 -0.091913
vn 0.008230 -0.019811 -0.097672
vn 0.017747 -0.037773 -0.090875
vn 0.016052 -0.019554 -0.096747
vn 0.026076 -0.036839 -0.089235
vn 0.023711 -0.019032 -0.095266
vn 0.034207 -0.035526 -0.086993
vn 0.031220 -0.018267 -0.093229
vn 0.042177 -0.033867 -0.084108
vn 0.038604 -0.017326 -0.090607
vn 0.049478 -0.032094 -0.080758
vn 0.045539 -0.016385 -0.087508
vn 0.056116 -0.030214 -0.077059
vn 0.051994 -0.015402 -0.084020
vn 0.062188 -0.028239 -0.073042
vn 0.058029 -0.014377 -0.080162
vn 0.067617 -0.026237 -0.068844
vn 0.063548 -0.013337 -0.076051
vn 0.072532 -0.024202 -0.064447
vn 0.068665 -0.012272 -0.071655
vn 0.076948 -0.022162 -0.059899
vn 0.073360 -0.011210 -0.067028
vn 0.080900 -0.020144 -0.055221
vn 0.077651 -0.010174 -0.062183
vn 0.084412 -0.018166 -0.050444
vn 0.081553 -0.009169 -0.057141
vn 0.087507 -0.016221 -0.045601
vn 0.085071 -0.008164 -0.051925
vn 0.090210 -0.014280 -0.040721
vn 0.088195 -0.007129 -0.046593
vn 0.092547 -0.012363 -0.035808
vn 0.090929 -0.006110 -0.041166
vn 0.095523 -0.009470 -0.028029
vn 0.094477 -0.004624 -0.032446
vn 0.097719 -0.006747 -0.020137
vn 0.097159 -0.003320 -0.023432
vn 0.099169 -0.004108 -0.012190
vn 0.098964 -0.002055 -0.014209
vn 0.099898 -0.001428 -0.004288
vn 0.099872 -0.000704 -0.005009
vn 0.100000 -0.000000 -0.000001
vn 0.000243 -0.019737 -0.098033
vn 0.000079 -0.000170 -0.100000
vn 0.009847 -0.000340 -0.099513
vn 0.019489 -0.000309 -0.098082
vn 0.028978 -0.000102 -0.095709
vn 0.038282 0.000006 -0.092382
vn 0.047142 0.000004 -0.088191
vn 0.055543 -0.000008 -0.083156
vn 0.063449 0.000014 -0.077293
vn 0.070705 0.000025 -0.070717
vn 0.077289 -0.000002 -0.063453
vn 0.083163 0.000057 -0.055533
vn 0.088174 0.000201 -0.047174
vn 0.092329 0.000258 -0.038409
vn 0.095645 0.000161 -0.029189
vn 0.098072 -0.000003 -0.019544
vn 0.099518 0.000018 -0.009811
vn 0.100000 0.000000 -0.000002
vn 0.098072 -0.019544 -0.000003
vn 0.098899 -0.014718 -0.001535
vn 0.099518 -0.009811 0.000018
vn 0.099864 -0.005191 -0.000521
vn 0.100000 -0.000002 0.000000
vn 0.096982 -0.024257 -0.002452
vn 0.095645 -0.029189 0.000161
vn 0.094146 -0.033541 -0.003394
vn 0.092329 -0.038409 0.000258
vn 0.090419 -0.042475 -0.004517
vn 0.088174 -0.047174 0.000201
vn 0.087560 -0.048012 -0.005306
vn 0.083163 -0.055533 0.000057
vn 0.084305 -0.053435 -0.006108
vn 0.077289 -0.063453 -0.000002
vn 0.080655 -0.058716 -0.006868
vn 0.076633 -0.063792 -0.007619
vn 0.079414 -0.058861 -0.015129
vn 0.075305 -0.063653 -0.016658
vn 0.078104 -0.056321 -0.026976
vn 0.073781 -0.060747 -0.029432
vn 0.075385 -0.052005 -0.040157
vn 0.070627 -0.055940 -0.043388
vn 0.070790 -0.045734 -0.053826
vn 0.065440 -0.049040 -0.057556
vn 0.064049 -0.037032 -0.067279
vn 0.057963 -0.039581 -0.071229
vn 0.070705 -0.070717 0.000025
vn 0.072236 -0.068640 -0.008397
vn 0.070760 -0.068274 -0.018213
vn 0.068935 -0.065052 -0.031878
vn 0.065273 -0.059765 -0.046557
vn 0.059345 -0.052284 -0.061193
vn 0.051248 -0.041999 -0.074898
vn 0.063449 -0.077293 0.000014
vn 0.067457 -0.073246 -0.009201
vn 0.065751 -0.072706 -0.019766
vn 0.063538 -0.069191 -0.034284
vn 0.059179 -0.063489 -0.049669
vn 0.052571 -0.055342 -0.064603
vn 0.043786 -0.044265 -0.078252
vn 0.062278 -0.077597 -0.010009
vn 0.055543 -0.083156 -0.000008
vn 0.056733 -0.081639 -0.010793
vn 0.047142 -0.088191 0.000004
vn 0.050712 -0.085408 -0.011565
vn 0.044315 -0.088796 -0.012307
vn 0.047667 -0.084502 -0.024234
vn 0.040534 -0.087760 -0.025597
vn 0.043344 -0.080238 -0.041025
vn 0.035182 -0.083159 -0.042974
vn 0.036435 -0.073013 -0.057807
vn 0.027841 -0.075213 -0.059731
vn 0.027936 -0.062722 -0.072702
vn 0.019082 -0.064169 -0.074285
vn 0.018512 -0.049146 -0.085100
vn 0.038282 -0.092382 0.000006
vn 0.037495 -0.091785 -0.013024
vn 0.032834 -0.090543 -0.026905
vn 0.026849 -0.085429 -0.044509
vn 0.019014 -0.076823 -0.061129
vn 0.028978 -0.095709 -0.000102
vn 0.030293 -0.094301 -0.013768
vn 0.024988 -0.092706 -0.027950
vn 0.018302 -0.087091 -0.045610
vn 0.019489 -0.098082 -0.000309
vn 0.022977 -0.096256 -0.014383
vn 0.016967 -0.094284 -0.028683
vn 0.015527 -0.097673 -0.014793
vn 0.100000 -0.000001 -0.000001
vn 0.099909 -0.001901 -0.003817
vn 0.100000 -0.000001 -0.000001
vn 0.099917 -0.002589 -0.003129
vn 0.100000 -0.000001 -0.000001
vn 0.099916 -0.003277 -0.002441
vn 0.100000 -0.000001 -0.000000
vn 0.099906 -0.003965 -0.001752
vn 0.100000 -0.000001 -0.000000
vn 0.099886 -0.004653 -0.001062
vn 0.100000 -0.000001 -0.000000
vn 0.027141 -0.047971 -0.083439
vn 0.035552 -0.046340 -0.081170
vn 0.036555 -0.060733 -0.070536
vn 0.044844 -0.070185 -0.055346
vn 0.050762 -0.076872 -0.038910
vn 0.054222 -0.080872 -0.022797
vn 0.044987 -0.058187 -0.067753
vn 0.052413 -0.066973 -0.052607
vn 0.057456 -0.073178 -0.036657
vn 0.060279 -0.076897 -0.021292
vn 0.069432 -0.034445 -0.063188
vn 0.075540 -0.042358 -0.049996
vn 0.079589 -0.048000 -0.036899
vn 0.081945 -0.051797 -0.024538
vn 0.083105 -0.053922 -0.013637
vn 0.074252 -0.031815 -0.058944
vn 0.078540 -0.029173 -0.054593
vn 0.082338 -0.026546 -0.050157
vn 0.085674 -0.023960 -0.045671
vn 0.088580 -0.021420 -0.041168
vn 0.091096 -0.018902 -0.036664
vn 0.093257 -0.016412 -0.032153
vn 0.095981 -0.012618 -0.025069
vn 0.097963 -0.008982 -0.017960
vn 0.099259 -0.005448 -0.010865
vn 0.079733 -0.038948 -0.046106
vn 0.083415 -0.035533 -0.042182
vn 0.086620 -0.032144 -0.038258
vn 0.089384 -0.028803 -0.034364
vn 0.091760 -0.025495 -0.030497
vn 0.093789 -0.022215 -0.026647
vn 0.096324 -0.017161 -0.020668
vn 0.098146 -0.012229 -0.014757
vn 0.099326 -0.007400 -0.008925
vn 0.083286 -0.043952 -0.033640
vn 0.085329 -0.047209 -0.022141
vn 0.086394 -0.048868 -0.012163
vn 0.086506 -0.039896 -0.030413
vn 0.089287 -0.035862 -0.027236
vn 0.091680 -0.031849 -0.024091
vn 0.093725 -0.027851 -0.020976
vn 0.096283 -0.021625 -0.016187
vn 0.098124 -0.015451 -0.011530
vn 0.099318 -0.009344 -0.006979
vn 0.088287 -0.042590 -0.019787
vn 0.089290 -0.043741 -0.010676
vn 0.090854 -0.037961 -0.017449
vn 0.093063 -0.033318 -0.015139
vn 0.095856 -0.026008 -0.011627
vn 0.097897 -0.018648 -0.008278
vn 0.099234 -0.011283 -0.005026
vn 0.091809 -0.038553 -0.009210
vn 0.095046 -0.030280 -0.007024
vn 0.097464 -0.021809 -0.005015
vn 0.099076 -0.013212 -0.003070
vn 0.099518 0.000000 -0.009802
vn 0.099144 0.000000 -0.013053
vn 0.100000 0.000000 0.000000
vn 0.099518 0.000000 -0.009802
vn 0.100000 0.000000 0.000000
vn 0.098079 0.000000 -0.019509
vn 0.096593 0.000000 -0.025882
vn 0.098079 0.000000 -0.019509
vn 0.095694 0.000000 -0.029028
vn 0.092388 0.000000 -0.038268
vn 0.092388 0.000000 -0.038268
vn 0.088192 0.000000 -0.047140
vn 0.086603 0.000000 -0.050000
vn 0.083147 0.000000 -0.055557
vn 0.079335 0.000000 -0.060876
vn 0.077301 0.000000 -0.063439
vn 0.070711 0.000000 -0.070711
vn 0.070711 0.000000 -0.070711
vn 0.063439 0.000000 -0.077301
vn 0.060876 0.000000 -0.079335
vn 0.055557 0.000000 -0.083147
vn 0.050000 0.000000 -0.086603
vn 0.047140 0.000000 -0.088192
vn 0.038268 0.000000 -0.092388
vn 0.038268 0.000000 -0.092388
vn 0.029028 0.000000 -0.095694
vn 0.025882 0.000000 -0.096593
vn 0.019509 0.000000 -0.098079
vn 0.013053 0.000000 -0.099144
vn 0.009802 0.000000 -0.099518
vn -0.000000 0.000000 -0.100000
vn 0.009802 0.000000 -0.099518
vn 0.095694 0.000000 -0.029028
vn 0.092388 0.000000 -0.038268
vn 0.088192 0.000000 -0.047140
vn 0.083147 0.000000 -0.055557
vn 0.077301 0.000000 -0.063439
vn 0.070711 0.000000 -0.070711
vn 0.063439 0.000000 -0.077301
vn 0.055557 0.000000 -0.083147
vn 0.047140 0.000000 -0.088192
vn 0.038268 0.000000 -0.092388
vn 0.029028 0.000000 -0.095694
vn 0.019509 0.000000 -0.098079
vn 0.000000 0.000000 -0.100000
vn 0.009847 0.000340 -0.099513
vn 0.000079 0.000170 -0.100000
vn 0.007935 0.014975 -0.098553
vn 0.000243 0.019737 -0.098033
vn 0.008744 0.029081 -0.095278
vn 0.000373 0.038279 -0.092383
vn 0.009497 0.046264 -0.088145
vn 0.000456 0.055707 -0.083046
vn 0.009900 0.061993 -0.077839
vn 0.000484 0.070710 -0.070710
vn 0.009938 0.075282 -0.065068
vn 0.000456 0.083046 -0.055707
vn 0.009616 0.086154 -0.049851
vn 0.000373 0.092383 -0.038279
vn 0.009184 0.091913 -0.038310
vn 0.008230 0.097672 -0.019811
vn 0.017747 0.090875 -0.037773
vn 0.016052 0.096747 -0.019554
vn 0.026076 0.089235 -0.036839
vn 0.023711 0.095266 -0.019032
vn 0.034207 0.086993 -0.035526
vn 0.031220 0.093229 -0.018267
vn 0.042177 0.084108 -0.033867
vn 0.038604 0.090607 -0.017326
vn 0.049478 0.080758 -0.032094
vn 0.045539 0.087508 -0.016385
vn 0.056116 0.077059 -0.030214
vn 0.051994 0.084020 -0.015402
vn 0.062188 0.073042 -0.028239
vn 0.058029 0.080162 -0.014377
vn 0.067617 0.068844 -0.026237
vn 0.063548 0.076051 -0.013337
vn 0.072532 0.064447 -0.024202
vn 0.068665 0.071655 -0.012272
vn 0.076948 0.059899 -0.022162
vn 0.073360 0.067028 -0.011210
vn 0.080900 0.055221 -0.020144
vn 0.077651 0.062183 -0.010174
vn 0.084412 0.050444 -0.018166
vn 0.081553 0.057141 -0.009169
vn 0.087507 0.045601 -0.016221
vn 0.085071 0.051925 -0.008164
vn 0.090210 0.040721 -0.014280
vn 0.088195 0.046593 -0.007129
vn 0.092547 0.035808 -0.012363
vn 0.090929 0.041166 -0.006110
vn 0.095523 0.028029 -0.009470
vn 0.094477 0.032446 -0.004624
vn 0.097719 0.020137 -0.006747
vn 0.097159 0.023432 -0.003320
vn 0.099169 0.012190 -0.004108
vn 0.098964 0.014209 -0.002055
vn 0.099898 0.004288 -0.001428
vn 0.099872 0.005009 -0.000704
vn 0.100000 0.000001 -0.000000
vn 0.000243 0.098033 -0.019737
vn 0.000079 0.100000 -0.000170
vn 0.009847 0.099513 -0.000340
vn 0.019489 0.098082 -0.000309
vn 0.028978 0.095709 -0.000102
vn 0.038282 0.092382 0.000006
vn 0.047142 0.088191 0.000004
vn 0.055543 0.083156 -0.000008
vn 0.063449 0.077293 0.000014
vn 0.070705 0.070717 0.000025
vn 0.077289 0.063453 -0.000002
vn 0.083163 0.055533 0.000057
vn 0.088174 0.047174 0.000201
vn 0.092329 0.038409 0.000258
vn 0.095645 0.029189 0.000161
vn 0.098072 0.019544 -0.000003
vn 0.099518 0.009811 0.000018
vn 0.100000 0.000002 0.000000
vn 0.098072 0.000003 -0.019544
vn 0.098899 0.001535 -0.014718
vn 0.099518 -0.000018 -0.009811
vn 0.099864 0.000521 -0.005191
vn 0.100000 -0.000000 -0.000002
vn 0.096982 0.002452 -0.024257
vn 0.095645 -0.000161 -0.029189
vn 0.094146 0.003394 -0.033541
vn 0.092329 -0.000258 -0.038409
vn 0.090419 0.004517 -0.042475
vn 0.088174 -0.000201 -0.047174
vn 0.087560 0.005306 -0.048012
vn 0.083163 -0.000057 -0.055533
vn 0.084305 0.006108 -0.053435
vn 0.077289 0.000002 -0.063453
vn 0.080655 0.006868 -0.058716
vn 0.076633 0.007619 -0.063792
vn 0.079414 0.015129 -0.058861
vn 0.075305 0.016658 -0.063653
vn 0.078104 0.026976 -0.056321
vn 0.073781 0.029432 -0.060747
vn 0.075385 0.040157 -0.052005
vn 0.070627 0.043388 -0.055940
vn 0.070790 0.053826 -0.045734
vn 0.065440 0.057556 -0.049040
vn 0.064049 0.067279 -0.037032
vn 0.057963 0.071229 -0.039581
vn 0.070705 -0.000025 -0.070717
vn 0.072236 0.008397 -0.068640
vn 0.070760 0.018213 -0.068274
vn 0.068935 0.031878 -0.065052
vn 0.065273 0.046557 -0.059765
vn 0.059345 0.061193 -0.052284
vn 0.051248 0.074898 -0.041999
vn 0.063449 -0.000014 -0.077293
vn 0.067457 0.009201 -0.073246
vn 0.065751 0.019766 -0.072706
vn 0.063538 0.034284 -0.069191
vn 0.059179 0.049669 -0.063489
vn 0.052571 0.064603 -0.055342
vn 0.043786 0.078252 -0.044265
vn 0.062278 0.010009 -0.077597
vn 0.055543 0.000008 -0.083156
vn 0.056733 0.010793 -0.081639
vn 0.047142 -0.000004 -0.088191
vn 0.050712 0.011565 -0.085408
vn 0.044315 0.012307 -0.088796
vn 0.047667 0.024234 -0.084502
vn 0.040534 0.025597 -0.087760
vn 0.043344 0.041025 -0.080238
vn 0.035182 0.042974 -0.083159
vn 0.036435 0.057807 -0.073013
vn 0.027841 0.059731 -0.075213
vn 0.027936 0.072702 -0.062722
vn 0.019082 0.074285 -0.064169
vn 0.018512 0.085100 -0.049146
vn 0.038282 -0.000006 -0.092382
vn 0.037495 0.013024 -0.091785
vn 0.032834 0.026905 -0.090543
vn 0.026849 0.044509 -0.085429
vn 0.019014 0.061129 -0.076823
vn 0.028978 0.000102 -0.095709
vn 0.030293 0.013768 -0.094301
vn 0.024988 0.027950 -0.092706
vn 0.018302 0.045610 -0.087091
vn 0.019489 0.000309 -0.098082
vn 0.022977 0.014383 -0.096256
vn 0.016967 0.028683 -0.094284
vn 0.015527 0.014793 -0.097673
vn 0.100000 0.000001 -0.000001
vn 0.099909 0.003817 -0.001901
vn 0.100000 0.000001 -0.000001
vn 0.099917 0.003129 -0.002589
vn 0.100000 0.000001 -0.000001
vn 0.099916 0.002441 -0.003277
vn 0.100000 0.000000 -0.000001
vn 0.099906 0.001752 -0.003965
vn 0.100000 0.000000 -0.000001
vn 0.099886 0.001062 -0.004653
vn 0.100000 0.000000 -0.000001
vn 0.027141 0.083439 -0.047971
vn 0.035552 0.081170 -0.046340
vn 0.036555 0.070536 -0.060733
vn 0.044844 0.055346 -0.070185
vn 0.050762 0.038910 -0.076872
vn 0.054222 0.022797 -0.080872
vn 0.044987 0.067753 -0.058187
vn 0.052413 0.052607 -0.066973
vn 0.057456 0.036657 -0.073178
vn 0.060279 0.021292 -0.076897
vn 0.069432 0.063188 -0.034445
vn 0.075540 0.049996 -0.042358
vn 0.079589 0.036899 -0.048000
vn 0.081945 0.024538 -0.051797
vn 0.083105 0.013637 -0.053922
vn 0.074252 0.058944 -0.031815
vn 0.078540 0.054593 -0.029173
vn 0.082338 0.050157 -0.026546
vn 0.085674 0.045671 -0.023960
vn 0.088580 0.041168 -0.021420
vn 0.091096 0.036664 -0.018902
vn 0.093257 0.032153 -0.016412
vn 0.095981 0.025069 -0.012618
vn 0.097963 0.017960 -0.008982
vn 0.099259 0.010865 -0.005448
vn 0.079733 0.046106 -0.038948
vn 0.083415 0.042182 -0.035533
vn 0.086620 0.038258 -0.032144
vn 0.089384 0.034364 -0.028803
vn 0.091760 0.030497 -0.025495
vn 0.093789 0.026647 -0.022215
vn 0.096324 0.020668 -0.017161
vn 0.098146 0.014757 -0.012229
vn 0.099326 0.008925 -0.007400
vn 0.083286 0.033640 -0.043952
vn 0.085329 0.022141 -0.047209
vn 0.086394 0.012163 -0.048868
vn 0.086506 0.030413 -0.039896
vn 0.089287 0.027236 -0.035862
vn 0.091680 0.024091 -0.031849
vn 0.093725 0.020976 -0.027851
vn 0.096283 0.016187 -0.021625
vn 0.098124 0.011530 -0.015451
vn 0.099318 0.006979 -0.009344
vn 0.088287 0.019787 -0.042590
vn 0.089290 0.010676 -0.043741
vn 0.090854 0.017449 -0.037961
vn 0.093063 0.015139 -0.033318
vn 0.095856 0.011627 -0.026008
vn 0.097897 0.008278 -0.018648
vn 0.099234 0.005026 -0.011283
vn 0.091809 0.009210 -0.038553
vn 0.095046 0.007024 -0.030280
vn 0.097464 0.005015 -0.021809
vn 0.099076 0.003070 -0.013212
vn 0.000000 0.100000 0.000000
vn -0.000000 0.100000 -0.000000
vn -0.000000 0.098079 -0.019509
vn -0.000000 0.098079 -0.019509
vn -0.000000 0.092388 -0.038268
vn -0.000000 0.092388 -0.038268
vn -0.000000 0.083147 -0.055557
vn -0.000000 0.083147 -0.055557
vn -0.000000 0.070711 -0.070711
vn -0.000000 0.070711 -0.070711
vn -0.000000 0.055557 -0.083147
vn -0.000000 0.055557 -0.083147
vn -0.000000 0.038268 -0.092388
vn -0.000000 0.038268 -0.092388
vn -0.000000 0.019509 -0.098079
vn -0.000000 0.019509 -0.098079
vn -0.000000 0.019509 -0.098079
vn -0.000000 0.038268 -0.092388
vn -0.000000 0.055557 -0.083147
vn -0.000000 0.070711 -0.070711
vn -0.000000 0.083147 -0.055557
vn -0.000000 0.092388 -0.038268
vn -0.000000 0.098079 -0.019509
vn 0.099518 0.009802 0.000000
vn 0.099144 0.013053 0.000000
vn 0.099518 0.009802 0.000000
vn 0.100000 0.000000 0.000000
vn 0.098079 0.019509 0.000000
vn 0.096593 0.025882 0.000000
vn 0.098079 0.019509 0.000000
vn 0.095694 0.029028 0.000000
vn 0.092388 0.038268 0.000000
vn 0.092388 0.038268 0.000000
vn 0.088192 0.047140 0.000000
vn 0.086603 0.050000 0.000000
vn 0.083147 0.055557 0.000000
vn 0.079335 0.060876 0.000000
vn 0.077301 0.063439 0.000000
vn 0.070711 0.070711 0.000000
vn 0.070711 0.070711 0.000000
vn 0.063439 0.077301 0.000000
vn 0.060876 0.079335 0.000000
vn 0.055557 0.083147 0.000000
vn 0.050000 0.086603 0.000000
vn 0.047140 0.088192 0.000000
vn 0.038268 0.092388 0.000000
vn 0.038268 0.092388 0.000000
vn 0.029028 0.095694 0.000000
vn 0.025882 0.096593 0.000000
vn 0.019509 0.098079 0.000000
vn 0.013053 0.099144 0.000000
vn 0.009802 0.099518 0.000000
vn -0.000000 0.100000 -0.000000
vn 0.009802 0.099518 0.000000
vn 0.095694 0.029028 0.000000
vn 0.092388 0.038268 0.000000
vn 0.088192 0.047140 0.000000
vn 0.083147 0.055557 0.000000
vn 0.077301 0.063439 0.000000
vn 0.070711 0.070711 0.000000
vn 0.063439 0.077301 0.000000
vn 0.055557 0.083147 0.000000
vn 0.047140 0.088192 0.000000
vn 0.038268 0.092388 0.000000
vn 0.029028 0.095694 0.000000
vn 0.019509 0.098079 0.000000
vn 0.009847 0.099513 0.000340
vn 0.000079 0.100000 0.000170
vn 0.007935 0.098553 0.014975
vn 0.000243 0.098033 0.019737
vn 0.008744 0.095278 0.029081
vn 0.000373 0.092383 0.038279
vn 0.009497 0.088145 0.046264
vn 0.000456 0.083046 0.055707
vn 0.009900 0.077839 0.061993
vn 0.000484 0.070710 0.070710
vn 0.009938 0.065068 0.075282
vn 0.000456 0.055707 0.083046
vn 0.009616 0.049851 0.086154
vn 0.000373 0.038279 0.092383
vn 0.009184 0.038310 0.091913
vn 0.008230 0.019811 0.097672
vn 0.017747 0.037773 0.090875
vn 0.016052 0.019554 0.096747
vn 0.026076 0.036839 0.089235
vn 0.023711 0.019032 0.095266
vn 0.034207 0.035526 0.086993
vn 0.031220 0.018267 0.093229
vn 0.042177 0.033867 0.084108
vn 0.038604 0.017326 0.090607
vn 0.049478 0.032094 0.080758
vn 0.045539 0.016385 0.087508
vn 0.056116 0.030214 0.077059
vn 0.051994 0.015402 0.084020
vn 0.062188 0.028239 0.073042
vn 0.058029 0.014377 0.080162
vn 0.067617 0.026237 0.068844
vn 0.063548 0.013337 0.076051
vn 0.072532 0.024202 0.064447
vn 0.068665 0.012272 0.071655
vn 0.076948 0.022162 0.059899
vn 0.073360 0.011210 0.067028
vn 0.080900 0.020144 0.055221
vn 0.077651 0.010174 0.062183
vn 0.084412 0.018166 0.050444
vn 0.081553 0.009169 0.057141
vn 0.087507 0.016221 0.045601
vn 0.085071 0.008164 0.051925
vn 0.090210 0.014280 0.040721
vn 0.088195 0.007129 0.046593
vn 0.092547 0.012363 0.035808
vn 0.090929 0.006110 0.041166
vn 0.095523 0.009470 0.028029
vn 0.094477 0.004624 0.032446
vn 0.097719 0.006747 0.020137
vn 0.097159 0.003320 0.023432
vn 0.099169 0.004108 0.012190
vn 0.098964 0.002055 0.014209
vn 0.099898 0.001428 0.004288
vn 0.099872 0.000704 0.005009
vn 0.100000 0.000000 0.000001
vn 0.000243 0.019737 0.098033
vn 0.000079 0.000170 0.100000
vn 0.009847 0.000340 0.099513
vn 0.019489 0.000309 0.098082
vn 0.028978 0.000102 0.095709
vn 0.038282 -0.000006 0.092382
vn 0.047142 -0.000004 0.088191
vn 0.055543 0.000008 0.083156
vn 0.063449 -0.000014 0.077293
vn 0.070705 -0.000025 0.070717
vn 0.077289 0.000002 0.063453
vn 0.083163 -0.000057 0.055533
vn 0.088174 -0.000201 0.047174
vn 0.092329 -0.000258 0.038409
vn 0.095645 -0.000161 0.029189
vn 0.098072 0.000003 0.019544
vn 0.099518 -0.000018 0.009811
vn 0.100000 -0.000000 0.000002
vn 0.098072 0.019544 0.000003
vn 0.098899 0.014718 0.001535
vn 0.099518 0.009811 -0.000018
vn 0.099864 0.005191 0.000521
vn 0.100000 0.000002 -0.000000
vn 0.096982 0.024257 0.002452
vn 0.095645 0.029189 -0.000161
vn 0.094146 0.033541 0.003394
vn 0.092329 0.038409 -0.000258
vn 0.090419 0.042475 0.004517
vn 0.088174 0.047174 -0.000201
vn 0.087560 0.048012 0.005306
vn 0.083163 0.055533 -0.000057
vn 0.084305 0.053435 0.006108
vn 0.077289 0.063453 0.000002
vn 0.080655 0.058716 0.006868
vn 0.076633 0.063792 0.007619
vn 0.079414 0.058861 0.015129
vn 0.075305 0.063653 0.016658
vn 0.078104 0.056321 0.026976
vn 0.073781 0.060747 0.029432
vn 0.075385 0.052005 0.040157
vn 0.070627 0.055940 0.043388
vn 0.070790 0.045734 0.053826
vn 0.065440 0.049040 0.057556
vn 0.064049 0.037032 0.067279
vn 0.057963 0.039581 0.071229
vn 0.070705 0.070717 -0.000025
vn 0.072236 0.068640 0.008397
vn 0.070760 0.068274 0.018213
vn 0.068935 0.065052 0.031878
vn 0.065273 0.059765 0.046557
vn 0.059345 0.052284 0.061193
vn 0.051248 0.041999 0.074898
vn 0.063449 0.077293 -0.000014
vn 0.067457 0.073246 0.009201
vn 0.065751 0.072706 0.019766
vn 0.063538 0.069191 0.034284
vn 0.059179 0.063489 0.049669
vn 0.052571 0.055342 0.064603
vn 0.043786 0.044265 0.078252
vn 0.062278 0.077597 0.010009
vn 0.055543 0.083156 0.000008
vn 0.056733 0.081639 0.010793
vn 0.047142 0.088191 -0.000004
vn 0.050712 0.085408 0.011565
vn 0.044315 0.088796 0.012307
vn 0.047667 0.084502 0.024234
vn 0.040534 0.087760 0.025597
vn 0.043344 0.080238 0.041025
vn 0.035182 0.083159 0.042974
vn 0.036435 0.073013 0.057807
vn 0.027841 0.075213 0.059731
vn 0.027936 0.062722 0.072702
vn 0.019082 0.064169 0.074285
vn 0.018512 0.049146 0.085100
vn 0.038282 0.092382 -0.000006
vn 0.037495 0.091785 0.013024
vn 0.032834 0.090543 0.026905
vn 0.026849 0.085429 0.044509
vn 0.019014 0.076823 0.061129
vn 0.028978 0.095709 0.000102
vn 0.030293 0.094301 0.013768
vn 0.024988 0.092706 0.027950
vn 0.018302 0.087091 0.045610
vn 0.019489 0.098082 0.000309
vn 0.022977 0.096256 0.014383
vn 0.016967 0.094284 0.028683
vn 0.015527 0.097673 0.014793
vn 0.100000 0.000001 0.000001
vn 0.099909 0.001901 0.003817
vn 0.100000 0.000001 0.000001
vn 0.099917 0.002589 0.003129
vn 0.100000 0.000001 0.000001
vn 0.099916 0.003277 0.002441
vn 0.100000 0.000001 0.000000
vn 0.099906 0.003965 0.001752
vn 0.100000 0.000001 0.000000
vn 0.099886 0.004653 0.001062
vn 0.100000 0.000001 0.000000
vn 0.027141 0.047971 0.083439
vn 0.035552 0.046340 0.081170
vn 0.036555 0.060733 0.070536
vn 0.044844 0.070185 0.055346
vn 0.050762 0.076872 0.038910
vn 0.054222 0.080872 0.022797
vn 0.044987 0.058187 0.067753
vn 0.052413 0.066973 0.052607
vn 0.057456 0.073178 0.036657
vn 0.060279 0.076897 0.021292
vn 0.069432 0.034445 0.063188
vn 0.075540 0.042358 0.049996
vn 0.079589 0.048000 0.036899
vn 0.081945 0.051797 0.024538
vn 0.083105 0.053922 0.013637
vn 0.074252 0.031815 0.058944
vn 0.078540 0.029173 0.054593
vn 0.082338 0.026546 0.050157
vn 0.085674 0.023960 0.045671
vn 0.088580 0.021420 0.041168
vn 0.091096 0.018902 0.036664
vn 0.093257 0.016412 0.032153
vn 0.095981 0.012618 0.025069
vn 0.097963 0.008982 0.017960
vn 0.099259 0.005448 0.010865
vn 0.079733 0.038948 0.046106
vn 0.083415 0.035533 0.042182
vn 0.086620 0.032144 0.038258
vn 0.089384 0.028803 0.034364
vn 0.091760 0.025495 0.030497
vn 0.093789 0.022215 0.026647
vn 0.096324 0.017161 0.020668
vn 0.098146 0.012229 0.014757
vn 0.099326 0.007400 0.008925
vn 0.083286 0.043952 0.033640
vn 0.085329 0.047209 0.022141
vn 0.086394 0.048868 0.012163
vn 0.086506 0.039896 0.030413
vn 0.089287 0.035862 0.027236
vn 0.091680 0.031849 0.024091
vn 0.093725 0.027851 0.020976
vn 0.096283 0.021625 0.016187
vn 0.098124 0.015451 0.011530
vn 0.099318 0.009344 0.006979
vn 0.088287 0.042590 0.019787
vn 0.089290 0.043741 0.010676
vn 0.090854 0.037961 0.017449
vn 0.093063 0.033318 0.015139
vn 0.095856 0.026008 0.011627
vn 0.097897 0.018648 0.008278
vn 0.099234 0.011283 0.005026
vn 0.091809 0.038553 0.009210
vn 0.095046 0.030280 0.007024
vn 0.097464 0.021809 0.005015
vn 0.099076 0.013212 0.003070
vn 0.000000 0.000000 0.100000
vn 0.000000 0.000000 0.100000
vn 0.000000 0.019509 0.098079
vn 0.000000 0.019509 0.098079
vn 0.000000 0.038268 0.092388
vn 0.000000 0.038268 0.092388
vn 0.000000 0.055557 0.083147
vn 0.000000 0.055557 0.083147
vn 0.000000 0.070711 0.070711
vn 0.000000 0.070711 0.070711
vn 0.000000 0.083147 0.055557
vn 0.000000 0.083147 0.055557
vn 0.000000 0.092388 0.038268
vn 0.000000 0.092388 0.038268
vn 0.000000 0.098079 0.019509
vn 0.000000 0.098079 0.019509
vn 0.000000 0.100000 0.000000
vn 0.000000 0.098079 0.019509
vn 0.000000 0.092388 0.038268
vn 0.000000 0.083147 0.055557
vn 0.000000 0.070711 0.070711
vn 0.000000 0.055557 0.083147
vn 0.000000 0.038268 0.092388
vn 0.000000 0.019509 0.098079
vn 0.099518 0.000000 0.009802
vn 0.099144 0.000000 0.013053
vn 0.099518 0.000000 0.009802
vn 0.100000 0.000000 0.000000
vn 0.098079 0.000000 0.019509
vn 0.096593 0.000000 0.025882
vn 0.098079 0.000000 0.019509
vn 0.095694 0.000000 0.029028
vn 0.092388 0.000000 0.038268
vn 0.092388 0.000000 0.038268
vn 0.088192 0.000000 0.047140
vn 0.086603 0.000000 0.050000
vn 0.083147 0.000000 0.055557
vn 0.079335 0.000000 0.060876
vn 0.077301 0.000000 0.063439
vn 0.070711 0.000000 0.070711
vn 0.070711 0.000000 0.070711
vn 0.063439 0.000000 0.077301
vn 0.060876 0.000000 0.079335
vn 0.055557 0.000000 0.083147
vn 0.050000 0.000000 0.086603
vn 0.047140 0.000000 0.088192
vn 0.038268 0.000000 0.092388
vn 0.038268 0.000000 0.092388
vn 0.029028 0.000000 0.095694
vn 0.025882 0.000000 0.096593
vn 0.019509 0.000000 0.098079
vn 0.013053 0.000000 0.099144
vn 0.009802 0.000000 0.099518
vn -0.000000 0.000000 0.100000
vn 0.009802 0.000000 0.099518
vn 0.095694 0.000000 0.029028
vn 0.092388 0.000000 0.038268
vn 0.088192 0.000000 0.047140
vn 0.083147 0.000000 0.055557
vn 0.077301 0.000000 0.063439
vn 0.070711 0.000000 0.070711
vn 0.063439 0.000000 0.077301
vn 0.055557 0.000000 0.083147
vn 0.047140 0.000000 0.088192
vn 0.038268 0.000000 0.092388
vn 0.029028 0.000000 0.095694
vn 0.019509 0.000000 0.098079
vn 0.009847 -0.000340 0.099513
vn 0.000079 -0.000170 0.100000
vn 0.007935 -0.014975 0.098553
vn 0.000243 -0.019737 0.098033
vn 0.008744 -0.029081 0.095278
vn 0.000373 -0.038279 0.092383
vn 0.009497 -0.046264 0.088145
vn 0.000456 -0.055707 0.083046
vn 0.009900 -0.061993 0.077839
vn 0.000484 -0.070710 0.070710
vn 0.009938 -0.075282 0.065068
vn 0.000456 -0.083046 0.055707
vn 0.009616 -0.086154 0.049851
vn 0.000373 -0.092383 0.038279
vn 0.009184 -0.091913 0.038310
vn 0.008230 -0.097672 0.019811
vn 0.017747 -0.090875 0.037773
vn 0.016052 -0.096747 0.019554
vn 0.026076 -0.089235 0.036839
vn 0.023711 -0.095266 0.019032
vn 0.034207 -0.086993 0.035526
vn 0.031220 -0.093229 0.018267
vn 0.042177 -0.084108 0.033867
vn 0.038604 -0.090607 0.017326
vn 0.049478 -0.080758 0.032094
vn 0.045539 -0.087508 0.016385
vn 0.056116 -0.077059 0.030214
vn 0.051994 -0.084020 0.015402
vn 0.062188 -0.073042 0.028239
vn 0.058029 -0.080162 0.014377
vn 0.067617 -0.068844 0.026237
vn 0.063548 -0.076051 0.013337
vn 0.072532 -0.064447 0.024202
vn 0.068665 -0.071655 0.012272
vn 0.076948 -0.059899 0.022162
vn 0.073360 -0.067028 0.011210
vn 0.080900 -0.055221 0.020144
vn 0.077651 -0.062183 0.010174
vn 0.084412 -0.050444 0.018166
vn 0.081553 -0.057141 0.009169
vn 0.087507 -0.045601 0.016221
vn 0.085071 -0.051925 0.008164
vn 0.090210 -0.040721 0.014280
vn 0.088195 -0.046593 0.007129
vn 0.092547 -0.035808 0.012363
vn 0.090929 -0.041166 0.006110
vn 0.095523 -0.028029 0.009470
vn 0.094477 -0.032446 0.004624
vn 0.097719 -0.020137 0.006747
vn 0.097159 -0.023432 0.003320
vn 0.099169 -0.012190 0.004108
vn 0.098964 -0.014209 0.002055
vn 0.099898 -0.004288 0.001428
vn 0.099872 -0.005009 0.000704
vn 0.100000 -0.000001 0.000000
vn 0.000243 -0.098033 0.019737
vn 0.000079 -0.100000 0.000170
vn 0.009847 -0.099513 0.000340
vn 0.019489 -0.098082 0.000309
vn 0.028978 -0.095709 0.000102
vn 0.038282 -0.092382 -0.000006
vn 0.047142 -0.088191 -0.000004
vn 0.055543 -0.083156 0.000008
vn 0.063449 -0.077293 -0.000014
vn 0.070705 -0.070717 -0.000025
vn 0.077289 -0.063453 0.000002
vn 0.083163 -0.055533 -0.000057
vn 0.088174 -0.047174 -0.000201
vn 0.092329 -0.038409 -0.000258
vn 0.095645 -0.029189 -0.000161
vn 0.098072 -0.019544 0.000003
vn 0.099518 -0.009811 -0.000018
vn 0.100000 -0.000002 -0.000000
vn 0.098072 -0.000003 0.019544
vn 0.098899 -0.001535 0.014718
vn 0.099518 0.000018 0.009811
vn 0.099864 -0.000521 0.005191
vn 0.100000 0.000000 0.000002
vn 0.096982 -0.002452 0.024257
vn 0.095645 0.000161 0.029189
vn 0.094146 -0.003394 0.033541
vn 0.092329 0.000258 0.038409
vn 0.090419 -0.004517 0.042475
vn 0.088174 0.000201 0.047174
vn 0.087560 -0.005306 0.048012
vn 0.083163 0.000057 0.055533
vn 0.084305 -0.006108 0.053435
vn 0.077289 -0.000002 0.063453
vn 0.080655 -0.006868 0.058716
vn 0.076633 -0.007619 0.063792
vn 0.079414 -0.015129 0.058861
vn 0.075305 -0.016658 0.063653
vn 0.078104 -0.026976 0.056321
vn 0.073781 -0.029432 0.060747
vn 0.075385 -0.040157 0.052005
vn 0.070627 -0.043388 0.055940
vn 0.070790 -0.053826 0.045734
vn 0.065440 -0.057556 0.049040
vn 0.064049 -0.067279 0.037032
vn 0.057963 -0.071229 0.039581
vn 0.070705 0.000025 0.070717
vn 0.072236 -0.008397 0.068640
vn 0.070760 -0.018213 0.068274
vn 0.068935 -0.031878 0.065052
vn 0.065273 -0.046557 0.059765
vn 0.059345 -0.061193 0.052284
vn 0.051248 -0.074898 0.041999
vn 0.063449 0.000014 0.077293
vn 0.067457 -0.009201 0.073246
vn 0.065751 -0.019766 0.072706
vn 0.063538 -0.034284 0.069191
vn 0.059179 -0.049669 0.063489
vn 0.052571 -0.064603 0.055342
vn 0.043786 -0.078252 0.044265
vn 0.062278 -0.010009 0.077597
vn 0.055543 -0.000008 0.083156
vn 0.056733 -0.010793 0.081639
vn 0.047142 0.000004 0.088191
vn 0.050712 -0.011565 0.085408
vn 0.044315 -0.012307 0.088796
vn 0.047667 -0.024234 0.084502
vn 0.040534 -0.025597 0.087760
vn 0.043344 -0.041025 0.080238
vn 0.035182 -0.042974 0.083159
vn 0.036435 -0.057807 0.073013
vn 0.027841 -0.059731 0.075213
vn 0.027936 -0.072702 0.062722
vn 0.019082 -0.074285 0.064169
vn 0.018512 -0.085100 0.049146
vn 0.038282 0.000006 0.092382
vn 0.037495 -0.013024 0.091785
vn 0.032834 -0.026905 0.090543
vn 0.026849 -0.044509 0.085429
vn 0.019014 -0.061129 0.076823
vn 0.028978 -0.000102 0.095709
vn 0.030293 -0.013768 0.094301
vn 0.024988 -0.027950 0.092706
vn 0.018302 -0.045610 0.087091
vn 0.019489 -0.000309 0.098082
vn 0.022977 -0.014383 0.096256
vn 0.016967 -0.028683 0.094284
vn 0.015527 -0.014793 0.097673
vn 0.100000 -0.000001 0.000001
vn 0.099909 -0.003817 0.001901
vn 0.100000 -0.000001 0.000001
vn 0.099917 -0.003129 0.002589
vn 0.100000 -0.000001 0.000001
vn 0.099916 -0.002441 0.003277
vn 0.100000 -0.000000 0.000001
vn 0.099906 -0.001752 0.003965
vn 0.100000 -0.000000 0.000001
vn 0.099886 -0.001062 0.004653
vn 0.100000 -0.000000 0.000001
vn 0.027141 -0.083439 0.047971
vn 0.035552 -0.081170 0.046340
vn 0.036555 -0.070536 0.060733
vn 0.044844 -0.055346 0.070185
vn 0.050762 -0.038910 0.076872
vn 0.054222 -0.022797 0.080872
vn 0.044987 -0.067753 0.058187
vn 0.052413 -0.052607 0.066973
vn 0.057456 -0.036657 0.073178
vn 0.060279 -0.021292 0.076897
vn 0.069432 -0.063188 0.034445
vn 0.075540 -0.049996 0.042358
vn 0.079589 -0.036899 0.048000
vn 0.081945 -0.024538 0.051797
vn 0.083105 -0.013637 0.053922
vn 0.074252 -0.058944 0.031815
vn 0.078540 -0.054593 0.029173
vn 0.082338 -0.050157 0.026546
vn 0.085674 -0.045671 0.023960
vn 0.088580 -0.041168 0.021420
vn 0.091096 -0.036664 0.018902
vn 0.093257 -0.032153 0.016412
vn 0.095981 -0.025069 0.012618
vn 0.097963 -0.017960 0.008982
vn 0.099259 -0.010865 0.005448
vn 0.079733 -0.046106 0.038948
vn 0.083415 -0.042182 0.035533
vn 0.086620 -0.038258 0.032144
vn 0.089384 -0.034364 0.028803
vn 0.091760 -0.030497 0.025495
vn 0.093789 -0.026647 0.022215
vn 0.096324 -0.020668 0.017161
vn 0.098146 -0.014757 0.012229
vn 0.099326 -0.008925 0.007400
vn 0.083286 -0.033640 0.043952
vn 0.085329 -0.022141 0.047209
vn 0.086394 -0.012163 0.048868
vn 0.086506 -0.030413 0.039896
vn 0.089287 -0.027236 0.035862
vn 0.091680 -0.024091 0.031849
vn 0.093725 -0.020976 0.027851
vn 0.096283 -0.016187 0.021625
vn 0.098124 -0.011530 0.015451
vn 0.099318 -0.006979 0.009344
vn 0.088287 -0.019787 0.042590
vn 0.089290 -0.010676 0.043741
vn 0.090854 -0.017449 0.037961
vn 0.093063 -0.015139 0.033318
vn 0.095856 -0.011627 0.026008
vn 0.097897 -0.008278 0.018648
vn 0.099234 -0.005026 0.011283
vn 0.091809 -0.009210 0.038553
vn 0.095046 -0.007024 0.030280
vn 0.097464 -0.005015 0.021809
vn 0.099076 -0.003070 0.013212
vn 0.000000 -0.100000 0.000000
vn 0.000000 -0.100000 -0.000000
vn 0.000000 -0.098079 0.019509
vn 0.000000 -0.098079 0.019509
vn 0.000000 -0.092388 0.038268
vn 0.000000 -0.092388 0.038268
vn 0.000000 -0.083147 0.055557
vn 0.000000 -0.083147 0.055557
vn 0.000000 -0.070711 0.070711
vn 0.000000 -0.070711 0.070711
vn 0.000000 -0.055557 0.083147
vn 0.000000 -0.055557 0.083147
vn 0.000000 -0.038268 0.092388
vn 0.000000 -0.038268 0.092388
vn 0.000000 -0.019509 0.098079
vn 0.000000 -0.019509 0.098079
vn 0.000000 0.000000 0.100000
vn 0.000000 -0.019509 0.098079
vn 0.000000 -0.038268 0.092388
vn 0.000000 -0.055557 0.083147
vn 0.000000 -0.070711 0.070711
vn 0.000000 -0.083147 0.055557
vn 0.000000 -0.092388 0.038268
vn 0.000000 -0.098079 0.019509
vn 0.009802 -0.099518 0.000000
vn 0.013053 -0.099144 0.000000
vn 0.009802 -0.099518 0.000000
vn 0.019509 -0.098079 0.000000
vn 0.025882 -0.096593 0.000000
vn 0.019509 -0.098079 0.000000
vn 0.029028 -0.095694 0.000000
vn 0.038268 -0.092388 0.000000
vn 0.038268 -0.092388 0.000000
vn 0.047140 -0.088192 0.000000
vn 0.050000 -0.086603 0.000000
vn 0.055557 -0.083147 0.000000
vn 0.060876 -0.079335 0.000000
vn 0.063439 -0.077301 0.000000
vn 0.070711 -0.070711 0.000000
vn 0.070711 -0.070711 0.000000
vn 0.077301 -0.063439 0.000000
vn 0.079335 -0.060876 0.000000
vn 0.083147 -0.055557 0.000000
vn 0.086603 -0.050000 0.000000
vn 0.088192 -0.047140 0.000000
vn 0.092388 -0.038268 0.000000
vn 0.092388 -0.038268 0.000000
vn 0.095694 -0.029028 0.000000
vn 0.096593 -0.025882 0.000000
vn 0.098079 -0.019509 0.000000
vn 0.099144 -0.013053 0.000000
vn 0.099518 -0.009802 0.000000
vn 0.099518 -0.009802 0.000000
vn 0.029028 -0.095694 0.000000
vn 0.038268 -0.092388 0.000000
vn 0.047140 -0.088192 0.000000
vn 0.055557 -0.083147 0.000000
vn 0.063439 -0.077301 0.000000
vn 0.070711 -0.070711 0.000000
vn 0.077301 -0.063439 0.000000
vn 0.083147 -0.055557 0.000000
vn 0.088192 -0.047140 0.000000
vn 0.092388 -0.038268 0.000000
vn 0.095694 -0.029028 0.000000
vn 0.098079 -0.019509 0.000000
vn 0.100000 0.000000 0.000000
vn 0.100000 0.000000 0.000000
vn 0.100000 0.000000 0.000000
vn 0.100000 0.000000 0.000000
vn 0.100000 0.000000 0.000000
vn 0.100000 0.000000 0.000000
vn 0.100000 0.000000 0.000000
vn 0.100000 0.000000 0.000000
vn 0.100000 0.000000 0.000000
vn 0.100000 0.000000 0.000000
vn 0.100000 0.000000 0.000000
vn 0.100000 0.000000 0.000000
vn 0.100000 0.000000 0.000000
vn 0.100000 0.000000 0.000000
vn 0.100000 0.000000 0.000000
vn 0.100000 0.000000 0.000000
vn 0.100000 0.000000 0.000000
vn 0.100000 0.000000 0.000000
vn 0.100000 0.000000 0.000000
vn 0.100000 0.000000 0.000000
vn 0.100000 0.000000 0.000000
vn 0.100000 0.000000 0.000000
vn 0.100000 0.000000 0.000000
vn 0.100000 0.000000 0.000000
vn 0.100000 0.000000 0.000000
vn 0.100000 0.000000 0.000000
vn 0.100000 0.000000 0.000000
vn 0.100000 0.000000 0.000000
vn 0.100000 0.000000 0.000000
vn 0.100000 0.000000 0.000000
vn 0.100000 0.000000 0.000000
vn 0.100000 0.000000 0.000000
vn 0.100000 0.000000 0.000000
vn 0.100000 0.000000 0.000000
vn 0.100000 0.000000 0.000000
vn 0.100000 0.000000 0.000000
vn 0.100000 0.000000 0.000000
vn 0.100000 0.000000 0.000000
vn 0.100000 0.000000 0.000000
vn 0.100000 0.000000 0.000000
vn 0.100000 0.000000 0.000000
vn 0.100000 0.000000 0.000000
vn 0.100000 0.000000 0.000000
vn 0.100000 0.000000 0.000000
vn 0.100000 0.000000 0.000000
vn 0.100000 0.000000 0.000000
vn 0.100000 0.000000 0.000000
vn 0.100000 0.000000 0.000000
vn 0.100000 0.000000 0.000000
vn 0.100000 0.000000 0.000000
vn 0.100000 0.000000 0.000000
vn 0.100000 0.000000 0.000000
vn 0.100000 0.000000 0.000000
vn 0.100000 0.000000 0.000000
vn 0.100000 0.000000 0.000000
vn 0.100000 0.000000 0.000000
vn 0.100000 0.000000 0.000000
vn 0.100000 0.000000 0.000000
vn 0.100000 0.000000 0.000000
vn 0.100000 0.000000 0.000000
vn 0.100000 0.000000 0.000000
vn 0.100000 0.000000 0.000000
vn 0.100000 0.000000 0.000000
vn 0.100000 0.000000 0.000000
vn -0.070711 0.070711 0.000000
vn -0.070711 0.070711 0.000000
vn -0.070711 0.070711 0.000000
vn -0.070711 0.070711 0.000000
vn -0.070711 0.000000 -0.070711
vn -0.070711 0.000000 -0.070711
vn -0.070711 0.000000 -0.070711
vn -0.070711 0.000000 -0.070711
vn -0.070711 0.000000 0.070711
vn -0.070711 0.000000 0.070711
vn -0.070711 0.000000 0.070711
vn -0.070711 0.000000 0.070711
vn -0.070711 -0.070711 -0.000000
vn -0.070711 -0.070711 -0.000000
vn -0.070711 -0.070711 -0.000000
vn -0.070711 -0.070711 -0.000000
vn 0.000000 0.000000 0.100000
vn 0.000000 0.000000 0.100000
vn 0.000000 0.000000 0.100000
vn 0.000000 0.000000 0.100000
vn 0.000000 0.100000 0.000000
vn 0.000000 0.100000 0.000000
vn 0.000000 0.100000 0.000000
vn 0.000000 0.100000 0.000000
vn -0.000000 -0.100000 -0.000000
vn -0.000000 -0.100000 -0.000000
vn -0.000000 -0.100000 -0.000000
vn -0.000000 -0.100000 -0.000000
vn 0.000000 0.000000 -0.100000
vn 0.000000 0.000000 -0.100000
vn 0.000000 0.000000 -0.100000
vn 0.000000 0.000000 -0.100000
vn -0.100000 0.000000 -0.000000
vn -0.100000 0.000000 -0.000000
vn -0.100000 0.000000 -0.000000
vn -0.100000 0.000000 -0.000000
usemtl Plastic_-_Matte_(Black)_(2)
f 14/1/1 1/2/2 13/3/3
f 13/3/3 1/2/2 2/4/4
f 13/3/3 2/4/4 12/5/5
f 12/5/5 2/4/4 3/6/6
f 12/5/5 3/6/6 11/7/7
f 11/7/7 3/6/6 4/8/8
f 11/7/7 4/8/8 10/9/9
f 10/9/9 4/8/8 5/10/10
f 10/9/9 5/10/10 9/11/11
f 9/11/11 5/10/10 6/12/12
f 9/11/11 6/12/12 8/13/13
f 8/13/13 6/12/12 7/14/14
f 7/15/14 15/16/15 8/17/13
f 8/17/13 15/16/15 16/18/16
f 6/19/17 1/20/18 7/21/19
f 7/21/19 1/20/18 37/22/20
f 7/21/19 37/22/20 38/23/21
f 6/19/17 5/24/22 1/20/18
f 1/20/18 5/24/22 4/25/23
f 1/20/18 4/25/23 3/26/24
f 3/26/24 2/27/25 1/20/18
f 37/22/20 1/20/18 40/28/26
f 40/28/26 1/20/18 17/29/27
f 40/28/26 17/29/27 23/30/28
f 23/30/28 17/29/27 22/31/29
f 22/31/29 17/29/27 21/32/30
f 21/32/30 17/29/27 20/33/31
f 20/33/31 17/29/27 19/34/32
f 19/34/32 17/29/27 18/35/33
f 40/28/26 23/30/28 39/36/34
f 39/36/34 23/30/28 24/37/35
f 39/36/34 24/37/35 30/38/36
f 30/38/36 24/37/35 25/39/37
f 30/38/36 25/39/37 26/40/38
f 26/40/38 27/41/39 30/38/36
f 30/38/36 27/41/39 28/42/40
f 30/38/36 28/42/40 29/43/41
f 30/38/36 31/44/42 39/36/34
f 39/36/34 31/44/42 38/23/21
f 38/23/21 31/44/42 15/45/43
f 38/23/21 15/45/43 7/21/19
f 32/46/44 33/47/45 31/44/42
f 31/44/42 33/47/45 34/48/46
f 31/44/42 34/48/46 35/49/47
f 35/49/47 36/50/48 31/44/42
f 31/44/42 36/50/48 15/45/43
f 31/51/49 41/52/50 32/53/51
f 32/53/51 41/52/50 42/54/52
f 32/53/51 42/54/52 33/55/53
f 33/55/53 42/54/52 43/56/54
f 33/55/53 43/56/54 34/57/55
f 34/57/55 43/56/54 44/58/56
f 34/57/55 44/58/56 35/59/57
f 35/59/57 44/58/56 45/60/58
f 35/59/57 45/60/58 36/61/59
f 36/61/59 45/60/58 46/62/60
f 36/61/59 46/62/60 15/63/15
f 15/63/15 46/62/60 16/64/16
f 31/65/49 30/66/61 41/67/50
f 41/67/50 30/66/61 47/68/62
f 14/69/1 48/70/63 1/71/2
f 1/71/2 48/70/63 17/72/64
f 47/73/62 30/74/61 54/75/65
f 54/75/65 30/74/61 29/76/66
f 54/75/65 29/76/66 53/77/67
f 53/77/67 29/76/66 28/78/68
f 53/77/67 28/78/68 52/79/69
f 52/79/69 28/78/68 27/80/70
f 52/79/69 27/80/70 51/81/71
f 51/81/71 27/80/70 26/82/72
f 51/81/71 26/82/72 50/83/73
f 50/83/73 26/82/72 25/84/74
f 50/83/73 25/84/74 49/85/75
f 49/85/75 25/84/74 24/86/76
f 24/87/76 23/88/77 49/89/75
f 49/89/75 23/88/77 55/90/78
f 17/91/64 48/92/63 18/93/79
f 18/93/79 48/92/63 56/94/80
f 18/93/79 56/94/80 19/95/81
f 19/95/81 56/94/80 57/96/82
f 19/95/81 57/96/82 20/97/83
f 20/97/83 57/96/82 58/98/84
f 20/97/83 58/98/84 21/99/85
f 21/99/85 58/98/84 59/100/86
f 21/99/85 59/100/86 22/101/87
f 22/101/87 59/100/86 60/102/88
f 22/101/87 60/102/88 23/103/77
f 23/103/77 60/102/88 55/104/78
f 78/105/89 61/106/90 79/107/91
f 79/107/91 61/106/90 62/108/92
f 79/107/91 62/108/92 80/109/93
f 80/109/93 62/108/92 63/110/94
f 80/109/93 63/110/94 81/111/95
f 81/111/95 63/110/94 64/112/96
f 81/111/95 64/112/96 82/113/97
f 82/113/97 64/112/96 65/114/98
f 82/113/97 65/114/98 83/115/99
f 83/115/99 65/114/98 66/116/100
f 83/115/99 66/116/100 84/117/101
f 84/117/101 66/116/100 67/118/102
f 84/117/101 67/118/102 85/119/103
f 85/119/103 67/118/102 68/120/104
f 85/119/103 68/120/104 69/121/105
f 69/121/105 70/122/106 85/119/103
f 85/119/103 70/122/106 71/123/107
f 85/119/103 71/123/107 84/117/101
f 84/117/101 71/123/107 72/124/108
f 84/117/101 72/124/108 83/115/99
f 83/115/99 72/124/108 73/125/109
f 83/115/99 73/125/109 82/113/97
f 82/113/97 73/125/109 74/126/110
f 82/113/97 74/126/110 81/111/95
f 81/111/95 74/126/110 75/127/111
f 81/111/95 75/127/111 80/109/93
f 80/109/93 75/127/111 76/128/112
f 80/109/93 76/128/112 79/107/91
f 79/107/91 76/128/112 77/129/113
f 79/107/91 77/129/113 78/105/89
f 116/130/114 78/131/115 132/132/116
f 132/132/116 78/131/115 77/133/117
f 132/132/116 77/133/117 131/134/118
f 131/134/118 77/133/117 76/135/119
f 131/134/118 76/135/119 130/136/120
f 130/136/120 76/135/119 75/137/121
f 130/136/120 75/137/121 129/138/122
f 129/138/122 75/137/121 74/139/123
f 129/138/122 74/139/123 128/140/124
f 128/140/124 74/139/123 73/141/125
f 128/140/124 73/141/125 127/142/126
f 127/142/126 73/141/125 72/143/127
f 127/142/126 72/143/127 126/144/128
f 126/144/128 72/143/127 125/145/129
f 126/144/128 125/145/129 134/146/130
f 134/146/130 125/145/129 133/147/131
f 134/146/130 133/147/131 141/148/132
f 141/148/132 133/147/131 123/149/133
f 141/148/132 123/149/133 161/150/134
f 161/150/134 123/149/133 162/151/135
f 161/150/134 162/151/135 149/152/136
f 149/152/136 162/151/135 148/153/137
f 149/152/136 148/153/137 163/154/138
f 163/154/138 148/153/137 121/155/139
f 163/154/138 121/155/139 183/156/140
f 183/156/140 121/155/139 184/157/141
f 183/156/140 184/157/141 170/158/142
f 170/158/142 184/157/141 169/159/143
f 170/158/142 169/159/143 185/160/144
f 185/160/144 169/159/143 119/161/145
f 185/160/144 119/161/145 197/162/146
f 197/162/146 119/161/145 198/163/147
f 197/162/146 198/163/147 200/164/148
f 200/164/148 198/163/147 199/165/149
f 200/164/148 199/165/149 208/166/150
f 208/166/150 199/165/149 207/167/151
f 208/166/150 207/167/151 215/168/152
f 215/168/152 207/167/151 117/169/153
f 215/168/152 117/169/153 227/170/154
f 227/170/154 117/169/153 228/171/155
f 227/170/154 228/171/155 230/172/156
f 230/172/156 228/171/155 229/173/157
f 230/172/156 229/173/157 238/174/158
f 238/174/158 229/173/157 237/175/159
f 238/174/158 237/175/159 246/176/160
f 246/176/160 237/175/159 245/177/161
f 246/176/160 245/177/161 254/178/162
f 254/178/162 245/177/161 253/179/163
f 254/178/162 253/179/163 262/180/164
f 262/180/164 253/179/163 261/181/165
f 262/180/164 261/181/165 270/182/166
f 270/182/166 261/181/165 269/183/167
f 270/182/166 269/183/167 101/184/168
f 72/143/127 71/185/169 125/145/129
f 125/145/129 71/185/169 70/186/170
f 125/145/129 70/186/170 86/187/171
f 125/145/129 86/187/171 133/147/131
f 133/147/131 86/187/171 87/188/172
f 133/147/131 87/188/172 123/149/133
f 123/149/133 87/188/172 88/189/173
f 123/149/133 88/189/173 162/151/135
f 162/151/135 88/189/173 148/153/137
f 88/189/173 89/190/174 148/153/137
f 148/153/137 89/190/174 121/155/139
f 89/190/174 90/191/175 121/155/139
f 121/155/139 90/191/175 184/157/141
f 184/157/141 90/191/175 169/159/143
f 169/159/143 90/191/175 91/192/176
f 169/159/143 91/192/176 119/161/145
f 119/161/145 91/192/176 92/193/177
f 119/161/145 92/193/177 198/163/147
f 198/163/147 92/193/177 199/165/149
f 92/193/177 93/194/178 199/165/149
f 199/165/149 93/194/178 207/167/151
f 93/194/178 94/195/179 207/167/151
f 207/167/151 94/195/179 117/169/153
f 94/195/179 95/196/180 117/169/153
f 117/169/153 95/196/180 228/171/155
f 228/171/155 95/196/180 229/173/157
f 229/173/157 95/196/180 96/197/181
f 229/173/157 96/197/181 237/175/159
f 237/175/159 96/197/181 97/198/182
f 237/175/159 97/198/182 245/177/161
f 245/177/161 97/198/182 98/199/183
f 245/177/161 98/199/183 253/179/163
f 253/179/163 98/199/183 99/200/184
f 253/179/163 99/200/184 261/181/165
f 261/181/165 99/200/184 100/201/185
f 261/181/165 100/201/185 269/183/167
f 269/183/167 100/201/185 101/202/186
f 103/203/187 268/204/188 102/205/189
f 102/205/189 268/204/188 276/206/190
f 102/205/189 276/206/190 101/207/191
f 268/204/188 103/203/187 260/208/192
f 260/208/192 103/203/187 104/209/193
f 260/208/192 104/209/193 252/210/194
f 252/210/194 104/209/193 105/211/195
f 252/210/194 105/211/195 244/212/196
f 244/212/196 105/211/195 106/213/197
f 244/212/196 106/213/197 236/214/198
f 236/214/198 106/213/197 107/215/199
f 236/214/198 107/215/199 118/216/200
f 118/216/200 107/215/199 108/217/201
f 118/216/200 108/217/201 221/218/202
f 221/218/202 108/217/201 214/219/203
f 221/218/202 214/219/203 213/220/204
f 213/220/204 214/219/203 205/221/205
f 213/220/204 205/221/205 204/222/206
f 204/222/206 205/221/205 193/223/207
f 204/222/206 193/223/207 194/224/208
f 194/224/208 193/223/207 188/225/209
f 194/224/208 188/225/209 187/226/210
f 187/226/210 188/225/209 172/227/211
f 187/226/210 172/227/211 171/228/212
f 171/228/212 172/227/211 182/229/213
f 171/228/212 182/229/213 183/156/140
f 183/156/140 182/229/213 163/154/138
f 108/217/201 109/230/214 214/219/203
f 214/219/203 109/230/214 206/231/215
f 214/219/203 206/231/215 205/221/205
f 205/221/205 206/231/215 192/232/216
f 205/221/205 192/232/216 193/223/207
f 193/223/207 192/232/216 189/233/217
f 193/223/207 189/233/217 188/225/209
f 188/225/209 189/233/217 173/234/218
f 188/225/209 173/234/218 172/227/211
f 172/227/211 173/234/218 181/235/219
f 172/227/211 181/235/219 182/229/213
f 182/229/213 181/235/219 164/236/220
f 182/229/213 164/236/220 163/154/138
f 163/154/138 164/236/220 149/152/136
f 109/230/214 110/237/221 206/231/215
f 206/231/215 110/237/221 191/238/222
f 206/231/215 191/238/222 192/232/216
f 192/232/216 191/238/222 190/239/223
f 192/232/216 190/239/223 189/233/217
f 189/233/217 190/239/223 174/240/224
f 189/233/217 174/240/224 173/234/218
f 173/234/218 174/240/224 180/241/225
f 173/234/218 180/241/225 181/235/219
f 181/235/219 180/241/225 165/242/226
f 181/235/219 165/242/226 164/236/220
f 164/236/220 165/242/226 150/243/227
f 164/236/220 150/243/227 149/152/136
f 149/152/136 150/243/227 161/150/134
f 191/238/222 110/237/221 120/244/228
f 120/244/228 110/237/221 111/245/229
f 120/244/228 111/245/229 176/246/230
f 176/246/230 111/245/229 112/247/231
f 176/246/230 112/247/231 177/248/232
f 177/248/232 112/247/231 122/249/233
f 177/248/232 122/249/233 168/250/234
f 168/250/234 122/249/233 154/251/235
f 168/250/234 154/251/235 153/252/236
f 153/252/236 154/251/235 157/253/237
f 153/252/236 157/253/237 158/254/238
f 158/254/238 157/253/237 144/255/239
f 158/254/238 144/255/239 143/256/240
f 143/256/240 144/255/239 136/257/241
f 143/256/240 136/257/241 135/258/242
f 135/258/242 136/257/241 127/142/126
f 135/258/242 127/142/126 126/144/128
f 112/247/231 113/259/243 122/249/233
f 122/249/233 113/259/243 155/260/244
f 122/249/233 155/260/244 154/251/235
f 154/251/235 155/260/244 156/261/245
f 154/251/235 156/261/245 157/253/237
f 157/253/237 156/261/245 145/262/246
f 157/253/237 145/262/246 144/255/239
f 144/255/239 145/262/246 137/263/247
f 144/255/239 137/263/247 136/257/241
f 136/257/241 137/263/247 128/140/124
f 136/257/241 128/140/124 127/142/126
f 113/259/243 114/264/248 155/260/244
f 155/260/244 114/264/248 124/265/249
f 155/260/244 124/265/249 156/261/245
f 156/261/245 124/265/249 146/266/250
f 156/261/245 146/266/250 145/262/246
f 145/262/246 146/266/250 138/267/251
f 145/262/246 138/267/251 137/263/247
f 137/263/247 138/267/251 129/138/122
f 137/263/247 129/138/122 128/140/124
f 114/264/248 115/268/252 124/265/249
f 124/265/249 115/268/252 147/269/253
f 124/265/249 147/269/253 146/266/250
f 146/266/250 147/269/253 139/270/254
f 146/266/250 139/270/254 138/267/251
f 138/267/251 139/270/254 130/136/120
f 138/267/251 130/136/120 129/138/122
f 147/269/253 115/268/252 140/271/255
f 140/271/255 115/268/252 116/130/114
f 140/271/255 116/130/114 132/132/116
f 270/182/166 101/272/256 271/273/257
f 271/273/257 101/274/258 272/275/259
f 272/275/259 101/276/260 273/277/261
f 273/277/261 101/278/262 274/279/263
f 274/279/263 101/280/264 275/281/265
f 275/281/265 101/282/266 276/206/190
f 135/258/242 126/144/128 134/146/130
f 140/271/255 132/132/116 131/134/118
f 140/271/255 131/134/118 139/270/254
f 139/270/254 131/134/118 130/136/120
f 135/258/242 134/146/130 142/283/267
f 142/283/267 134/146/130 141/148/132
f 142/283/267 141/148/132 160/284/268
f 160/284/268 141/148/132 161/150/134
f 160/284/268 161/150/134 150/243/227
f 147/269/253 140/271/255 139/270/254
f 135/258/242 142/283/267 143/256/240
f 143/256/240 142/283/267 159/285/269
f 143/256/240 159/285/269 158/254/238
f 158/254/238 159/285/269 152/286/270
f 158/254/238 152/286/270 153/252/236
f 153/252/236 152/286/270 167/287/271
f 153/252/236 167/287/271 168/250/234
f 168/250/234 167/287/271 178/288/272
f 168/250/234 178/288/272 177/248/232
f 177/248/232 178/288/272 176/246/230
f 159/285/269 142/283/267 160/284/268
f 159/285/269 160/284/268 151/289/273
f 151/289/273 160/284/268 150/243/227
f 151/289/273 150/243/227 165/242/226
f 159/285/269 151/289/273 152/286/270
f 152/286/270 151/289/273 166/290/274
f 152/286/270 166/290/274 167/287/271
f 167/287/271 166/290/274 179/291/275
f 167/287/271 179/291/275 178/288/272
f 178/288/272 179/291/275 175/292/276
f 178/288/272 175/292/276 176/246/230
f 176/246/230 175/292/276 120/244/228
f 166/290/274 151/289/273 165/242/226
f 179/291/275 166/290/274 180/241/225
f 180/241/225 166/290/274 165/242/226
f 183/156/140 170/158/142 171/228/212
f 171/228/212 170/158/142 186/293/277
f 171/228/212 186/293/277 187/226/210
f 187/226/210 186/293/277 195/294/278
f 187/226/210 195/294/278 194/224/208
f 194/224/208 195/294/278 203/295/279
f 194/224/208 203/295/279 204/222/206
f 204/222/206 203/295/279 212/296/280
f 204/222/206 212/296/280 213/220/204
f 213/220/204 212/296/280 220/297/281
f 213/220/204 220/297/281 221/218/202
f 221/218/202 220/297/281 118/216/200
f 186/293/277 170/158/142 185/160/144
f 179/291/275 180/241/225 174/240/224
f 179/291/275 174/240/224 175/292/276
f 175/292/276 174/240/224 190/239/223
f 175/292/276 190/239/223 120/244/228
f 120/244/228 190/239/223 191/238/222
f 186/293/277 185/160/144 196/298/282
f 196/298/282 185/160/144 197/162/146
f 196/298/282 197/162/146 201/299/283
f 201/299/283 197/162/146 200/164/148
f 201/299/283 200/164/148 209/300/284
f 209/300/284 200/164/148 208/166/150
f 209/300/284 208/166/150 216/301/285
f 216/301/285 208/166/150 215/168/152
f 216/301/285 215/168/152 226/302/286
f 226/302/286 215/168/152 227/170/154
f 226/302/286 227/170/154 231/303/287
f 231/303/287 227/170/154 230/172/156
f 231/303/287 230/172/156 239/304/288
f 239/304/288 230/172/156 238/174/158
f 239/304/288 238/174/158 247/305/289
f 247/305/289 238/174/158 246/176/160
f 247/305/289 246/176/160 255/306/290
f 255/306/290 246/176/160 254/178/162
f 255/306/290 254/178/162 263/307/291
f 263/307/291 254/178/162 262/180/164
f 263/307/291 262/180/164 271/273/257
f 271/273/257 262/180/164 270/182/166
f 195/294/278 196/298/282 202/308/292
f 202/308/292 196/298/282 201/299/283
f 202/308/292 201/299/283 210/309/293
f 210/309/293 201/299/283 209/300/284
f 210/309/293 209/300/284 217/310/294
f 217/310/294 209/300/284 216/301/285
f 217/310/294 216/301/285 225/311/295
f 225/311/295 216/301/285 226/302/286
f 225/311/295 226/302/286 232/312/296
f 232/312/296 226/302/286 231/303/287
f 232/312/296 231/303/287 240/313/297
f 240/313/297 231/303/287 239/304/288
f 240/313/297 239/304/288 248/314/298
f 248/314/298 239/304/288 247/305/289
f 248/314/298 247/305/289 256/315/299
f 256/315/299 247/305/289 255/306/290
f 256/315/299 255/306/290 264/316/300
f 264/316/300 255/306/290 263/307/291
f 264/316/300 263/307/291 272/275/259
f 272/275/259 263/307/291 271/273/257
f 196/298/282 195/294/278 186/293/277
f 195/294/278 202/308/292 203/295/279
f 203/295/279 202/308/292 211/317/301
f 203/295/279 211/317/301 212/296/280
f 212/296/280 211/317/301 219/318/302
f 212/296/280 219/318/302 220/297/281
f 220/297/281 219/318/302 222/319/303
f 220/297/281 222/319/303 118/216/200
f 118/216/200 222/319/303 236/214/198
f 211/317/301 202/308/292 210/309/293
f 211/317/301 210/309/293 218/320/304
f 218/320/304 210/309/293 217/310/294
f 218/320/304 217/310/294 224/321/305
f 224/321/305 217/310/294 225/311/295
f 224/321/305 225/311/295 233/322/306
f 233/322/306 225/311/295 232/312/296
f 233/322/306 232/312/296 241/323/307
f 241/323/307 232/312/296 240/313/297
f 241/323/307 240/313/297 249/324/308
f 249/324/308 240/313/297 248/314/298
f 249/324/308 248/314/298 257/325/309
f 257/325/309 248/314/298 256/315/299
f 257/325/309 256/315/299 265/326/310
f 265/326/310 256/315/299 264/316/300
f 265/326/310 264/316/300 273/277/261
f 273/277/261 264/316/300 272/275/259
f 211/317/301 218/320/304 219/318/302
f 219/318/302 218/320/304 223/327/311
f 219/318/302 223/327/311 222/319/303
f 222/319/303 223/327/311 235/328/312
f 222/319/303 235/328/312 236/214/198
f 236/214/198 235/328/312 244/212/196
f 223/327/311 218/320/304 224/321/305
f 223/327/311 224/321/305 234/329/313
f 234/329/313 224/321/305 233/322/306
f 234/329/313 233/322/306 242/330/314
f 242/330/314 233/322/306 241/323/307
f 242/330/314 241/323/307 250/331/315
f 250/331/315 241/323/307 249/324/308
f 250/331/315 249/324/308 258/332/316
f 258/332/316 249/324/308 257/325/309
f 258/332/316 257/325/309 266/333/317
f 266/333/317 257/325/309 265/326/310
f 266/333/317 265/326/310 274/279/263
f 274/279/263 265/326/310 273/277/261
f 223/327/311 234/329/313 235/328/312
f 235/328/312 234/329/313 243/334/318
f 235/328/312 243/334/318 244/212/196
f 244/212/196 243/334/318 252/210/194
f 243/334/318 234/329/313 242/330/314
f 243/334/318 242/330/314 251/335/319
f 251/335/319 242/330/314 250/331/315
f 251/335/319 250/331/315 259/336/320
f 259/336/320 250/331/315 258/332/316
f 259/336/320 258/332/316 267/337/321
f 267/337/321 258/332/316 266/333/317
f 267/337/321 266/333/317 275/281/265
f 275/281/265 266/333/317 274/279/263
f 260/208/192 252/210/194 251/335/319
f 251/335/319 252/210/194 243/334/318
f 260/208/192 251/335/319 259/336/320
f 268/204/188 260/208/192 259/336/320
f 268/204/188 259/336/320 267/337/321
f 276/206/190 268/204/188 267/337/321
f 276/206/190 267/337/321 275/281/265
f 100/338/322 295/339/323 101/340/324
f 101/340/324 295/339/323 292/341/325
f 101/340/324 292/341/325 293/342/326
f 100/338/322 99/343/327 295/339/323
f 295/339/323 99/343/327 294/344/328
f 295/339/323 294/344/328 291/345/329
f 291/345/329 294/344/328 290/346/330
f 290/346/330 294/344/328 296/347/331
f 290/346/330 296/347/331 289/348/332
f 289/348/332 296/347/331 288/349/333
f 288/349/333 296/347/331 297/350/334
f 288/349/333 297/350/334 287/351/335
f 287/351/335 297/350/334 298/352/336
f 287/351/335 298/352/336 286/353/337
f 286/353/337 298/352/336 299/354/338
f 286/353/337 299/354/338 285/355/339
f 285/355/339 299/354/338 284/356/340
f 284/356/340 299/354/338 300/357/341
f 284/356/340 300/357/341 283/358/342
f 283/358/342 300/357/341 301/359/343
f 283/358/342 301/359/343 282/360/344
f 282/360/344 301/359/343 302/361/345
f 282/360/344 302/361/345 281/362/346
f 281/362/346 302/361/345 280/363/347
f 280/363/347 302/361/345 303/364/348
f 280/363/347 303/364/348 279/365/349
f 279/365/349 303/364/348 304/366/350
f 279/365/349 304/366/350 278/367/351
f 278/367/351 304/366/350 277/368/352
f 277/368/352 304/366/350 86/369/353
f 277/368/352 86/369/353 70/370/106
f 99/343/327 98/371/354 294/344/328
f 294/344/328 98/371/354 296/347/331
f 98/371/354 97/372/355 296/347/331
f 296/347/331 97/372/355 96/373/356
f 296/347/331 96/373/356 297/350/334
f 297/350/334 96/373/356 95/374/357
f 297/350/334 95/374/357 298/352/336
f 298/352/336 95/374/357 94/375/358
f 298/352/336 94/375/358 299/354/338
f 299/354/338 94/375/358 93/376/359
f 299/354/338 93/376/359 92/377/360
f 299/354/338 92/377/360 300/357/341
f 300/357/341 92/377/360 91/378/361
f 300/357/341 91/378/361 301/359/343
f 301/359/343 91/378/361 90/379/362
f 301/359/343 90/379/362 302/361/345
f 302/361/345 90/379/362 89/380/363
f 302/361/345 89/380/363 88/381/364
f 302/361/345 88/381/364 303/364/348
f 303/364/348 88/381/364 87/382/365
f 303/364/348 87/382/365 304/366/350
f 304/366/350 87/382/365 86/369/353
f 291/345/329 292/341/325 295/339/323
f 69/383/105 305/384/366 70/385/106
f 70/385/106 305/384/366 277/386/352
f 278/387/367 277/388/368 344/389/369
f 344/389/369 277/388/368 306/390/370
f 344/389/369 306/390/370 343/391/371
f 343/391/371 306/390/370 307/392/372
f 343/391/371 307/392/372 342/393/373
f 342/393/373 307/392/372 308/394/374
f 342/393/373 308/394/374 341/395/375
f 341/395/375 308/394/374 309/396/376
f 341/395/375 309/396/376 340/397/377
f 340/397/377 309/396/376 310/398/378
f 340/397/377 310/398/378 339/399/379
f 339/399/379 310/398/378 311/400/380
f 339/399/379 311/400/380 338/401/381
f 338/401/381 311/400/380 337/402/382
f 338/401/381 337/402/382 346/403/383
f 346/403/383 337/402/382 345/404/384
f 346/403/383 345/404/384 353/405/385
f 353/405/385 345/404/384 335/406/386
f 353/405/385 335/406/386 373/407/387
f 373/407/387 335/406/386 374/408/388
f 373/407/387 374/408/388 361/409/389
f 361/409/389 374/408/388 360/410/390
f 361/409/389 360/410/390 375/411/391
f 375/411/391 360/410/390 333/412/392
f 375/411/391 333/412/392 395/413/393
f 395/413/393 333/412/392 396/414/394
f 395/413/393 396/414/394 382/415/395
f 382/415/395 396/414/394 381/416/396
f 382/415/395 381/416/396 397/417/397
f 397/417/397 381/416/396 331/418/398
f 397/417/397 331/418/398 409/419/399
f 409/419/399 331/418/398 410/420/400
f 409/419/399 410/420/400 412/421/401
f 412/421/401 410/420/400 411/422/402
f 412/421/401 411/422/402 420/423/403
f 420/423/403 411/422/402 419/424/404
f 420/423/403 419/424/404 427/425/405
f 427/425/405 419/424/404 329/426/406
f 427/425/405 329/426/406 439/427/407
f 439/427/407 329/426/406 440/428/408
f 439/427/407 440/428/408 442/429/409
f 442/429/409 440/428/408 441/430/410
f 442/429/409 441/430/410 450/431/411
f 450/431/411 441/430/410 449/432/412
f 450/431/411 449/432/412 458/433/413
f 458/433/413 449/432/412 457/434/414
f 458/433/413 457/434/414 466/435/415
f 466/435/415 457/434/414 465/436/416
f 466/435/415 465/436/416 474/437/417
f 474/437/417 465/436/416 473/438/418
f 474/437/417 473/438/418 482/439/419
f 482/439/419 473/438/418 481/440/420
f 482/439/419 481/440/420 293/441/421
f 311/400/380 312/442/422 337/402/382
f 337/402/382 312/442/422 313/443/423
f 337/402/382 313/443/423 314/444/424
f 337/402/382 314/444/424 345/404/384
f 345/404/384 314/444/424 315/445/425
f 345/404/384 315/445/425 335/406/386
f 335/406/386 315/445/425 316/446/426
f 335/406/386 316/446/426 374/408/388
f 374/408/388 316/446/426 360/410/390
f 316/446/426 317/447/427 360/410/390
f 360/410/390 317/447/427 333/412/392
f 317/447/427 318/448/428 333/412/392
f 333/412/392 318/448/428 396/414/394
f 396/414/394 318/448/428 381/416/396
f 381/416/396 318/448/428 319/449/429
f 381/416/396 319/449/429 331/418/398
f 331/418/398 319/449/429 320/450/430
f 331/418/398 320/450/430 410/420/400
f 410/420/400 320/450/430 411/422/402
f 320/450/430 321/451/431 411/422/402
f 411/422/402 321/451/431 419/424/404
f 321/451/431 322/452/432 419/424/404
f 419/424/404 322/452/432 329/426/406
f 322/452/432 323/453/433 329/426/406
f 329/426/406 323/453/433 440/428/408
f 440/428/408 323/453/433 441/430/410
f 441/430/410 323/453/433 324/454/434
f 441/430/410 324/454/434 449/432/412
f 449/432/412 324/454/434 325/455/435
f 449/432/412 325/455/435 457/434/414
f 457/434/414 325/455/435 326/456/436
f 457/434/414 326/456/436 465/436/416
f 465/436/416 326/456/436 327/457/437
f 465/436/416 327/457/437 473/438/418
f 473/438/418 327/457/437 328/458/438
f 473/438/418 328/458/438 481/440/420
f 481/440/420 328/458/438 293/459/439
f 291/460/440 480/461/441 292/462/442
f 292/462/442 480/461/441 488/463/443
f 292/462/442 488/463/443 293/464/444
f 480/461/441 291/460/440 472/465/445
f 472/465/445 291/460/440 290/466/446
f 472/465/445 290/466/446 464/467/447
f 464/467/447 290/466/446 289/468/448
f 464/467/447 289/468/448 456/469/449
f 456/469/449 289/468/448 288/470/450
f 456/469/449 288/470/450 448/471/451
f 448/471/451 288/470/450 287/472/452
f 448/471/451 287/472/452 330/473/453
f 330/473/453 287/472/452 286/474/454
f 330/473/453 286/474/454 433/475/455
f 433/475/455 286/474/454 426/476/456
f 433/475/455 426/476/456 425/477/457
f 425/477/457 426/476/456 417/478/458
f 425/477/457 417/478/458 416/479/459
f 416/479/459 417/478/458 405/480/460
f 416/479/459 405/480/460 406/481/461
f 406/481/461 405/480/460 400/482/462
f 406/481/461 400/482/462 399/483/463
f 399/483/463 400/482/462 384/484/464
f 399/483/463 384/484/464 383/485/465
f 383/485/465 384/484/464 394/486/466
f 383/485/465 394/486/466 395/413/393
f 395/413/393 394/486/466 375/411/391
f 286/474/454 285/487/467 426/476/456
f 426/476/456 285/487/467 418/488/468
f 426/476/456 418/488/468 417/478/458
f 417/478/458 418/488/468 404/489/469
f 417/478/458 404/489/469 405/480/460
f 405/480/460 404/489/469 401/490/470
f 405/480/460 401/490/470 400/482/462
f 400/482/462 401/490/470 385/491/471
f 400/482/462 385/491/471 384/484/464
f 384/484/464 385/491/471 393/492/472
f 384/484/464 393/492/472 394/486/466
f 394/486/466 393/492/472 376/493/473
f 394/486/466 376/493/473 375/411/391
f 375/411/391 376/493/473 361/409/389
f 285/487/467 284/494/474 418/488/468
f 418/488/468 284/494/474 403/495/475
f 418/488/468 403/495/475 404/489/469
f 404/489/469 403/495/475 402/496/476
f 404/489/469 402/496/476 401/490/470
f 401/490/470 402/496/476 386/497/477
f 401/490/470 386/497/477 385/491/471
f 385/491/471 386/497/477 392/498/478
f 385/491/471 392/498/478 393/492/472
f 393/492/472 392/498/478 377/499/479
f 393/492/472 377/499/479 376/493/473
f 376/493/473 377/499/479 362/500/480
f 376/493/473 362/500/480 361/409/389
f 361/409/389 362/500/480 373/407/387
f 403/495/475 284/494/474 332/501/481
f 332/501/481 284/494/474 283/502/482
f 332/501/481 283/502/482 388/503/483
f 388/503/483 283/502/482 282/504/484
f 388/503/483 282/504/484 389/505/485
f 389/505/485 282/504/484 334/506/486
f 389/505/485 334/506/486 380/507/487
f 380/507/487 334/506/486 366/508/488
f 380/507/487 366/508/488 365/509/489
f 365/509/489 366/508/488 369/510/490
f 365/509/489 369/510/490 370/511/491
f 370/511/491 369/510/490 356/512/492
f 370/511/491 356/512/492 355/513/493
f 355/513/493 356/512/492 348/514/494
f 355/513/493 348/514/494 347/515/495
f 347/515/495 348/514/494 339/399/379
f 347/515/495 339/399/379 338/401/381
f 282/504/484 281/516/496 334/506/486
f 334/506/486 281/516/496 367/517/497
f 334/506/486 367/517/497 366/508/488
f 366/508/488 367/517/497 368/518/498
f 366/508/488 368/518/498 369/510/490
f 369/510/490 368/518/498 357/519/499
f 369/510/490 357/519/499 356/512/492
f 356/512/492 357/519/499 349/520/500
f 356/512/492 349/520/500 348/514/494
f 348/514/494 349/520/500 340/397/377
f 348/514/494 340/397/377 339/399/379
f 281/516/496 280/521/501 367/517/497
f 367/517/497 280/521/501 336/522/502
f 367/517/497 336/522/502 368/518/498
f 368/518/498 336/522/502 358/523/503
f 368/518/498 358/523/503 357/519/499
f 357/519/499 358/523/503 350/524/504
f 357/519/499 350/524/504 349/520/500
f 349/520/500 350/524/504 341/395/375
f 349/520/500 341/395/375 340/397/377
f 280/521/501 279/525/505 336/522/502
f 336/522/502 279/525/505 359/526/506
f 336/522/502 359/526/506 358/523/503
f 358/523/503 359/526/506 351/527/507
f 358/523/503 351/527/507 350/524/504
f 350/524/504 351/527/507 342/393/373
f 350/524/504 342/393/373 341/395/375
f 359/526/506 279/525/505 352/528/508
f 352/528/508 279/525/505 278/387/367
f 352/528/508 278/387/367 344/389/369
f 482/439/419 293/529/509 483/530/510
f 483/530/510 293/531/511 484/532/512
f 484/532/512 293/533/513 485/534/514
f 485/534/514 293/535/515 486/536/516
f 486/536/516 293/537/517 487/538/518
f 487/538/518 293/539/519 488/463/443
f 347/515/495 338/401/381 346/403/383
f 352/528/508 344/389/369 343/391/371
f 352/528/508 343/391/371 351/527/507
f 351/527/507 343/391/371 342/393/373
f 347/515/495 346/403/383 354/540/520
f 354/540/520 346/403/383 353/405/385
f 354/540/520 353/405/385 372/541/521
f 372/541/521 353/405/385 373/407/387
f 372/541/521 373/407/387 362/500/480
f 359/526/506 352/528/508 351/527/507
f 347/515/495 354/540/520 355/513/493
f 355/513/493 354/540/520 371/542/522
f 355/513/493 371/542/522 370/511/491
f 370/511/491 371/542/522 364/543/523
f 370/511/491 364/543/523 365/509/489
f 365/509/489 364/543/523 379/544/524
f 365/509/489 379/544/524 380/507/487
f 380/507/487 379/544/524 390/545/525
f 380/507/487 390/545/525 389/505/485
f 389/505/485 390/545/525 388/503/483
f 371/542/522 354/540/520 372/541/521
f 371/542/522 372/541/521 363/546/526
f 363/546/526 372/541/521 362/500/480
f 363/546/526 362/500/480 377/499/479
f 371/542/522 363/546/526 364/543/523
f 364/543/523 363/546/526 378/547/527
f 364/543/523 378/547/527 379/544/524
f 379/544/524 378/547/527 391/548/528
f 379/544/524 391/548/528 390/545/525
f 390/545/525 391/548/528 387/549/529
f 390/545/525 387/549/529 388/503/483
f 388/503/483 387/549/529 332/501/481
f 378/547/527 363/546/526 377/499/479
f 391/548/528 378/547/527 392/498/478
f 392/498/478 378/547/527 377/499/479
f 395/413/393 382/415/395 383/485/465
f 383/485/465 382/415/395 398/550/530
f 383/485/465 398/550/530 399/483/463
f 399/483/463 398/550/530 407/551/531
f 399/483/463 407/551/531 406/481/461
f 406/481/461 407/551/531 415/552/532
f 406/481/461 415/552/532 416/479/459
f 416/479/459 415/552/532 424/553/533
f 416/479/459 424/553/533 425/477/457
f 425/477/457 424/553/533 432/554/534
f 425/477/457 432/554/534 433/475/455
f 433/475/455 432/554/534 330/473/453
f 398/550/530 382/415/395 397/417/397
f 391/548/528 392/498/478 386/497/477
f 391/548/528 386/497/477 387/549/529
f 387/549/529 386/497/477 402/496/476
f 387/549/529 402/496/476 332/501/481
f 332/501/481 402/496/476 403/495/475
f 398/550/530 397/417/397 408/555/535
f 408/555/535 397/417/397 409/419/399
f 408/555/535 409/419/399 413/556/536
f 413/556/536 409/419/399 412/421/401
f 413/556/536 412/421/401 421/557/537
f 421/557/537 412/421/401 420/423/403
f 421/557/537 420/423/403 428/558/538
f 428/558/538 420/423/403 427/425/405
f 428/558/538 427/425/405 438/559/539
f 438/559/539 427/425/405 439/427/407
f 438/559/539 439/427/407 443/560/540
f 443/560/540 439/427/407 442/429/409
f 443/560/540 442/429/409 451/561/541
f 451/561/541 442/429/409 450/431/411
f 451/561/541 450/431/411 459/562/542
f 459/562/542 450/431/411 458/433/413
f 459/562/542 458/433/413 467/563/543
f 467/563/543 458/433/413 466/435/415
f 467/563/543 466/435/415 475/564/544
f 475/564/544 466/435/415 474/437/417
f 475/564/544 474/437/417 483/530/510
f 483/530/510 474/437/417 482/439/419
f 407/551/531 408/555/535 414/565/545
f 414/565/545 408/555/535 413/556/536
f 414/565/545 413/556/536 422/566/546
f 422/566/546 413/556/536 421/557/537
f 422/566/546 421/557/537 429/567/547
f 429/567/547 421/557/537 428/558/538
f 429/567/547 428/558/538 437/568/548
f 437/568/548 428/558/538 438/559/539
f 437/568/548 438/559/539 444/569/549
f 444/569/549 438/559/539 443/560/540
f 444/569/549 443/560/540 452/570/550
f 452/570/550 443/560/540 451/561/541
f 452/570/550 451/561/541 460/571/551
f 460/571/551 451/561/541 459/562/542
f 460/571/551 459/562/542 468/572/552
f 468/572/552 459/562/542 467/563/543
f 468/572/552 467/563/543 476/573/553
f 476/573/553 467/563/543 475/564/544
f 476/573/553 475/564/544 484/532/512
f 484/532/512 475/564/544 483/530/510
f 408/555/535 407/551/531 398/550/530
f 407/551/531 414/565/545 415/552/532
f 415/552/532 414/565/545 423/574/554
f 415/552/532 423/574/554 424/553/533
f 424/553/533 423/574/554 431/575/555
f 424/553/533 431/575/555 432/554/534
f 432/554/534 431/575/555 434/576/556
f 432/554/534 434/576/556 330/473/453
f 330/473/453 434/576/556 448/471/451
f 423/574/554 414/565/545 422/566/546
f 423/574/554 422/566/546 430/577/557
f 430/577/557 422/566/546 429/567/547
f 430/577/557 429/567/547 436/578/558
f 436/578/558 429/567/547 437/568/548
f 436/578/558 437/568/548 445/579/559
f 445/579/559 437/568/548 444/569/549
f 445/579/559 444/569/549 453/580/560
f 453/580/560 444/569/549 452/570/550
f 453/580/560 452/570/550 461/581/561
f 461/581/561 452/570/550 460/571/551
f 461/581/561 460/571/551 469/582/562
f 469/582/562 460/571/551 468/572/552
f 469/582/562 468/572/552 477/583/563
f 477/583/563 468/572/552 476/573/553
f 477/583/563 476/573/553 485/534/514
f 485/534/514 476/573/553 484/532/512
f 423/574/554 430/577/557 431/575/555
f 431/575/555 430/577/557 435/584/564
f 431/575/555 435/584/564 434/576/556
f 434/576/556 435/584/564 447/585/565
f 434/576/556 447/585/565 448/471/451
f 448/471/451 447/585/565 456/469/449
f 435/584/564 430/577/557 436/578/558
f 435/584/564 436/578/558 446/586/566
f 446/586/566 436/578/558 445/579/559
f 446/586/566 445/579/559 454/587/567
f 454/587/567 445/579/559 453/580/560
f 454/587/567 453/580/560 462/588/568
f 462/588/568 453/580/560 461/581/561
f 462/588/568 461/581/561 470/589/569
f 470/589/569 461/581/561 469/582/562
f 470/589/569 469/582/562 478/590/570
f 478/590/570 469/582/562 477/583/563
f 478/590/570 477/583/563 486/536/516
f 486/536/516 477/583/563 485/534/514
f 435/584/564 446/586/566 447/585/565
f 447/585/565 446/586/566 455/591/571
f 447/585/565 455/591/571 456/469/449
f 456/469/449 455/591/571 464/467/447
f 455/591/571 446/586/566 454/587/567
f 455/591/571 454/587/567 463/592/572
f 463/592/572 454/587/567 462/588/568
f 463/592/572 462/588/568 471/593/573
f 471/593/573 462/588/568 470/589/569
f 471/593/573 470/589/569 479/594/574
f 479/594/574 470/589/569 478/590/570
f 479/594/574 478/590/570 487/538/518
f 487/538/518 478/590/570 486/536/516
f 472/465/445 464/467/447 463/592/572
f 463/592/572 464/467/447 455/591/571
f 472/465/445 463/592/572 471/593/573
f 480/461/441 472/465/445 471/593/573
f 480/461/441 471/593/573 479/594/574
f 488/463/443 480/461/441 479/594/574
f 488/463/443 479/594/574 487/538/518
f 496/595/575 313/596/576 497/597/577
f 497/597/577 313/596/576 312/598/578
f 497/597/577 312/598/578 498/599/579
f 498/599/579 312/598/578 311/600/580
f 498/599/579 311/600/580 499/601/581
f 499/601/581 311/600/580 310/602/582
f 499/601/581 310/602/582 500/603/583
f 500/603/583 310/602/582 309/604/584
f 500/603/583 309/604/584 501/605/585
f 501/605/585 309/604/584 308/606/586
f 501/605/585 308/606/586 502/607/587
f 502/607/587 308/606/586 307/608/588
f 502/607/587 307/608/588 503/609/589
f 503/609/589 307/608/588 306/610/590
f 503/609/589 306/610/590 277/611/352
f 277/611/352 305/612/366 503/609/589
f 503/609/589 305/612/366 489/613/591
f 503/609/589 489/613/591 502/607/587
f 502/607/587 489/613/591 490/614/592
f 502/607/587 490/614/592 501/605/585
f 501/605/585 490/614/592 491/615/593
f 501/605/585 491/615/593 500/603/583
f 500/603/583 491/615/593 492/616/594
f 500/603/583 492/616/594 499/601/581
f 499/601/581 492/616/594 493/617/595
f 499/601/581 493/617/595 498/599/579
f 498/599/579 493/617/595 494/618/596
f 498/599/579 494/618/596 497/597/577
f 497/597/577 494/618/596 495/619/597
f 497/597/577 495/619/597 496/595/575
f 328/620/598 522/621/599 293/622/326
f 293/622/326 522/621/599 519/623/600
f 293/622/326 519/623/600 520/624/601
f 328/620/598 327/625/602 522/621/599
f 522/621/599 327/625/602 521/626/603
f 522/621/599 521/626/603 518/627/604
f 518/627/604 521/626/603 517/628/605
f 517/628/605 521/626/603 523/629/606
f 517/628/605 523/629/606 516/630/607
f 516/630/607 523/629/606 515/631/608
f 515/631/608 523/629/606 524/632/609
f 515/631/608 524/632/609 514/633/610
f 514/633/610 524/632/609 525/634/611
f 514/633/610 525/634/611 513/635/612
f 513/635/612 525/634/611 526/636/613
f 513/635/612 526/636/613 512/637/614
f 512/637/614 526/636/613 511/638/615
f 511/638/615 526/636/613 527/639/616
f 511/638/615 527/639/616 510/640/617
f 510/640/617 527/639/616 528/641/618
f 510/640/617 528/641/618 509/642/619
f 509/642/619 528/641/618 529/643/620
f 509/642/619 529/643/620 508/644/621
f 508/644/621 529/643/620 507/645/622
f 507/645/622 529/643/620 530/646/623
f 507/645/622 530/646/623 506/647/624
f 506/647/624 530/646/623 531/648/625
f 506/647/624 531/648/625 505/649/626
f 505/649/626 531/648/625 504/650/627
f 504/650/627 531/648/625 314/651/628
f 504/650/627 314/651/628 313/652/576
f 327/625/602 326/653/629 521/626/603
f 521/626/603 326/653/629 523/629/606
f 326/653/629 325/654/630 523/629/606
f 523/629/606 325/654/630 324/655/631
f 523/629/606 324/655/631 524/632/609
f 524/632/609 324/655/631 323/656/632
f 524/632/609 323/656/632 525/634/611
f 525/634/611 323/656/632 322/657/633
f 525/634/611 322/657/633 526/636/613
f 526/636/613 322/657/633 321/658/634
f 526/636/613 321/658/634 320/659/635
f 526/636/613 320/659/635 527/639/616
f 527/639/616 320/659/635 319/660/636
f 527/639/616 319/660/636 528/641/618
f 528/641/618 319/660/636 318/661/637
f 528/641/618 318/661/637 529/643/620
f 529/643/620 318/661/637 317/662/638
f 529/643/620 317/662/638 316/663/639
f 529/643/620 316/663/639 530/646/623
f 530/646/623 316/663/639 315/664/640
f 530/646/623 315/664/640 531/648/625
f 531/648/625 315/664/640 314/651/628
f 518/627/604 519/623/600 522/621/599
f 505/665/641 504/666/642 570/667/643
f 570/667/643 504/666/642 532/668/644
f 570/667/643 532/668/644 569/669/645
f 569/669/645 532/668/644 533/670/646
f 569/669/645 533/670/646 568/671/647
f 568/671/647 533/670/646 534/672/648
f 568/671/647 534/672/648 567/673/649
f 567/673/649 534/672/648 535/674/650
f 567/673/649 535/674/650 566/675/651
f 566/675/651 535/674/650 536/676/652
f 566/675/651 536/676/652 565/677/653
f 565/677/653 536/676/652 537/678/654
f 565/677/653 537/678/654 564/679/655
f 564/679/655 537/678/654 563/680/656
f 564/679/655 563/680/656 572/681/657
f 572/681/657 563/680/656 571/682/658
f 572/681/657 571/682/658 579/683/659
f 579/683/659 571/682/658 561/684/660
f 579/683/659 561/684/660 599/685/661
f 599/685/661 561/684/660 600/686/662
f 599/685/661 600/686/662 587/687/663
f 587/687/663 600/686/662 586/688/664
f 587/687/663 586/688/664 601/689/665
f 601/689/665 586/688/664 559/690/666
f 601/689/665 559/690/666 621/691/667
f 621/691/667 559/690/666 622/692/668
f 621/691/667 622/692/668 608/693/669
f 608/693/669 622/692/668 607/694/670
f 608/693/669 607/694/670 623/695/671
f 623/695/671 607/694/670 557/696/672
f 623/695/671 557/696/672 635/697/673
f 635/697/673 557/696/672 636/698/674
f 635/697/673 636/698/674 638/699/675
f 638/699/675 636/698/674 637/700/676
f 638/699/675 637/700/676 646/701/677
f 646/701/677 637/700/676 645/702/678
f 646/701/677 645/702/678 653/703/679
f 653/703/679 645/702/678 555/704/680
f 653/703/679 555/704/680 665/705/681
f 665/705/681 555/704/680 666/706/682
f 665/705/681 666/706/682 668/707/683
f 668/707/683 666/706/682 667/708/684
f 668/707/683 667/708/684 676/709/685
f 676/709/685 667/708/684 675/710/686
f 676/709/685 675/710/686 684/711/687
f 684/711/687 675/710/686 683/712/688
f 684/711/687 683/712/688 692/713/689
f 692/713/689 683/712/688 691/714/690
f 692/713/689 691/714/690 700/715/691
f 700/715/691 691/714/690 699/716/692
f 700/715/691 699/716/692 708/717/693
f 708/717/693 699/716/692 707/718/694
f 708/717/693 707/718/694 520/719/695
f 537/678/654 538/720/696 563/680/656
f 563/680/656 538/720/696 539/721/697
f 563/680/656 539/721/697 540/722/698
f 563/680/656 540/722/698 571/682/658
f 571/682/658 540/722/698 541/723/699
f 571/682/658 541/723/699 561/684/660
f 561/684/660 541/723/699 542/724/700
f 561/684/660 542/724/700 600/686/662
f 600/686/662 542/724/700 586/688/664
f 542/724/700 543/725/701 586/688/664
f 586/688/664 543/725/701 559/690/666
f 543/725/701 544/726/702 559/690/666
f 559/690/666 544/726/702 622/692/668
f 622/692/668 544/726/702 607/694/670
f 607/694/670 544/726/702 545/727/703
f 607/694/670 545/727/703 557/696/672
f 557/696/672 545/727/703 546/728/704
f 557/696/672 546/728/704 636/698/674
f 636/698/674 546/728/704 637/700/676
f 546/728/704 547/729/705 637/700/676
f 637/700/676 547/729/705 645/702/678
f 547/729/705 548/730/706 645/702/678
f 645/702/678 548/730/706 555/704/680
f 548/730/706 549/731/707 555/704/680
f 555/704/680 549/731/707 666/706/682
f 666/706/682 549/731/707 667/708/684
f 667/708/684 549/731/707 550/732/708
f 667/708/684 550/732/708 675/710/686
f 675/710/686 550/732/708 551/733/709
f 675/710/686 551/733/709 683/712/688
f 683/712/688 551/733/709 552/734/710
f 683/712/688 552/734/710 691/714/690
f 691/714/690 552/734/710 553/735/711
f 691/714/690 553/735/711 699/716/692
f 699/716/692 553/735/711 554/736/712
f 699/716/692 554/736/712 707/718/694
f 707/718/694 554/736/712 520/737/713
f 518/738/714 706/739/715 519/740/716
f 519/740/716 706/739/715 714/741/717
f 519/740/716 714/741/717 520/742/718
f 706/739/715 518/738/714 698/743/719
f 698/743/719 518/738/714 517/744/720
f 698/743/719 517/744/720 690/745/721
f 690/745/721 517/744/720 516/746/722
f 690/745/721 516/746/722 682/747/723
f 682/747/723 516/746/722 515/748/724
f 682/747/723 515/748/724 674/749/725
f 674/749/725 515/748/724 514/750/726
f 674/749/725 514/750/726 556/751/727
f 556/751/727 514/750/726 513/752/728
f 556/751/727 513/752/728 659/753/729
f 659/753/729 513/752/728 652/754/730
f 659/753/729 652/754/730 651/755/731
f 651/755/731 652/754/730 643/756/732
f 651/755/731 643/756/732 642/757/733
f 642/757/733 643/756/732 631/758/734
f 642/757/733 631/758/734 632/759/735
f 632/759/735 631/758/734 626/760/736
f 632/759/735 626/760/736 625/761/737
f 625/761/737 626/760/736 610/762/738
f 625/761/737 610/762/738 609/763/739
f 609/763/739 610/762/738 620/764/740
f 609/763/739 620/764/740 621/691/667
f 621/691/667 620/764/740 601/689/665
f 513/752/728 512/765/741 652/754/730
f 652/754/730 512/765/741 644/766/742
f 652/754/730 644/766/742 643/756/732
f 643/756/732 644/766/742 630/767/743
f 643/756/732 630/767/743 631/758/734
f 631/758/734 630/767/743 627/768/744
f 631/758/734 627/768/744 626/760/736
f 626/760/736 627/768/744 611/769/745
f 626/760/736 611/769/745 610/762/738
f 610/762/738 611/769/745 619/770/746
f 610/762/738 619/770/746 620/764/740
f 620/764/740 619/770/746 602/771/747
f 620/764/740 602/771/747 601/689/665
f 601/689/665 602/771/747 587/687/663
f 512/765/741 511/772/748 644/766/742
f 644/766/742 511/772/748 629/773/749
f 644/766/742 629/773/749 630/767/743
f 630/767/743 629/773/749 628/774/750
f 630/767/743 628/774/750 627/768/744
f 627/768/744 628/774/750 612/775/751
f 627/768/744 612/775/751 611/769/745
f 611/769/745 612/775/751 618/776/752
f 611/769/745 618/776/752 619/770/746
f 619/770/746 618/776/752 603/777/753
f 619/770/746 603/777/753 602/771/747
f 602/771/747 603/777/753 588/778/754
f 602/771/747 588/778/754 587/687/663
f 587/687/663 588/778/754 599/685/661
f 629/773/749 511/772/748 558/779/755
f 558/779/755 511/772/748 510/780/756
f 558/779/755 510/780/756 614/781/757
f 614/781/757 510/780/756 509/782/758
f 614/781/757 509/782/758 615/783/759
f 615/783/759 509/782/758 560/784/760
f 615/783/759 560/784/760 606/785/761
f 606/785/761 560/784/760 592/786/762
f 606/785/761 592/786/762 591/787/763
f 591/787/763 592/786/762 595/788/764
f 591/787/763 595/788/764 596/789/765
f 596/789/765 595/788/764 582/790/766
f 596/789/765 582/790/766 581/791/767
f 581/791/767 582/790/766 574/792/768
f 581/791/767 574/792/768 573/793/769
f 573/793/769 574/792/768 565/677/653
f 573/793/769 565/677/653 564/679/655
f 509/782/758 508/794/770 560/784/760
f 560/784/760 508/794/770 593/795/771
f 560/784/760 593/795/771 592/786/762
f 592/786/762 593/795/771 594/796/772
f 592/786/762 594/796/772 595/788/764
f 595/788/764 594/796/772 583/797/773
f 595/788/764 583/797/773 582/790/766
f 582/790/766 583/797/773 575/798/774
f 582/790/766 575/798/774 574/792/768
f 574/792/768 575/798/774 566/675/651
f 574/792/768 566/675/651 565/677/653
f 508/794/770 507/799/775 593/795/771
f 593/795/771 507/799/775 562/800/776
f 593/795/771 562/800/776 594/796/772
f 594/796/772 562/800/776 584/801/777
f 594/796/772 584/801/777 583/797/773
f 583/797/773 584/801/777 576/802/778
f 583/797/773 576/802/778 575/798/774
f 575/798/774 576/802/778 567/673/649
f 575/798/774 567/673/649 566/675/651
f 507/799/775 506/803/779 562/800/776
f 562/800/776 506/803/779 585/804/780
f 562/800/776 585/804/780 584/801/777
f 584/801/777 585/804/780 577/805/781
f 584/801/777 577/805/781 576/802/778
f 576/802/778 577/805/781 568/671/647
f 576/802/778 568/671/647 567/673/649
f 585/804/780 506/803/779 578/806/782
f 578/806/782 506/803/779 505/665/641
f 578/806/782 505/665/641 570/667/643
f 708/717/693 520/807/783 709/808/784
f 709/808/784 520/809/785 710/810/786
f 710/810/786 520/811/787 711/812/788
f 711/812/788 520/813/789 712/814/790
f 712/814/790 520/815/791 713/816/792
f 713/816/792 520/817/793 714/741/717
f 573/793/769 564/679/655 572/681/657
f 578/806/782 570/667/643 569/669/645
f 578/806/782 569/669/645 577/805/781
f 577/805/781 569/669/645 568/671/647
f 573/793/769 572/681/657 580/818/794
f 580/818/794 572/681/657 579/683/659
f 580/818/794 579/683/659 598/819/795
f 598/819/795 579/683/659 599/685/661
f 598/819/795 599/685/661 588/778/754
f 585/804/780 578/806/782 577/805/781
f 573/793/769 580/818/794 581/791/767
f 581/791/767 580/818/794 597/820/796
f 581/791/767 597/820/796 596/789/765
f 596/789/765 597/820/796 590/821/797
f 596/789/765 590/821/797 591/787/763
f 591/787/763 590/821/797 605/822/798
f 591/787/763 605/822/798 606/785/761
f 606/785/761 605/822/798 616/823/799
f 606/785/761 616/823/799 615/783/759
f 615/783/759 616/823/799 614/781/757
f 597/820/796 580/818/794 598/819/795
f 597/820/796 598/819/795 589/824/800
f 589/824/800 598/819/795 588/778/754
f 589/824/800 588/778/754 603/777/753
f 597/820/796 589/824/800 590/821/797
f 590/821/797 589/824/800 604/825/801
f 590/821/797 604/825/801 605/822/798
f 605/822/798 604/825/801 617/826/802
f 605/822/798 617/826/802 616/823/799
f 616/823/799 617/826/802 613/827/803
f 616/823/799 613/827/803 614/781/757
f 614/781/757 613/827/803 558/779/755
f 604/825/801 589/824/800 603/777/753
f 617/826/802 604/825/801 618/776/752
f 618/776/752 604/825/801 603/777/753
f 621/691/667 608/693/669 609/763/739
f 609/763/739 608/693/669 624/828/804
f 609/763/739 624/828/804 625/761/737
f 625/761/737 624/828/804 633/829/805
f 625/761/737 633/829/805 632/759/735
f 632/759/735 633/829/805 641/830/806
f 632/759/735 641/830/806 642/757/733
f 642/757/733 641/830/806 650/831/807
f 642/757/733 650/831/807 651/755/731
f 651/755/731 650/831/807 658/832/808
f 651/755/731 658/832/808 659/753/729
f 659/753/729 658/832/808 556/751/727
f 624/828/804 608/693/669 623/695/671
f 617/826/802 618/776/752 612/775/751
f 617/826/802 612/775/751 613/827/803
f 613/827/803 612/775/751 628/774/750
f 613/827/803 628/774/750 558/779/755
f 558/779/755 628/774/750 629/773/749
f 624/828/804 623/695/671 634/833/809
f 634/833/809 623/695/671 635/697/673
f 634/833/809 635/697/673 639/834/810
f 639/834/810 635/697/673 638/699/675
f 639/834/810 638/699/675 647/835/811
f 647/835/811 638/699/675 646/701/677
f 647/835/811 646/701/677 654/836/812
f 654/836/812 646/701/677 653/703/679
f 654/836/812 653/703/679 664/837/813
f 664/837/813 653/703/679 665/705/681
f 664/837/813 665/705/681 669/838/814
f 669/838/814 665/705/681 668/707/683
f 669/838/814 668/707/683 677/839/815
f 677/839/815 668/707/683 676/709/685
f 677/839/815 676/709/685 685/840/816
f 685/840/816 676/709/685 684/711/687
f 685/840/816 684/711/687 693/841/817
f 693/841/817 684/711/687 692/713/689
f 693/841/817 692/713/689 701/842/818
f 701/842/818 692/713/689 700/715/691
f 701/842/818 700/715/691 709/808/784
f 709/808/784 700/715/691 708/717/693
f 633/829/805 634/833/809 640/843/819
f 640/843/819 634/833/809 639/834/810
f 640/843/819 639/834/810 648/844/820
f 648/844/820 639/834/810 647/835/811
f 648/844/820 647/835/811 655/845/821
f 655/845/821 647/835/811 654/836/812
f 655/845/821 654/836/812 663/846/822
f 663/846/822 654/836/812 664/837/813
f 663/846/822 664/837/813 670/847/823
f 670/847/823 664/837/813 669/838/814
f 670/847/823 669/838/814 678/848/824
f 678/848/824 669/838/814 677/839/815
f 678/848/824 677/839/815 686/849/825
f 686/849/825 677/839/815 685/840/816
f 686/849/825 685/840/816 694/850/826
f 694/850/826 685/840/816 693/841/817
f 694/850/826 693/841/817 702/851/827
f 702/851/827 693/841/817 701/842/818
f 702/851/827 701/842/818 710/810/786
f 710/810/786 701/842/818 709/808/784
f 634/833/809 633/829/805 624/828/804
f 633/829/805 640/843/819 641/830/806
f 641/830/806 640/843/819 649/852/828
f 641/830/806 649/852/828 650/831/807
f 650/831/807 649/852/828 657/853/829
f 650/831/807 657/853/829 658/832/808
f 658/832/808 657/853/829 660/854/830
f 658/832/808 660/854/830 556/751/727
f 556/751/727 660/854/830 674/749/725
f 649/852/828 640/843/819 648/844/820
f 649/852/828 648/844/820 656/855/831
f 656/855/831 648/844/820 655/845/821
f 656/855/831 655/845/821 662/856/832
f 662/856/832 655/845/821 663/846/822
f 662/856/832 663/846/822 671/857/833
f 671/857/833 663/846/822 670/847/823
f 671/857/833 670/847/823 679/858/834
f 679/858/834 670/847/823 678/848/824
f 679/858/834 678/848/824 687/859/835
f 687/859/835 678/848/824 686/849/825
f 687/859/835 686/849/825 695/860/836
f 695/860/836 686/849/825 694/850/826
f 695/860/836 694/850/826 703/861/837
f 703/861/837 694/850/826 702/851/827
f 703/861/837 702/851/827 711/812/788
f 711/812/788 702/851/827 710/810/786
f 649/852/828 656/855/831 657/853/829
f 657/853/829 656/855/831 661/862/838
f 657/853/829 661/862/838 660/854/830
f 660/854/830 661/862/838 673/863/839
f 660/854/830 673/863/839 674/749/725
f 674/749/725 673/863/839 682/747/723
f 661/862/838 656/855/831 662/856/832
f 661/862/838 662/856/832 672/864/840
f 672/864/840 662/856/832 671/857/833
f 672/864/840 671/857/833 680/865/841
f 680/865/841 671/857/833 679/858/834
f 680/865/841 679/858/834 688/866/842
f 688/866/842 679/858/834 687/859/835
f 688/866/842 687/859/835 696/867/843
f 696/867/843 687/859/835 695/860/836
f 696/867/843 695/860/836 704/868/844
f 704/868/844 695/860/836 703/861/837
f 704/868/844 703/861/837 712/814/790
f 712/814/790 703/861/837 711/812/788
f 661/862/838 672/864/840 673/863/839
f 673/863/839 672/864/840 681/869/845
f 673/863/839 681/869/845 682/747/723
f 682/747/723 681/869/845 690/745/721
f 681/869/845 672/864/840 680/865/841
f 681/869/845 680/865/841 689/870/846
f 689/870/846 680/865/841 688/866/842
f 689/870/846 688/866/842 697/871/847
f 697/871/847 688/866/842 696/867/843
f 697/871/847 696/867/843 705/872/848
f 705/872/848 696/867/843 704/868/844
f 705/872/848 704/868/844 713/816/792
f 713/816/792 704/868/844 712/814/790
f 698/743/719 690/745/721 689/870/846
f 689/870/846 690/745/721 681/869/845
f 698/743/719 689/870/846 697/871/847
f 706/739/715 698/743/719 697/871/847
f 706/739/715 697/871/847 705/872/848
f 714/741/717 706/739/715 705/872/848
f 714/741/717 705/872/848 713/816/792
f 723/873/849 539/874/850 724/875/851
f 724/875/851 539/874/850 538/876/852
f 724/875/851 538/876/852 725/877/853
f 725/877/853 538/876/852 537/878/854
f 725/877/853 537/878/854 726/879/855
f 726/879/855 537/878/854 536/880/856
f 726/879/855 536/880/856 727/881/857
f 727/881/857 536/880/856 535/882/858
f 727/881/857 535/882/858 728/883/859
f 728/883/859 535/882/858 534/884/860
f 728/883/859 534/884/860 729/885/861
f 729/885/861 534/884/860 533/886/862
f 729/885/861 533/886/862 730/887/863
f 730/887/863 533/886/862 532/888/864
f 730/887/863 532/888/864 504/889/627
f 504/889/627 715/890/865 730/887/863
f 730/887/863 715/890/865 716/891/866
f 730/887/863 716/891/866 729/885/861
f 729/885/861 716/891/866 717/892/867
f 729/885/861 717/892/867 728/883/859
f 728/883/859 717/892/867 718/893/868
f 728/883/859 718/893/868 727/881/857
f 727/881/857 718/893/868 719/894/869
f 727/881/857 719/894/869 726/879/855
f 726/879/855 719/894/869 720/895/870
f 726/879/855 720/895/870 725/877/853
f 725/877/853 720/895/870 721/896/871
f 725/877/853 721/896/871 724/875/851
f 724/875/851 721/896/871 722/897/872
f 724/875/851 722/897/872 723/873/849
f 496/898/575 715/899/865 313/900/576
f 313/900/576 715/899/865 504/901/627
f 554/902/873 749/903/874 520/904/601
f 520/904/601 749/903/874 746/905/875
f 520/904/601 746/905/875 747/906/876
f 554/902/873 553/907/877 749/903/874
f 749/903/874 553/907/877 748/908/878
f 749/903/874 748/908/878 745/909/879
f 745/909/879 748/908/878 744/910/880
f 744/910/880 748/908/878 750/911/881
f 744/910/880 750/911/881 743/912/882
f 743/912/882 750/911/881 742/913/883
f 742/913/883 750/911/881 751/914/884
f 742/913/883 751/914/884 741/915/885
f 741/915/885 751/914/884 752/916/886
f 741/915/885 752/916/886 740/917/887
f 740/917/887 752/916/886 753/918/888
f 740/917/887 753/918/888 739/919/889
f 739/919/889 753/918/888 738/920/890
f 738/920/890 753/918/888 754/921/891
f 738/920/890 754/921/891 737/922/892
f 737/922/892 754/921/891 755/923/893
f 737/922/892 755/923/893 736/924/894
f 736/924/894 755/923/893 756/925/895
f 736/924/894 756/925/895 735/926/896
f 735/926/896 756/925/895 734/927/897
f 734/927/897 756/925/895 757/928/898
f 734/927/897 757/928/898 733/929/899
f 733/929/899 757/928/898 758/930/900
f 733/929/899 758/930/900 732/931/901
f 732/931/901 758/930/900 731/932/902
f 731/932/902 758/930/900 540/933/903
f 731/932/902 540/933/903 539/934/850
f 553/907/877 552/935/904 748/908/878
f 748/908/878 552/935/904 750/911/881
f 552/935/904 551/936/905 750/911/881
f 750/911/881 551/936/905 550/937/906
f 750/911/881 550/937/906 751/914/884
f 751/914/884 550/937/906 549/938/907
f 751/914/884 549/938/907 752/916/886
f 752/916/886 549/938/907 548/939/908
f 752/916/886 548/939/908 753/918/888
f 753/918/888 548/939/908 547/940/909
f 753/918/888 547/940/909 546/941/910
f 753/918/888 546/941/910 754/921/891
f 754/921/891 546/941/910 545/942/911
f 754/921/891 545/942/911 755/923/893
f 755/923/893 545/942/911 544/943/912
f 755/923/893 544/943/912 756/925/895
f 756/925/895 544/943/912 543/944/913
f 756/925/895 543/944/913 542/945/914
f 756/925/895 542/945/914 757/928/898
f 757/928/898 542/945/914 541/946/915
f 757/928/898 541/946/915 758/930/900
f 758/930/900 541/946/915 540/933/903
f 745/909/879 746/905/875 749/903/874
f 732/947/916 731/948/917 797/949/918
f 797/949/918 731/948/917 759/950/919
f 797/949/918 759/950/919 796/951/920
f 796/951/920 759/950/919 760/952/921
f 796/951/920 760/952/921 795/953/922
f 795/953/922 760/952/921 761/954/923
f 795/953/922 761/954/923 794/955/924
f 794/955/924 761/954/923 762/956/925
f 794/955/924 762/956/925 793/957/926
f 793/957/926 762/956/925 763/958/927
f 793/957/926 763/958/927 792/959/928
f 792/959/928 763/958/927 764/960/929
f 792/959/928 764/960/929 791/961/930
f 791/961/930 764/960/929 790/962/931
f 791/961/930 790/962/931 799/963/932
f 799/963/932 790/962/931 798/964/933
f 799/963/932 798/964/933 806/965/934
f 806/965/934 798/964/933 788/966/935
f 806/965/934 788/966/935 826/967/936
f 826/967/936 788/966/935 827/968/937
f 826/967/936 827/968/937 814/969/938
f 814/969/938 827/968/937 813/970/939
f 814/969/938 813/970/939 828/971/940
f 828/971/940 813/970/939 786/972/941
f 828/971/940 786/972/941 848/973/942
f 848/973/942 786/972/941 849/974/943
f 848/973/942 849/974/943 835/975/944
f 835/975/944 849/974/943 834/976/945
f 835/975/944 834/976/945 850/977/946
f 850/977/946 834/976/945 784/978/947
f 850/977/946 784/978/947 862/979/948
f 862/979/948 784/978/947 863/980/949
f 862/979/948 863/980/949 865/981/950
f 865/981/950 863/980/949 864/982/951
f 865/981/950 864/982/951 873/983/952
f 873/983/952 864/982/951 872/984/953
f 873/983/952 872/984/953 880/985/954
f 880/985/954 872/984/953 782/986/955
f 880/985/954 782/986/955 892/987/956
f 892/987/956 782/986/955 893/988/957
f 892/987/956 893/988/957 895/989/958
f 895/989/958 893/988/957 894/990/959
f 895/989/958 894/990/959 903/991/960
f 903/991/960 894/990/959 902/992/961
f 903/991/960 902/992/961 911/993/962
f 911/993/962 902/992/961 910/994/963
f 911/993/962 910/994/963 919/995/964
f 919/995/964 910/994/963 918/996/965
f 919/995/964 918/996/965 927/997/966
f 927/997/966 918/996/965 926/998/967
f 927/997/966 926/998/967 935/999/968
f 935/999/968 926/998/967 934/1000/969
f 935/999/968 934/1000/969 747/1001/970
f 764/960/929 765/1002/971 790/962/931
f 790/962/931 765/1002/971 766/1003/972
f 790/962/931 766/1003/972 767/1004/973
f 790/962/931 767/1004/973 798/964/933
f 798/964/933 767/1004/973 768/1005/974
f 798/964/933 768/1005/974 788/966/935
f 788/966/935 768/1005/974 769/1006/975
f 788/966/935 769/1006/975 827/968/937
f 827/968/937 769/1006/975 813/970/939
f 769/1006/975 770/1007/976 813/970/939
f 813/970/939 770/1007/976 786/972/941
f 770/1007/976 771/1008/977 786/972/941
f 786/972/941 771/1008/977 849/974/943
f 849/974/943 771/1008/977 834/976/945
f 834/976/945 771/1008/977 772/1009/978
f 834/976/945 772/1009/978 784/978/947
f 784/978/947 772/1009/978 773/1010/979
f 784/978/947 773/1010/979 863/980/949
f 863/980/949 773/1010/979 864/982/951
f 773/1010/979 774/1011/980 864/982/951
f 864/982/951 774/1011/980 872/984/953
f 774/1011/980 775/1012/981 872/984/953
f 872/984/953 775/1012/981 782/986/955
f 775/1012/981 776/1013/982 782/986/955
f 782/986/955 776/1013/982 893/988/957
f 893/988/957 776/1013/982 894/990/959
f 894/990/959 776/1013/982 777/1014/983
f 894/990/959 777/1014/983 902/992/961
f 902/992/961 777/1014/983 778/1015/984
f 902/992/961 778/1015/984 910/994/963
f 910/994/963 778/1015/984 779/1016/985
f 910/994/963 779/1016/985 918/996/965
f 918/996/965 779/1016/985 780/1017/986
f 918/996/965 780/1017/986 926/998/967
f 926/998/967 780/1017/986 781/1018/987
f 926/998/967 781/1018/987 934/1000/969
f 934/1000/969 781/1018/987 747/1019/988
f 745/1020/989 933/1021/990 746/1022/991
f 746/1022/991 933/1021/990 941/1023/992
f 746/1022/991 941/1023/992 747/1024/993
f 933/1021/990 745/1020/989 925/1025/994
f 925/1025/994 745/1020/989 744/1026/995
f 925/1025/994 744/1026/995 917/1027/996
f 917/1027/996 744/1026/995 743/1028/997
f 917/1027/996 743/1028/997 909/1029/998
f 909/1029/998 743/1028/997 742/1030/999
f 909/1029/998 742/1030/999 901/1031/1000
f 901/1031/1000 742/1030/999 741/1032/1001
f 901/1031/1000 741/1032/1001 783/1033/1002
f 783/1033/1002 741/1032/1001 740/1034/1003
f 783/1033/1002 740/1034/1003 886/1035/1004
f 886/1035/1004 740/1034/1003 879/1036/1005
f 886/1035/1004 879/1036/1005 878/1037/1006
f 878/1037/1006 879/1036/1005 870/1038/1007
f 878/1037/1006 870/1038/1007 869/1039/1008
f 869/1039/1008 870/1038/1007 858/1040/1009
f 869/1039/1008 858/1040/1009 859/1041/1010
f 859/1041/1010 858/1040/1009 853/1042/1011
f 859/1041/1010 853/1042/1011 852/1043/1012
f 852/1043/1012 853/1042/1011 837/1044/1013
f 852/1043/1012 837/1044/1013 836/1045/1014
f 836/1045/1014 837/1044/1013 847/1046/1015
f 836/1045/1014 847/1046/1015 848/973/942
f 848/973/942 847/1046/1015 828/971/940
f 740/1034/1003 739/1047/1016 879/1036/1005
f 879/1036/1005 739/1047/1016 871/1048/1017
f 879/1036/1005 871/1048/1017 870/1038/1007
f 870/1038/1007 871/1048/1017 857/1049/1018
f 870/1038/1007 857/1049/1018 858/1040/1009
f 858/1040/1009 857/1049/1018 854/1050/1019
f 858/1040/1009 854/1050/1019 853/1042/1011
f 853/1042/1011 854/1050/1019 838/1051/1020
f 853/1042/1011 838/1051/1020 837/1044/1013
f 837/1044/1013 838/1051/1020 846/1052/1021
f 837/1044/1013 846/1052/1021 847/1046/1015
f 847/1046/1015 846/1052/1021 829/1053/1022
f 847/1046/1015 829/1053/1022 828/971/940
f 828/971/940 829/1053/1022 814/969/938
f 739/1047/1016 738/1054/1023 871/1048/1017
f 871/1048/1017 738/1054/1023 856/1055/1024
f 871/1048/1017 856/1055/1024 857/1049/1018
f 857/1049/1018 856/1055/1024 855/1056/1025
f 857/1049/1018 855/1056/1025 854/1050/1019
f 854/1050/1019 855/1056/1025 839/1057/1026
f 854/1050/1019 839/1057/1026 838/1051/1020
f 838/1051/1020 839/1057/1026 845/1058/1027
f 838/1051/1020 845/1058/1027 846/1052/1021
f 846/1052/1021 845/1058/1027 830/1059/1028
f 846/1052/1021 830/1059/1028 829/1053/1022
f 829/1053/1022 830/1059/1028 815/1060/1029
f 829/1053/1022 815/1060/1029 814/969/938
f 814/969/938 815/1060/1029 826/967/936
f 856/1055/1024 738/1054/1023 785/1061/1030
f 785/1061/1030 738/1054/1023 737/1062/1031
f 785/1061/1030 737/1062/1031 841/1063/1032
f 841/1063/1032 737/1062/1031 736/1064/1033
f 841/1063/1032 736/1064/1033 842/1065/1034
f 842/1065/1034 736/1064/1033 787/1066/1035
f 842/1065/1034 787/1066/1035 833/1067/1036
f 833/1067/1036 787/1066/1035 819/1068/1037
f 833/1067/1036 819/1068/1037 818/1069/1038
f 818/1069/1038 819/1068/1037 822/1070/1039
f 818/1069/1038 822/1070/1039 823/1071/1040
f 823/1071/1040 822/1070/1039 809/1072/1041
f 823/1071/1040 809/1072/1041 808/1073/1042
f 808/1073/1042 809/1072/1041 801/1074/1043
f 808/1073/1042 801/1074/1043 800/1075/1044
f 800/1075/1044 801/1074/1043 792/959/928
f 800/1075/1044 792/959/928 791/961/930
f 736/1064/1033 735/1076/1045 787/1066/1035
f 787/1066/1035 735/1076/1045 820/1077/1046
f 787/1066/1035 820/1077/1046 819/1068/1037
f 819/1068/1037 820/1077/1046 821/1078/1047
f 819/1068/1037 821/1078/1047 822/1070/1039
f 822/1070/1039 821/1078/1047 810/1079/1048
f 822/1070/1039 810/1079/1048 809/1072/1041
f 809/1072/1041 810/1079/1048 802/1080/1049
f 809/1072/1041 802/1080/1049 801/1074/1043
f 801/1074/1043 802/1080/1049 793/957/926
f 801/1074/1043 793/957/926 792/959/928
f 735/1076/1045 734/1081/1050 820/1077/1046
f 820/1077/1046 734/1081/1050 789/1082/1051
f 820/1077/1046 789/1082/1051 821/1078/1047
f 821/1078/1047 789/1082/1051 811/1083/1052
f 821/1078/1047 811/1083/1052 810/1079/1048
f 810/1079/1048 811/1083/1052 803/1084/1053
f 810/1079/1048 803/1084/1053 802/1080/1049
f 802/1080/1049 803/1084/1053 794/955/924
f 802/1080/1049 794/955/924 793/957/926
f 734/1081/1050 733/1085/1054 789/1082/1051
f 789/1082/1051 733/1085/1054 812/1086/1055
f 789/1082/1051 812/1086/1055 811/1083/1052
f 811/1083/1052 812/1086/1055 804/1087/1056
f 811/1083/1052 804/1087/1056 803/1084/1053
f 803/1084/1053 804/1087/1056 795/953/922
f 803/1084/1053 795/953/922 794/955/924
f 812/1086/1055 733/1085/1054 805/1088/1057
f 805/1088/1057 733/1085/1054 732/947/916
f 805/1088/1057 732/947/916 797/949/918
f 935/999/968 747/1089/1058 936/1090/1059
f 936/1090/1059 747/1091/1060 937/1092/1061
f 937/1092/1061 747/1093/1062 938/1094/1063
f 938/1094/1063 747/1095/1064 939/1096/1065
f 939/1096/1065 747/1097/1066 940/1098/1067
f 940/1098/1067 747/1099/1068 941/1023/992
f 800/1075/1044 791/961/930 799/963/932
f 805/1088/1057 797/949/918 796/951/920
f 805/1088/1057 796/951/920 804/1087/1056
f 804/1087/1056 796/951/920 795/953/922
f 800/1075/1044 799/963/932 807/1100/1069
f 807/1100/1069 799/963/932 806/965/934
f 807/1100/1069 806/965/934 825/1101/1070
f 825/1101/1070 806/965/934 826/967/936
f 825/1101/1070 826/967/936 815/1060/1029
f 812/1086/1055 805/1088/1057 804/1087/1056
f 800/1075/1044 807/1100/1069 808/1073/1042
f 808/1073/1042 807/1100/1069 824/1102/1071
f 808/1073/1042 824/1102/1071 823/1071/1040
f 823/1071/1040 824/1102/1071 817/1103/1072
f 823/1071/1040 817/1103/1072 818/1069/1038
f 818/1069/1038 817/1103/1072 832/1104/1073
f 818/1069/1038 832/1104/1073 833/1067/1036
f 833/1067/1036 832/1104/1073 843/1105/1074
f 833/1067/1036 843/1105/1074 842/1065/1034
f 842/1065/1034 843/1105/1074 841/1063/1032
f 824/1102/1071 807/1100/1069 825/1101/1070
f 824/1102/1071 825/1101/1070 816/1106/1075
f 816/1106/1075 825/1101/1070 815/1060/1029
f 816/1106/1075 815/1060/1029 830/1059/1028
f 824/1102/1071 816/1106/1075 817/1103/1072
f 817/1103/1072 816/1106/1075 831/1107/1076
f 817/1103/1072 831/1107/1076 832/1104/1073
f 832/1104/1073 831/1107/1076 844/1108/1077
f 832/1104/1073 844/1108/1077 843/1105/1074
f 843/1105/1074 844/1108/1077 840/1109/1078
f 843/1105/1074 840/1109/1078 841/1063/1032
f 841/1063/1032 840/1109/1078 785/1061/1030
f 831/1107/1076 816/1106/1075 830/1059/1028
f 844/1108/1077 831/1107/1076 845/1058/1027
f 845/1058/1027 831/1107/1076 830/1059/1028
f 848/973/942 835/975/944 836/1045/1014
f 836/1045/1014 835/975/944 851/1110/1079
f 836/1045/1014 851/1110/1079 852/1043/1012
f 852/1043/1012 851/1110/1079 860/1111/1080
f 852/1043/1012 860/1111/1080 859/1041/1010
f 859/1041/1010 860/1111/1080 868/1112/1081
f 859/1041/1010 868/1112/1081 869/1039/1008
f 869/1039/1008 868/1112/1081 877/1113/1082
f 869/1039/1008 877/1113/1082 878/1037/1006
f 878/1037/1006 877/1113/1082 885/1114/1083
f 878/1037/1006 885/1114/1083 886/1035/1004
f 886/1035/1004 885/1114/1083 783/1033/1002
f 851/1110/1079 835/975/944 850/977/946
f 844/1108/1077 845/1058/1027 839/1057/1026
f 844/1108/1077 839/1057/1026 840/1109/1078
f 840/1109/1078 839/1057/1026 855/1056/1025
f 840/1109/1078 855/1056/1025 785/1061/1030
f 785/1061/1030 855/1056/1025 856/1055/1024
f 851/1110/1079 850/977/946 861/1115/1084
f 861/1115/1084 850/977/946 862/979/948
f 861/1115/1084 862/979/948 866/1116/1085
f 866/1116/1085 862/979/948 865/981/950
f 866/1116/1085 865/981/950 874/1117/1086
f 874/1117/1086 865/981/950 873/983/952
f 874/1117/1086 873/983/952 881/1118/1087
f 881/1118/1087 873/983/952 880/985/954
f 881/1118/1087 880/985/954 891/1119/1088
f 891/1119/1088 880/985/954 892/987/956
f 891/1119/1088 892/987/956 896/1120/1089
f 896/1120/1089 892/987/956 895/989/958
f 896/1120/1089 895/989/958 904/1121/1090
f 904/1121/1090 895/989/958 903/991/960
f 904/1121/1090 903/991/960 912/1122/1091
f 912/1122/1091 903/991/960 911/993/962
f 912/1122/1091 911/993/962 920/1123/1092
f 920/1123/1092 911/993/962 919/995/964
f 920/1123/1092 919/995/964 928/1124/1093
f 928/1124/1093 919/995/964 927/997/966
f 928/1124/1093 927/997/966 936/1090/1059
f 936/1090/1059 927/997/966 935/999/968
f 860/1111/1080 861/1115/1084 867/1125/1094
f 867/1125/1094 861/1115/1084 866/1116/1085
f 867/1125/1094 866/1116/1085 875/1126/1095
f 875/1126/1095 866/1116/1085 874/1117/1086
f 875/1126/1095 874/1117/1086 882/1127/1096
f 882/1127/1096 874/1117/1086 881/1118/1087
f 882/1127/1096 881/1118/1087 890/1128/1097
f 890/1128/1097 881/1118/1087 891/1119/1088
f 890/1128/1097 891/1119/1088 897/1129/1098
f 897/1129/1098 891/1119/1088 896/1120/1089
f 897/1129/1098 896/1120/1089 905/1130/1099
f 905/1130/1099 896/1120/1089 904/1121/1090
f 905/1130/1099 904/1121/1090 913/1131/1100
f 913/1131/1100 904/1121/1090 912/1122/1091
f 913/1131/1100 912/1122/1091 921/1132/1101
f 921/1132/1101 912/1122/1091 920/1123/1092
f 921/1132/1101 920/1123/1092 929/1133/1102
f 929/1133/1102 920/1123/1092 928/1124/1093
f 929/1133/1102 928/1124/1093 937/1092/1061
f 937/1092/1061 928/1124/1093 936/1090/1059
f 861/1115/1084 860/1111/1080 851/1110/1079
f 860/1111/1080 867/1125/1094 868/1112/1081
f 868/1112/1081 867/1125/1094 876/1134/1103
f 868/1112/1081 876/1134/1103 877/1113/1082
f 877/1113/1082 876/1134/1103 884/1135/1104
f 877/1113/1082 884/1135/1104 885/1114/1083
f 885/1114/1083 884/1135/1104 887/1136/1105
f 885/1114/1083 887/1136/1105 783/1033/1002
f 783/1033/1002 887/1136/1105 901/1031/1000
f 876/1134/1103 867/1125/1094 875/1126/1095
f 876/1134/1103 875/1126/1095 883/1137/1106
f 883/1137/1106 875/1126/1095 882/1127/1096
f 883/1137/1106 882/1127/1096 889/1138/1107
f 889/1138/1107 882/1127/1096 890/1128/1097
f 889/1138/1107 890/1128/1097 898/1139/1108
f 898/1139/1108 890/1128/1097 897/1129/1098
f 898/1139/1108 897/1129/1098 906/1140/1109
f 906/1140/1109 897/1129/1098 905/1130/1099
f 906/1140/1109 905/1130/1099 914/1141/1110
f 914/1141/1110 905/1130/1099 913/1131/1100
f 914/1141/1110 913/1131/1100 922/1142/1111
f 922/1142/1111 913/1131/1100 921/1132/1101
f 922/1142/1111 921/1132/1101 930/1143/1112
f 930/1143/1112 921/1132/1101 929/1133/1102
f 930/1143/1112 929/1133/1102 938/1094/1063
f 938/1094/1063 929/1133/1102 937/1092/1061
f 876/1134/1103 883/1137/1106 884/1135/1104
f 884/1135/1104 883/1137/1106 888/1144/1113
f 884/1135/1104 888/1144/1113 887/1136/1105
f 887/1136/1105 888/1144/1113 900/1145/1114
f 887/1136/1105 900/1145/1114 901/1031/1000
f 901/1031/1000 900/1145/1114 909/1029/998
f 888/1144/1113 883/1137/1106 889/1138/1107
f 888/1144/1113 889/1138/1107 899/1146/1115
f 899/1146/1115 889/1138/1107 898/1139/1108
f 899/1146/1115 898/1139/1108 907/1147/1116
f 907/1147/1116 898/1139/1108 906/1140/1109
f 907/1147/1116 906/1140/1109 915/1148/1117
f 915/1148/1117 906/1140/1109 914/1141/1110
f 915/1148/1117 914/1141/1110 923/1149/1118
f 923/1149/1118 914/1141/1110 922/1142/1111
f 923/1149/1118 922/1142/1111 931/1150/1119
f 931/1150/1119 922/1142/1111 930/1143/1112
f 931/1150/1119 930/1143/1112 939/1096/1065
f 939/1096/1065 930/1143/1112 938/1094/1063
f 888/1144/1113 899/1146/1115 900/1145/1114
f 900/1145/1114 899/1146/1115 908/1151/1120
f 900/1145/1114 908/1151/1120 909/1029/998
f 909/1029/998 908/1151/1120 917/1027/996
f 908/1151/1120 899/1146/1115 907/1147/1116
f 908/1151/1120 907/1147/1116 916/1152/1121
f 916/1152/1121 907/1147/1116 915/1148/1117
f 916/1152/1121 915/1148/1117 924/1153/1122
f 924/1153/1122 915/1148/1117 923/1149/1118
f 924/1153/1122 923/1149/1118 932/1154/1123
f 932/1154/1123 923/1149/1118 931/1150/1119
f 932/1154/1123 931/1150/1119 940/1098/1067
f 940/1098/1067 931/1150/1119 939/1096/1065
f 925/1025/994 917/1027/996 916/1152/1121
f 916/1152/1121 917/1027/996 908/1151/1120
f 925/1025/994 916/1152/1121 924/1153/1122
f 933/1021/990 925/1025/994 924/1153/1122
f 933/1021/990 924/1153/1122 932/1154/1123
f 941/1023/992 933/1021/990 932/1154/1123
f 941/1023/992 932/1154/1123 940/1098/1067
f 950/1155/1124 766/1156/1125 951/1157/1126
f 951/1157/1126 766/1156/1125 765/1158/1127
f 951/1157/1126 765/1158/1127 952/1159/1128
f 952/1159/1128 765/1158/1127 764/1160/1129
f 952/1159/1128 764/1160/1129 953/1161/1130
f 953/1161/1130 764/1160/1129 763/1162/1131
f 953/1161/1130 763/1162/1131 954/1163/1132
f 954/1163/1132 763/1162/1131 762/1164/1133
f 954/1163/1132 762/1164/1133 955/1165/1134
f 955/1165/1134 762/1164/1133 761/1166/1135
f 955/1165/1134 761/1166/1135 956/1167/1136
f 956/1167/1136 761/1166/1135 760/1168/1137
f 956/1167/1136 760/1168/1137 957/1169/1138
f 957/1169/1138 760/1168/1137 759/1170/1139
f 957/1169/1138 759/1170/1139 731/1171/902
f 731/1171/902 942/1172/1140 957/1169/1138
f 957/1169/1138 942/1172/1140 943/1173/1141
f 957/1169/1138 943/1173/1141 956/1167/1136
f 956/1167/1136 943/1173/1141 944/1174/1142
f 956/1167/1136 944/1174/1142 955/1165/1134
f 955/1165/1134 944/1174/1142 945/1175/1143
f 955/1165/1134 945/1175/1143 954/1163/1132
f 954/1163/1132 945/1175/1143 946/1176/1144
f 954/1163/1132 946/1176/1144 953/1161/1130
f 953/1161/1130 946/1176/1144 947/1177/1145
f 953/1161/1130 947/1177/1145 952/1159/1128
f 952/1159/1128 947/1177/1145 948/1178/1146
f 952/1159/1128 948/1178/1146 951/1157/1126
f 951/1157/1126 948/1178/1146 949/1179/1147
f 951/1157/1126 949/1179/1147 950/1155/1124
f 723/1180/849 942/1181/1140 539/1182/850
f 539/1182/850 942/1181/1140 731/1183/902
f 116/1184/1148 958/1185/1149 78/1186/89
f 78/1186/89 958/1185/1149 767/1187/1150
f 78/1186/89 767/1187/1150 766/1188/1125
f 116/1184/1148 115/1189/1151 958/1185/1149
f 958/1185/1149 115/1189/1151 959/1190/1152
f 958/1185/1149 959/1190/1152 768/1191/1153
f 768/1191/1153 959/1190/1152 769/1192/1154
f 769/1192/1154 959/1190/1152 960/1193/1155
f 769/1192/1154 960/1193/1155 770/1194/1156
f 770/1194/1156 960/1193/1155 771/1195/1157
f 771/1195/1157 960/1193/1155 961/1196/1158
f 771/1195/1157 961/1196/1158 772/1197/1159
f 772/1197/1159 961/1196/1158 962/1198/1160
f 772/1197/1159 962/1198/1160 773/1199/1161
f 773/1199/1161 962/1198/1160 963/1200/1162
f 773/1199/1161 963/1200/1162 774/1201/1163
f 774/1201/1163 963/1200/1162 775/1202/1164
f 775/1202/1164 963/1200/1162 964/1203/1165
f 775/1202/1164 964/1203/1165 776/1204/1166
f 776/1204/1166 964/1203/1165 965/1205/1167
f 776/1204/1166 965/1205/1167 777/1206/1168
f 777/1206/1168 965/1205/1167 966/1207/1169
f 777/1206/1168 966/1207/1169 778/1208/1170
f 778/1208/1170 966/1207/1169 779/1209/1171
f 779/1209/1171 966/1207/1169 967/1210/1172
f 779/1209/1171 967/1210/1172 780/1211/1173
f 780/1211/1173 967/1210/1172 968/1212/1174
f 780/1211/1173 968/1212/1174 781/1213/1175
f 781/1213/1175 968/1212/1174 747/1214/876
f 747/1214/876 968/1212/1174 102/1215/1176
f 747/1214/876 102/1215/1176 101/1216/324
f 115/1189/1151 114/1217/1177 959/1190/1152
f 959/1190/1152 114/1217/1177 960/1193/1155
f 114/1217/1177 113/1218/1178 960/1193/1155
f 960/1193/1155 113/1218/1178 112/1219/1179
f 960/1193/1155 112/1219/1179 961/1196/1158
f 961/1196/1158 112/1219/1179 111/1220/1180
f 961/1196/1158 111/1220/1180 962/1198/1160
f 962/1198/1160 111/1220/1180 110/1221/1181
f 962/1198/1160 110/1221/1181 963/1200/1162
f 963/1200/1162 110/1221/1181 109/1222/1182
f 963/1200/1162 109/1222/1182 108/1223/1183
f 963/1200/1162 108/1223/1183 964/1203/1165
f 964/1203/1165 108/1223/1183 107/1224/1184
f 964/1203/1165 107/1224/1184 965/1205/1167
f 965/1205/1167 107/1224/1184 106/1225/1185
f 965/1205/1167 106/1225/1185 966/1207/1169
f 966/1207/1169 106/1225/1185 105/1226/1186
f 966/1207/1169 105/1226/1186 104/1227/1187
f 966/1207/1169 104/1227/1187 967/1210/1172
f 967/1210/1172 104/1227/1187 103/1228/1188
f 967/1210/1172 103/1228/1188 968/1212/1174
f 968/1212/1174 103/1228/1188 102/1215/1176
f 768/1191/1153 767/1187/1150 958/1185/1149
f 13/1229/1189 12/1230/1190 14/1231/1191
f 14/1231/1191 12/1230/1190 11/1232/1192
f 14/1231/1191 11/1232/1192 10/1233/1193
f 10/1233/1193 9/1234/1194 14/1231/1191
f 14/1231/1191 9/1234/1194 8/1235/1195
f 14/1231/1191 8/1235/1195 947/1236/1196
f 947/1236/1196 8/1235/1195 948/1237/1197
f 948/1237/1197 8/1235/1195 949/1238/1198
f 949/1238/1198 8/1235/1195 950/1239/1199
f 950/1239/1199 8/1235/1195 61/1240/1200
f 61/1240/1200 8/1235/1195 16/1241/1201
f 61/1240/1200 16/1241/1201 62/1242/1202
f 62/1242/1202 16/1241/1201 63/1243/1203
f 63/1243/1203 16/1241/1201 64/1244/1204
f 64/1244/1204 16/1241/1201 65/1245/1205
f 65/1245/1205 16/1241/1201 41/1246/1206
f 65/1245/1205 41/1246/1206 66/1247/1207
f 66/1247/1207 41/1246/1206 67/1248/1208
f 67/1248/1208 41/1246/1206 68/1249/1209
f 68/1249/1209 41/1246/1206 69/1250/1210
f 69/1250/1210 41/1246/1206 47/1251/1211
f 69/1250/1210 47/1251/1211 305/1252/1212
f 305/1252/1212 47/1251/1211 489/1253/1213
f 489/1253/1213 47/1251/1211 490/1254/1214
f 490/1254/1214 47/1251/1211 491/1255/1215
f 491/1255/1215 47/1251/1211 492/1256/1216
f 492/1256/1216 47/1251/1211 49/1257/1217
f 492/1256/1216 49/1257/1217 493/1258/1218
f 493/1258/1218 49/1257/1217 494/1259/1219
f 494/1259/1219 49/1257/1217 495/1260/1220
f 495/1260/1220 49/1257/1217 496/1261/1221
f 496/1261/1221 49/1257/1217 55/1262/1222
f 496/1261/1221 55/1262/1222 715/1263/1223
f 715/1263/1223 55/1262/1222 716/1264/1224
f 716/1264/1224 55/1262/1222 717/1265/1225
f 717/1265/1225 55/1262/1222 718/1266/1226
f 718/1266/1226 55/1262/1222 48/1267/1227
f 718/1266/1226 48/1267/1227 719/1268/1228
f 719/1268/1228 48/1267/1227 720/1269/1229
f 720/1269/1229 48/1267/1227 721/1270/1230
f 721/1270/1230 48/1267/1227 722/1271/1231
f 722/1271/1231 48/1267/1227 723/1272/1232
f 723/1272/1232 48/1267/1227 14/1231/1191
f 723/1272/1232 14/1231/1191 942/1273/1233
f 942/1273/1233 14/1231/1191 943/1274/1234
f 943/1274/1234 14/1231/1191 944/1275/1235
f 944/1275/1235 14/1231/1191 945/1276/1236
f 945/1276/1236 14/1231/1191 946/1277/1237
f 946/1277/1237 14/1231/1191 947/1236/1196
f 16/1241/1201 46/1278/1238 41/1246/1206
f 41/1246/1206 46/1278/1238 45/1279/1239
f 41/1246/1206 45/1279/1239 44/1280/1240
f 44/1280/1240 43/1281/1241 41/1246/1206
f 41/1246/1206 43/1281/1241 42/1282/1242
f 54/1283/1243 53/1284/1244 47/1251/1211
f 47/1251/1211 53/1284/1244 52/1285/1245
f 47/1251/1211 52/1285/1245 51/1286/1246
f 51/1286/1246 50/1287/1247 47/1251/1211
f 47/1251/1211 50/1287/1247 49/1257/1217
f 55/1262/1222 60/1288/1248 48/1267/1227
f 48/1267/1227 60/1288/1248 59/1289/1249
f 48/1267/1227 59/1289/1249 58/1290/1250
f 58/1290/1250 57/1291/1251 48/1267/1227
f 48/1267/1227 57/1291/1251 56/1292/1252
f 38/1293/1253 37/1294/1254 970/1295/1255
f 970/1295/1255 37/1294/1254 969/1296/1256
f 969/1297/1257 37/1298/1258 971/1299/1259
f 971/1299/1259 37/1298/1258 40/1300/1260
f 39/1301/1261 38/1302/1262 972/1303/1263
f 972/1303/1263 38/1302/1262 970/1304/1264
f 40/1305/1265 39/1306/1266 971/1307/1267
f 971/1307/1267 39/1306/1266 972/1308/1268
f 972/1309/1269 970/1310/1270 974/1311/1271
f 974/1311/1271 970/1310/1270 973/1312/1272
f 970/1313/1273 969/1314/1274 973/1315/1275
f 973/1315/1275 969/1314/1274 975/1316/1276
f 971/1317/1277 972/1318/1278 976/1319/1279
f 976/1319/1279 972/1318/1278 974/1320/1280
f 969/1321/1281 971/1322/1282 975/1323/1283
f 975/1323/1283 971/1322/1282 976/1324/1284
f 976/1325/1285 974/1326/1286 975/1327/1287
f 975/1327/1287 974/1326/1286 973/1328/1288
f 293/1329/326 520/1330/601 101/1331/324
f 101/1331/324 520/1330/601 747/1332/876
f 78/1333/89 766/1334/1125 61/1335/90
f 61/1335/90 766/1334/1125 950/1336/1124
# 976 vertices
# 1336 texture params
# 1288 normals
# 1948 facets

# 1 groups
