# WaveFront *.obj file (generated by Autodesk ATF)

mtllib bottom.mtl

g bottom

v 43.733333 39.333334 -14.000000
v 43.712889 39.178043 -14.000000
v 43.652949 39.033334 -14.000000
v 43.557597 38.909070 -14.000000
v 43.433333 38.813719 -14.000000
v 43.288625 38.753779 -14.000000
v 43.133333 38.733334 -14.000000
v 42.978042 38.753779 -14.000000
v 42.833333 38.813719 -14.000000
v 42.709069 38.909070 -14.000000
v 42.613718 39.033334 -14.000000
v 42.553778 39.178043 -14.000000
v 42.533333 39.333334 -14.000000
v 42.553778 39.488626 -14.000000
v 42.613718 39.633334 -14.000000
v 42.709069 39.757598 -14.000000
v 42.833333 39.852949 -14.000000
v 42.978042 39.912890 -14.000000
v 43.133333 39.933334 -14.000000
v 43.288625 39.912890 -14.000000
v 43.433333 39.852949 -14.000000
v 43.557597 39.757598 -14.000000
v 43.652949 39.633334 -14.000000
v 43.712889 39.488626 -14.000000
v 43.733333 39.333334 -13.000000
v 43.712889 39.488626 -13.000000
v 43.652949 39.633334 -13.000000
v 43.557597 39.757598 -13.000000
v 43.433333 39.852949 -13.000000
v 43.288625 39.912890 -13.000000
v 43.133333 39.933334 -13.000000
v 42.978042 39.912890 -13.000000
v 42.833333 39.852949 -13.000000
v 42.709069 39.757598 -13.000000
v 42.613718 39.633334 -13.000000
v 42.553778 39.488626 -13.000000
v 42.533333 39.333334 -13.000000
v 42.553778 39.178043 -13.000000
v 42.613718 39.033334 -13.000000
v 42.709069 38.909070 -13.000000
v 42.833333 38.813719 -13.000000
v 42.978042 38.753779 -13.000000
v 43.133333 38.733334 -13.000000
v 43.288625 38.753779 -13.000000
v 43.433333 38.813719 -13.000000
v 43.557597 38.909070 -13.000000
v 43.652949 39.033334 -13.000000
v 43.712889 39.178043 -13.000000
v 54.400000 39.333334 -14.000000
v 54.379555 39.178043 -14.000000
v 54.319615 39.033334 -14.000000
v 54.224264 38.909070 -14.000000
v 54.100000 38.813719 -14.000000
v 53.955291 38.753779 -14.000000
v 53.800000 38.733334 -14.000000
v 53.644709 38.753779 -14.000000
v 53.500000 38.813719 -14.000000
v 53.375736 38.909070 -14.000000
v 53.280385 39.033334 -14.000000
v 53.220444 39.178043 -14.000000
v 53.200000 39.333334 -14.000000
v 53.220444 39.488626 -14.000000
v 53.280385 39.633334 -14.000000
v 53.375736 39.757598 -14.000000
v 53.500000 39.852949 -14.000000
v 53.644709 39.912890 -14.000000
v 53.800000 39.933334 -14.000000
v 53.955291 39.912890 -14.000000
v 54.100000 39.852949 -14.000000
v 54.224264 39.757598 -14.000000
v 54.319615 39.633334 -14.000000
v 54.379555 39.488626 -14.000000
v 54.400000 39.333334 -13.000000
v 54.379555 39.488626 -13.000000
v 54.319615 39.633334 -13.000000
v 54.224264 39.757598 -13.000000
v 54.100000 39.852949 -13.000000
v 53.955291 39.912890 -13.000000
v 53.800000 39.933334 -13.000000
v 53.644709 39.912890 -13.000000
v 53.500000 39.852949 -13.000000
v 53.375736 39.757598 -13.000000
v 53.280385 39.633334 -13.000000
v 53.220444 39.488626 -13.000000
v 53.200000 39.333334 -13.000000
v 53.220444 39.178043 -13.000000
v 53.280385 39.033334 -13.000000
v 53.375736 38.909070 -13.000000
v 53.500000 38.813719 -13.000000
v 53.644709 38.753779 -13.000000
v 53.800000 38.733334 -13.000000
v 53.955291 38.753779 -13.000000
v 54.100000 38.813719 -13.000000
v 54.224264 38.909070 -13.000000
v 54.319615 39.033334 -13.000000
v 54.379555 39.178043 -13.000000
v 54.400000 50.000001 -14.000000
v 54.379555 49.844709 -14.000000
v 54.319615 49.700001 -14.000000
v 54.224264 49.575737 -14.000000
v 54.100000 49.480386 -14.000000
v 53.955291 49.420445 -14.000000
v 53.800000 49.400001 -14.000000
v 53.644709 49.420445 -14.000000
v 53.500000 49.480386 -14.000000
v 53.375736 49.575737 -14.000000
v 53.280385 49.700001 -14.000000
v 53.220444 49.844709 -14.000000
v 53.200000 50.000001 -14.000000
v 53.220444 50.155292 -14.000000
v 53.280385 50.300001 -14.000000
v 53.375736 50.424265 -14.000000
v 53.500000 50.519616 -14.000000
v 53.644709 50.579556 -14.000000
v 53.800000 50.600001 -14.000000
v 53.955291 50.579556 -14.000000
v 54.100000 50.519616 -14.000000
v 54.224264 50.424265 -14.000000
v 54.319615 50.300001 -14.000000
v 54.379555 50.155292 -14.000000
v 54.400000 50.000001 -13.000000
v 54.379555 50.155292 -13.000000
v 54.319615 50.300001 -13.000000
v 54.224264 50.424265 -13.000000
v 54.100000 50.519616 -13.000000
v 53.955291 50.579556 -13.000000
v 53.800000 50.600001 -13.000000
v 53.644709 50.579556 -13.000000
v 53.500000 50.519616 -13.000000
v 53.375736 50.424265 -13.000000
v 53.280385 50.300001 -13.000000
v 53.220444 50.155292 -13.000000
v 53.200000 50.000001 -13.000000
v 53.220444 49.844709 -13.000000
v 53.280385 49.700001 -13.000000
v 53.375736 49.575737 -13.000000
v 53.500000 49.480386 -13.000000
v 53.644709 49.420445 -13.000000
v 53.800000 49.400001 -13.000000
v 53.955291 49.420445 -13.000000
v 54.100000 49.480386 -13.000000
v 54.224264 49.575737 -13.000000
v 54.319615 49.700001 -13.000000
v 54.379555 49.844709 -13.000000
v 38.400000 44.666667 -14.000000
v 38.379555 44.511376 -14.000000
v 38.319615 44.366667 -14.000000
v 38.224264 44.242403 -14.000000
v 38.100000 44.147052 -14.000000
v 37.955291 44.087112 -14.000000
v 37.800000 44.066667 -14.000000
v 37.644709 44.087112 -14.000000
v 37.500000 44.147052 -14.000000
v 37.375736 44.242403 -14.000000
v 37.280385 44.366667 -14.000000
v 37.220444 44.511376 -14.000000
v 37.200000 44.666667 -14.000000
v 37.220444 44.821959 -14.000000
v 37.280385 44.966667 -14.000000
v 37.375736 45.090931 -14.000000
v 37.500000 45.186283 -14.000000
v 37.644709 45.246223 -14.000000
v 37.800000 45.266667 -14.000000
v 37.955291 45.246223 -14.000000
v 38.100000 45.186283 -14.000000
v 38.224264 45.090931 -14.000000
v 38.319615 44.966667 -14.000000
v 38.379555 44.821959 -14.000000
v 38.400000 44.666667 -13.000000
v 38.379555 44.821959 -13.000000
v 38.319615 44.966667 -13.000000
v 38.224264 45.090931 -13.000000
v 38.100000 45.186283 -13.000000
v 37.955291 45.246223 -13.000000
v 37.800000 45.266667 -13.000000
v 37.644709 45.246223 -13.000000
v 37.500000 45.186283 -13.000000
v 37.375736 45.090931 -13.000000
v 37.280385 44.966667 -13.000000
v 37.220444 44.821959 -13.000000
v 37.200000 44.666667 -13.000000
v 37.220444 44.511376 -13.000000
v 37.280385 44.366667 -13.000000
v 37.375736 44.242403 -13.000000
v 37.500000 44.147052 -13.000000
v 37.644709 44.087112 -13.000000
v 37.800000 44.066667 -13.000000
v 37.955291 44.087112 -13.000000
v 38.100000 44.147052 -13.000000
v 38.224264 44.242403 -13.000000
v 38.319615 44.366667 -13.000000
v 38.379555 44.511376 -13.000000
v 43.733333 44.666667 -14.000000
v 43.712889 44.511376 -14.000000
v 43.652949 44.366667 -14.000000
v 43.557597 44.242403 -14.000000
v 43.433333 44.147052 -14.000000
v 43.288625 44.087112 -14.000000
v 43.133333 44.066667 -14.000000
v 42.978042 44.087112 -14.000000
v 42.833333 44.147052 -14.000000
v 42.709069 44.242403 -14.000000
v 42.613718 44.366667 -14.000000
v 42.553778 44.511376 -14.000000
v 42.533333 44.666667 -14.000000
v 42.553778 44.821959 -14.000000
v 42.613718 44.966667 -14.000000
v 42.709069 45.090931 -14.000000
v 42.833333 45.186283 -14.000000
v 42.978042 45.246223 -14.000000
v 43.133333 45.266667 -14.000000
v 43.288625 45.246223 -14.000000
v 43.433333 45.186283 -14.000000
v 43.557597 45.090931 -14.000000
v 43.652949 44.966667 -14.000000
v 43.712889 44.821959 -14.000000
v 43.733333 44.666667 -13.000000
v 43.712889 44.821959 -13.000000
v 43.652949 44.966667 -13.000000
v 43.557597 45.090931 -13.000000
v 43.433333 45.186283 -13.000000
v 43.288625 45.246223 -13.000000
v 43.133333 45.266667 -13.000000
v 42.978042 45.246223 -13.000000
v 42.833333 45.186283 -13.000000
v 42.709069 45.090931 -13.000000
v 42.613718 44.966667 -13.000000
v 42.553778 44.821959 -13.000000
v 42.533333 44.666667 -13.000000
v 42.553778 44.511376 -13.000000
v 42.613718 44.366667 -13.000000
v 42.709069 44.242403 -13.000000
v 42.833333 44.147052 -13.000000
v 42.978042 44.087112 -13.000000
v 43.133333 44.066667 -13.000000
v 43.288625 44.087112 -13.000000
v 43.433333 44.147052 -13.000000
v 43.557597 44.242403 -13.000000
v 43.652949 44.366667 -13.000000
v 43.712889 44.511376 -13.000000
v 54.400000 44.666667 -14.000000
v 54.379555 44.511376 -14.000000
v 54.319615 44.366667 -14.000000
v 54.224264 44.242403 -14.000000
v 54.100000 44.147052 -14.000000
v 53.955291 44.087112 -14.000000
v 53.800000 44.066667 -14.000000
v 53.644709 44.087112 -14.000000
v 53.500000 44.147052 -14.000000
v 53.375736 44.242403 -14.000000
v 53.280385 44.366667 -14.000000
v 53.220444 44.511376 -14.000000
v 53.200000 44.666667 -14.000000
v 53.220444 44.821959 -14.000000
v 53.280385 44.966667 -14.000000
v 53.375736 45.090931 -14.000000
v 53.500000 45.186283 -14.000000
v 53.644709 45.246223 -14.000000
v 53.800000 45.266667 -14.000000
v 53.955291 45.246223 -14.000000
v 54.100000 45.186283 -14.000000
v 54.224264 45.090931 -14.000000
v 54.319615 44.966667 -14.000000
v 54.379555 44.821959 -14.000000
v 54.400000 44.666667 -13.000000
v 54.379555 44.821959 -13.000000
v 54.319615 44.966667 -13.000000
v 54.224264 45.090931 -13.000000
v 54.100000 45.186283 -13.000000
v 53.955291 45.246223 -13.000000
v 53.800000 45.266667 -13.000000
v 53.644709 45.246223 -13.000000
v 53.500000 45.186283 -13.000000
v 53.375736 45.090931 -13.000000
v 53.280385 44.966667 -13.000000
v 53.220444 44.821959 -13.000000
v 53.200000 44.666667 -13.000000
v 53.220444 44.511376 -13.000000
v 53.280385 44.366667 -13.000000
v 53.375736 44.242403 -13.000000
v 53.500000 44.147052 -13.000000
v 53.644709 44.087112 -13.000000
v 53.800000 44.066667 -13.000000
v 53.955291 44.087112 -13.000000
v 54.100000 44.147052 -13.000000
v 54.224264 44.242403 -13.000000
v 54.319615 44.366667 -13.000000
v 54.379555 44.511376 -13.000000
v 54.400000 34.000001 -14.000000
v 54.379555 33.844709 -14.000000
v 54.319615 33.700001 -14.000000
v 54.224264 33.575737 -14.000000
v 54.100000 33.480386 -14.000000
v 53.955291 33.420445 -14.000000
v 53.800000 33.400001 -14.000000
v 53.644709 33.420445 -14.000000
v 53.500000 33.480386 -14.000000
v 53.375736 33.575737 -14.000000
v 53.280385 33.700001 -14.000000
v 53.220444 33.844709 -14.000000
v 53.200000 34.000001 -14.000000
v 53.220444 34.155292 -14.000000
v 53.280385 34.300001 -14.000000
v 53.375736 34.424265 -14.000000
v 53.500000 34.519616 -14.000000
v 53.644709 34.579556 -14.000000
v 53.800000 34.600001 -14.000000
v 53.955291 34.579556 -14.000000
v 54.100000 34.519616 -14.000000
v 54.224264 34.424265 -14.000000
v 54.319615 34.300001 -14.000000
v 54.379555 34.155292 -14.000000
v 54.400000 34.000001 -13.000000
v 54.379555 34.155292 -13.000000
v 54.319615 34.300001 -13.000000
v 54.224264 34.424265 -13.000000
v 54.100000 34.519616 -13.000000
v 53.955291 34.579556 -13.000000
v 53.800000 34.600001 -13.000000
v 53.644709 34.579556 -13.000000
v 53.500000 34.519616 -13.000000
v 53.375736 34.424265 -13.000000
v 53.280385 34.300001 -13.000000
v 53.220444 34.155292 -13.000000
v 53.200000 34.000001 -13.000000
v 53.220444 33.844709 -13.000000
v 53.280385 33.700001 -13.000000
v 53.375736 33.575737 -13.000000
v 53.500000 33.480386 -13.000000
v 53.644709 33.420445 -13.000000
v 53.800000 33.400001 -13.000000
v 53.955291 33.420445 -13.000000
v 54.100000 33.480386 -13.000000
v 54.224264 33.575737 -13.000000
v 54.319615 33.700001 -13.000000
v 54.379555 33.844709 -13.000000
v 38.400000 39.333334 -14.000000
v 38.379555 39.178043 -14.000000
v 38.319615 39.033334 -14.000000
v 38.224264 38.909070 -14.000000
v 38.100000 38.813719 -14.000000
v 37.955291 38.753779 -14.000000
v 37.800000 38.733334 -14.000000
v 37.644709 38.753779 -14.000000
v 37.500000 38.813719 -14.000000
v 37.375736 38.909070 -14.000000
v 37.280385 39.033334 -14.000000
v 37.220444 39.178043 -14.000000
v 37.200000 39.333334 -14.000000
v 37.220444 39.488626 -14.000000
v 37.280385 39.633334 -14.000000
v 37.375736 39.757598 -14.000000
v 37.500000 39.852949 -14.000000
v 37.644709 39.912890 -14.000000
v 37.800000 39.933334 -14.000000
v 37.955291 39.912890 -14.000000
v 38.100000 39.852949 -14.000000
v 38.224264 39.757598 -14.000000
v 38.319615 39.633334 -14.000000
v 38.379555 39.488626 -14.000000
v 38.400000 39.333334 -13.000000
v 38.379555 39.488626 -13.000000
v 38.319615 39.633334 -13.000000
v 38.224264 39.757598 -13.000000
v 38.100000 39.852949 -13.000000
v 37.955291 39.912890 -13.000000
v 37.800000 39.933334 -13.000000
v 37.644709 39.912890 -13.000000
v 37.500000 39.852949 -13.000000
v 37.375736 39.757598 -13.000000
v 37.280385 39.633334 -13.000000
v 37.220444 39.488626 -13.000000
v 37.200000 39.333334 -13.000000
v 37.220444 39.178043 -13.000000
v 37.280385 39.033334 -13.000000
v 37.375736 38.909070 -13.000000
v 37.500000 38.813719 -13.000000
v 37.644709 38.753779 -13.000000
v 37.800000 38.733334 -13.000000
v 37.955291 38.753779 -13.000000
v 38.100000 38.813719 -13.000000
v 38.224264 38.909070 -13.000000
v 38.319615 39.033334 -13.000000
v 38.379555 39.178043 -13.000000
v 43.733333 34.000001 -14.000000
v 43.712889 33.844709 -14.000000
v 43.652949 33.700001 -14.000000
v 43.557597 33.575737 -14.000000
v 43.433333 33.480386 -14.000000
v 43.288625 33.420445 -14.000000
v 43.133333 33.400001 -14.000000
v 42.978042 33.420445 -14.000000
v 42.833333 33.480386 -14.000000
v 42.709069 33.575737 -14.000000
v 42.613718 33.700001 -14.000000
v 42.553778 33.844709 -14.000000
v 42.533333 34.000001 -14.000000
v 42.553778 34.155292 -14.000000
v 42.613718 34.300001 -14.000000
v 42.709069 34.424265 -14.000000
v 42.833333 34.519616 -14.000000
v 42.978042 34.579556 -14.000000
v 43.133333 34.600001 -14.000000
v 43.288625 34.579556 -14.000000
v 43.433333 34.519616 -14.000000
v 43.557597 34.424265 -14.000000
v 43.652949 34.300001 -14.000000
v 43.712889 34.155292 -14.000000
v 43.733333 34.000001 -13.000000
v 43.712889 34.155292 -13.000000
v 43.652949 34.300001 -13.000000
v 43.557597 34.424265 -13.000000
v 43.433333 34.519616 -13.000000
v 43.288625 34.579556 -13.000000
v 43.133333 34.600001 -13.000000
v 42.978042 34.579556 -13.000000
v 42.833333 34.519616 -13.000000
v 42.709069 34.424265 -13.000000
v 42.613718 34.300001 -13.000000
v 42.553778 34.155292 -13.000000
v 42.533333 34.000001 -13.000000
v 42.553778 33.844709 -13.000000
v 42.613718 33.700001 -13.000000
v 42.709069 33.575737 -13.000000
v 42.833333 33.480386 -13.000000
v 42.978042 33.420445 -13.000000
v 43.133333 33.400001 -13.000000
v 43.288625 33.420445 -13.000000
v 43.433333 33.480386 -13.000000
v 43.557597 33.575737 -13.000000
v 43.652949 33.700001 -13.000000
v 43.712889 33.844709 -13.000000
v 49.066667 39.333334 -14.000000
v 49.046222 39.178043 -14.000000
v 48.986282 39.033334 -14.000000
v 48.890931 38.909070 -14.000000
v 48.766667 38.813719 -14.000000
v 48.621958 38.753779 -14.000000
v 48.466667 38.733334 -14.000000
v 48.311375 38.753779 -14.000000
v 48.166667 38.813719 -14.000000
v 48.042403 38.909070 -14.000000
v 47.947051 39.033334 -14.000000
v 47.887111 39.178043 -14.000000
v 47.866667 39.333334 -14.000000
v 47.887111 39.488626 -14.000000
v 47.947051 39.633334 -14.000000
v 48.042403 39.757598 -14.000000
v 48.166667 39.852949 -14.000000
v 48.311375 39.912890 -14.000000
v 48.466667 39.933334 -14.000000
v 48.621958 39.912890 -14.000000
v 48.766667 39.852949 -14.000000
v 48.890931 39.757598 -14.000000
v 48.986282 39.633334 -14.000000
v 49.046222 39.488626 -14.000000
v 49.066667 39.333334 -13.000000
v 49.046222 39.488626 -13.000000
v 48.986282 39.633334 -13.000000
v 48.890931 39.757598 -13.000000
v 48.766667 39.852949 -13.000000
v 48.621958 39.912890 -13.000000
v 48.466667 39.933334 -13.000000
v 48.311375 39.912890 -13.000000
v 48.166667 39.852949 -13.000000
v 48.042403 39.757598 -13.000000
v 47.947051 39.633334 -13.000000
v 47.887111 39.488626 -13.000000
v 47.866667 39.333334 -13.000000
v 47.887111 39.178043 -13.000000
v 47.947051 39.033334 -13.000000
v 48.042403 38.909070 -13.000000
v 48.166667 38.813719 -13.000000
v 48.311375 38.753779 -13.000000
v 48.466667 38.733334 -13.000000
v 48.621958 38.753779 -13.000000
v 48.766667 38.813719 -13.000000
v 48.890931 38.909070 -13.000000
v 48.986282 39.033334 -13.000000
v 49.046222 39.178043 -13.000000
v 49.066667 50.000001 -14.000000
v 49.046222 49.844709 -14.000000
v 48.986282 49.700001 -14.000000
v 48.890931 49.575737 -14.000000
v 48.766667 49.480386 -14.000000
v 48.621958 49.420445 -14.000000
v 48.466667 49.400001 -14.000000
v 48.311375 49.420445 -14.000000
v 48.166667 49.480386 -14.000000
v 48.042403 49.575737 -14.000000
v 47.947051 49.700001 -14.000000
v 47.887111 49.844709 -14.000000
v 47.866667 50.000001 -14.000000
v 47.887111 50.155292 -14.000000
v 47.947051 50.300001 -14.000000
v 48.042403 50.424265 -14.000000
v 48.166667 50.519616 -14.000000
v 48.311375 50.579556 -14.000000
v 48.466667 50.600001 -14.000000
v 48.621958 50.579556 -14.000000
v 48.766667 50.519616 -14.000000
v 48.890931 50.424265 -14.000000
v 48.986282 50.300001 -14.000000
v 49.046222 50.155292 -14.000000
v 49.066667 50.000001 -13.000000
v 49.046222 50.155292 -13.000000
v 48.986282 50.300001 -13.000000
v 48.890931 50.424265 -13.000000
v 48.766667 50.519616 -13.000000
v 48.621958 50.579556 -13.000000
v 48.466667 50.600001 -13.000000
v 48.311375 50.579556 -13.000000
v 48.166667 50.519616 -13.000000
v 48.042403 50.424265 -13.000000
v 47.947051 50.300001 -13.000000
v 47.887111 50.155292 -13.000000
v 47.866667 50.000001 -13.000000
v 47.887111 49.844709 -13.000000
v 47.947051 49.700001 -13.000000
v 48.042403 49.575737 -13.000000
v 48.166667 49.480386 -13.000000
v 48.311375 49.420445 -13.000000
v 48.466667 49.400001 -13.000000
v 48.621958 49.420445 -13.000000
v 48.766667 49.480386 -13.000000
v 48.890931 49.575737 -13.000000
v 48.986282 49.700001 -13.000000
v 49.046222 49.844709 -13.000000
v 38.400000 50.000001 -14.000000
v 38.379555 49.844709 -14.000000
v 38.319615 49.700001 -14.000000
v 38.224264 49.575737 -14.000000
v 38.100000 49.480386 -14.000000
v 37.955291 49.420445 -14.000000
v 37.800000 49.400001 -14.000000
v 37.644709 49.420445 -14.000000
v 37.500000 49.480386 -14.000000
v 37.375736 49.575737 -14.000000
v 37.280385 49.700001 -14.000000
v 37.220444 49.844709 -14.000000
v 37.200000 50.000001 -14.000000
v 37.220444 50.155292 -14.000000
v 37.280385 50.300001 -14.000000
v 37.375736 50.424265 -14.000000
v 37.500000 50.519616 -14.000000
v 37.644709 50.579556 -14.000000
v 37.800000 50.600001 -14.000000
v 37.955291 50.579556 -14.000000
v 38.100000 50.519616 -14.000000
v 38.224264 50.424265 -14.000000
v 38.319615 50.300001 -14.000000
v 38.379555 50.155292 -14.000000
v 38.400000 50.000001 -13.000000
v 38.379555 50.155292 -13.000000
v 38.319615 50.300001 -13.000000
v 38.224264 50.424265 -13.000000
v 38.100000 50.519616 -13.000000
v 37.955291 50.579556 -13.000000
v 37.800000 50.600001 -13.000000
v 37.644709 50.579556 -13.000000
v 37.500000 50.519616 -13.000000
v 37.375736 50.424265 -13.000000
v 37.280385 50.300001 -13.000000
v 37.220444 50.155292 -13.000000
v 37.200000 50.000001 -13.000000
v 37.220444 49.844709 -13.000000
v 37.280385 49.700001 -13.000000
v 37.375736 49.575737 -13.000000
v 37.500000 49.480386 -13.000000
v 37.644709 49.420445 -13.000000
v 37.800000 49.400001 -13.000000
v 37.955291 49.420445 -13.000000
v 38.100000 49.480386 -13.000000
v 38.224264 49.575737 -13.000000
v 38.319615 49.700001 -13.000000
v 38.379555 49.844709 -13.000000
v 43.733333 50.000001 -14.000000
v 43.712889 49.844709 -14.000000
v 43.652949 49.700001 -14.000000
v 43.557597 49.575737 -14.000000
v 43.433333 49.480386 -14.000000
v 43.288625 49.420445 -14.000000
v 43.133333 49.400001 -14.000000
v 42.978042 49.420445 -14.000000
v 42.833333 49.480386 -14.000000
v 42.709069 49.575737 -14.000000
v 42.613718 49.700001 -14.000000
v 42.553778 49.844709 -14.000000
v 42.533333 50.000001 -14.000000
v 42.553778 50.155292 -14.000000
v 42.613718 50.300001 -14.000000
v 42.709069 50.424265 -14.000000
v 42.833333 50.519616 -14.000000
v 42.978042 50.579556 -14.000000
v 43.133333 50.600001 -14.000000
v 43.288625 50.579556 -14.000000
v 43.433333 50.519616 -14.000000
v 43.557597 50.424265 -14.000000
v 43.652949 50.300001 -14.000000
v 43.712889 50.155292 -14.000000
v 43.733333 50.000001 -13.000000
v 43.712889 50.155292 -13.000000
v 43.652949 50.300001 -13.000000
v 43.557597 50.424265 -13.000000
v 43.433333 50.519616 -13.000000
v 43.288625 50.579556 -13.000000
v 43.133333 50.600001 -13.000000
v 42.978042 50.579556 -13.000000
v 42.833333 50.519616 -13.000000
v 42.709069 50.424265 -13.000000
v 42.613718 50.300001 -13.000000
v 42.553778 50.155292 -13.000000
v 42.533333 50.000001 -13.000000
v 42.553778 49.844709 -13.000000
v 42.613718 49.700001 -13.000000
v 42.709069 49.575737 -13.000000
v 42.833333 49.480386 -13.000000
v 42.978042 49.420445 -13.000000
v 43.133333 49.400001 -13.000000
v 43.288625 49.420445 -13.000000
v 43.433333 49.480386 -13.000000
v 43.557597 49.575737 -13.000000
v 43.652949 49.700001 -13.000000
v 43.712889 49.844709 -13.000000
v 49.066667 44.666667 -14.000000
v 49.046222 44.511376 -14.000000
v 48.986282 44.366667 -14.000000
v 48.890931 44.242403 -14.000000
v 48.766667 44.147052 -14.000000
v 48.621958 44.087112 -14.000000
v 48.466667 44.066667 -14.000000
v 48.311375 44.087112 -14.000000
v 48.166667 44.147052 -14.000000
v 48.042403 44.242403 -14.000000
v 47.947051 44.366667 -14.000000
v 47.887111 44.511376 -14.000000
v 47.866667 44.666667 -14.000000
v 47.887111 44.821959 -14.000000
v 47.947051 44.966667 -14.000000
v 48.042403 45.090931 -14.000000
v 48.166667 45.186283 -14.000000
v 48.311375 45.246223 -14.000000
v 48.466667 45.266667 -14.000000
v 48.621958 45.246223 -14.000000
v 48.766667 45.186283 -14.000000
v 48.890931 45.090931 -14.000000
v 48.986282 44.966667 -14.000000
v 49.046222 44.821959 -14.000000
v 49.066667 44.666667 -13.000000
v 49.046222 44.821959 -13.000000
v 48.986282 44.966667 -13.000000
v 48.890931 45.090931 -13.000000
v 48.766667 45.186283 -13.000000
v 48.621958 45.246223 -13.000000
v 48.466667 45.266667 -13.000000
v 48.311375 45.246223 -13.000000
v 48.166667 45.186283 -13.000000
v 48.042403 45.090931 -13.000000
v 47.947051 44.966667 -13.000000
v 47.887111 44.821959 -13.000000
v 47.866667 44.666667 -13.000000
v 47.887111 44.511376 -13.000000
v 47.947051 44.366667 -13.000000
v 48.042403 44.242403 -13.000000
v 48.166667 44.147052 -13.000000
v 48.311375 44.087112 -13.000000
v 48.466667 44.066667 -13.000000
v 48.621958 44.087112 -13.000000
v 48.766667 44.147052 -13.000000
v 48.890931 44.242403 -13.000000
v 48.986282 44.366667 -13.000000
v 49.046222 44.511376 -13.000000
v 49.066667 34.000001 -14.000000
v 49.046222 33.844709 -14.000000
v 48.986282 33.700001 -14.000000
v 48.890931 33.575737 -14.000000
v 48.766667 33.480386 -14.000000
v 48.621958 33.420445 -14.000000
v 48.466667 33.400001 -14.000000
v 48.311375 33.420445 -14.000000
v 48.166667 33.480386 -14.000000
v 48.042403 33.575737 -14.000000
v 47.947051 33.700001 -14.000000
v 47.887111 33.844709 -14.000000
v 47.866667 34.000001 -14.000000
v 47.887111 34.155292 -14.000000
v 47.947051 34.300001 -14.000000
v 48.042403 34.424265 -14.000000
v 48.166667 34.519616 -14.000000
v 48.311375 34.579556 -14.000000
v 48.466667 34.600001 -14.000000
v 48.621958 34.579556 -14.000000
v 48.766667 34.519616 -14.000000
v 48.890931 34.424265 -14.000000
v 48.986282 34.300001 -14.000000
v 49.046222 34.155292 -14.000000
v 49.066667 34.000001 -13.000000
v 49.046222 34.155292 -13.000000
v 48.986282 34.300001 -13.000000
v 48.890931 34.424265 -13.000000
v 48.766667 34.519616 -13.000000
v 48.621958 34.579556 -13.000000
v 48.466667 34.600001 -13.000000
v 48.311375 34.579556 -13.000000
v 48.166667 34.519616 -13.000000
v 48.042403 34.424265 -13.000000
v 47.947051 34.300001 -13.000000
v 47.887111 34.155292 -13.000000
v 47.866667 34.000001 -13.000000
v 47.887111 33.844709 -13.000000
v 47.947051 33.700001 -13.000000
v 48.042403 33.575737 -13.000000
v 48.166667 33.480386 -13.000000
v 48.311375 33.420445 -13.000000
v 48.466667 33.400001 -13.000000
v 48.621958 33.420445 -13.000000
v 48.766667 33.480386 -13.000000
v 48.890931 33.575737 -13.000000
v 48.986282 33.700001 -13.000000
v 49.046222 33.844709 -13.000000
v 38.400000 34.000001 -14.000000
v 38.379555 33.844709 -14.000000
v 38.319615 33.700001 -14.000000
v 38.224264 33.575737 -14.000000
v 38.100000 33.480386 -14.000000
v 37.955291 33.420445 -14.000000
v 37.800000 33.400001 -14.000000
v 37.644709 33.420445 -14.000000
v 37.500000 33.480386 -14.000000
v 37.375736 33.575737 -14.000000
v 37.280385 33.700001 -14.000000
v 37.220444 33.844709 -14.000000
v 37.200000 34.000001 -14.000000
v 37.220444 34.155292 -14.000000
v 37.280385 34.300001 -14.000000
v 37.375736 34.424265 -14.000000
v 37.500000 34.519616 -14.000000
v 37.644709 34.579556 -14.000000
v 37.800000 34.600001 -14.000000
v 37.955291 34.579556 -14.000000
v 38.100000 34.519616 -14.000000
v 38.224264 34.424265 -14.000000
v 38.319615 34.300001 -14.000000
v 38.379555 34.155292 -14.000000
v 38.400000 34.000001 -13.000000
v 38.379555 34.155292 -13.000000
v 38.319615 34.300001 -13.000000
v 38.224264 34.424265 -13.000000
v 38.100000 34.519616 -13.000000
v 37.955291 34.579556 -13.000000
v 37.800000 34.600001 -13.000000
v 37.644709 34.579556 -13.000000
v 37.500000 34.519616 -13.000000
v 37.375736 34.424265 -13.000000
v 37.280385 34.300001 -13.000000
v 37.220444 34.155292 -13.000000
v 37.200000 34.000001 -13.000000
v 37.220444 33.844709 -13.000000
v 37.280385 33.700001 -13.000000
v 37.375736 33.575737 -13.000000
v 37.500000 33.480386 -13.000000
v 37.644709 33.420445 -13.000000
v 37.800000 33.400001 -13.000000
v 37.955291 33.420445 -13.000000
v 38.100000 33.480386 -13.000000
v 38.224264 33.575737 -13.000000
v 38.319615 33.700001 -13.000000
v 38.379555 33.844709 -13.000000
v 0.250000 65.800000 1.500000
v -0.750000 66.800000 1.500000
v -0.750000 66.800000 1.000000
v 0.250000 65.800000 1.000000
v -0.750000 69.700001 1.500000
v -0.750000 69.700001 1.000000
v 0.706173 65.800000 1.500000
v 1.706173 66.800000 1.500000
v 1.706173 69.700001 1.500000
v 0.706173 70.700001 1.500000
v 0.250000 70.700001 1.500000
v 0.706173 65.800000 1.000000
v 1.706173 66.800000 1.000000
v 1.706173 69.700001 1.000000
v 0.706173 70.700001 1.000000
v 0.250000 70.700001 1.000000
v 4.706173 69.700001 -10.000000
v 4.706173 69.700001 -11.000000
v 34.389820 69.700001 -11.000000
v 34.340259 69.700001 -10.866674
v 34.310116 69.700001 -10.727666
v 34.300000 69.700001 -10.585786
v 34.300000 69.700001 -10.000000
v 4.706173 67.800000 -11.000000
v 34.389820 67.800000 -11.000000
v 4.706173 67.800000 -10.000000
v 34.300000 67.800000 -10.000000
v 34.300000 67.800000 -10.585786
v 34.310116 67.800000 -10.727666
v 34.340259 67.800000 -10.866674
v 102.707108 65.800000 -1.292893
v 102.914215 65.800000 -1.133975
v 103.155396 65.800000 -1.034074
v 103.414215 65.800000 -1.000000
v 103.414215 63.800000 -1.000000
v 103.155396 63.800000 -1.034074
v 102.914215 63.800000 -1.133975
v 102.707108 63.800000 -1.292893
v 104.385788 65.800000 -1.000000
v 104.385788 63.800000 -1.000000
v 105.092895 63.800000 -1.292893
v 104.885788 63.800000 -1.133975
v 104.644607 63.800000 -1.034074
v 104.644607 65.800000 -1.034074
v 104.885788 65.800000 -1.133975
v 105.092895 65.800000 -1.292893
v 32.300000 3.107106 -3.292893
v 32.300000 3.314213 -3.133975
v 32.300000 3.555394 -3.034074
v 32.300000 3.814213 -3.000000
v 34.300000 3.814213 -3.000000
v 34.300000 3.555394 -3.034074
v 34.300000 3.314213 -3.133975
v 34.300000 3.107106 -3.292893
v 32.300000 8.185786 -3.000000
v 34.300000 8.185786 -3.000000
v 34.300000 8.892893 -3.292893
v 34.300000 8.685786 -3.133975
v 34.300000 8.444605 -3.034074
v 32.300000 8.444605 -3.034074
v 32.300000 8.685786 -3.133975
v 32.300000 8.892893 -3.292893
v 56.300000 7.107106 -3.292893
v 56.300000 7.314213 -3.133975
v 56.300000 7.555394 -3.034074
v 56.300000 7.814213 -3.000000
v 58.200002 7.814213 -3.000000
v 58.200002 7.555394 -3.034074
v 58.200002 7.314213 -3.133975
v 58.200002 7.107106 -3.292893
v 56.300000 8.185786 -3.000000
v 58.200002 8.185786 -3.000000
v 58.200002 8.892893 -3.292893
v 58.200002 8.685786 -3.133975
v 58.200002 8.444605 -3.034074
v 56.300000 8.444605 -3.034074
v 56.300000 8.685786 -3.133975
v 56.300000 8.892893 -3.292893
v 56.398970 22.428490 -2.221452
v 56.410042 22.634836 -2.062466
v 56.422941 22.875243 -1.962167
v 56.436792 23.133397 -1.927361
v 58.200002 23.133397 -1.927361
v 58.200002 22.875243 -1.962167
v 58.200002 22.634836 -2.062466
v 58.200002 22.428490 -2.221452
v 56.763104 29.215057 -1.906680
v 58.200002 29.215057 -1.906680
v 58.200002 29.924361 -2.198366
v 58.200002 29.772259 -2.074025
v 58.200002 29.598783 -1.981821
v 58.200002 29.410628 -1.925312
v 56.773598 29.410628 -1.925312
v 56.783693 29.598783 -1.981821
v 56.793001 29.772259 -2.074025
v 56.801162 29.924361 -2.198366
v 57.000002 47.198973 -12.000000
v 57.007154 47.290867 -11.992848
v 57.028297 47.380581 -11.971705
v 57.062932 47.465997 -11.937070
v 57.110241 47.545102 -11.889761
v 57.169108 47.616026 -11.830894
v 57.238143 47.677098 -11.761859
v 57.400002 47.764183 -11.600000
v 57.400002 54.632811 -11.600000
v 57.238048 54.719968 -11.761953
v 57.168984 54.781096 -11.831018
v 57.110104 54.852087 -11.889898
v 57.062800 54.931263 -11.937202
v 57.028189 55.016754 -11.971812
v 57.007090 55.106539 -11.992911
v 57.000002 55.198497 -12.000000
v 57.532180 47.794652 -11.600000
v 57.667824 47.794652 -11.600000
v 57.800002 47.764182 -11.600000
v 57.800002 54.632811 -11.600000
v 57.667824 54.602342 -11.600000
v 57.532179 54.602342 -11.600000
v 58.200002 55.198497 -12.000000
v 58.192913 55.106539 -11.992911
v 58.171814 55.016754 -11.971812
v 58.137204 54.931263 -11.937202
v 58.089900 54.852087 -11.889898
v 58.031020 54.781096 -11.831018
v 57.961955 54.719968 -11.761953
v 57.961955 47.677026 -11.761953
v 58.031020 47.615898 -11.831018
v 58.089900 47.544907 -11.889898
v 58.137204 47.465731 -11.937202
v 58.171814 47.380240 -11.971812
v 58.192913 47.290455 -11.992911
v 58.200002 47.198497 -12.000000
v 57.000001 47.198973 -9.600000
v 57.020559 47.354210 -9.600000
v 57.080584 47.498841 -9.600000
v 57.175990 47.623014 -9.600000
v 57.300276 47.718271 -9.600000
v 57.444978 47.778124 -9.600000
v 57.600239 47.798497 -9.600000
v 57.755484 47.778001 -9.600000
v 57.900139 47.718033 -9.600000
v 58.024350 47.622677 -9.600000
v 58.119656 47.498428 -9.600000
v 58.179567 47.353750 -9.600000
v 58.200002 47.198497 -9.600000
v 58.200002 55.198497 -9.600000
v 58.179557 55.043205 -9.600000
v 58.119617 54.898497 -9.600000
v 58.024266 54.774233 -9.600000
v 57.900002 54.678882 -9.600000
v 57.755293 54.618941 -9.600000
v 57.600002 54.598497 -9.600000
v 57.444710 54.618941 -9.600000
v 57.300002 54.678882 -9.600000
v 57.175738 54.774233 -9.600000
v 57.080386 54.898497 -9.600000
v 57.020446 55.043205 -9.600000
v 57.000002 55.198497 -9.600000
v 58.200002 62.800000 -9.600000
v 58.219707 62.997541 -9.600000
v 58.278047 63.187297 -9.600000
v 58.372721 63.361790 -9.600000
v 58.500000 63.514141 -9.600000
v 58.500000 65.800000 -9.600000
v 57.200002 65.800000 -9.600000
v 56.941183 65.765926 -9.600000
v 56.700002 65.666025 -9.600000
v 56.492895 65.507107 -9.600000
v 56.333976 65.300000 -9.600000
v 56.234076 65.058819 -9.600000
v 56.200002 64.800000 -9.600000
v 56.200002 58.679797 -9.600000
v 56.416507 58.609134 -9.600000
v 56.611409 58.491317 -9.600000
v 56.774598 58.332456 -9.600000
v 56.897611 58.140792 -9.600000
v 56.974068 57.926264 -9.600000
v 57.000002 57.700001 -9.600000
v 57.000002 43.198497 -9.600000
v 58.200002 43.198497 -9.600000
v 57.000002 57.700001 -13.000000
v 57.000002 21.720205 -13.000000
v 57.000002 21.720205 -9.000000
v 57.000002 32.630241 -9.000000
v 57.000002 32.889060 -8.965926
v 57.000002 33.130241 -8.866025
v 57.000002 33.337348 -8.707107
v 57.000002 33.496267 -8.500000
v 57.000002 33.596167 -8.258819
v 57.000002 33.630241 -8.000000
v 57.000002 33.630241 -5.891665
v 57.000002 33.630241 1.000000
v 57.000002 38.784283 1.000000
v 57.000002 39.043102 0.965926
v 57.000002 39.284283 0.866025
v 57.000002 39.491390 0.707107
v 57.000002 41.905604 -1.707107
v 57.000002 42.064522 -1.914214
v 57.000002 42.164423 -2.155395
v 57.000002 42.198497 -2.414214
v 57.000002 42.198497 -8.600000
v 57.000002 42.232571 -8.858819
v 57.000002 42.332471 -9.100000
v 57.000002 42.491390 -9.307107
v 57.000002 42.698497 -9.466025
v 57.000002 42.939678 -9.565926
v 107.750002 104.750001 3.300000
v 108.750002 103.750001 3.300000
v 108.750002 103.750001 1.000000
v 107.750002 104.750001 1.000000
v 108.750002 100.650001 3.300000
v 108.750002 100.650001 1.000000
v 105.000002 104.750001 3.300000
v 104.000002 103.750001 3.300000
v 104.000002 100.650001 3.300000
v 105.000002 99.650001 3.300000
v 107.750002 99.650001 3.300000
v 105.000002 104.750001 1.000000
v 104.000002 103.750001 1.000000
v 104.000002 100.650001 1.000000
v 105.000002 99.650001 1.000000
v 107.750002 99.650001 1.000000
v 100.000002 104.000001 -13.000000
v 101.000002 103.000001 -13.000000
v 101.000002 103.000001 1.000000
v 100.000002 104.000001 1.000000
v 101.000002 97.650001 -13.000000
v 101.000002 97.650001 1.000000
v 107.000002 96.650001 -13.000000
v 108.000002 95.650001 -13.000000
v 108.000002 95.650001 1.000000
v 107.000002 96.650001 1.000000
v 67.300000 104.000001 -13.000000
v 67.300000 71.700001 -13.000000
v 67.265926 71.441182 -13.000000
v 67.166025 71.200001 -13.000000
v 67.007107 70.992894 -13.000000
v 66.800000 70.833975 -13.000000
v 66.558819 70.734075 -13.000000
v 66.300000 70.700001 -13.000000
v 36.300000 70.700001 -13.000000
v 36.300000 58.700001 -13.000000
v 34.800000 58.700001 -13.000000
v 34.800000 20.700001 -13.000000
v 36.300000 20.700001 -13.000000
v 36.300000 14.000000 -13.000000
v 54.200002 14.000000 -13.000000
v 54.200002 20.720205 -13.000000
v 56.000002 20.720205 -13.000000
v 56.258821 20.754279 -13.000000
v 56.500002 20.854180 -13.000000
v 56.707108 21.013098 -13.000000
v 56.866027 21.220205 -13.000000
v 56.965927 21.461386 -13.000000
v 56.965927 57.958820 -13.000000
v 56.866027 58.200001 -13.000000
v 56.707108 58.407108 -13.000000
v 56.500002 58.566026 -13.000000
v 56.258821 58.665927 -13.000000
v 56.000002 58.700001 -13.000000
v 54.200002 58.700001 -13.000000
v 54.200002 67.092893 -13.000000
v 54.212100 67.246705 -13.000000
v 54.248190 67.385786 -13.000000
v 54.307652 67.507757 -13.000000
v 54.389470 67.610531 -13.000000
v 54.492244 67.692349 -13.000000
v 54.614215 67.751812 -13.000000
v 54.753297 67.787901 -13.000000
v 54.907108 67.800000 -13.000000
v 73.200002 67.800000 -13.000000
v 73.298019 67.793190 -13.000000
v 73.395092 67.772826 -13.000000
v 73.582685 67.692349 -13.000000
v 73.755572 67.561662 -13.000000
v 73.907108 67.385786 -13.000000
v 74.031471 67.171481 -13.000000
v 74.123881 66.926983 -13.000000
v 74.180787 66.661686 -13.000000
v 74.200002 66.385786 -13.000000
v 74.200002 64.800000 -13.000000
v 74.165927 64.541181 -13.000000
v 74.066027 64.300000 -13.000000
v 73.907108 64.092893 -13.000000
v 73.700002 63.933975 -13.000000
v 73.458821 63.834074 -13.000000
v 73.200002 63.800000 -13.000000
v 59.200002 63.800000 -13.000000
v 58.941183 63.765926 -13.000000
v 58.700002 63.666025 -13.000000
v 58.492895 63.507107 -13.000000
v 58.333976 63.300000 -13.000000
v 58.234076 63.058819 -13.000000
v 58.200002 62.800000 -13.000000
v 58.200002 3.200000 -13.000000
v 58.234076 2.941181 -13.000000
v 58.333976 2.700000 -13.000000
v 58.492895 2.492893 -13.000000
v 58.700002 2.333975 -13.000000
v 58.941183 2.234074 -13.000000
v 59.200002 2.200000 -13.000000
v 71.200002 2.200000 -13.000000
v 71.200002 -2.000000 -13.000000
v 94.800002 -2.000000 -13.000000
v 94.800002 2.200000 -13.000000
v 106.800002 2.200000 -13.000000
v 107.058821 2.234074 -13.000000
v 107.300002 2.333975 -13.000000
v 107.507108 2.492893 -13.000000
v 107.666027 2.700000 -13.000000
v 107.765927 2.941181 -13.000000
v 107.800002 3.200000 -13.000000
v 107.800002 62.800000 -13.000000
v 107.765927 63.058819 -13.000000
v 107.666027 63.300000 -13.000000
v 107.507108 63.507107 -13.000000
v 107.300002 63.666025 -13.000000
v 107.058821 63.765926 -13.000000
v 106.800002 63.800000 -13.000000
v 92.800002 63.800000 -13.000000
v 92.541183 63.834074 -13.000000
v 92.300002 63.933975 -13.000000
v 92.092895 64.092893 -13.000000
v 91.933976 64.300000 -13.000000
v 91.834076 64.541181 -13.000000
v 91.800002 64.800000 -13.000000
v 91.800002 66.385786 -13.000000
v 91.819216 66.661686 -13.000000
v 91.876122 66.926983 -13.000000
v 91.968532 67.171481 -13.000000
v 92.092895 67.385786 -13.000000
v 92.244431 67.561662 -13.000000
v 92.417318 67.692349 -13.000000
v 92.604911 67.772826 -13.000000
v 92.701984 67.793190 -13.000000
v 92.800002 67.800000 -13.000000
v 108.000002 67.800000 -13.000000
v 108.000002 76.450001 -13.000000
v 102.000002 76.450001 -13.000000
v 102.000002 94.650001 -13.000000
v 108.000002 94.650001 -13.000000
v 102.000002 96.650001 -13.000000
v 102.000002 96.650001 1.000000
v 58.200002 38.784283 1.000000
v 58.200002 39.043102 0.965926
v 58.200002 39.284283 0.866025
v 58.200002 39.491390 0.707107
v 58.200002 41.905604 -1.707107
v 58.200002 42.939678 -9.565926
v 58.200002 42.698497 -9.466025
v 58.200002 42.491390 -9.307107
v 58.200002 42.332471 -9.100000
v 58.200002 42.232571 -8.858819
v 58.200002 42.198497 -8.600000
v 58.200002 42.198497 -2.414214
v 58.200002 42.164423 -2.155395
v 58.200002 42.064522 -1.914214
v 58.200002 4.164110 1.000000
v 58.200002 4.164110 1.600000
v 58.200002 3.764110 2.000000
v 58.200002 3.200000 2.000000
v 58.200002 33.630241 -5.891665
v 58.200002 33.630241 -8.000000
v 58.200002 33.596167 -8.258819
v 58.200002 33.496267 -8.500000
v 58.200002 33.337348 -8.707107
v 58.200002 33.130241 -8.866025
v 58.200002 32.889060 -8.965926
v 58.200002 32.630241 -9.000000
v 58.200002 19.720205 -9.000000
v 58.200002 19.461386 -8.965926
v 58.200002 19.220205 -8.866025
v 58.200002 19.013098 -8.707107
v 58.200002 18.854180 -8.500000
v 58.200002 18.754279 -8.258819
v 58.200002 18.720205 -8.000000
v 58.200002 18.720205 -5.942369
v 58.200002 11.000000 -5.400000
v 58.200002 11.000000 -8.000000
v 58.200002 10.965926 -8.258819
v 58.200002 10.866025 -8.500000
v 58.200002 10.707106 -8.707107
v 58.200002 10.500000 -8.866025
v 58.200002 10.258819 -8.965926
v 58.200002 10.000000 -9.000000
v 58.200002 6.000000 -9.000000
v 58.200002 5.741181 -8.965926
v 58.200002 5.500000 -8.866025
v 58.200002 5.292893 -8.707107
v 58.200002 5.133974 -8.500000
v 58.200002 5.034074 -8.258819
v 58.200002 5.000000 -8.000000
v 58.200002 5.000000 -5.400000
v 102.800002 65.800000 -6.000000
v 102.541183 65.800000 -5.965926
v 102.300002 65.800000 -5.866025
v 102.092895 65.800000 -5.707107
v 101.933976 65.800000 -5.500000
v 101.834076 65.800000 -5.258819
v 101.800002 65.800000 -5.000000
v 101.800002 63.800000 -5.000000
v 101.834076 63.800000 -5.258819
v 101.933976 63.800000 -5.500000
v 102.092895 63.800000 -5.707107
v 102.300002 63.800000 -5.866025
v 102.541183 63.800000 -5.965926
v 102.800002 63.800000 -6.000000
v 101.800002 65.800000 -2.200000
v 101.800002 63.800000 -2.200000
v 106.000002 65.800000 -5.000000
v 105.965927 65.800000 -5.258819
v 105.866027 65.800000 -5.500000
v 105.707108 65.800000 -5.707107
v 105.500002 65.800000 -5.866025
v 105.258821 65.800000 -5.965926
v 105.000002 65.800000 -6.000000
v 105.000002 63.800000 -6.000000
v 105.258821 63.800000 -5.965926
v 105.500002 63.800000 -5.866025
v 105.707108 63.800000 -5.707107
v 105.866027 63.800000 -5.500000
v 105.965927 63.800000 -5.258819
v 106.000002 63.800000 -5.000000
v 106.000002 65.800000 -2.200000
v 106.000002 63.800000 -2.200000
v 107.999998 61.499999 1.000000
v 107.795486 62.894928 1.000000
v 107.795486 62.894928 -9.000000
v 107.999998 61.499999 -9.000000
v 108.000002 93.650001 -12.000000
v 108.000002 93.650001 -8.671573
v 108.000002 94.500001 -8.671573
v 108.000002 94.500001 -1.071573
v 108.000002 76.600001 -1.071573
v 108.000002 76.600001 -8.671573
v 108.000002 77.450001 -8.671573
v 108.000002 77.450001 -12.000000
v 108.000002 65.800000 -11.000000
v 108.000002 65.800000 1.000000
v 108.000002 57.827625 -9.000000
v 108.000002 57.827625 1.000000
v 107.797994 62.863339 -9.000000
v 107.799500 62.831685 -9.000000
v 107.800002 62.800000 -9.000000
v 107.800002 3.200000 -9.000000
v 107.765927 2.941181 -9.000000
v 107.666027 2.700000 -9.000000
v 107.507108 2.492893 -9.000000
v 107.300002 2.333975 -9.000000
v 107.058821 2.234074 -9.000000
v 106.800002 2.200000 -9.000000
v 94.800002 2.200000 -9.000000
v 94.800002 0.200000 -9.000000
v 106.257797 0.200000 -9.000000
v 107.277235 1.141292 -9.000000
v 108.156566 2.214634 -9.000000
v 108.878859 3.399360 -9.000000
v 109.430210 4.672662 -9.000000
v 109.800002 6.010025 -9.000000
v 109.800002 46.989975 -9.000000
v 109.742312 47.255523 -9.000000
v 109.677429 47.519405 -9.000000
v 109.605399 47.781427 -9.000000
v 109.504486 48.157124 -9.000000
v 109.418262 48.536461 -9.000000
v 109.346857 48.918865 -9.000000
v 108.136062 56.183635 -9.000000
v 108.060549 56.728857 -9.000000
v 108.015150 57.277408 -9.000000
v 67.300000 63.350899 -4.500000
v 67.300000 63.071696 -3.972488
v 67.300000 62.731625 -3.482003
v 67.300000 62.335534 -3.035534
v 59.500000 62.335534 -3.035534
v 59.500000 62.957348 -3.793217
v 59.500000 63.419398 -4.657651
v 59.500000 63.703926 -5.595616
v 59.500000 63.800000 -6.571068
v 72.771069 63.800000 -6.571068
v 72.238235 63.771528 -6.038233
v 71.711469 63.686435 -5.511467
v 71.196770 63.545691 -4.996769
v 70.700002 63.350899 -4.500000
v 67.300000 60.399998 -1.099998
v 66.700002 59.800000 -0.500000
v 59.500000 59.800000 -0.500000
v 59.500000 59.800000 1.000000
v 59.500000 65.800000 1.000000
v 59.500000 65.800000 -8.600000
v 59.500000 63.800000 -8.600000
v 65.492895 59.800000 0.707107
v 65.285788 59.800000 0.866025
v 65.044607 59.800000 0.965926
v 64.785788 59.800000 1.000000
v 56.300000 4.164110 1.600000
v 56.300000 3.764110 2.000000
v 56.300000 11.000000 -8.000000
v 56.300000 11.000000 -5.400000
v 56.300000 5.000000 -5.400000
v 56.300000 5.000000 -8.000000
v 56.300000 5.034074 -8.258819
v 56.300000 5.133974 -8.500000
v 56.300000 5.292893 -8.707107
v 56.300000 5.500000 -8.866025
v 56.300000 5.741181 -8.965926
v 56.300000 6.000000 -9.000000
v 56.300000 10.000000 -9.000000
v 56.300000 10.258819 -8.965926
v 56.300000 10.500000 -8.866025
v 56.300000 10.707106 -8.707107
v 56.300000 10.866025 -8.500000
v 56.300000 10.965926 -8.258819
v 56.300000 4.164110 1.000000
v 56.300000 12.000000 1.000000
v 56.300000 12.000000 -11.000000
v 56.300000 12.000000 -12.000000
v 56.300000 11.000000 -13.000000
v 56.300000 -1.600000 -13.000000
v 56.300000 -1.656349 -12.996011
v 56.300000 -1.711575 -12.984124
v 56.300000 -1.764575 -12.964575
v 56.300000 -0.407108 -11.607108
v 56.300000 0.166397 -11.161749
v 56.300000 0.469131 -11.013694
v 56.300000 0.764113 -10.925245
v 56.300000 0.764113 2.000000
v 70.200002 2.200000 1.600000
v 69.800002 2.200000 2.000000
v 69.800002 0.200000 2.000000
v 70.200002 0.200000 1.600000
v 57.200002 0.200000 2.000000
v 57.200002 0.200000 -11.000000
v 71.200002 0.200000 -11.000000
v 71.200002 0.200000 0.000000
v 71.165927 0.200000 0.258819
v 71.066027 0.200000 0.500000
v 70.907108 0.200000 0.707107
v 70.700002 0.200000 0.866025
v 70.458821 0.200000 0.965926
v 70.200002 0.200000 1.000000
v 56.419281 0.575120 2.000000
v 56.577556 0.417337 2.000000
v 56.766920 0.298645 2.000000
v 56.977914 0.224973 2.000000
v 59.200002 2.200000 2.000000
v 58.941183 2.234074 2.000000
v 58.700002 2.333975 2.000000
v 58.492895 2.492893 2.000000
v 58.333976 2.700000 2.000000
v 58.234076 2.941181 2.000000
v 70.200002 2.200000 1.000000
v 56.200002 18.720205 1.000000
v 56.200002 12.435887 1.000000
v 56.211282 12.286111 1.000000
v 56.244867 12.139715 1.000000
v 56.200002 18.720205 -5.942369
v 71.200002 2.200000 0.000000
v 71.165927 2.200000 0.258819
v 71.066027 2.200000 0.500000
v 70.907108 2.200000 0.707107
v 70.700002 2.200000 0.866025
v 70.458821 2.200000 0.965926
v 71.200002 -1.764575 -12.964575
v 71.200002 -1.843151 -12.917612
v 71.200002 -1.908992 -12.854016
v 71.200002 -1.958650 -12.777115
v 71.200002 -1.989525 -12.690939
v 71.200002 -2.000000 -12.600000
v 60.500000 72.700001 0.000000
v 59.500000 71.700001 1.000000
v 65.300000 71.700001 1.000000
v 65.300000 72.700001 0.000000
v 60.500000 72.700001 -10.000000
v 59.500000 71.700001 -9.000000
v 65.300000 72.700001 -8.000000
v 61.300000 72.700001 -8.000000
v 61.300000 72.700001 -13.000000
v 2.700000 72.700001 -13.000000
v 2.700000 72.700001 -8.000000
v -1.300000 72.700001 -8.000000
v -1.300000 72.700001 -0.000000
v 3.706173 72.700001 -0.000000
v 3.706173 72.700001 -10.000000
v 65.300000 77.700001 0.000000
v 65.300000 77.665927 0.258819
v 65.300000 77.566026 0.500000
v 65.300000 77.407108 0.707107
v 65.300000 77.200001 0.866025
v 65.300000 76.958820 0.965926
v 65.300000 76.700001 1.000000
v 67.300000 76.700001 1.000000
v 67.300000 76.958820 0.965926
v 67.300000 77.200001 0.866025
v 67.300000 77.407108 0.707107
v 67.300000 77.566026 0.500000
v 67.300000 77.665927 0.258819
v 67.300000 77.700001 0.000000
v 67.300000 77.700001 -7.000000
v 65.300000 77.700001 -7.000000
v 67.300000 71.700001 1.000000
v 67.300000 104.000001 1.000000
v 67.300000 100.300001 1.000000
v 67.300000 100.041182 0.965926
v 67.300000 99.800001 0.866025
v 67.300000 99.592894 0.707107
v 67.300000 99.433975 0.500000
v 67.300000 99.334075 0.258819
v 67.300000 99.300001 0.000000
v 67.300000 99.300001 -7.000000
v 67.300000 99.265927 -7.258819
v 67.300000 99.166026 -7.500000
v 67.300000 99.007108 -7.707107
v 67.300000 98.800001 -7.866025
v 67.300000 98.558820 -7.965926
v 67.300000 98.300001 -8.000000
v 67.300000 78.700001 -8.000000
v 67.300000 78.441182 -7.965926
v 67.300000 78.200001 -7.866025
v 67.300000 77.992894 -7.707107
v 67.300000 77.833975 -7.500000
v 67.300000 77.734075 -7.258819
v 65.492895 65.800000 0.707107
v 65.285788 65.800000 0.866025
v 65.044607 65.800000 0.965926
v 64.785788 65.800000 1.000000
v 67.300000 65.800000 -1.099998
v 67.300000 65.800000 -4.500000
v 70.700002 65.800000 -4.500000
v 73.200002 65.800000 -7.000000
v 73.200002 65.800000 -11.000000
v 57.200002 65.800000 -11.000000
v 58.758819 65.800000 -9.565926
v 59.000000 65.800000 -9.466025
v 59.207107 65.800000 -9.307107
v 59.366025 65.800000 -9.100000
v 59.465926 65.800000 -8.858819
v 99.800002 63.800000 0.000000
v 99.834076 63.800000 0.258819
v 99.933976 63.800000 0.500000
v 100.092895 63.800000 0.707107
v 100.300002 63.800000 0.866025
v 100.541183 63.800000 0.965926
v 100.800002 63.800000 1.000000
v 100.800002 65.800000 1.000000
v 100.541183 65.800000 0.965926
v 100.300002 65.800000 0.866025
v 100.092895 65.800000 0.707107
v 99.933976 65.800000 0.500000
v 99.834076 65.800000 0.258819
v 99.800002 65.800000 0.000000
v 99.800002 63.800000 -4.500000
v 92.800002 63.800000 -4.500000
v 106.800002 63.800000 1.000000
v 99.800002 65.800000 -4.500000
v 65.300000 77.734075 -7.258819
v 65.300000 77.833975 -7.500000
v 65.300000 77.992894 -7.707107
v 65.300000 78.200001 -7.866025
v 65.300000 78.441182 -7.965926
v 65.300000 78.700001 -8.000000
v 65.300000 98.300001 -8.000000
v 65.300000 98.558820 -7.965926
v 65.300000 98.800001 -7.866025
v 65.300000 99.007108 -7.707107
v 65.300000 99.166026 -7.500000
v 65.300000 99.265927 -7.258819
v 65.300000 99.300001 -7.000000
v 65.300000 99.300001 0.000000
v 65.300000 99.334075 0.258819
v 65.300000 99.433975 0.500000
v 65.300000 99.592894 0.707107
v 65.300000 99.800001 0.866025
v 65.300000 100.041182 0.965926
v 65.300000 100.300001 1.000000
v 65.300000 104.300001 1.000000
v 65.300000 104.300001 -8.000000
v 65.300000 100.300001 -8.000000
v 65.300000 100.300001 -13.000000
v 65.300000 76.700001 -13.000000
v 65.300000 76.700001 -8.000000
v 4.706173 71.700001 1.000000
v -1.300000 71.700001 1.000000
v 4.706173 71.700001 -9.000000
v 107.043483 63.769905 1.000000
v 107.272310 63.681433 1.000000
v 107.472709 63.539908 1.000000
v 107.632619 63.353849 1.000000
v 107.742414 63.134454 1.000000
v 108.015150 57.277408 1.000000
v 108.060549 56.728857 1.000000
v 108.136062 56.183635 1.000000
v 109.346857 48.918865 1.000000
v 109.418262 48.536461 1.000000
v 109.504486 48.157124 1.000000
v 109.605399 47.781427 1.000000
v 109.823976 46.868028 1.000000
v 109.955898 45.938152 1.000000
v 110.000002 45.000000 1.000000
v 110.000002 8.000000 1.000000
v 109.898216 6.576852 1.000000
v 109.594931 5.182674 1.000000
v 109.096322 3.845850 1.000000
v 108.412537 2.593592 1.000000
v 107.557497 1.451393 1.000000
v 106.548609 0.442504 1.000000
v 105.406410 -0.412535 1.000000
v 104.154152 -1.096320 1.000000
v 102.817327 -1.594930 1.000000
v 101.423150 -1.898214 1.000000
v 100.000002 -2.000000 1.000000
v 34.300000 -2.000000 1.000000
v 34.300000 13.000000 1.000000
v 32.300000 13.000000 1.000000
v 32.300000 -2.000000 1.000000
v 6.500000 -2.000000 1.000000
v 5.654236 -1.818837 1.000000
v 4.954499 -1.615066 1.000000
v 4.401197 -1.413264 1.000000
v 3.994735 -1.238008 1.000000
v 3.598951 -1.042824 1.000000
v 3.080203 -0.749488 1.000000
v 2.455580 -0.340906 1.000000
v 1.742205 0.200000 1.000000
v 0.799045 1.061250 1.000000
v -0.026645 2.035692 1.000000
v -0.721397 3.107430 1.000000
v -1.273876 4.258981 1.000000
v -1.675070 5.471558 1.000000
v -1.918435 6.725383 1.000000
v -2.000000 8.000000 1.000000
v -2.000000 45.000000 1.000000
v -0.993688 64.800000 1.000000
v 4.706173 64.800000 1.000000
v -1.300000 104.300001 1.000000
v -3.750000 105.750001 1.000000
v -3.750000 6.250000 1.000000
v -3.648214 4.826852 1.000000
v -3.344930 3.432674 1.000000
v -2.846320 2.095850 1.000000
v -2.162535 0.843592 1.000000
v -1.307496 -0.298607 1.000000
v -0.298607 -1.307496 1.000000
v 0.843592 -2.162535 1.000000
v 2.095850 -2.846320 1.000000
v 3.432674 -3.344930 1.000000
v 4.826852 -3.648214 1.000000
v 6.250000 -3.750000 1.000000
v 101.750002 -3.750000 1.000000
v 103.173150 -3.648214 1.000000
v 104.567327 -3.344930 1.000000
v 105.904152 -2.846320 1.000000
v 107.156410 -2.162535 1.000000
v 108.298609 -1.307496 1.000000
v 109.307497 -0.298607 1.000000
v 110.162537 0.843592 1.000000
v 110.846322 2.095850 1.000000
v 111.344931 3.432674 1.000000
v 111.648216 4.826852 1.000000
v 111.750002 6.250000 1.000000
v 111.750002 105.750001 1.000000
v 111.681853 106.267639 1.000000
v 111.482052 106.750001 1.000000
v 111.164215 107.164214 1.000000
v 110.750002 107.482052 1.000000
v 110.267640 107.681852 1.000000
v 109.750002 107.750001 1.000000
v -1.750000 107.750001 1.000000
v -2.267638 107.681852 1.000000
v -2.750000 107.482052 1.000000
v -3.164214 107.164214 1.000000
v -3.482051 106.750001 1.000000
v -3.681852 106.267639 1.000000
v 34.300000 13.258819 0.965926
v 34.300000 13.500000 0.866025
v 34.300000 13.707106 0.707107
v 34.300000 13.866025 0.500000
v 34.300000 13.965926 0.258819
v 34.299999 14.000000 0.000000
v 32.300000 14.000000 0.000000
v 32.300000 13.965926 0.258819
v 32.300000 13.866025 0.500000
v 32.300000 13.707106 0.707107
v 32.300000 13.500000 0.866025
v 32.300000 13.258819 0.965926
v 32.300000 1.000000 -5.400000
v 32.300000 1.000000 -8.000000
v 32.300000 1.034074 -8.258819
v 32.300000 1.133974 -8.500000
v 32.300000 1.292893 -8.707107
v 32.300000 1.500000 -8.866025
v 32.300000 1.741181 -8.965926
v 32.300000 2.000000 -9.000000
v 32.300000 10.000000 -9.000000
v 32.300000 10.258819 -8.965926
v 32.300000 10.500000 -8.866025
v 32.300000 10.707106 -8.707107
v 32.300000 10.866025 -8.500000
v 32.300000 10.965926 -8.258819
v 32.300000 11.000000 -8.000000
v 32.300000 11.000000 -5.400000
v 32.300000 14.000000 -9.000000
v 32.300000 19.700001 -9.000000
v 32.300000 19.700001 -13.000000
v 32.300000 -2.000000 -13.000000
v -1.300000 76.700001 -8.000000
v -1.300000 76.700001 -13.000000
v -1.300000 100.300001 -13.000000
v -1.300000 100.300001 -8.000000
v -1.300000 104.300001 -8.000000
v -1.300000 93.000001 -6.000000
v -1.300000 80.000001 -6.000000
v -1.300000 79.741182 -5.965926
v -1.300000 79.500001 -5.866025
v -1.300000 79.292894 -5.707107
v -1.300000 79.133975 -5.500000
v -1.300000 79.034075 -5.258819
v -1.300000 79.000001 -5.000000
v -1.300000 79.000001 -3.700000
v -1.300000 79.034075 -3.441181
v -1.300000 79.133975 -3.200000
v -1.300000 79.292894 -2.992893
v -1.300000 79.500001 -2.833975
v -1.300000 79.741182 -2.734074
v -1.300000 80.000001 -2.700000
v -1.300000 93.000001 -2.700000
v -1.300000 93.258820 -2.734074
v -1.300000 93.500001 -2.833975
v -1.300000 93.707108 -2.992893
v -1.300000 93.866026 -3.200000
v -1.300000 93.965927 -3.441181
v -1.300000 94.000001 -3.700000
v -1.300000 94.000001 -5.000000
v -1.300000 93.965927 -5.258819
v -1.300000 93.866026 -5.500000
v -1.300000 93.707108 -5.707107
v -1.300000 93.500001 -5.866025
v -1.300000 93.258820 -5.965926
v 34.299999 14.000000 -9.000000
v 50.050000 -3.550000 -8.100000
v 50.056815 -3.601764 -8.100000
v 50.076795 -3.650000 -8.100000
v 50.108579 -3.691421 -8.100000
v 50.150000 -3.723205 -8.100000
v 50.198236 -3.743185 -8.100000
v 50.250000 -3.750000 -8.100000
v 50.188666 -3.750000 -7.634126
v 50.008846 -3.750000 -7.200000
v 49.722792 -3.750000 -6.827208
v 49.350000 -3.750000 -6.541154
v 48.915874 -3.750000 -6.361334
v 48.450000 -3.750000 -6.300000
v 48.450000 -3.743185 -6.351764
v 48.450000 -3.723205 -6.400000
v 48.450000 -3.691421 -6.441421
v 48.450000 -3.650000 -6.473205
v 48.450000 -3.601764 -6.493185
v 48.450000 -3.550000 -6.500000
v 48.864110 -3.550000 -6.554519
v 49.250000 -3.550000 -6.714359
v 49.581371 -3.550000 -6.968629
v 49.835641 -3.550000 -7.300000
v 49.995481 -3.550000 -7.685890
v 50.138666 -3.743185 -7.647523
v 50.092074 -3.723205 -7.660008
v 50.052064 -3.691421 -7.670728
v 50.021363 -3.650000 -7.678954
v 50.002064 -3.601764 -7.684126
v 49.964017 -3.743185 -7.225882
v 49.922243 -3.723205 -7.250000
v 49.886371 -3.691421 -7.270711
v 49.858846 -3.650000 -7.286603
v 49.841542 -3.601764 -7.296593
v 49.686190 -3.743185 -6.863810
v 49.652081 -3.723205 -6.897918
v 49.622792 -3.691421 -6.927208
v 49.600318 -3.650000 -6.949682
v 49.586190 -3.601764 -6.963810
v 49.324118 -3.743185 -6.585983
v 49.300000 -3.723205 -6.627757
v 49.279289 -3.691421 -6.663629
v 49.263397 -3.650000 -6.691154
v 49.253407 -3.601764 -6.708458
v 48.902477 -3.743185 -6.411334
v 48.889992 -3.723205 -6.457926
v 48.879272 -3.691421 -6.497936
v 48.871045 -3.650000 -6.528637
v 48.865874 -3.601764 -6.547936
v 42.150000 -3.750000 -6.300000
v 42.150000 -3.743185 -6.351764
v 42.150000 -3.723205 -6.400000
v 42.150000 -3.691421 -6.441421
v 42.150000 -3.650000 -6.473205
v 42.150000 -3.601764 -6.493185
v 42.150000 -3.550000 -6.500000
v 43.200000 -3.743185 -6.351764
v 44.250000 -3.743185 -6.351764
v 45.300000 -3.743185 -6.351764
v 46.350000 -3.743185 -6.351764
v 47.400000 -3.743185 -6.351764
v 43.200000 -3.723205 -6.400000
v 44.250000 -3.723205 -6.400000
v 45.300000 -3.723205 -6.400000
v 46.350000 -3.723205 -6.400000
v 47.400000 -3.723205 -6.400000
v 43.200000 -3.691421 -6.441421
v 44.250000 -3.691421 -6.441421
v 45.300000 -3.691421 -6.441421
v 46.350000 -3.691421 -6.441421
v 47.400000 -3.691421 -6.441421
v 43.200000 -3.650000 -6.473205
v 44.250000 -3.650000 -6.473205
v 45.300000 -3.650000 -6.473205
v 46.350000 -3.650000 -6.473205
v 47.400000 -3.650000 -6.473205
v 43.200000 -3.601764 -6.493185
v 44.250000 -3.601764 -6.493185
v 45.300000 -3.601764 -6.493185
v 46.350000 -3.601764 -6.493185
v 47.400000 -3.601764 -6.493185
v 40.350000 -3.750000 -8.100000
v 40.401764 -3.743185 -8.100000
v 40.450000 -3.723205 -8.100000
v 40.491421 -3.691421 -8.100000
v 40.523205 -3.650000 -8.100000
v 40.543185 -3.601764 -8.100000
v 40.550000 -3.550000 -8.100000
v 40.604519 -3.550000 -7.685890
v 40.764359 -3.550000 -7.300000
v 41.018629 -3.550000 -6.968629
v 41.350000 -3.550000 -6.714359
v 41.735889 -3.550000 -6.554519
v 41.684126 -3.750000 -6.361334
v 41.250000 -3.750000 -6.541154
v 40.877208 -3.750000 -6.827208
v 40.591154 -3.750000 -7.200000
v 40.411333 -3.750000 -7.634126
v 40.597936 -3.601764 -7.684126
v 40.578637 -3.650000 -7.678954
v 40.547936 -3.691421 -7.670728
v 40.507926 -3.723205 -7.660008
v 40.461333 -3.743185 -7.647523
v 40.758458 -3.601764 -7.296593
v 40.741154 -3.650000 -7.286603
v 40.713629 -3.691421 -7.270711
v 40.677757 -3.723205 -7.250000
v 40.635983 -3.743185 -7.225882
v 41.013810 -3.601764 -6.963810
v 40.999682 -3.650000 -6.949682
v 40.977208 -3.691421 -6.927208
v 40.947918 -3.723205 -6.897918
v 40.913810 -3.743185 -6.863810
v 41.346593 -3.601764 -6.708458
v 41.336603 -3.650000 -6.691154
v 41.320711 -3.691421 -6.663629
v 41.300000 -3.723205 -6.627757
v 41.275882 -3.743185 -6.585983
v 41.734126 -3.601764 -6.547936
v 41.728954 -3.650000 -6.528637
v 41.720728 -3.691421 -6.497936
v 41.710008 -3.723205 -6.457926
v 41.697523 -3.743185 -6.411334
v 40.350000 -3.750000 -8.900000
v 40.401764 -3.743185 -8.900000
v 40.450000 -3.723205 -8.900000
v 40.491421 -3.691421 -8.900000
v 40.523205 -3.650000 -8.900000
v 40.543185 -3.601764 -8.900000
v 40.550000 -3.550000 -8.900000
v 41.074207 -3.750000 -10.343146
v 41.105144 -3.743185 -10.301644
v 41.133973 -3.723205 -10.262971
v 41.158729 -3.691421 -10.229762
v 41.177725 -3.650000 -10.204279
v 41.189667 -3.601764 -10.188260
v 41.193740 -3.550000 -10.182796
v 40.923844 -3.550000 -9.927882
v 40.719962 -3.550000 -9.617629
v 40.593070 -3.550000 -9.268741
v 40.398454 -3.750000 -9.314833
v 40.541207 -3.750000 -9.707333
v 40.770575 -3.750000 -10.056367
v 40.918622 -3.601764 -9.932260
v 40.903310 -3.650000 -9.945096
v 40.878953 -3.691421 -9.965515
v 40.847209 -3.723205 -9.992125
v 40.810244 -3.743185 -10.023113
v 40.713871 -3.601764 -9.620686
v 40.696014 -3.650000 -9.629647
v 40.667606 -3.691421 -9.643903
v 40.630585 -3.723205 -9.662481
v 40.587473 -3.743185 -9.684116
v 40.586439 -3.601764 -9.270311
v 40.566997 -3.650000 -9.274916
v 40.536068 -3.691421 -9.282241
v 40.495762 -3.723205 -9.291787
v 40.448824 -3.743185 -9.302904
v 41.318127 -3.746777 -10.504260
v 41.583274 -3.740248 -10.622412
v 41.862960 -3.734637 -10.694462
v 42.150000 -3.732323 -10.718782
v 42.150000 -3.731143 -10.671342
v 42.150000 -3.718819 -10.625515
v 42.150000 -3.696046 -10.583881
v 42.150000 -3.664104 -10.548785
v 42.150000 -3.624794 -10.522203
v 42.150000 -3.580327 -10.505630
v 42.150000 -3.533207 -10.500000
v 41.894853 -3.535405 -10.479463
v 41.646243 -3.540735 -10.418621
v 41.410558 -3.546938 -10.318848
v 41.347828 -3.745339 -10.487646
v 41.360563 -3.740113 -10.462348
v 41.372775 -3.730947 -10.437913
v 41.384212 -3.718063 -10.414846
v 41.400109 -3.690634 -10.382380
v 41.408409 -3.669237 -10.365131
v 41.415183 -3.645253 -10.350774
v 41.420332 -3.619236 -10.339532
v 41.423755 -3.591741 -10.331629
v 41.627685 -3.739199 -10.606408
v 41.636150 -3.734657 -10.578656
v 41.644253 -3.725995 -10.551775
v 41.651821 -3.713436 -10.526343
v 41.662277 -3.686154 -10.490479
v 41.667681 -3.664624 -10.471405
v 41.672036 -3.640357 -10.455527
v 41.675277 -3.613939 -10.443101
v 41.677338 -3.585958 -10.434383
v 41.885936 -3.734667 -10.668178
v 41.890264 -3.730526 -10.639101
v 41.894404 -3.722163 -10.610902
v 41.898264 -3.709799 -10.584200
v 41.903580 -3.682612 -10.546532
v 41.906312 -3.661008 -10.526505
v 41.908497 -3.636581 -10.509850
v 41.910104 -3.609935 -10.496840
v 41.911099 -3.581674 -10.487750
v 48.450000 -3.732323 -10.718782
v 48.450000 -3.731143 -10.671342
v 48.450000 -3.718819 -10.625515
v 48.450000 -3.696046 -10.583881
v 48.450000 -3.664104 -10.548785
v 48.450000 -3.624794 -10.522203
v 48.450000 -3.580327 -10.505630
v 48.450000 -3.533207 -10.500000
v 47.550000 -3.731143 -10.671342
v 46.650000 -3.731143 -10.671342
v 45.750000 -3.731143 -10.671342
v 44.850000 -3.731143 -10.671342
v 43.950000 -3.731143 -10.671342
v 43.050000 -3.731143 -10.671342
v 47.550000 -3.718819 -10.625515
v 46.650000 -3.718819 -10.625515
v 45.750000 -3.718819 -10.625515
v 44.850000 -3.718819 -10.625515
v 43.950000 -3.718819 -10.625515
v 43.050000 -3.718819 -10.625515
v 47.550000 -3.696046 -10.583881
v 46.650000 -3.696046 -10.583881
v 45.750000 -3.696046 -10.583881
v 44.850000 -3.696046 -10.583881
v 43.950000 -3.696046 -10.583881
v 43.050000 -3.696046 -10.583881
v 47.550000 -3.664104 -10.548785
v 46.650000 -3.664104 -10.548785
v 45.750000 -3.664104 -10.548785
v 44.850000 -3.664104 -10.548785
v 43.950000 -3.664104 -10.548785
v 43.050000 -3.664104 -10.548785
v 47.550000 -3.624794 -10.522203
v 46.650000 -3.624794 -10.522203
v 45.750000 -3.624794 -10.522203
v 44.850000 -3.624794 -10.522203
v 43.950000 -3.624794 -10.522203
v 43.050000 -3.624794 -10.522203
v 47.550000 -3.580327 -10.505630
v 46.650000 -3.580327 -10.505630
v 45.750000 -3.580327 -10.505630
v 44.850000 -3.580327 -10.505630
v 43.950000 -3.580327 -10.505630
v 43.050000 -3.580327 -10.505630
v 48.737054 -3.734581 -10.694501
v 49.016730 -3.740248 -10.622407
v 49.281862 -3.746813 -10.504219
v 49.525793 -3.750000 -10.343146
v 49.494856 -3.743185 -10.301644
v 49.466027 -3.723205 -10.262971
v 49.441271 -3.691421 -10.229762
v 49.422275 -3.650000 -10.204279
v 49.410333 -3.601764 -10.188260
v 49.406260 -3.550000 -10.182796
v 49.189433 -3.546973 -10.318813
v 48.953760 -3.540736 -10.418617
v 48.705159 -3.535352 -10.479496
v 48.750763 -3.735119 -10.661998
v 48.745836 -3.730937 -10.633051
v 48.741124 -3.722541 -10.604981
v 48.736729 -3.710155 -10.578404
v 48.730679 -3.682965 -10.540928
v 48.727567 -3.661366 -10.520995
v 48.725076 -3.636952 -10.504416
v 48.723244 -3.610325 -10.491464
v 48.722107 -3.582089 -10.482411
v 49.042893 -3.740756 -10.581854
v 49.033327 -3.736062 -10.554616
v 49.024167 -3.727286 -10.528247
v 49.015606 -3.714652 -10.503309
v 49.003767 -3.687343 -10.468166
v 48.997633 -3.665838 -10.449468
v 48.992674 -3.641629 -10.433900
v 48.988967 -3.615295 -10.421713
v 48.986585 -3.587415 -10.413154
v 49.285168 -3.745994 -10.469576
v 49.271948 -3.740673 -10.444638
v 49.259268 -3.731435 -10.420563
v 49.247387 -3.718504 -10.397846
v 49.230866 -3.691064 -10.365899
v 49.222225 -3.669684 -10.348924
v 49.215158 -3.645737 -10.334800
v 49.209771 -3.619773 -10.323746
v 49.206169 -3.592343 -10.315977
v 50.250000 -3.750000 -8.900000
v 50.198236 -3.743185 -8.900000
v 50.150000 -3.723205 -8.900000
v 50.108579 -3.691421 -8.900000
v 50.076795 -3.650000 -8.900000
v 50.056815 -3.601764 -8.900000
v 50.050000 -3.550000 -8.900000
v 50.006930 -3.550000 -9.268741
v 49.880038 -3.550000 -9.617629
v 49.676156 -3.550000 -9.927882
v 49.829425 -3.750000 -10.056367
v 50.058793 -3.750000 -9.707333
v 50.201546 -3.750000 -9.314833
v 50.013561 -3.601764 -9.270311
v 50.033003 -3.650000 -9.274916
v 50.063932 -3.691421 -9.282241
v 50.104238 -3.723205 -9.291787
v 50.151176 -3.743185 -9.302904
v 49.886129 -3.601764 -9.620686
v 49.903986 -3.650000 -9.629647
v 49.932394 -3.691421 -9.643903
v 49.969415 -3.723205 -9.662481
v 50.012527 -3.743185 -9.684116
v 49.681378 -3.601764 -9.932260
v 49.696690 -3.650000 -9.945096
v 49.721047 -3.691421 -9.965515
v 49.752791 -3.723205 -9.992125
v 49.789756 -3.743185 -10.023113
v 101.750002 -3.750000 -10.343146
v 6.250000 -3.750000 -10.343146
v 48.450000 -3.000000 -10.500000
v 42.150000 -3.000000 -10.500000
v 50.050000 -3.000000 -8.900000
v 49.995481 -3.000000 -9.314110
v 49.835641 -3.000000 -9.700000
v 49.581371 -3.000000 -10.031371
v 49.250000 -3.000000 -10.285641
v 48.864110 -3.000000 -10.445481
v 50.050000 -3.000000 -8.100000
v 48.450000 -3.000000 -6.500000
v 48.864110 -3.000000 -6.554519
v 49.250000 -3.000000 -6.714359
v 49.581371 -3.000000 -6.968629
v 49.835641 -3.000000 -7.300000
v 49.995481 -3.000000 -7.685890
v -2.335786 93.000001 -2.700000
v -2.335786 93.258820 -2.734074
v -2.335786 93.500001 -2.833975
v -2.335786 93.707108 -2.992893
v -2.335786 93.866026 -3.200000
v -2.335786 93.965927 -3.441181
v -2.335786 94.000001 -3.700000
v -2.635786 93.022629 -2.700000
v -2.607056 93.216282 -2.719583
v -2.579745 93.400901 -2.777181
v -2.554353 93.571105 -2.869837
v -2.531827 93.720426 -2.994277
v -2.512987 93.843458 -3.145291
v -2.498619 93.935051 -3.317413
v -2.489255 93.991966 -3.504106
v -2.485786 94.011315 -3.700000
v -2.435997 94.005035 -3.700000
v -2.385955 94.001260 -3.700000
v -2.436123 93.002519 -2.700000
v -2.536207 93.010068 -2.700000
v -2.335786 94.000001 -5.000000
v -2.566839 94.027119 -3.693310
v -2.645965 94.049425 -3.673988
v -2.722316 94.077773 -3.643160
v -2.795046 94.111699 -3.601954
v -2.927846 94.194105 -3.493933
v -3.042893 94.292894 -3.360882
v -3.042893 94.292894 -5.585786
v -2.891357 94.168531 -5.337061
v -2.718470 94.076121 -5.152241
v -2.626071 94.043060 -5.086119
v -2.530877 94.019216 -5.038429
v -2.433804 94.004816 -5.009631
v -3.342893 94.592894 -3.114214
v -3.261325 94.463138 -2.902889
v -3.233503 94.294036 -2.705965
v -3.261325 94.097112 -2.536863
v -3.342893 93.885787 -2.407107
v -3.750000 94.292894 -2.000000
v -3.750000 94.446706 -2.012099
v -3.750000 94.585787 -2.048188
v -3.750000 94.707758 -2.107651
v -3.750000 94.810532 -2.189469
v -3.750000 94.892350 -2.292243
v -3.750000 94.951813 -2.414214
v -3.750000 94.987902 -2.553295
v -3.750000 95.000001 -2.707107
v -2.992002 94.203730 -3.152110
v -2.982137 94.081119 -2.954638
v -3.013834 93.931697 -2.779154
v -3.085377 93.763553 -2.635157
v -3.192893 93.585787 -2.530441
v -3.121141 93.761693 -2.602451
v -3.069711 93.870076 -2.683998
v -3.033299 93.973103 -2.779377
v -3.012613 94.068648 -2.886561
v -3.008042 94.154707 -3.003237
v -3.013841 94.204590 -3.082960
v -3.036040 94.271089 -3.209959
v -2.716882 93.054251 -2.696655
v -2.796001 93.098860 -2.686994
v -2.945046 93.223397 -2.650977
v -3.077846 93.388209 -2.596967
v -2.695174 93.253525 -2.718510
v -2.655016 93.432256 -2.779282
v -2.632442 93.542055 -2.837351
v -2.604467 93.694860 -2.952344
v -2.585221 93.824519 -3.094547
v -2.575489 93.925968 -3.258722
v -2.575697 93.995309 -3.438971
v -2.782791 93.307269 -2.709279
v -2.732172 93.475960 -2.773660
v -2.704994 93.579963 -2.832585
v -2.673558 93.725558 -2.946649
v -2.655180 93.850463 -3.085532
v -2.650591 93.950086 -3.244399
v -2.660034 94.020829 -3.417848
v -2.954049 93.465325 -2.667180
v -2.893604 93.607014 -2.739659
v -2.862254 93.695294 -2.799649
v -2.827839 93.821009 -2.909122
v -2.810492 93.932264 -3.036821
v -2.810801 94.025716 -3.179069
v -2.828838 94.098604 -3.331849
v -3.342893 79.114214 -2.407107
v -3.518866 78.520495 -2.231134
v -3.623474 78.269563 -2.126526
v -3.750000 78.042839 -2.000000
v -2.635786 79.977373 -2.700000
v -2.716919 79.945731 -2.696651
v -2.796016 79.901115 -2.686984
v -2.945043 79.776608 -2.650979
v -3.077855 79.611782 -2.596966
v -3.192893 79.414214 -2.530441
v -3.135786 88.961930 -2.566025
v -3.135786 84.038072 -2.566025
v -2.894605 88.961930 -2.665926
v -2.894605 84.038072 -2.665926
v -3.085377 79.236449 -2.635157
v -3.013834 79.068304 -2.779154
v -2.982137 78.918883 -2.954638
v -2.992002 78.796272 -3.152110
v -3.042893 78.707108 -3.360882
v -3.454611 78.295390 -2.992878
v -3.618486 78.131515 -2.769839
v -3.750000 78.000001 -2.526312
v -3.285228 78.485171 -2.975046
v -3.582609 78.316215 -2.229480
v -3.613007 78.225127 -2.278746
v -3.653610 78.139283 -2.330024
v -3.703962 78.059688 -2.382722
v -3.427234 78.659068 -2.366271
v -3.424734 78.595196 -2.407258
v -3.430967 78.498553 -2.475964
v -3.449413 78.407065 -2.549383
v -3.479836 78.322044 -2.626483
v -3.521834 78.244694 -2.706189
v -3.254411 78.559537 -2.870535
v -3.237510 78.643551 -2.770231
v -3.234784 78.735750 -2.675860
v -3.246244 78.834501 -2.589067
v -3.260977 78.900303 -2.538291
v -3.295337 79.006322 -2.467055
v -2.596964 79.721482 -2.734074
v -2.560786 79.483030 -2.833975
v -2.529720 79.278266 -2.992893
v -2.505883 79.121146 -3.200000
v -2.490898 79.022375 -3.441181
v -2.485786 78.988687 -3.700000
v -2.566919 78.972866 -3.693302
v -2.646016 78.950558 -3.673968
v -2.722312 78.922218 -3.643140
v -2.795043 78.888304 -3.601957
v -2.927855 78.805891 -3.493932
v -2.999622 79.417001 -2.661871
v -2.943035 79.288247 -2.743153
v -2.902548 79.167476 -2.843915
v -2.879155 79.057804 -2.961462
v -2.873407 78.962110 -3.092587
v -2.879220 78.909289 -3.182466
v -2.902761 78.841970 -3.328433
v -2.942389 79.484874 -2.683270
v -2.885887 79.345923 -2.763264
v -2.845329 79.216428 -2.865605
v -2.821804 79.100039 -2.987287
v -2.815920 79.000095 -3.124662
v -2.821665 78.946046 -3.219458
v -2.845103 78.879305 -3.374060
v -2.824892 79.598636 -2.714795
v -2.772557 79.440391 -2.790863
v -2.734069 79.294704 -2.895007
v -2.710630 79.166320 -3.023656
v -2.702954 79.059510 -3.172305
v -2.706604 79.004150 -3.276195
v -2.725357 78.940439 -3.446970
v -2.706072 79.681310 -2.730792
v -2.664188 79.507064 -2.802270
v -2.631284 79.348217 -2.906649
v -2.608509 79.210486 -3.039937
v -2.596663 79.098942 -3.196932
v -2.595137 79.043314 -3.307793
v -2.602178 78.983648 -3.491179
v -2.335786 80.000001 -2.700000
v -2.335786 79.741182 -2.734074
v -2.335786 79.500001 -2.833975
v -2.335786 79.292894 -2.992893
v -2.335786 79.133975 -3.200000
v -2.335786 79.034075 -3.441181
v -2.335786 79.000001 -3.700000
v -2.385955 78.998742 -3.700000
v -2.435997 78.994967 -3.700000
v -2.536207 79.989933 -2.700000
v -2.436123 79.997482 -2.700000
v -2.335786 79.000001 -5.000000
v -2.335786 80.000001 -6.000000
v -2.335786 79.741182 -5.965926
v -2.335786 79.500001 -5.866025
v -2.335786 79.292894 -5.707107
v -2.335786 79.133975 -5.500000
v -2.335786 79.034075 -5.258819
v -3.750000 78.707108 -7.000000
v -3.750000 78.553296 -6.987901
v -3.750000 78.414214 -6.951812
v -3.750000 78.292243 -6.892349
v -3.750000 78.189470 -6.810531
v -3.750000 78.107651 -6.707757
v -3.750000 78.048189 -6.585786
v -3.750000 78.012100 -6.446705
v -3.750000 78.000001 -6.292893
v -3.042893 78.707108 -5.585786
v -2.961325 78.836864 -5.797111
v -2.933503 79.005966 -5.994035
v -2.961325 79.202890 -6.163137
v -3.042893 79.414214 -6.292893
v -2.433804 79.990370 -6.004815
v -2.530877 79.961571 -6.019215
v -2.626071 79.913881 -6.043060
v -2.718470 79.847760 -6.076120
v -2.891357 79.662940 -6.168530
v -2.891357 78.831470 -5.337061
v -2.718470 78.923880 -5.152241
v -2.626071 78.956941 -5.086119
v -2.530877 78.980786 -5.038429
v -2.433804 78.995186 -5.009631
v -2.897426 79.396469 -6.145199
v -2.910322 78.835224 -5.567954
v -2.679878 79.613951 -6.029627
v -2.802881 78.902336 -5.440482
v -2.412957 79.740513 -5.970199
v -2.401906 79.557095 -5.901064
v -2.395824 79.390515 -5.797410
v -2.394907 79.246966 -5.663349
v -2.399159 79.131913 -5.504310
v -2.404622 79.075211 -5.391091
v -2.417027 79.016520 -5.204138
v -2.498262 79.717094 -5.980409
v -2.476644 79.539778 -5.909327
v -2.464755 79.378045 -5.806045
v -2.462962 79.237670 -5.674484
v -2.471272 79.123781 -5.519737
v -2.481953 79.066622 -5.410074
v -2.506232 79.005311 -5.229486
v -2.585487 79.676395 -5.999194
v -2.555511 79.508583 -5.925601
v -2.539041 79.354496 -5.823297
v -2.536558 79.219281 -5.695891
v -2.548070 79.107554 -5.547968
v -2.562868 79.049981 -5.443870
v -2.596551 78.985140 -5.273177
v -2.644318 79.459017 -5.953536
v -2.624807 79.315459 -5.853241
v -2.621865 79.187611 -5.731916
v -2.635502 79.079412 -5.593479
v -2.653038 79.021791 -5.496975
v -2.693024 78.953126 -5.339656
v -2.862728 79.276492 -6.068275
v -2.843773 79.162567 -5.977870
v -2.840915 79.057100 -5.875948
v -2.854162 78.962353 -5.764765
v -2.871213 78.907941 -5.689197
v -2.761095 78.974212 -5.580331
v -2.742820 79.030937 -5.666782
v -2.728615 79.133390 -5.792342
v -2.731680 79.250885 -5.904851
v -2.752005 79.380329 -6.001234
v -2.789124 79.518375 -6.078900
v -2.940989 78.812356 -5.610353
v -2.903319 78.884768 -5.726038
v -2.886912 78.938199 -5.798318
v -2.874167 79.030311 -5.905071
v -2.876916 79.131976 -6.003578
v -2.895154 79.241166 -6.091816
v -2.928562 79.355726 -6.167999
v -2.335786 93.965927 -5.258819
v -2.335786 93.866026 -5.500000
v -2.335786 93.707108 -5.707107
v -2.335786 93.500001 -5.866025
v -2.335786 93.258820 -5.965926
v -2.335786 93.000001 -6.000000
v -3.750000 95.000001 -6.292893
v -3.750000 94.987902 -6.446705
v -3.750000 94.951813 -6.585786
v -3.750000 94.892350 -6.707757
v -3.750000 94.810532 -6.810531
v -3.750000 94.707758 -6.892349
v -3.750000 94.585787 -6.951812
v -3.750000 94.446706 -6.987901
v -3.750000 94.292894 -7.000000
v -3.042893 93.585787 -6.292893
v -2.961325 93.797112 -6.163137
v -2.933503 93.994036 -5.994035
v -2.961325 94.163138 -5.797111
v -2.891357 93.337062 -6.168530
v -2.718470 93.152242 -6.076120
v -2.626071 93.086120 -6.043060
v -2.530877 93.038430 -6.019215
v -2.433804 93.009631 -6.004815
v -2.897426 94.145200 -5.603532
v -2.910322 93.567954 -6.164777
v -2.679878 94.029627 -5.386050
v -2.802881 93.440483 -6.097665
v -2.412957 93.970200 -5.259488
v -2.401906 93.901065 -5.442905
v -2.395824 93.797411 -5.609485
v -2.394907 93.663350 -5.753035
v -2.399159 93.504310 -5.868088
v -2.404622 93.391092 -5.924790
v -2.417027 93.204138 -5.983480
v -2.498262 93.980410 -5.282907
v -2.476644 93.909328 -5.460223
v -2.464755 93.806046 -5.621956
v -2.462962 93.674485 -5.762331
v -2.471272 93.519738 -5.876220
v -2.481953 93.410075 -5.933378
v -2.506232 93.229487 -5.994690
v -2.585487 93.999195 -5.323606
v -2.555511 93.925602 -5.491418
v -2.539041 93.823298 -5.645505
v -2.536558 93.695892 -5.780720
v -2.548070 93.547969 -5.892447
v -2.562868 93.443871 -5.950020
v -2.596551 93.273178 -6.014860
v -2.644318 93.953537 -5.540984
v -2.624807 93.853242 -5.684542
v -2.621865 93.731917 -5.812390
v -2.635502 93.593479 -5.920589
v -2.653038 93.496976 -5.978210
v -2.693024 93.339656 -6.046875
v -2.862728 94.068276 -5.723509
v -2.843773 93.977870 -5.837434
v -2.840915 93.875949 -5.942901
v -2.854162 93.764765 -6.037648
v -2.871213 93.689198 -6.092059
v -2.761095 93.580332 -6.025788
v -2.742820 93.666783 -5.969064
v -2.728615 93.792342 -5.866610
v -2.731680 93.904852 -5.749116
v -2.752005 94.001235 -5.619672
v -2.789124 94.078901 -5.481626
v -2.940989 93.610354 -6.187645
v -2.903319 93.726039 -6.115233
v -2.886912 93.798319 -6.061802
v -2.874167 93.905072 -5.969690
v -2.876916 94.003579 -5.868025
v -2.895154 94.091817 -5.758835
v -2.928562 94.167999 -5.644274
v -2.835786 84.138072 -6.133975
v -2.835786 88.861930 -6.133975
v -2.594605 84.138072 -6.034074
v -2.594605 88.861930 -6.034074
v 103.000002 77.450001 -12.000000
v 103.000002 93.650001 -12.000000
v 103.000002 93.650001 -6.000000
v 108.000002 93.650001 -6.000000
v 103.000002 77.450001 -6.000000
v 103.000002 77.484075 -5.741181
v 103.000002 77.583975 -5.500000
v 103.000002 77.742894 -5.292893
v 103.000002 77.950001 -5.133975
v 103.000002 78.191182 -5.034074
v 103.000002 78.450001 -5.000000
v 103.000002 78.708820 -5.034074
v 103.000002 78.950001 -5.133975
v 103.000002 79.157108 -5.292893
v 103.000002 79.316026 -5.500000
v 103.000002 79.415927 -5.741181
v 103.000002 79.450001 -6.000000
v 103.000002 79.450001 -8.258621
v 103.000002 91.650001 -8.258621
v 103.000002 91.650001 -6.000000
v 103.000002 91.684075 -5.741181
v 103.000002 91.783975 -5.500000
v 103.000002 91.942894 -5.292893
v 103.000002 92.150001 -5.133975
v 103.000002 92.391182 -5.034074
v 103.000002 92.650001 -5.000000
v 103.000002 92.908820 -5.034074
v 103.000002 93.150001 -5.133975
v 103.000002 93.357108 -5.292893
v 103.000002 93.516026 -5.500000
v 103.000002 93.615927 -5.741181
v 92.800002 65.800000 -11.000000
v 92.800002 65.800000 -4.500000
v 92.541183 65.765926 -4.500000
v 92.300002 65.666025 -4.500000
v 92.092895 65.507107 -4.500000
v 91.933976 65.300000 -4.500000
v 91.834076 65.058819 -4.500000
v 91.800002 64.800000 -4.500000
v 91.834076 64.541181 -4.500000
v 91.933976 64.300000 -4.500000
v 92.092895 64.092893 -4.500000
v 92.300002 63.933975 -4.500000
v 92.541183 63.834074 -4.500000
v 73.200002 63.800000 -7.000000
v 73.395092 63.819215 -7.195090
v 73.582685 63.876120 -7.382683
v 73.755572 63.968530 -7.555570
v 73.907108 64.092893 -7.707107
v 74.031471 64.244430 -7.831470
v 74.123881 64.417317 -7.923880
v 74.180787 64.604910 -7.980785
v 74.195186 64.701983 -7.995185
v 74.200002 64.800000 -8.000000
v 74.195186 64.898017 -7.995185
v 74.180787 64.995090 -7.980785
v 74.123881 65.182683 -7.923880
v 74.031471 65.355570 -7.831470
v 73.907108 65.507107 -7.707107
v 73.755572 65.631470 -7.555570
v 73.582685 65.723880 -7.382683
v 73.395092 65.780785 -7.195090
v 92.541183 65.765926 -11.014114
v 92.300002 65.666025 -11.055494
v 92.092895 65.507107 -11.121320
v 91.933976 65.300000 -11.207107
v 91.834076 65.058819 -11.307007
v 91.800002 64.800000 -11.414214
v 92.541183 63.834074 -8.750000
v 92.300002 63.933975 -8.750000
v 92.092895 64.092893 -8.750000
v 91.933976 64.300000 -8.750000
v 91.834076 64.541181 -8.750000
v 91.834076 65.058819 -8.750000
v 91.933976 65.300000 -8.750000
v 92.092895 65.507107 -8.750000
v 92.300002 65.666025 -8.750000
v 92.541183 65.765926 -8.750000
v 4.706173 70.700001 -9.000000
v 34.300000 70.700001 -9.000000
v 34.300000 70.700001 -10.585786
v 4.706173 66.800000 -9.000000
v 34.300000 66.800000 -9.000000
v 4.706173 65.800000 -9.000000
v 32.300000 65.800000 -9.000000
v 32.300000 59.700001 -9.000000
v 32.334074 59.441182 -9.000000
v 32.433975 59.200001 -9.000000
v 32.592893 58.992894 -9.000000
v 32.800000 58.833975 -9.000000
v 33.041181 58.734075 -9.000000
v 33.300000 58.700001 -9.000000
v 34.300000 58.700001 -9.000000
v 34.300000 58.700001 -10.585786
v 34.334074 58.700001 -10.844605
v 34.433975 58.700001 -11.085786
v 34.592893 58.700001 -11.292893
v 34.592893 70.700001 -11.292893
v 34.433975 70.700001 -11.085786
v 34.334074 70.700001 -10.844605
v 34.334074 66.700001 -10.844605
v 34.334074 62.700001 -10.844605
v 34.433975 62.700001 -11.085786
v 34.433975 66.700001 -11.085786
v 59.500000 70.700001 -9.000000
v 4.706173 64.800000 -10.000000
v 32.300000 64.800000 -10.000000
v -0.993688 64.800000 -13.000000
v 32.300000 64.800000 -13.000000
v 59.200002 63.800000 -9.314141
v 59.327280 63.800000 -9.161790
v 59.421955 63.800000 -8.987297
v 59.480295 63.800000 -8.797541
v 58.661193 63.642426 -9.586922
v 58.750947 63.693374 -9.567919
v 58.847105 63.735610 -9.537790
v 58.944396 63.766731 -9.495738
v 59.037527 63.786661 -9.443140
v 34.300000 12.000000 -12.000000
v 34.300000 11.000000 -13.000000
v 34.300000 -1.600000 -13.000000
v 56.000002 20.720205 -11.200000
v 56.200002 20.740409 -11.000000
v 56.200002 20.740409 -9.000000
v 56.416507 20.811072 -9.000000
v 56.611409 20.928889 -9.000000
v 56.774598 21.087749 -9.000000
v 56.897611 21.279414 -9.000000
v 56.974068 21.493942 -9.000000
v 56.200002 14.000000 -11.000000
v 56.200002 13.971069 -10.761201
v 56.200002 13.885951 -10.536220
v 56.200002 13.749569 -10.338074
v 56.200002 13.569817 -10.178228
v 56.200002 13.357093 -10.065931
v 56.200002 13.123708 -10.007681
v 56.200002 12.883165 -10.006849
v 56.200002 12.649382 -10.063481
v 56.200002 12.435887 -10.174303
v 56.200002 18.720205 -8.000000
v 56.200002 18.754279 -8.258819
v 56.200002 18.854180 -8.500000
v 56.200002 19.013098 -8.707107
v 56.200002 19.220205 -8.866025
v 56.200002 19.461386 -8.965926
v 56.200002 19.720205 -9.000000
v 34.300000 1.000000 -8.000000
v 34.300000 1.034074 -8.258819
v 34.300000 1.133974 -8.500000
v 34.300000 1.292893 -8.707107
v 34.300000 1.500000 -8.866025
v 34.300000 1.741181 -8.965926
v 34.300000 2.000000 -9.000000
v 34.300000 1.000000 -5.400000
v 34.300000 10.000000 -9.000000
v 33.300000 20.700001 -12.600000
v 33.320444 20.700001 -12.444709
v 33.380385 20.700001 -12.300000
v 33.475736 20.700001 -12.175736
v 33.600000 20.700001 -12.080385
v 33.744709 20.700001 -12.020445
v 33.900000 20.700001 -12.000000
v 33.900000 58.700001 -12.000000
v 33.744709 58.700001 -12.020445
v 33.600000 58.700001 -12.080385
v 33.475736 58.700001 -12.175736
v 33.380385 58.700001 -12.300000
v 33.320444 58.700001 -12.444709
v 33.300000 58.700001 -12.600000
v 33.320444 23.866667 -12.444709
v 33.320444 27.033334 -12.444709
v 33.320444 30.200001 -12.444709
v 33.320444 33.366667 -12.444709
v 33.320444 36.533334 -12.444709
v 33.320444 39.700001 -12.444709
v 33.320444 42.866667 -12.444709
v 33.320444 46.033334 -12.444709
v 33.320444 49.200001 -12.444709
v 33.320444 52.366667 -12.444709
v 33.320444 55.533334 -12.444709
v 33.380385 23.866667 -12.300000
v 33.380385 27.033334 -12.300000
v 33.380385 30.200001 -12.300000
v 33.380385 33.366667 -12.300000
v 33.380385 36.533334 -12.300000
v 33.380385 39.700001 -12.300000
v 33.380385 42.866667 -12.300000
v 33.380385 46.033334 -12.300000
v 33.380385 49.200001 -12.300000
v 33.380385 52.366667 -12.300000
v 33.380385 55.533334 -12.300000
v 33.475736 23.866667 -12.175736
v 33.475736 27.033334 -12.175736
v 33.475736 30.200001 -12.175736
v 33.475736 33.366667 -12.175736
v 33.475736 36.533334 -12.175736
v 33.475736 39.700001 -12.175736
v 33.475736 42.866667 -12.175736
v 33.475736 46.033334 -12.175736
v 33.475736 49.200001 -12.175736
v 33.475736 52.366667 -12.175736
v 33.475736 55.533334 -12.175736
v 33.600000 23.866667 -12.080385
v 33.600000 27.033334 -12.080385
v 33.600000 30.200001 -12.080385
v 33.600000 33.366667 -12.080385
v 33.600000 36.533334 -12.080385
v 33.600000 39.700001 -12.080385
v 33.600000 42.866667 -12.080385
v 33.600000 46.033334 -12.080385
v 33.600000 49.200001 -12.080385
v 33.600000 52.366667 -12.080385
v 33.600000 55.533334 -12.080385
v 33.744709 23.866667 -12.020445
v 33.744709 27.033334 -12.020445
v 33.744709 30.200001 -12.020445
v 33.744709 33.366667 -12.020445
v 33.744709 36.533334 -12.020445
v 33.744709 39.700001 -12.020445
v 33.744709 42.866667 -12.020445
v 33.744709 46.033334 -12.020445
v 33.744709 49.200001 -12.020445
v 33.744709 52.366667 -12.020445
v 33.744709 55.533334 -12.020445
v 33.300000 58.700001 -13.000000
v 33.300000 20.700001 -13.000000
v 34.200000 20.700001 -12.000000
v 34.355291 20.700001 -12.020445
v 34.500000 20.700001 -12.080385
v 34.624264 20.700001 -12.175736
v 34.719615 20.700001 -12.300000
v 34.779555 20.700001 -12.444709
v 34.800000 20.700001 -12.600000
v 34.800000 58.700001 -12.600000
v 34.779555 58.700001 -12.444709
v 34.719615 58.700001 -12.300000
v 34.624264 58.700001 -12.175736
v 34.500000 58.700001 -12.080385
v 34.355291 58.700001 -12.020445
v 34.200000 58.700001 -12.000000
v 34.355291 23.866667 -12.020445
v 34.355291 27.033334 -12.020445
v 34.355291 30.200001 -12.020445
v 34.355291 33.366667 -12.020445
v 34.355291 36.533334 -12.020445
v 34.355291 39.700001 -12.020445
v 34.355291 42.866667 -12.020445
v 34.355291 46.033334 -12.020445
v 34.355291 49.200001 -12.020445
v 34.355291 52.366667 -12.020445
v 34.355291 55.533334 -12.020445
v 34.500000 23.866667 -12.080385
v 34.500000 27.033334 -12.080385
v 34.500000 30.200001 -12.080385
v 34.500000 33.366667 -12.080385
v 34.500000 36.533334 -12.080385
v 34.500000 39.700001 -12.080385
v 34.500000 42.866667 -12.080385
v 34.500000 46.033334 -12.080385
v 34.500000 49.200001 -12.080385
v 34.500000 52.366667 -12.080385
v 34.500000 55.533334 -12.080385
v 34.624264 23.866667 -12.175736
v 34.624264 27.033334 -12.175736
v 34.624264 30.200001 -12.175736
v 34.624264 33.366667 -12.175736
v 34.624264 36.533334 -12.175736
v 34.624264 39.700001 -12.175736
v 34.624264 42.866667 -12.175736
v 34.624264 46.033334 -12.175736
v 34.624264 49.200001 -12.175736
v 34.624264 52.366667 -12.175736
v 34.624264 55.533334 -12.175736
v 34.719615 23.866667 -12.300000
v 34.719615 27.033334 -12.300000
v 34.719615 30.200001 -12.300000
v 34.719615 33.366667 -12.300000
v 34.719615 36.533334 -12.300000
v 34.719615 39.700001 -12.300000
v 34.719615 42.866667 -12.300000
v 34.719615 46.033334 -12.300000
v 34.719615 49.200001 -12.300000
v 34.719615 52.366667 -12.300000
v 34.719615 55.533334 -12.300000
v 34.779555 23.866667 -12.444709
v 34.779555 27.033334 -12.444709
v 34.779555 30.200001 -12.444709
v 34.779555 33.366667 -12.444709
v 34.779555 36.533334 -12.444709
v 34.779555 39.700001 -12.444709
v 34.779555 42.866667 -12.444709
v 34.779555 46.033334 -12.444709
v 34.779555 49.200001 -12.444709
v 34.779555 52.366667 -12.444709
v 34.779555 55.533334 -12.444709
v 33.041181 58.734075 -13.000000
v 32.800000 58.833975 -13.000000
v 32.592893 58.992894 -13.000000
v 32.433975 59.200001 -13.000000
v 32.334074 59.441182 -13.000000
v 32.300000 59.700001 -13.000000
v -2.000000 45.000000 -13.000000
v -2.000000 8.000000 -13.000000
v -1.918435 6.725383 -13.000000
v -1.675070 5.471558 -13.000000
v -1.273876 4.258981 -13.000000
v -0.721397 3.107430 -13.000000
v -0.026645 2.035692 -13.000000
v 0.799045 1.061250 -13.000000
v 1.742205 0.200000 -13.000000
v 2.455580 -0.340906 -13.000000
v 3.080203 -0.749488 -13.000000
v 3.598951 -1.042824 -13.000000
v 3.994735 -1.238008 -13.000000
v 4.401197 -1.413264 -13.000000
v 4.954499 -1.615066 -13.000000
v 5.654236 -1.818837 -13.000000
v 6.500000 -2.000000 -13.000000
v 32.334074 19.958820 -13.000000
v 32.433975 20.200001 -13.000000
v 32.592893 20.407108 -13.000000
v 32.800000 20.566026 -13.000000
v 33.041181 20.665927 -13.000000
v -2.766070 6.250000 -12.970563
v -2.297090 6.250000 -13.405180
v -1.746658 6.250000 -13.730539
v -1.139778 6.250000 -13.931861
v -0.504018 6.250000 -14.000000
v -0.471393 5.586951 -14.000000
v -0.373542 4.929807 -14.000000
v -0.212021 4.286669 -14.000000
v 0.011148 3.663267 -14.000000
v 0.293943 3.065330 -14.000000
v 0.633984 2.498322 -14.000000
v 1.027467 1.967480 -14.000000
v 1.470245 1.478135 -14.000000
v 1.960365 1.033221 -14.000000
v 2.494243 0.636530 -14.000000
v 3.063514 0.294835 -14.000000
v 3.661988 0.011410 -14.000000
v 4.286061 -0.212178 -14.000000
v 4.931273 -0.373814 -14.000000
v 5.589105 -0.471371 -14.000000
v 6.250000 -0.504018 -14.000000
v 6.250000 -1.139778 -13.931861
v 6.250000 -1.746658 -13.730539
v 6.250000 -2.297090 -13.405180
v 6.250000 -2.766070 -12.970563
v 5.367759 -2.722490 -12.970563
v 4.489606 -2.592259 -12.970563
v 3.628299 -2.376488 -12.970563
v 2.795212 -2.078016 -12.970563
v 1.996298 -1.699667 -12.970563
v 1.236366 -1.243530 -12.970563
v 0.523682 -0.713981 -12.970563
v -0.130588 -0.120056 -12.970563
v -0.721661 0.533180 -12.970563
v -1.246930 1.241811 -12.970563
v -1.700857 1.998722 -12.970563
v -2.078366 2.796920 -12.970563
v -2.376278 3.629112 -12.970563
v -2.591896 4.487649 -12.970563
v -2.722519 5.364884 -12.970563
v -0.892355 1.365106 -13.322241
v 0.369132 2.227879 -13.976968
v -0.848699 5.639245 -13.976968
v -1.292280 5.601081 -13.886845
v -1.717227 5.564519 -13.730539
v -1.956280 5.543952 -13.608040
v -2.371420 5.508234 -13.322241
v -0.769932 5.032135 -13.976968
v -1.208591 4.956034 -13.886845
v -1.628823 4.883129 -13.730539
v -1.865223 4.842117 -13.608040
v -2.275757 4.770895 -13.322241
v -0.639558 4.435080 -13.976968
v -1.070070 4.321670 -13.886845
v -1.482497 4.213024 -13.730539
v -1.714507 4.151905 -13.608040
v -2.117417 4.045767 -13.322241
v -0.458993 3.852139 -13.976968
v -0.878222 3.702303 -13.886845
v -1.279840 3.558760 -13.730539
v -1.505769 3.478011 -13.608040
v -1.898119 3.337781 -13.322241
v -0.229657 3.287337 -13.976968
v -0.634555 3.102207 -13.886845
v -1.022444 2.924854 -13.730539
v -1.240651 2.825085 -13.608040
v -1.619589 2.651825 -13.322241
v 0.047026 2.744677 -13.976968
v -0.340583 2.525638 -13.886845
v -0.711909 2.315800 -13.730539
v -0.920798 2.197756 -13.608040
v -1.283556 1.992760 -13.322241
v 0.001651 1.976546 -13.886845
v -0.350393 1.735772 -13.730539
v -0.548435 1.600325 -13.608040
v 1.123271 1.302169 -13.976968
v 0.802914 0.992991 -13.886845
v 0.496015 0.696801 -13.730539
v 0.323369 0.530180 -13.608040
v 0.023552 0.240824 -13.322241
v -0.449415 0.773352 -13.322241
v -0.126823 1.037065 -13.608040
v 0.058937 1.188920 -13.730539
v 0.389148 1.458862 -13.886845
v 0.733840 1.740641 -13.976968
v 1.548110 0.896883 -13.976968
v 1.254300 0.562379 -13.886845
v 0.972832 0.241927 -13.730539
v 0.814493 0.061658 -13.608040
v 0.539521 -0.251399 -13.322241
v 2.016480 0.519271 -13.976968
v 1.751937 0.161171 -13.886845
v 1.498508 -0.181886 -13.730539
v 1.355942 -0.374871 -13.608040
v 1.108360 -0.710011 -13.322241
v 2.515795 0.182011 -13.976968
v 2.282453 -0.197164 -13.886845
v 2.058914 -0.560409 -13.730539
v 1.933163 -0.764752 -13.608040
v 1.714782 -1.119616 -13.322241
v 3.040068 -0.110983 -13.976968
v 2.839486 -0.508466 -13.886845
v 2.647332 -0.889251 -13.730539
v 2.539235 -1.103461 -13.608040
v 2.351514 -1.475459 -13.322241
v 3.586360 -0.358374 -13.976968
v 3.419915 -0.771316 -13.886845
v 3.260462 -1.166911 -13.730539
v 3.170763 -1.389452 -13.608040
v 3.014990 -1.775918 -13.322241
v 4.229978 -0.582572 -13.976968
v 4.103752 -1.009524 -13.886845
v 3.982828 -1.418539 -13.730539
v 3.914803 -1.648630 -13.608040
v 3.796669 -2.048207 -13.322241
v 4.894284 -0.744514 -13.976968
v 4.809569 -1.181585 -13.886845
v 4.728412 -1.600294 -13.730539
v 4.682758 -1.835839 -13.608040
v 4.603474 -2.244887 -13.322241
v 5.570731 -0.842229 -13.976968
v 5.528285 -1.285406 -13.886845
v 5.487623 -1.709965 -13.730539
v 5.464748 -1.948800 -13.608040
v 5.425023 -2.363563 -13.322241
v -1.750000 106.020985 -13.729016
v -1.451211 105.903455 -13.846546
v -1.141572 105.818530 -13.931471
v -0.824631 105.767182 -13.982819
v -0.504018 105.750001 -14.000000
v -2.766070 105.750001 -12.970563
v -2.573866 105.836816 -13.171573
v -2.205095 106.019720 -13.471049
v -1.988240 106.062644 -13.607091
v -1.872548 106.056638 -13.669629
v -1.747076 18.726581 -13.730349
v -1.747494 31.203161 -13.730159
v -1.747912 43.679742 -13.729968
v -1.748330 56.156322 -13.729778
v -1.748748 68.632903 -13.729587
v -1.749166 81.109483 -13.729397
v -1.749584 93.586064 -13.729206
v -1.141352 93.586064 -13.931519
v -1.141127 81.109483 -13.931568
v -1.140902 68.632903 -13.931617
v -1.140677 56.156322 -13.931666
v -1.140453 43.679742 -13.931715
v -1.140228 31.203161 -13.931763
v -1.140003 18.726581 -13.931812
v -2.297090 18.726581 -13.405180
v -2.297090 31.203161 -13.405180
v -2.297090 43.679742 -13.405180
v -2.297090 56.156322 -13.405180
v -2.297090 68.632903 -13.405180
v -2.297090 81.109483 -13.405180
v -2.297090 93.586064 -13.405180
v 101.750002 -0.504018 -14.000000
v 101.750002 -1.139778 -13.931861
v 101.750002 -1.746658 -13.730539
v 101.750002 -2.297090 -13.405180
v 101.750002 -2.766070 -12.970563
v 88.107144 -1.139778 -13.931861
v 74.464287 -1.139778 -13.931861
v 60.821429 -1.139778 -13.931861
v 47.178572 -1.139778 -13.931861
v 33.535715 -1.139778 -13.931861
v 19.892857 -1.139778 -13.931861
v 88.107144 -1.746658 -13.730539
v 74.464287 -1.746658 -13.730539
v 60.821429 -1.746658 -13.730539
v 47.178572 -1.746658 -13.730539
v 33.535715 -1.746658 -13.730539
v 19.892857 -1.746658 -13.730539
v 88.107144 -2.297090 -13.405180
v 74.464287 -2.297090 -13.405180
v 60.821429 -2.297090 -13.405180
v 47.178572 -2.297090 -13.405180
v 33.535715 -2.297090 -13.405180
v 19.892857 -2.297090 -13.405180
v 108.504019 6.250000 -14.000000
v 109.139780 6.250000 -13.931861
v 109.746660 6.250000 -13.730539
v 110.297092 6.250000 -13.405180
v 110.766072 6.250000 -12.970563
v 110.722189 5.369145 -12.970563
v 110.591445 4.492278 -12.970563
v 110.376425 3.631659 -12.970563
v 110.079745 2.799693 -12.970563
v 109.702013 2.002553 -12.970563
v 109.245627 1.242385 -12.970563
v 108.717682 0.529595 -12.970563
v 108.125308 -0.125332 -12.970563
v 107.471384 -0.717763 -12.970563
v 106.759187 -1.246171 -12.970563
v 105.998498 -1.702350 -12.970563
v 105.199340 -2.080274 -12.970563
v 104.367914 -2.377730 -12.970563
v 103.509080 -2.592803 -12.970563
v 102.631691 -2.722757 -12.970563
v 102.410483 -0.471571 -14.000000
v 103.067742 -0.374222 -14.000000
v 103.711103 -0.213109 -14.000000
v 104.333932 0.009719 -14.000000
v 104.932588 0.292824 -14.000000
v 105.502427 0.634552 -14.000000
v 106.035940 1.030387 -14.000000
v 106.525800 1.474183 -14.000000
v 106.969552 1.964794 -14.000000
v 107.365040 2.498751 -14.000000
v 107.706924 3.068200 -14.000000
v 107.989886 3.665345 -14.000000
v 108.212131 4.288578 -14.000000
v 108.373205 4.933275 -14.000000
v 108.471146 5.590144 -14.000000
v 110.478995 5.566382 -13.234087
v 110.119222 5.594558 -13.511192
v 109.721808 5.625682 -13.730539
v 109.474367 5.645061 -13.830374
v 108.985859 5.683318 -13.957286
v 110.397589 4.883745 -13.234087
v 110.041171 4.940056 -13.511192
v 109.647463 5.002259 -13.730539
v 109.402330 5.040988 -13.830374
v 108.918377 5.117449 -13.957286
v 110.263255 4.208095 -13.234087
v 109.912374 4.292254 -13.511192
v 109.524782 4.385218 -13.730539
v 109.283457 4.443099 -13.830374
v 108.807022 4.557372 -13.957286
v 110.077291 3.545582 -13.234087
v 109.734074 3.657047 -13.511192
v 109.354949 3.780174 -13.730539
v 109.118895 3.856836 -13.830374
v 108.652868 4.008186 -13.957286
v 109.553629 2.279433 -13.234087
v 109.231996 2.443083 -13.511192
v 108.876712 2.623855 -13.730539
v 108.655502 2.736409 -13.830374
v 108.218781 2.958617 -13.957286
v 108.455887 3.472320 -13.957286
v 108.908616 3.284793 -13.830374
v 109.137933 3.189806 -13.730539
v 109.506240 3.037248 -13.511192
v 109.839663 2.899139 -13.234087
v 109.216799 1.679012 -13.234087
v 108.909048 1.867410 -13.511192
v 108.569099 2.075518 -13.730539
v 108.357438 2.205092 -13.830374
v 107.939567 2.460902 -13.957286
v 108.833683 1.105431 -13.234087
v 108.541723 1.317469 -13.511192
v 108.219216 1.551691 -13.730539
v 108.018415 1.697524 -13.830374
v 107.621985 1.985434 -13.957286
v 108.407830 0.563905 -13.234087
v 108.133422 0.798262 -13.511192
v 107.830304 1.057139 -13.730539
v 107.641574 1.218323 -13.830374
v 107.268977 1.536539 -13.957286
v 107.439522 -0.405564 -13.234087
v 107.205023 -0.131248 -13.511192
v 106.945990 0.171766 -13.730539
v 106.784710 0.360432 -13.830374
v 106.466302 0.732903 -13.957286
v 106.882462 1.117519 -13.957286
v 107.228965 0.771015 -13.830374
v 107.404477 0.595502 -13.730539
v 107.686367 0.313611 -13.511192
v 107.941558 0.058420 -13.234087
v 106.898801 -0.831988 -13.234087
v 106.686588 -0.540097 -13.511192
v 106.452173 -0.217668 -13.730539
v 106.306221 -0.016915 -13.830374
v 106.018074 0.379420 -13.957286
v 106.325465 -1.215546 -13.234087
v 106.136883 -0.907847 -13.511192
v 105.928571 -0.567955 -13.730539
v 105.798871 -0.356329 -13.830374
v 105.542810 0.061472 -13.957286
v 105.724491 -1.552237 -13.234087
v 105.560679 -1.230661 -13.511192
v 105.379728 -0.875440 -13.730539
v 105.267064 -0.654270 -13.830374
v 105.044636 -0.217627 -13.957286
v 104.456897 -2.077408 -13.234087
v 104.345330 -1.734186 -13.511192
v 104.222091 -1.355055 -13.730539
v 104.145358 -1.118998 -13.830374
v 103.993870 -0.652965 -13.957286
v 104.526902 -0.456313 -13.957286
v 104.714377 -0.909070 -13.830374
v 104.809337 -1.138402 -13.730539
v 104.961853 -1.506732 -13.511192
v 105.099923 -1.840176 -13.234087
v 103.795414 -2.263981 -13.234087
v 103.711111 -1.913070 -13.511192
v 103.617987 -1.525444 -13.730539
v 103.560006 -1.284099 -13.830374
v 103.445537 -0.807624 -13.957286
v 103.119175 -2.398460 -13.234087
v 103.062744 -2.042006 -13.511192
v 103.000408 -1.648258 -13.730539
v 102.961596 -1.403101 -13.830374
v 102.884972 -0.919100 -13.957286
v 102.435137 -2.479272 -13.234087
v 102.406899 -2.119487 -13.511192
v 102.375706 -1.722060 -13.730539
v 102.356284 -1.474612 -13.830374
v 102.317942 -0.986088 -13.957286
v 110.573867 105.836816 -13.171573
v 110.766072 105.750001 -12.970563
v 108.504019 105.750001 -14.000000
v 108.824633 105.767182 -13.982819
v 109.141574 105.818530 -13.931471
v 109.451213 105.903455 -13.846546
v 109.750002 106.020985 -13.729016
v 109.872550 106.056638 -13.669629
v 109.988242 106.062644 -13.607091
v 110.205097 106.019720 -13.471049
v 110.297092 18.726581 -13.405180
v 110.297092 31.203161 -13.405180
v 110.297092 43.679742 -13.405180
v 110.297092 56.156322 -13.405180
v 110.297092 68.632903 -13.405180
v 110.297092 81.109483 -13.405180
v 110.297092 93.586064 -13.405180
v 109.747078 18.726581 -13.730349
v 109.747496 31.203161 -13.730159
v 109.747914 43.679742 -13.729968
v 109.748332 56.156322 -13.729778
v 109.748750 68.632903 -13.729587
v 109.749167 81.109483 -13.729397
v 109.749585 93.586064 -13.729206
v 109.140004 18.726581 -13.931812
v 109.140229 31.203161 -13.931763
v 109.140454 43.679742 -13.931715
v 109.140679 56.156322 -13.931666
v 109.140904 68.632903 -13.931617
v 109.141129 81.109483 -13.931568
v 109.141354 93.586064 -13.931519
v -3.186008 6.250000 -12.391035
v -3.495950 6.250000 -11.745950
v -3.685975 6.250000 -11.055957
v -3.750000 6.250000 -10.343146
v -3.750000 105.750001 -10.343146
v -3.685975 105.750001 -11.055957
v -3.495950 105.750001 -11.745950
v -3.186008 105.750001 -12.391035
v -3.186008 20.464286 -12.391035
v -3.186008 34.678572 -12.391035
v -3.186008 48.892857 -12.391035
v -3.186008 63.107143 -12.391035
v -3.186008 77.321429 -12.391035
v -3.186008 91.535715 -12.391035
v -3.495950 20.464286 -11.745950
v -3.495950 34.678572 -11.745950
v -3.495950 48.892857 -11.745950
v -3.495950 63.107143 -11.745950
v -3.495950 77.321429 -11.745950
v -3.495950 91.535715 -11.745950
v -3.685975 20.464286 -11.055957
v -3.685975 34.678572 -11.055957
v -3.685975 48.892857 -11.055957
v -3.685975 63.107143 -11.055957
v -3.685975 77.321429 -11.055957
v -3.685975 91.535715 -11.055957
v 6.250000 -3.186008 -12.391035
v 6.250000 -3.495950 -11.745950
v 6.250000 -3.685975 -11.055957
v 4.826852 -3.648214 -10.343146
v 3.432674 -3.344930 -10.343146
v 2.095850 -2.846320 -10.343146
v 0.843592 -2.162535 -10.343146
v -0.298607 -1.307496 -10.343146
v -1.307496 -0.298607 -10.343146
v -2.162535 0.843592 -10.343146
v -2.846320 2.095850 -10.343146
v -3.344930 3.432674 -10.343146
v -3.648214 4.826852 -10.343146
v -3.089855 4.907132 -12.391218
v -3.396701 4.863014 -11.746083
v -3.584829 4.835965 -11.056027
v -2.803678 3.591600 -12.391218
v -3.101123 3.504263 -11.746083
v -3.283486 3.450716 -11.056027
v -2.333195 2.330186 -12.391218
v -2.615183 2.201407 -11.746083
v -2.788069 2.122452 -11.056027
v -1.687983 1.148568 -12.391218
v -1.948773 0.980969 -11.746083
v -2.108663 0.878213 -11.056027
v -0.881176 0.070800 -12.391218
v -1.115460 -0.132207 -11.746083
v -1.259099 -0.256672 -11.056027
v 0.070800 -0.881176 -12.391218
v -0.132207 -1.115460 -11.746083
v -0.256672 -1.259099 -11.056027
v 1.148568 -1.687983 -12.391218
v 0.980969 -1.948773 -11.746083
v 0.878213 -2.108663 -11.056027
v 2.330186 -2.333195 -12.391218
v 2.201407 -2.615183 -11.746083
v 2.122452 -2.788069 -11.056027
v 3.591600 -2.803678 -12.391218
v 3.504263 -3.101123 -11.746083
v 3.450716 -3.283486 -11.056027
v 4.907132 -3.089855 -12.391218
v 4.863014 -3.396701 -11.746083
v 4.835965 -3.584829 -11.056027
v 101.750002 -3.186008 -12.391035
v 101.750002 -3.495950 -11.745950
v 101.750002 -3.685975 -11.055957
v 19.892857 -3.685975 -11.055957
v 33.535715 -3.685975 -11.055957
v 47.178572 -3.685975 -11.055957
v 60.821429 -3.685975 -11.055957
v 74.464287 -3.685975 -11.055957
v 88.107144 -3.685975 -11.055957
v 19.892857 -3.495950 -11.745950
v 33.535715 -3.495950 -11.745950
v 47.178572 -3.495950 -11.745950
v 60.821429 -3.495950 -11.745950
v 74.464287 -3.495950 -11.745950
v 88.107144 -3.495950 -11.745950
v 19.892857 -3.186008 -12.391035
v 33.535715 -3.186008 -12.391035
v 47.178572 -3.186008 -12.391035
v 60.821429 -3.186008 -12.391035
v 74.464287 -3.186008 -12.391035
v 88.107144 -3.186008 -12.391035
v 111.186009 6.250000 -12.391035
v 111.495951 6.250000 -11.745950
v 111.685977 6.250000 -11.055957
v 111.750002 6.250000 -10.343146
v 111.648216 4.826852 -10.343146
v 111.344931 3.432674 -10.343146
v 110.846322 2.095850 -10.343146
v 110.162537 0.843592 -10.343146
v 109.307497 -0.298607 -10.343146
v 108.298609 -1.307496 -10.343146
v 107.156410 -2.162535 -10.343146
v 105.904152 -2.846320 -10.343146
v 104.567327 -3.344930 -10.343146
v 103.173150 -3.648214 -10.343146
v 103.092828 -3.089562 -12.391714
v 103.136969 -3.396567 -11.746443
v 103.164032 -3.584795 -11.056216
v 104.408318 -2.803395 -12.391714
v 104.495701 -3.100993 -11.746443
v 104.549276 -3.283453 -11.056216
v 105.669693 -2.332926 -12.391714
v 105.798539 -2.615060 -11.746443
v 105.877535 -2.788038 -11.056216
v 106.851274 -1.687734 -12.391714
v 107.018960 -1.948659 -11.746443
v 107.121770 -2.108635 -11.056216
v 107.929007 -0.880953 -12.391714
v 108.132120 -1.115358 -11.746443
v 108.256651 -1.259073 -11.056216
v 108.880954 0.070994 -12.391714
v 109.115359 -0.132119 -11.746443
v 109.259075 -0.256649 -11.056216
v 109.687736 1.148728 -12.391714
v 109.948661 0.981042 -11.746443
v 110.108636 0.878232 -11.056216
v 110.332928 2.330309 -12.391714
v 110.615061 2.201463 -11.746443
v 110.788040 2.122466 -11.056216
v 110.803396 3.591683 -12.391714
v 111.100995 3.504301 -11.746443
v 111.283455 3.450726 -11.056216
v 111.089564 4.907174 -12.391714
v 111.396569 4.863033 -11.746443
v 111.584796 4.835970 -11.056216
v 111.186009 105.750001 -12.391035
v 111.495951 105.750001 -11.745950
v 111.685977 105.750001 -11.055957
v 111.750002 105.750001 -10.343146
v 111.186009 91.535715 -12.391035
v 111.186009 77.321429 -12.391035
v 111.186009 63.107143 -12.391035
v 111.186009 48.892857 -12.391035
v 111.186009 34.678572 -12.391035
v 111.186009 20.464286 -12.391035
v 111.495951 91.535715 -11.745950
v 111.495951 77.321429 -11.745950
v 111.495951 63.107143 -11.745950
v 111.495951 48.892857 -11.745950
v 111.495951 34.678572 -11.745950
v 111.495951 20.464286 -11.745950
v 111.685977 91.535715 -11.055957
v 111.685977 77.321429 -11.055957
v 111.685977 63.107143 -11.055957
v 111.685977 48.892857 -11.055957
v 111.685977 34.678572 -11.055957
v 111.685977 20.464286 -11.055957
v 110.528405 106.033513 -13.171573
v 110.436716 106.213374 -13.171573
v 110.304245 106.365716 -13.171573
v 110.138859 106.481493 -13.171573
v 109.950380 106.553829 -13.171573
v 109.750002 106.578428 -13.171573
v 109.750002 107.075879 -12.565427
v 109.750002 107.445519 -11.873879
v 109.750002 107.673142 -11.123507
v 109.750002 107.750001 -10.343146
v 110.267640 107.681852 -10.343146
v 110.750002 107.482052 -10.343146
v 111.164215 107.164214 -10.343146
v 111.482052 106.750001 -10.343146
v 111.681853 106.267639 -10.343146
v 111.030702 106.093163 -12.565427
v 111.387746 106.188833 -11.873879
v 111.607613 106.247746 -11.123507
v 110.898246 106.412940 -12.565427
v 111.218363 106.597760 -11.873879
v 111.415491 106.711571 -11.123507
v 110.687539 106.687538 -12.565427
v 110.948914 106.948913 -11.873879
v 111.109868 107.109867 -11.123507
v 110.412941 106.898245 -12.565427
v 110.597761 107.218363 -11.873879
v 110.711572 107.415490 -11.123507
v 110.093164 107.030701 -12.565427
v 110.188834 107.387746 -11.873879
v 110.247747 107.607612 -11.123507
v 56.200002 58.679797 -11.000000
v 56.000002 58.700001 -11.200000
v 56.200002 64.800000 -11.000000
v 57.069475 65.791445 -10.991445
v 56.941183 65.765926 -10.965926
v 56.817318 65.723880 -10.935978
v 56.700002 65.666025 -10.914214
v 56.591240 65.593353 -10.901004
v 56.492895 65.507107 -10.896575
v 56.406648 65.408761 -10.901004
v 56.333976 65.300000 -10.914214
v 56.276122 65.182683 -10.935978
v 56.234076 65.058819 -10.965926
v 56.208557 64.930526 -10.991445
v 59.500000 70.700001 1.000000
v 32.334074 19.958820 -9.000000
v 32.433975 20.200001 -9.000000
v 32.592893 20.407108 -9.000000
v 32.800000 20.566026 -9.000000
v 33.041181 20.665927 -9.000000
v 33.300000 20.700001 -9.000000
v 34.300000 20.700001 -9.000000
v 34.300000 20.700001 -10.585786
v 34.334074 20.700001 -10.844605
v 34.433975 20.700001 -11.085786
v 34.592893 20.700001 -11.292893
v 34.300000 10.258819 -8.965926
v 34.300000 10.500000 -8.866025
v 34.300000 10.707106 -8.707107
v 34.300000 10.866025 -8.500000
v 34.300000 10.965926 -8.258819
v 34.300000 11.000000 -8.000000
v 34.300000 11.000000 -5.400000
v 111.750002 81.350001 -7.271573
v 111.750002 81.363630 -7.375100
v 111.750002 81.403591 -7.471573
v 111.750002 81.467158 -7.554416
v 111.750002 81.550001 -7.617983
v 111.750002 81.646473 -7.657943
v 111.750002 81.750001 -7.671573
v 110.500002 81.750001 -7.671573
v 110.500002 81.646473 -7.657943
v 110.500002 81.550001 -7.617983
v 110.500002 81.467158 -7.554416
v 110.500002 81.403591 -7.471573
v 110.500002 81.363630 -7.375100
v 110.500002 81.350001 -7.271573
v 111.750002 89.350001 -7.671573
v 110.500002 89.350001 -7.671573
v 111.750002 89.453528 -7.657943
v 111.750002 89.550001 -7.617983
v 111.750002 89.632844 -7.554416
v 111.750002 89.696411 -7.471573
v 111.750002 89.736371 -7.375100
v 111.750002 89.750001 -7.271573
v 110.500002 89.750001 -7.271573
v 110.500002 89.736371 -7.375100
v 110.500002 89.696411 -7.471573
v 110.500002 89.632844 -7.554416
v 110.500002 89.550001 -7.617983
v 110.500002 89.453528 -7.657943
v 111.750002 89.750001 -3.071573
v 110.500002 89.750001 -3.071573
v 111.750002 89.736371 -2.968045
v 111.750002 89.696411 -2.871573
v 111.750002 89.632844 -2.788730
v 111.750002 89.550001 -2.725163
v 111.750002 89.453528 -2.685203
v 111.750002 89.350001 -2.671573
v 110.500002 89.350001 -2.671573
v 110.500002 89.453528 -2.685203
v 110.500002 89.550001 -2.725163
v 110.500002 89.632844 -2.788730
v 110.500002 89.696411 -2.871573
v 110.500002 89.736371 -2.968045
v 111.750002 81.750001 -2.671573
v 110.500002 81.750001 -2.671573
v 111.750002 81.646473 -2.685203
v 111.750002 81.550001 -2.725163
v 111.750002 81.467158 -2.788730
v 111.750002 81.403591 -2.871573
v 111.750002 81.363630 -2.968045
v 111.750002 81.350001 -3.071573
v 110.500002 81.350001 -3.071573
v 110.500002 81.363630 -2.968045
v 110.500002 81.403591 -2.871573
v 110.500002 81.467158 -2.788730
v 110.500002 81.550001 -2.725163
v 110.500002 81.646473 -2.685203
v 34.300000 -2.000000 -12.600000
v 34.300000 -1.986370 -12.703528
v 34.300000 -1.946410 -12.800000
v 34.300000 -1.882843 -12.882843
v 34.300000 -1.800000 -12.946410
v 34.300000 -1.703528 -12.986370
v 34.300000 12.000000 -11.000000
v 34.300000 12.030294 -10.755723
v 34.300000 12.119342 -10.526247
v 34.300000 12.261749 -10.325474
v 34.300000 12.448885 -10.165571
v 34.300000 12.669412 -10.056225
v 34.300000 12.909970 -10.004061
v 34.300000 13.155982 -10.012240
v 34.300000 13.392544 -10.080267
v 34.300000 13.605322 -10.204019
v 34.300000 13.781423 -10.375999
v 34.300000 13.910180 -10.585786
v 34.305184 13.949591 -10.686784
v 34.321603 13.978236 -10.792514
v 34.350191 13.994779 -10.898423
v 34.389820 14.000000 -11.000000
v 34.445661 14.000000 -11.105502
v 34.513675 14.000000 -11.203599
v 34.592893 14.000000 -11.292893
v 34.433975 17.305090 -11.085786
v 34.334074 17.305090 -10.844605
v 109.050002 76.600001 -8.671573
v 109.250002 76.600001 -8.871573
v 109.250002 94.500001 -8.871573
v 109.050002 94.500001 -8.671573
v 109.250002 76.600001 -8.921573
v 109.250002 94.500001 -8.921573
v 66.300000 70.700001 1.000000
v 66.558819 70.734075 1.000000
v 66.800000 70.833975 1.000000
v 67.007107 70.992894 1.000000
v 67.166025 71.200001 1.000000
v 67.265926 71.441182 1.000000
v 108.020446 94.500001 -1.226864
v 108.080386 94.500001 -1.371573
v 108.175738 94.500001 -1.495837
v 108.300002 94.500001 -1.591188
v 108.444710 94.500001 -1.651128
v 108.600002 94.500001 -1.671573
v 108.600002 76.600001 -1.671573
v 108.444710 76.600001 -1.651128
v 108.300002 76.600001 -1.591188
v 108.175738 76.600001 -1.495837
v 108.080386 76.600001 -1.371573
v 108.020446 76.600001 -1.226864
v 108.020446 91.516667 -1.226864
v 108.020446 88.533334 -1.226864
v 108.020446 85.550001 -1.226864
v 108.020446 82.566667 -1.226864
v 108.020446 79.583334 -1.226864
v 108.080386 91.516667 -1.371573
v 108.080386 88.533334 -1.371573
v 108.080386 85.550001 -1.371573
v 108.080386 82.566667 -1.371573
v 108.080386 79.583334 -1.371573
v 108.175738 91.516667 -1.495837
v 108.175738 88.533334 -1.495837
v 108.175738 85.550001 -1.495837
v 108.175738 82.566667 -1.495837
v 108.175738 79.583334 -1.495837
v 108.300002 91.516667 -1.591188
v 108.300002 88.533334 -1.591188
v 108.300002 85.550001 -1.591188
v 108.300002 82.566667 -1.591188
v 108.300002 79.583334 -1.591188
v 108.444710 91.516667 -1.651128
v 108.444710 88.533334 -1.651128
v 108.444710 85.550001 -1.651128
v 108.444710 82.566667 -1.651128
v 108.444710 79.583334 -1.651128
v 110.500002 94.500001 -1.671573
v 110.500002 76.600001 -1.671573
v 108.000002 77.450001 -6.000000
v 108.000002 77.484075 -5.741181
v 108.000002 77.583975 -5.500000
v 108.000002 77.742894 -5.292893
v 108.000002 77.950001 -5.133975
v 108.000002 78.191182 -5.034074
v 108.000002 78.450001 -5.000000
v 108.000002 78.708820 -5.034074
v 108.000002 78.950001 -5.133975
v 108.000002 79.157108 -5.292893
v 108.000002 79.316026 -5.500000
v 108.000002 79.415927 -5.741181
v 108.000002 79.450001 -6.000000
v 108.000002 79.450001 -8.671573
v 107.966670 79.450001 -8.560407
v 107.908608 79.450001 -8.459920
v 107.828944 79.450001 -8.375526
v 107.731969 79.450001 -8.311771
v 107.622908 79.450001 -8.272090
v 107.507637 79.450001 -8.258621
v 108.000002 93.615927 -5.741181
v 108.000002 93.516026 -5.500000
v 108.000002 93.357108 -5.292893
v 108.000002 93.150001 -5.133975
v 108.000002 92.908820 -5.034074
v 108.000002 92.650001 -5.000000
v 108.000002 92.391182 -5.034074
v 108.000002 92.150001 -5.133975
v 108.000002 91.942894 -5.292893
v 108.000002 91.783975 -5.500000
v 108.000002 91.684075 -5.741181
v 108.000002 91.650001 -6.000000
v 108.000002 91.650001 -8.671573
v 107.966670 91.650001 -8.560407
v 107.908608 91.650001 -8.459920
v 107.828944 91.650001 -8.375526
v 107.731969 91.650001 -8.311771
v 107.622908 91.650001 -8.272090
v 107.507637 91.650001 -8.258621
v 107.966670 89.210001 -8.560407
v 107.966670 86.770001 -8.560407
v 107.966670 84.330001 -8.560407
v 107.966670 81.890001 -8.560407
v 107.908608 89.210001 -8.459920
v 107.908608 86.770001 -8.459920
v 107.908608 84.330001 -8.459920
v 107.908608 81.890001 -8.459920
v 107.828944 89.210001 -8.375526
v 107.828944 86.770001 -8.375526
v 107.828944 84.330001 -8.375526
v 107.828944 81.890001 -8.375526
v 107.731969 89.210001 -8.311771
v 107.731969 86.770001 -8.311771
v 107.731969 84.330001 -8.311771
v 107.731969 81.890001 -8.311771
v 107.622908 89.210001 -8.272090
v 107.622908 86.770001 -8.272090
v 107.622908 84.330001 -8.272090
v 107.622908 81.890001 -8.272090
v 110.500002 76.600001 -8.921573
v 110.500002 94.500001 -8.921573
v 94.800002 -2.000000 -12.600000
v 94.800002 -1.989525 -12.690939
v 94.800002 -1.958650 -12.777115
v 94.800002 -1.908992 -12.854016
v 94.800002 -1.843151 -12.917612
v 94.800002 -1.764575 -12.964575
v 94.800002 0.200000 -11.000000
v 100.000002 -2.000000 -12.600000
v 48.450000 -2.000000 -5.500000
v 42.150000 -2.000000 -5.500000
v 41.477070 -2.000000 -5.588593
v 40.850000 -2.000000 -5.848334
v 40.311522 -2.000000 -6.261522
v 39.898334 -2.000000 -6.800000
v 39.638593 -2.000000 -7.427070
v 39.550000 -2.000000 -8.100000
v 39.550000 -2.000000 -8.900000
v 39.638593 -2.000000 -9.572930
v 39.898334 -2.000000 -10.200000
v 40.311522 -2.000000 -10.738478
v 40.850000 -2.000000 -11.151666
v 41.477070 -2.000000 -11.411407
v 42.150000 -2.000000 -11.500000
v 48.450000 -2.000000 -11.500000
v 49.122929 -2.000000 -11.411407
v 49.750000 -2.000000 -11.151666
v 50.288478 -2.000000 -10.738478
v 50.701666 -2.000000 -10.200000
v 50.961407 -2.000000 -9.572930
v 51.050000 -2.000000 -8.900000
v 51.050000 -2.000000 -8.100000
v 50.961407 -2.000000 -7.427070
v 50.701666 -2.000000 -6.800000
v 50.288478 -2.000000 -6.261522
v 49.750000 -2.000000 -5.848334
v 49.122929 -2.000000 -5.588593
v 69.029413 -1.986370 -12.703528
v 66.858825 -1.986370 -12.703528
v 64.688237 -1.986370 -12.703528
v 62.517648 -1.986370 -12.703528
v 60.347060 -1.986370 -12.703528
v 58.176472 -1.986370 -12.703528
v 56.005883 -1.986370 -12.703528
v 53.835295 -1.986370 -12.703528
v 51.664707 -1.986370 -12.703528
v 49.494118 -1.986370 -12.703528
v 47.323530 -1.986370 -12.703528
v 45.152942 -1.986370 -12.703528
v 42.982353 -1.986370 -12.703528
v 40.811765 -1.986370 -12.703528
v 38.641177 -1.986370 -12.703528
v 36.470588 -1.986370 -12.703528
v 69.029413 -1.946410 -12.800000
v 66.858825 -1.946410 -12.800000
v 64.688237 -1.946410 -12.800000
v 62.517648 -1.946410 -12.800000
v 60.347060 -1.946410 -12.800000
v 58.176472 -1.946410 -12.800000
v 56.005883 -1.946410 -12.800000
v 53.835295 -1.946410 -12.800000
v 51.664707 -1.946410 -12.800000
v 49.494118 -1.946410 -12.800000
v 47.323530 -1.946410 -12.800000
v 45.152942 -1.946410 -12.800000
v 42.982353 -1.946410 -12.800000
v 40.811765 -1.946410 -12.800000
v 38.641177 -1.946410 -12.800000
v 36.470588 -1.946410 -12.800000
v 69.029413 -1.882843 -12.882843
v 66.858825 -1.882843 -12.882843
v 64.688237 -1.882843 -12.882843
v 62.517648 -1.882843 -12.882843
v 60.347060 -1.882843 -12.882843
v 58.176472 -1.882843 -12.882843
v 56.005883 -1.882843 -12.882843
v 53.835295 -1.882843 -12.882843
v 51.664707 -1.882843 -12.882843
v 49.494118 -1.882843 -12.882843
v 47.323530 -1.882843 -12.882843
v 45.152942 -1.882843 -12.882843
v 42.982353 -1.882843 -12.882843
v 40.811765 -1.882843 -12.882843
v 38.641177 -1.882843 -12.882843
v 36.470588 -1.882843 -12.882843
v 69.029413 -1.800000 -12.946410
v 66.858825 -1.800000 -12.946410
v 64.688237 -1.800000 -12.946410
v 62.517648 -1.800000 -12.946410
v 60.347060 -1.800000 -12.946410
v 58.176472 -1.800000 -12.946410
v 56.005883 -1.800000 -12.946410
v 53.835295 -1.800000 -12.946410
v 51.664707 -1.800000 -12.946410
v 49.494118 -1.800000 -12.946410
v 47.323530 -1.800000 -12.946410
v 45.152942 -1.800000 -12.946410
v 42.982353 -1.800000 -12.946410
v 40.811765 -1.800000 -12.946410
v 38.641177 -1.800000 -12.946410
v 36.470588 -1.800000 -12.946410
v 56.005883 -1.703528 -12.986370
v 53.835295 -1.703528 -12.986370
v 51.664707 -1.703528 -12.986370
v 49.494118 -1.703528 -12.986370
v 47.323530 -1.703528 -12.986370
v 45.152942 -1.703528 -12.986370
v 42.982353 -1.703528 -12.986370
v 40.811765 -1.703528 -12.986370
v 38.641177 -1.703528 -12.986370
v 36.470588 -1.703528 -12.986370
v 57.069475 0.208555 -10.991445
v 56.941183 0.234074 -10.965926
v -0.409916 100.400289 -13.000000
v 0.435535 100.696125 -13.000000
v 1.193959 101.172675 -13.000000
v 1.827326 101.806042 -13.000000
v 2.303875 102.564466 -13.000000
v 2.599712 103.409917 -13.000000
v 2.700000 104.300001 -13.000000
v 2.700000 104.300001 -8.000000
v 2.599712 103.409917 -8.000000
v 2.303875 102.564466 -8.000000
v 1.827326 101.806042 -8.000000
v 1.193959 101.172675 -8.000000
v 0.435535 100.696125 -8.000000
v -0.409916 100.400289 -8.000000
v 61.300000 104.300001 -13.000000
v 61.300000 104.300001 -8.000000
v 64.409916 76.599712 -13.000000
v 63.564465 76.303876 -13.000000
v 62.806041 75.827327 -13.000000
v 62.172674 75.193960 -13.000000
v 61.696124 74.435536 -13.000000
v 61.400288 73.590085 -13.000000
v 61.400288 73.590085 -8.000000
v 61.696124 74.435536 -8.000000
v 62.172674 75.193960 -8.000000
v 62.806041 75.827327 -8.000000
v 63.564465 76.303876 -8.000000
v 64.409916 76.599712 -8.000000
v -0.409916 76.599712 -13.000000
v 0.435535 76.303876 -13.000000
v 1.193959 75.827327 -13.000000
v 1.827326 75.193960 -13.000000
v 2.303875 74.435536 -13.000000
v 2.599712 73.590085 -13.000000
v 64.409916 100.400289 -13.000000
v 63.564465 100.696125 -13.000000
v 62.806041 101.172675 -13.000000
v 62.172674 101.806042 -13.000000
v 61.696124 102.564466 -13.000000
v 61.400288 103.409917 -13.000000
v -0.200000 97.750001 -13.000000
v 64.200000 97.750001 -13.000000
v 64.200000 79.250001 -13.000000
v -0.200000 79.250001 -13.000000
v 64.409916 100.400289 -8.000000
v 63.564465 100.696125 -8.000000
v 62.806041 101.172675 -8.000000
v 62.172674 101.806042 -8.000000
v 61.696124 102.564466 -8.000000
v 61.400288 103.409917 -8.000000
v -0.409916 76.599712 -8.000000
v 0.435535 76.303876 -8.000000
v 1.193959 75.827327 -8.000000
v 1.827326 75.193960 -8.000000
v 2.303875 74.435536 -8.000000
v 2.599712 73.590085 -8.000000
v -1.750000 106.578428 -13.171573
v -1.750000 107.075879 -12.565427
v -1.750000 107.445519 -11.873879
v -1.750000 107.673142 -11.123507
v -1.750000 107.750001 -10.343146
v 14.178572 107.075879 -12.565427
v 30.107143 107.075879 -12.565427
v 46.035715 107.075879 -12.565427
v 61.964287 107.075879 -12.565427
v 77.892858 107.075879 -12.565427
v 93.821430 107.075879 -12.565427
v 14.178572 107.445519 -11.873879
v 30.107143 107.445519 -11.873879
v 46.035715 107.445519 -11.873879
v 61.964287 107.445519 -11.873879
v 77.892858 107.445519 -11.873879
v 93.821430 107.445519 -11.873879
v 14.178572 107.673142 -11.123507
v 30.107143 107.673142 -11.123507
v 46.035715 107.673142 -11.123507
v 61.964287 107.673142 -11.123507
v 77.892858 107.673142 -11.123507
v 93.821430 107.673142 -11.123507
v -3.681852 106.267639 -10.343146
v -3.482051 106.750001 -10.343146
v -3.164214 107.164214 -10.343146
v -2.750000 107.482052 -10.343146
v -2.267638 107.681852 -10.343146
v -1.950379 106.553829 -13.171573
v -2.138858 106.481493 -13.171573
v -2.304243 106.365716 -13.171573
v -2.436714 106.213374 -13.171573
v -2.528404 106.033513 -13.171573
v -3.607612 106.247746 -11.123507
v -3.387745 106.188833 -11.873879
v -3.030700 106.093163 -12.565427
v -3.415489 106.711571 -11.123507
v -3.218362 106.597760 -11.873879
v -2.898244 106.412940 -12.565427
v -3.109866 107.109867 -11.123507
v -2.948912 106.948913 -11.873879
v -2.687538 106.687538 -12.565427
v -2.711571 107.415490 -11.123507
v -2.597759 107.218363 -11.873879
v -2.412939 106.898245 -12.565427
v -2.247746 107.607612 -11.123507
v -2.188832 107.387746 -11.873879
v -2.093163 107.030701 -12.565427
v 41.735889 -3.000000 -10.445481
v 41.350000 -3.000000 -10.285641
v 41.018629 -3.000000 -10.031371
v 40.764359 -3.000000 -9.700000
v 40.604519 -3.000000 -9.314110
v 40.550000 -3.000000 -8.900000
v 56.296457 12.007298 -10.879608
v 56.286439 12.029183 -10.760183
v 56.252628 12.115755 -10.532980
v 56.216606 12.254402 -10.333608
v 56.204568 12.340536 -10.248275
v 39.800000 13.866025 -10.500000
v 45.300000 13.866025 -10.500000
v 50.800000 13.866025 -10.500000
v 50.800000 13.965926 -10.741181
v 45.300000 13.965926 -10.741181
v 39.800000 13.965926 -10.741181
v 39.800000 13.707107 -10.292893
v 45.300000 13.707107 -10.292893
v 50.800000 13.707107 -10.292893
v 39.800000 13.500000 -10.133975
v 45.300000 13.500000 -10.133975
v 50.800000 13.500000 -10.133975
v 39.800000 13.258819 -10.034074
v 45.300000 13.258819 -10.034074
v 50.800000 13.258819 -10.034074
v 39.800000 13.000000 -10.000000
v 45.300000 13.000000 -10.000000
v 50.800000 13.000000 -10.000000
v 39.800000 12.741181 -10.034074
v 45.300000 12.741181 -10.034074
v 50.800000 12.741181 -10.034074
v 39.800000 12.500000 -10.133975
v 45.300000 12.500000 -10.133975
v 50.800000 12.500000 -10.133975
v 39.800000 12.292893 -10.292893
v 45.300000 12.292893 -10.292893
v 50.800000 12.292893 -10.292893
v 39.800000 12.133975 -10.500000
v 45.300000 12.133975 -10.500000
v 50.800000 12.133975 -10.500000
v 39.800000 12.034074 -10.741181
v 45.300000 12.034074 -10.741181
v 50.800000 12.034074 -10.741181
v 56.225322 12.212282 -7.000000
v 56.225322 12.212282 -3.000000
v 100.000002 -1.989525 -12.690939
v 100.000002 -1.958650 -12.777115
v 100.000002 -1.908992 -12.854016
v 100.000002 -1.843151 -12.917612
v 100.000002 -1.764575 -12.964575
v 96.533335 -1.843151 -12.917612
v 98.266668 -1.843151 -12.917612
v 96.533335 -1.908992 -12.854016
v 98.266668 -1.908992 -12.854016
v 96.533335 -1.958650 -12.777115
v 98.266668 -1.958650 -12.777115
v 96.533335 -1.989525 -12.690939
v 98.266668 -1.989525 -12.690939
v 103.411746 -1.400000 -12.600000
v 103.005354 -1.518783 -12.718783
v 102.604630 -1.599966 -12.799966
v 101.744351 -1.705545 -12.905545
v 100.855689 -1.753350 -12.953350
v 101.157952 -1.932731 -12.600000
v 102.300323 -1.731830 -12.600000
v 102.290811 -1.691590 -12.777115
v 102.297913 -1.721637 -12.690939
v 101.139789 -1.776937 -12.917612
v 101.147413 -1.842336 -12.854016
v 101.153163 -1.891660 -12.777115
v 101.156739 -1.922327 -12.690939
v 48.450000 -2.034074 -5.758819
v 48.450000 -2.133975 -6.000000
v 48.450000 -2.292893 -6.207107
v 48.450000 -2.500000 -6.366025
v 48.450000 -2.741181 -6.465926
v 42.150000 -3.000000 -6.500000
v 42.150000 -2.741181 -6.465926
v 42.150000 -2.500000 -6.366025
v 42.150000 -2.292893 -6.207107
v 42.150000 -2.133975 -6.000000
v 42.150000 -2.034074 -5.758819
v 45.300000 -2.034074 -5.758819
v 45.300000 -2.133975 -6.000000
v 45.300000 -2.292893 -6.207107
v 45.300000 -2.500000 -6.366025
v 45.300000 -2.741181 -6.465926
v 40.550000 -3.000000 -8.100000
v 40.515926 -2.741181 -8.100000
v 40.416025 -2.500000 -8.100000
v 40.257107 -2.292893 -8.100000
v 40.050000 -2.133975 -8.100000
v 39.808819 -2.034074 -8.100000
v 41.735889 -3.000000 -6.554519
v 41.350000 -3.000000 -6.714359
v 41.018629 -3.000000 -6.968629
v 40.764359 -3.000000 -7.300000
v 40.604519 -3.000000 -7.685890
v 39.867517 -2.034074 -7.579038
v 40.102651 -2.133975 -7.632706
v 40.304566 -2.292893 -7.678792
v 40.459500 -2.500000 -7.714154
v 40.556895 -2.741181 -7.736384
v 40.040669 -2.034074 -7.084200
v 40.257965 -2.133975 -7.188844
v 40.444562 -2.292893 -7.278704
v 40.587743 -2.500000 -7.347657
v 40.677750 -2.741181 -7.391002
v 40.319591 -2.034074 -6.640298
v 40.508154 -2.133975 -6.790671
v 40.670076 -2.292893 -6.919800
v 40.794324 -2.500000 -7.018885
v 40.872429 -2.741181 -7.081171
v 40.690298 -2.034074 -6.269591
v 40.840671 -2.133975 -6.458154
v 40.969800 -2.292893 -6.620076
v 41.068884 -2.500000 -6.744324
v 41.131171 -2.741181 -6.822429
v 41.134200 -2.034074 -5.990669
v 41.238844 -2.133975 -6.207965
v 41.328704 -2.292893 -6.394562
v 41.397657 -2.500000 -6.537743
v 41.441002 -2.741181 -6.627750
v 41.629038 -2.034074 -5.817517
v 41.682706 -2.133975 -6.052651
v 41.728792 -2.292893 -6.254566
v 41.764154 -2.500000 -6.409500
v 41.786384 -2.741181 -6.506895
v 40.515926 -2.741181 -8.900000
v 40.416025 -2.500000 -8.900000
v 40.257107 -2.292893 -8.900000
v 40.050000 -2.133975 -8.900000
v 39.808819 -2.034074 -8.900000
v 42.150000 -2.741181 -10.534074
v 42.150000 -2.500000 -10.633975
v 42.150000 -2.292893 -10.792893
v 42.150000 -2.133975 -11.000000
v 42.150000 -2.034074 -11.241181
v 41.629038 -2.034074 -11.182483
v 41.682706 -2.133975 -10.947349
v 41.728792 -2.292893 -10.745434
v 41.764154 -2.500000 -10.590500
v 41.786384 -2.741181 -10.493105
v 41.134200 -2.034074 -11.009331
v 41.238844 -2.133975 -10.792035
v 41.328704 -2.292893 -10.605438
v 41.397657 -2.500000 -10.462257
v 41.441002 -2.741181 -10.372250
v 40.690298 -2.034074 -10.730409
v 40.840671 -2.133975 -10.541846
v 40.969800 -2.292893 -10.379924
v 41.068884 -2.500000 -10.255676
v 41.131171 -2.741181 -10.177571
v 40.319591 -2.034074 -10.359702
v 40.508154 -2.133975 -10.209329
v 40.670076 -2.292893 -10.080200
v 40.794324 -2.500000 -9.981115
v 40.872429 -2.741181 -9.918829
v 40.040669 -2.034074 -9.915800
v 40.257965 -2.133975 -9.811156
v 40.444562 -2.292893 -9.721296
v 40.587743 -2.500000 -9.652343
v 40.677750 -2.741181 -9.608998
v 39.867517 -2.034074 -9.420962
v 40.102651 -2.133975 -9.367294
v 40.304566 -2.292893 -9.321208
v 40.459500 -2.500000 -9.285846
v 40.556895 -2.741181 -9.263616
v 48.450000 -2.741181 -10.534074
v 48.450000 -2.500000 -10.633975
v 48.450000 -2.292893 -10.792893
v 48.450000 -2.133975 -11.000000
v 48.450000 -2.034074 -11.241181
v 45.300000 -2.741181 -10.534074
v 45.300000 -2.500000 -10.633975
v 45.300000 -2.292893 -10.792893
v 45.300000 -2.133975 -11.000000
v 45.300000 -2.034074 -11.241181
v 50.084074 -2.741181 -8.900000
v 50.183975 -2.500000 -8.900000
v 50.342893 -2.292893 -8.900000
v 50.550000 -2.133975 -8.900000
v 50.791181 -2.034074 -8.900000
v 50.732483 -2.034074 -9.420962
v 50.497349 -2.133975 -9.367294
v 50.295434 -2.292893 -9.321208
v 50.140500 -2.500000 -9.285846
v 50.043104 -2.741181 -9.263616
v 50.559331 -2.034074 -9.915800
v 50.342035 -2.133975 -9.811156
v 50.155438 -2.292893 -9.721296
v 50.012257 -2.500000 -9.652343
v 49.922250 -2.741181 -9.608998
v 50.280409 -2.034074 -10.359702
v 50.091846 -2.133975 -10.209329
v 49.929923 -2.292893 -10.080200
v 49.805676 -2.500000 -9.981115
v 49.727571 -2.741181 -9.918829
v 49.909702 -2.034074 -10.730409
v 49.759329 -2.133975 -10.541846
v 49.630200 -2.292893 -10.379924
v 49.531115 -2.500000 -10.255676
v 49.468829 -2.741181 -10.177571
v 49.465800 -2.034074 -11.009331
v 49.361156 -2.133975 -10.792035
v 49.271296 -2.292893 -10.605438
v 49.202343 -2.500000 -10.462257
v 49.158998 -2.741181 -10.372250
v 48.970962 -2.034074 -11.182483
v 48.917294 -2.133975 -10.947349
v 48.871208 -2.292893 -10.745434
v 48.835846 -2.500000 -10.590500
v 48.813616 -2.741181 -10.493105
v 50.084074 -2.741181 -8.100000
v 50.183975 -2.500000 -8.100000
v 50.342893 -2.292893 -8.100000
v 50.550000 -2.133975 -8.100000
v 50.791181 -2.034074 -8.100000
v 50.043104 -2.741181 -7.736384
v 50.140500 -2.500000 -7.714154
v 50.295434 -2.292893 -7.678792
v 50.497349 -2.133975 -7.632706
v 50.732483 -2.034074 -7.579038
v 49.922250 -2.741181 -7.391002
v 50.012257 -2.500000 -7.347657
v 50.155438 -2.292893 -7.278704
v 50.342035 -2.133975 -7.188844
v 50.559331 -2.034074 -7.084200
v 49.727571 -2.741181 -7.081171
v 49.805676 -2.500000 -7.018885
v 49.929923 -2.292893 -6.919800
v 50.091846 -2.133975 -6.790671
v 50.280409 -2.034074 -6.640298
v 49.468829 -2.741181 -6.822429
v 49.531115 -2.500000 -6.744324
v 49.630200 -2.292893 -6.620076
v 49.759329 -2.133975 -6.458154
v 49.909702 -2.034074 -6.269591
v 49.158998 -2.741181 -6.627750
v 49.202343 -2.500000 -6.537743
v 49.271296 -2.292893 -6.394562
v 49.361156 -2.133975 -6.207965
v 49.465800 -2.034074 -5.990669
v 48.813616 -2.741181 -6.506895
v 48.835846 -2.500000 -6.409500
v 48.871208 -2.292893 -6.254566
v 48.917294 -2.133975 -6.052651
v 48.970962 -2.034074 -5.817517
v 74.200002 64.800000 -11.414214
v 73.458821 65.765926 -11.014114
v 73.700002 65.666025 -11.055494
v 73.907108 65.507107 -11.121320
v 74.066027 65.300000 -11.207107
v 74.165927 65.058819 -11.307007
v 56.413404 0.582534 -10.900291
v 56.562858 0.429255 -10.898891
v 56.741514 0.311299 -10.921108
v 56.419281 0.575120 -6.666667
v 56.419281 0.575120 -2.333333
v 56.577556 0.417337 -6.666667
v 56.577556 0.417337 -2.333333
v 56.766920 0.298645 -6.666667
v 56.766920 0.298645 -2.333333
v 56.977914 0.224973 -6.666667
v 56.977914 0.224973 -2.333333
v 104.170138 -1.089002 -12.289002
v 104.900512 -0.716938 -11.916938
v 105.597960 -0.286306 -11.486306
v 106.257797 0.200000 -11.000000
v 107.058821 63.765926 -8.333333
v 107.058821 63.765926 -3.666667
v 107.300002 63.666025 -8.333333
v 107.300002 63.666025 -3.666667
v 107.507108 63.507107 -8.333333
v 107.507108 63.507107 -3.666667
v 107.666027 63.300000 -8.333333
v 107.666027 63.300000 -3.666667
v 107.765927 63.058819 -8.333333
v 107.765927 63.058819 -3.666667
v 58.941183 2.234074 -8.000000
v 58.941183 2.234074 -3.000000
v 58.700002 2.333975 -8.000000
v 58.700002 2.333975 -3.000000
v 58.492895 2.492893 -8.000000
v 58.492895 2.492893 -3.000000
v 58.333976 2.700000 -8.000000
v 58.333976 2.700000 -3.000000
v 58.234076 2.941181 -8.000000
v 58.234076 2.941181 -3.000000
v 67.265926 71.441182 -3.666667
v 67.265926 71.441182 -8.333333
v 67.166025 71.200001 -3.666667
v 67.166025 71.200001 -8.333333
v 67.007107 70.992894 -3.666667
v 67.007107 70.992894 -8.333333
v 66.800000 70.833975 -3.666667
v 66.800000 70.833975 -8.333333
v 66.558819 70.734075 -3.666667
v 66.558819 70.734075 -8.333333
v 64.200000 97.750001 -14.000000
v 64.200000 79.250001 -14.000000
v -0.200000 97.750001 -14.000000
v -0.200000 79.250001 -14.000000
v 109.800002 6.010025 -13.000000
v 109.800002 46.989975 -13.000000
v 109.910947 46.331599 -13.000000
v 109.977713 45.667287 -13.000000
v 110.000002 45.000000 -13.000000
v 110.000002 8.000000 -13.000000
v 109.977713 7.332713 -13.000000
v 109.910947 6.668401 -13.000000
vt 0.100000 -0.172788 0.000000
vt 0.000000 -0.172788 0.000000
vt 0.100000 -0.188496 0.000000
vt 0.000000 -0.188496 0.000000
vt 0.100000 0.188496 0.000000
vt 0.000000 0.188496 0.000000
vt 0.100000 0.172788 0.000000
vt 0.000000 0.172788 0.000000
vt 0.100000 0.157080 0.000000
vt 0.000000 0.157080 0.000000
vt 0.100000 0.141372 0.000000
vt 0.000000 0.141372 0.000000
vt 0.100000 0.125664 0.000000
vt 0.000000 0.125664 0.000000
vt 0.100000 0.109956 0.000000
vt 0.000000 0.109956 0.000000
vt 0.100000 0.094248 0.000000
vt 0.000000 0.094248 0.000000
vt 0.100000 0.078540 0.000000
vt 0.000000 0.078540 0.000000
vt 0.100000 0.062832 0.000000
vt 0.000000 0.062832 0.000000
vt 0.100000 0.047124 0.000000
vt 0.000000 0.047124 0.000000
vt 0.100000 0.031416 0.000000
vt 0.000000 0.031416 0.000000
vt 0.100000 0.015708 0.000000
vt 0.000000 0.015708 0.000000
vt 0.100000 0.000000 0.000000
vt 0.000000 0.000000 0.000000
vt 0.100000 -0.015708 0.000000
vt -0.000000 -0.015708 0.000000
vt 0.100000 -0.031416 0.000000
vt -0.000000 -0.031416 0.000000
vt 0.100000 -0.047124 0.000000
vt 0.000000 -0.047124 0.000000
vt 0.100000 -0.062832 0.000000
vt -0.000000 -0.062832 0.000000
vt 0.100000 -0.078540 0.000000
vt 0.000000 -0.078540 0.000000
vt 0.100000 -0.094248 0.000000
vt 0.000000 -0.094248 0.000000
vt 0.100000 -0.109956 0.000000
vt 0.000000 -0.109956 0.000000
vt 0.100000 -0.125664 0.000000
vt 0.000000 -0.125664 0.000000
vt 0.100000 -0.141372 0.000000
vt 0.000000 -0.141372 0.000000
vt 0.100000 -0.157080 0.000000
vt 0.000000 -0.157080 0.000000
vt 0.100000 -0.172788 0.000000
vt 0.000000 -0.172788 0.000000
vt 0.100000 -0.188496 0.000000
vt 0.000000 -0.188496 0.000000
vt 0.100000 0.188496 0.000000
vt 0.000000 0.188496 0.000000
vt 0.100000 0.172788 0.000000
vt 0.000000 0.172788 0.000000
vt 0.100000 0.157080 0.000000
vt 0.000000 0.157080 0.000000
vt 0.100000 0.141372 0.000000
vt 0.000000 0.141372 0.000000
vt 0.100000 0.125664 0.000000
vt 0.000000 0.125664 0.000000
vt 0.100000 0.109956 0.000000
vt 0.000000 0.109956 0.000000
vt 0.100000 0.094248 0.000000
vt 0.000000 0.094248 0.000000
vt 0.100000 0.078540 0.000000
vt 0.000000 0.078540 0.000000
vt 0.100000 0.062832 0.000000
vt 0.000000 0.062832 0.000000
vt 0.100000 0.047124 0.000000
vt 0.000000 0.047124 0.000000
vt 0.100000 0.031416 0.000000
vt 0.000000 0.031416 0.000000
vt 0.100000 0.015708 0.000000
vt 0.000000 0.015708 0.000000
vt 0.100000 0.000000 0.000000
vt 0.000000 0.000000 0.000000
vt 0.100000 -0.015708 0.000000
vt -0.000000 -0.015708 0.000000
vt 0.100000 -0.031416 0.000000
vt -0.000000 -0.031416 0.000000
vt 0.100000 -0.047124 0.000000
vt 0.000000 -0.047124 0.000000
vt 0.100000 -0.062832 0.000000
vt -0.000000 -0.062832 0.000000
vt 0.100000 -0.078540 0.000000
vt 0.000000 -0.078540 0.000000
vt 0.100000 -0.094248 0.000000
vt 0.000000 -0.094248 0.000000
vt 0.100000 -0.109956 0.000000
vt 0.000000 -0.109956 0.000000
vt 0.100000 -0.125664 0.000000
vt 0.000000 -0.125664 0.000000
vt 0.100000 -0.141372 0.000000
vt 0.000000 -0.141372 0.000000
vt 0.100000 -0.157080 0.000000
vt 0.000000 -0.157080 0.000000
vt 0.100000 -0.172788 0.000000
vt 0.000000 -0.172788 0.000000
vt 0.100000 -0.188496 0.000000
vt 0.000000 -0.188496 0.000000
vt 0.100000 0.188496 0.000000
vt 0.000000 0.188496 0.000000
vt 0.100000 0.172788 0.000000
vt 0.000000 0.172788 0.000000
vt 0.100000 0.157080 0.000000
vt 0.000000 0.157080 0.000000
vt 0.100000 0.141372 0.000000
vt 0.000000 0.141372 0.000000
vt 0.100000 0.125664 0.000000
vt 0.000000 0.125664 0.000000
vt 0.100000 0.109956 0.000000
vt 0.000000 0.109956 0.000000
vt 0.100000 0.094248 0.000000
vt 0.000000 0.094248 0.000000
vt 0.100000 0.078540 0.000000
vt 0.000000 0.078540 0.000000
vt 0.100000 0.062832 0.000000
vt 0.000000 0.062832 0.000000
vt 0.100000 0.047124 0.000000
vt 0.000000 0.047124 0.000000
vt 0.100000 0.031416 0.000000
vt 0.000000 0.031416 0.000000
vt 0.100000 0.015708 0.000000
vt 0.000000 0.015708 0.000000
vt 0.100000 0.000000 0.000000
vt 0.000000 0.000000 0.000000
vt 0.100000 -0.015708 0.000000
vt -0.000000 -0.015708 0.000000
vt 0.100000 -0.031416 0.000000
vt -0.000000 -0.031416 0.000000
vt 0.100000 -0.047124 0.000000
vt 0.000000 -0.047124 0.000000
vt 0.100000 -0.062832 0.000000
vt -0.000000 -0.062832 0.000000
vt 0.100000 -0.078540 0.000000
vt -0.000000 -0.078540 0.000000
vt 0.100000 -0.094248 0.000000
vt 0.000000 -0.094248 0.000000
vt 0.100000 -0.109956 0.000000
vt 0.000000 -0.109956 0.000000
vt 0.100000 -0.125664 0.000000
vt 0.000000 -0.125664 0.000000
vt 0.100000 -0.141372 0.000000
vt 0.000000 -0.141372 0.000000
vt 0.100000 -0.157080 0.000000
vt 0.000000 -0.157080 0.000000
vt 0.100000 -0.172788 0.000000
vt 0.000000 -0.172788 0.000000
vt 0.100000 -0.188496 0.000000
vt 0.000000 -0.188496 0.000000
vt 0.100000 0.188496 0.000000
vt 0.000000 0.188496 0.000000
vt 0.100000 0.172788 0.000000
vt 0.000000 0.172788 0.000000
vt 0.100000 0.157080 0.000000
vt 0.000000 0.157080 0.000000
vt 0.100000 0.141372 0.000000
vt 0.000000 0.141372 0.000000
vt 0.100000 0.125664 0.000000
vt 0.000000 0.125664 0.000000
vt 0.100000 0.109956 0.000000
vt 0.000000 0.109956 0.000000
vt 0.100000 0.094248 0.000000
vt 0.000000 0.094248 0.000000
vt 0.100000 0.078540 0.000000
vt 0.000000 0.078540 0.000000
vt 0.100000 0.062832 0.000000
vt 0.000000 0.062832 0.000000
vt 0.100000 0.047124 0.000000
vt 0.000000 0.047124 0.000000
vt 0.100000 0.031416 0.000000
vt 0.000000 0.031416 0.000000
vt 0.100000 0.015708 0.000000
vt 0.000000 0.015708 0.000000
vt 0.100000 0.000000 0.000000
vt 0.000000 0.000000 0.000000
vt 0.100000 -0.015708 0.000000
vt 0.000000 -0.015708 0.000000
vt 0.100000 -0.031416 0.000000
vt 0.000000 -0.031416 0.000000
vt 0.100000 -0.047124 0.000000
vt -0.000000 -0.047124 0.000000
vt 0.100000 -0.062832 0.000000
vt 0.000000 -0.062832 0.000000
vt 0.100000 -0.078540 0.000000
vt 0.000000 -0.078540 0.000000
vt 0.100000 -0.094248 0.000000
vt 0.000000 -0.094248 0.000000
vt 0.100000 -0.109956 0.000000
vt 0.000000 -0.109956 0.000000
vt 0.100000 -0.125664 0.000000
vt 0.000000 -0.125664 0.000000
vt 0.100000 -0.141372 0.000000
vt 0.000000 -0.141372 0.000000
vt 0.100000 -0.157080 0.000000
vt 0.000000 -0.157080 0.000000
vt 0.100000 -0.172788 0.000000
vt 0.000000 -0.172788 0.000000
vt 0.100000 -0.188496 0.000000
vt 0.000000 -0.188496 0.000000
vt 0.100000 0.188496 0.000000
vt 0.000000 0.188496 0.000000
vt 0.100000 0.172788 0.000000
vt 0.000000 0.172788 0.000000
vt 0.100000 0.157080 0.000000
vt 0.000000 0.157080 0.000000
vt 0.100000 0.141372 0.000000
vt 0.000000 0.141372 0.000000
vt 0.100000 0.125664 0.000000
vt 0.000000 0.125664 0.000000
vt 0.100000 0.109956 0.000000
vt 0.000000 0.109956 0.000000
vt 0.100000 0.094248 0.000000
vt 0.000000 0.094248 0.000000
vt 0.100000 0.078540 0.000000
vt 0.000000 0.078540 0.000000
vt 0.100000 0.062832 0.000000
vt 0.000000 0.062832 0.000000
vt 0.100000 0.047124 0.000000
vt 0.000000 0.047124 0.000000
vt 0.100000 0.031416 0.000000
vt 0.000000 0.031416 0.000000
vt 0.100000 0.015708 0.000000
vt 0.000000 0.015708 0.000000
vt 0.100000 0.000000 0.000000
vt 0.000000 0.000000 0.000000
vt 0.100000 -0.015708 0.000000
vt -0.000000 -0.015708 0.000000
vt 0.100000 -0.031416 0.000000
vt -0.000000 -0.031416 0.000000
vt 0.100000 -0.047124 0.000000
vt 0.000000 -0.047124 0.000000
vt 0.100000 -0.062832 0.000000
vt -0.000000 -0.062832 0.000000
vt 0.100000 -0.078540 0.000000
vt -0.000000 -0.078540 0.000000
vt 0.100000 -0.094248 0.000000
vt 0.000000 -0.094248 0.000000
vt 0.100000 -0.109956 0.000000
vt 0.000000 -0.109956 0.000000
vt 0.100000 -0.125664 0.000000
vt 0.000000 -0.125664 0.000000
vt 0.100000 -0.141372 0.000000
vt 0.000000 -0.141372 0.000000
vt 0.100000 -0.157080 0.000000
vt 0.000000 -0.157080 0.000000
vt 0.100000 -0.172788 0.000000
vt 0.000000 -0.172788 0.000000
vt 0.100000 -0.188496 0.000000
vt 0.000000 -0.188496 0.000000
vt 0.100000 0.188496 0.000000
vt 0.000000 0.188496 0.000000
vt 0.100000 0.172788 0.000000
vt 0.000000 0.172788 0.000000
vt 0.100000 0.157080 0.000000
vt 0.000000 0.157080 0.000000
vt 0.100000 0.141372 0.000000
vt 0.000000 0.141372 0.000000
vt 0.100000 0.125664 0.000000
vt 0.000000 0.125664 0.000000
vt 0.100000 0.109956 0.000000
vt 0.000000 0.109956 0.000000
vt 0.100000 0.094248 0.000000
vt 0.000000 0.094248 0.000000
vt 0.100000 0.078540 0.000000
vt 0.000000 0.078540 0.000000
vt 0.100000 0.062832 0.000000
vt 0.000000 0.062832 0.000000
vt 0.100000 0.047124 0.000000
vt 0.000000 0.047124 0.000000
vt 0.100000 0.031416 0.000000
vt 0.000000 0.031416 0.000000
vt 0.100000 0.015708 0.000000
vt 0.000000 0.015708 0.000000
vt 0.100000 0.000000 0.000000
vt 0.000000 0.000000 0.000000
vt 0.100000 -0.015708 0.000000
vt -0.000000 -0.015708 0.000000
vt 0.100000 -0.031416 0.000000
vt -0.000000 -0.031416 0.000000
vt 0.100000 -0.047124 0.000000
vt 0.000000 -0.047124 0.000000
vt 0.100000 -0.062832 0.000000
vt -0.000000 -0.062832 0.000000
vt 0.100000 -0.078540 0.000000
vt -0.000000 -0.078540 0.000000
vt 0.100000 -0.094248 0.000000
vt 0.000000 -0.094248 0.000000
vt 0.100000 -0.109956 0.000000
vt 0.000000 -0.109956 0.000000
vt 0.100000 -0.125664 0.000000
vt 0.000000 -0.125664 0.000000
vt 0.100000 -0.141372 0.000000
vt 0.000000 -0.141372 0.000000
vt 0.100000 -0.157080 0.000000
vt 0.000000 -0.157080 0.000000
vt 0.100000 -0.172788 0.000000
vt 0.000000 -0.172788 0.000000
vt 0.100000 -0.188496 0.000000
vt 0.000000 -0.188496 0.000000
vt 0.100000 0.188496 0.000000
vt 0.000000 0.188496 0.000000
vt 0.100000 0.172788 0.000000
vt 0.000000 0.172788 0.000000
vt 0.100000 0.157080 0.000000
vt 0.000000 0.157080 0.000000
vt 0.100000 0.141372 0.000000
vt 0.000000 0.141372 0.000000
vt 0.100000 0.125664 0.000000
vt 0.000000 0.125664 0.000000
vt 0.100000 0.109956 0.000000
vt 0.000000 0.109956 0.000000
vt 0.100000 0.094248 0.000000
vt 0.000000 0.094248 0.000000
vt 0.100000 0.078540 0.000000
vt 0.000000 0.078540 0.000000
vt 0.100000 0.062832 0.000000
vt 0.000000 0.062832 0.000000
vt 0.100000 0.047124 0.000000
vt 0.000000 0.047124 0.000000
vt 0.100000 0.031416 0.000000
vt 0.000000 0.031416 0.000000
vt 0.100000 0.015708 0.000000
vt 0.000000 0.015708 0.000000
vt 0.100000 0.000000 0.000000
vt 0.000000 0.000000 0.000000
vt 0.100000 -0.015708 0.000000
vt -0.000000 -0.015708 0.000000
vt 0.100000 -0.031416 0.000000
vt -0.000000 -0.031416 0.000000
vt 0.100000 -0.047124 0.000000
vt 0.000000 -0.047124 0.000000
vt 0.100000 -0.062832 0.000000
vt -0.000000 -0.062832 0.000000
vt 0.100000 -0.078540 0.000000
vt 0.000000 -0.078540 0.000000
vt 0.100000 -0.094248 0.000000
vt 0.000000 -0.094248 0.000000
vt 0.100000 -0.109956 0.000000
vt 0.000000 -0.109956 0.000000
vt 0.100000 -0.125664 0.000000
vt 0.000000 -0.125664 0.000000
vt 0.100000 -0.141372 0.000000
vt 0.000000 -0.141372 0.000000
vt 0.100000 -0.157080 0.000000
vt 0.000000 -0.157080 0.000000
vt 0.100000 -0.172788 0.000000
vt 0.000000 -0.172788 0.000000
vt 0.100000 -0.188496 0.000000
vt 0.000000 -0.188496 0.000000
vt 0.100000 0.188496 0.000000
vt 0.000000 0.188496 0.000000
vt 0.100000 0.172788 0.000000
vt 0.000000 0.172788 0.000000
vt 0.100000 0.157080 0.000000
vt 0.000000 0.157080 0.000000
vt 0.100000 0.141372 0.000000
vt 0.000000 0.141372 0.000000
vt 0.100000 0.125664 0.000000
vt 0.000000 0.125664 0.000000
vt 0.100000 0.109956 0.000000
vt 0.000000 0.109956 0.000000
vt 0.100000 0.094248 0.000000
vt 0.000000 0.094248 0.000000
vt 0.100000 0.078540 0.000000
vt 0.000000 0.078540 0.000000
vt 0.100000 0.062832 0.000000
vt 0.000000 0.062832 0.000000
vt 0.100000 0.047124 0.000000
vt 0.000000 0.047124 0.000000
vt 0.100000 0.031416 0.000000
vt 0.000000 0.031416 0.000000
vt 0.100000 0.015708 0.000000
vt 0.000000 0.015708 0.000000
vt 0.100000 0.000000 0.000000
vt 0.000000 0.000000 0.000000
vt 0.100000 -0.015708 0.000000
vt 0.000000 -0.015708 0.000000
vt 0.100000 -0.031416 0.000000
vt 0.000000 -0.031416 0.000000
vt 0.100000 -0.047124 0.000000
vt 0.000000 -0.047124 0.000000
vt 0.100000 -0.062832 0.000000
vt 0.000000 -0.062832 0.000000
vt 0.100000 -0.078540 0.000000
vt 0.000000 -0.078540 0.000000
vt 0.100000 -0.094248 0.000000
vt 0.000000 -0.094248 0.000000
vt 0.100000 -0.109956 0.000000
vt 0.000000 -0.109956 0.000000
vt 0.100000 -0.125664 0.000000
vt 0.000000 -0.125664 0.000000
vt 0.100000 -0.141372 0.000000
vt 0.000000 -0.141372 0.000000
vt 0.100000 -0.157080 0.000000
vt 0.000000 -0.157080 0.000000
vt 0.100000 -0.172788 0.000000
vt 0.000000 -0.172788 0.000000
vt 0.100000 -0.188496 0.000000
vt 0.000000 -0.188496 0.000000
vt 0.100000 0.188496 0.000000
vt 0.000000 0.188496 0.000000
vt 0.100000 0.172788 0.000000
vt 0.000000 0.172788 0.000000
vt 0.100000 0.157080 0.000000
vt 0.000000 0.157080 0.000000
vt 0.100000 0.141372 0.000000
vt 0.000000 0.141372 0.000000
vt 0.100000 0.125664 0.000000
vt 0.000000 0.125664 0.000000
vt 0.100000 0.109956 0.000000
vt 0.000000 0.109956 0.000000
vt 0.100000 0.094248 0.000000
vt 0.000000 0.094248 0.000000
vt 0.100000 0.078540 0.000000
vt 0.000000 0.078540 0.000000
vt 0.100000 0.062832 0.000000
vt 0.000000 0.062832 0.000000
vt 0.100000 0.047124 0.000000
vt 0.000000 0.047124 0.000000
vt 0.100000 0.031416 0.000000
vt 0.000000 0.031416 0.000000
vt 0.100000 0.015708 0.000000
vt 0.000000 0.015708 0.000000
vt 0.100000 0.000000 0.000000
vt 0.000000 0.000000 0.000000
vt 0.100000 -0.015708 0.000000
vt -0.000000 -0.015708 0.000000
vt 0.100000 -0.031416 0.000000
vt -0.000000 -0.031416 0.000000
vt 0.100000 -0.047124 0.000000
vt 0.000000 -0.047124 0.000000
vt 0.100000 -0.062832 0.000000
vt -0.000000 -0.062832 0.000000
vt 0.100000 -0.078540 0.000000
vt 0.000000 -0.078540 0.000000
vt 0.100000 -0.094248 0.000000
vt 0.000000 -0.094248 0.000000
vt 0.100000 -0.109956 0.000000
vt 0.000000 -0.109956 0.000000
vt 0.100000 -0.125664 0.000000
vt 0.000000 -0.125664 0.000000
vt 0.100000 -0.141372 0.000000
vt 0.000000 -0.141372 0.000000
vt 0.100000 -0.157080 0.000000
vt 0.000000 -0.157080 0.000000
vt 0.100000 -0.172788 0.000000
vt 0.000000 -0.172788 0.000000
vt 0.100000 -0.188496 0.000000
vt 0.000000 -0.188496 0.000000
vt 0.100000 0.188496 0.000000
vt 0.000000 0.188496 0.000000
vt 0.100000 0.172788 0.000000
vt 0.000000 0.172788 0.000000
vt 0.100000 0.157080 0.000000
vt 0.000000 0.157080 0.000000
vt 0.100000 0.141372 0.000000
vt 0.000000 0.141372 0.000000
vt 0.100000 0.125664 0.000000
vt 0.000000 0.125664 0.000000
vt 0.100000 0.109956 0.000000
vt 0.000000 0.109956 0.000000
vt 0.100000 0.094248 0.000000
vt 0.000000 0.094248 0.000000
vt 0.100000 0.078540 0.000000
vt 0.000000 0.078540 0.000000
vt 0.100000 0.062832 0.000000
vt 0.000000 0.062832 0.000000
vt 0.100000 0.047124 0.000000
vt 0.000000 0.047124 0.000000
vt 0.100000 0.031416 0.000000
vt 0.000000 0.031416 0.000000
vt 0.100000 0.015708 0.000000
vt 0.000000 0.015708 0.000000
vt 0.100000 0.000000 0.000000
vt 0.000000 0.000000 0.000000
vt 0.100000 -0.015708 0.000000
vt -0.000000 -0.015708 0.000000
vt 0.100000 -0.031416 0.000000
vt -0.000000 -0.031416 0.000000
vt 0.100000 -0.047124 0.000000
vt 0.000000 -0.047124 0.000000
vt 0.100000 -0.062832 0.000000
vt -0.000000 -0.062832 0.000000
vt 0.100000 -0.078540 0.000000
vt 0.000000 -0.078540 0.000000
vt 0.100000 -0.094248 0.000000
vt 0.000000 -0.094248 0.000000
vt 0.100000 -0.109956 0.000000
vt 0.000000 -0.109956 0.000000
vt 0.100000 -0.125664 0.000000
vt 0.000000 -0.125664 0.000000
vt 0.100000 -0.141372 0.000000
vt 0.000000 -0.141372 0.000000
vt 0.100000 -0.157080 0.000000
vt 0.000000 -0.157080 0.000000
vt 0.100000 -0.172788 0.000000
vt 0.000000 -0.172788 0.000000
vt 0.100000 -0.188496 0.000000
vt 0.000000 -0.188496 0.000000
vt 0.100000 0.188496 0.000000
vt 0.000000 0.188496 0.000000
vt 0.100000 0.172788 0.000000
vt 0.000000 0.172788 0.000000
vt 0.100000 0.157080 0.000000
vt 0.000000 0.157080 0.000000
vt 0.100000 0.141372 0.000000
vt 0.000000 0.141372 0.000000
vt 0.100000 0.125664 0.000000
vt 0.000000 0.125664 0.000000
vt 0.100000 0.109956 0.000000
vt 0.000000 0.109956 0.000000
vt 0.100000 0.094248 0.000000
vt 0.000000 0.094248 0.000000
vt 0.100000 0.078540 0.000000
vt 0.000000 0.078540 0.000000
vt 0.100000 0.062832 0.000000
vt 0.000000 0.062832 0.000000
vt 0.100000 0.047124 0.000000
vt 0.000000 0.047124 0.000000
vt 0.100000 0.031416 0.000000
vt 0.000000 0.031416 0.000000
vt 0.100000 0.015708 0.000000
vt 0.000000 0.015708 0.000000
vt 0.100000 0.000000 0.000000
vt 0.000000 0.000000 0.000000
vt 0.100000 -0.015708 0.000000
vt -0.000000 -0.015708 0.000000
vt 0.100000 -0.031416 0.000000
vt -0.000000 -0.031416 0.000000
vt 0.100000 -0.047124 0.000000
vt 0.000000 -0.047124 0.000000
vt 0.100000 -0.062832 0.000000
vt -0.000000 -0.062832 0.000000
vt 0.100000 -0.078540 0.000000
vt -0.000000 -0.078540 0.000000
vt 0.100000 -0.094248 0.000000
vt 0.000000 -0.094248 0.000000
vt 0.100000 -0.109956 0.000000
vt 0.000000 -0.109956 0.000000
vt 0.100000 -0.125664 0.000000
vt 0.000000 -0.125664 0.000000
vt 0.100000 -0.141372 0.000000
vt 0.000000 -0.141372 0.000000
vt 0.100000 -0.157080 0.000000
vt 0.000000 -0.157080 0.000000
vt 0.100000 -0.172788 0.000000
vt 0.000000 -0.172788 0.000000
vt 0.100000 -0.188496 0.000000
vt 0.000000 -0.188496 0.000000
vt 0.100000 0.188496 0.000000
vt 0.000000 0.188496 0.000000
vt 0.100000 0.172788 0.000000
vt 0.000000 0.172788 0.000000
vt 0.100000 0.157080 0.000000
vt 0.000000 0.157080 0.000000
vt 0.100000 0.141372 0.000000
vt 0.000000 0.141372 0.000000
vt 0.100000 0.125664 0.000000
vt 0.000000 0.125664 0.000000
vt 0.100000 0.109956 0.000000
vt 0.000000 0.109956 0.000000
vt 0.100000 0.094248 0.000000
vt 0.000000 0.094248 0.000000
vt 0.100000 0.078540 0.000000
vt 0.000000 0.078540 0.000000
vt 0.100000 0.062832 0.000000
vt 0.000000 0.062832 0.000000
vt 0.100000 0.047124 0.000000
vt 0.000000 0.047124 0.000000
vt 0.100000 0.031416 0.000000
vt 0.000000 0.031416 0.000000
vt 0.100000 0.015708 0.000000
vt 0.000000 0.015708 0.000000
vt 0.100000 0.000000 0.000000
vt 0.000000 0.000000 0.000000
vt 0.100000 -0.015708 0.000000
vt 0.000000 -0.015708 0.000000
vt 0.100000 -0.031416 0.000000
vt 0.000000 -0.031416 0.000000
vt 0.100000 -0.047124 0.000000
vt -0.000000 -0.047124 0.000000
vt 0.100000 -0.062832 0.000000
vt 0.000000 -0.062832 0.000000
vt 0.100000 -0.078540 0.000000
vt 0.000000 -0.078540 0.000000
vt 0.100000 -0.094248 0.000000
vt 0.000000 -0.094248 0.000000
vt 0.100000 -0.109956 0.000000
vt 0.000000 -0.109956 0.000000
vt 0.100000 -0.125664 0.000000
vt 0.000000 -0.125664 0.000000
vt 0.100000 -0.141372 0.000000
vt 0.000000 -0.141372 0.000000
vt 0.100000 -0.157080 0.000000
vt 0.000000 -0.157080 0.000000
vt 0.100000 -0.172788 0.000000
vt 0.000000 -0.172788 0.000000
vt 0.100000 -0.188496 0.000000
vt 0.000000 -0.188496 0.000000
vt 0.100000 0.188496 0.000000
vt 0.000000 0.188496 0.000000
vt 0.100000 0.172788 0.000000
vt 0.000000 0.172788 0.000000
vt 0.100000 0.157080 0.000000
vt 0.000000 0.157080 0.000000
vt 0.100000 0.141372 0.000000
vt 0.000000 0.141372 0.000000
vt 0.100000 0.125664 0.000000
vt 0.000000 0.125664 0.000000
vt 0.100000 0.109956 0.000000
vt 0.000000 0.109956 0.000000
vt 0.100000 0.094248 0.000000
vt 0.000000 0.094248 0.000000
vt 0.100000 0.078540 0.000000
vt 0.000000 0.078540 0.000000
vt 0.100000 0.062832 0.000000
vt 0.000000 0.062832 0.000000
vt 0.100000 0.047124 0.000000
vt 0.000000 0.047124 0.000000
vt 0.100000 0.031416 0.000000
vt 0.000000 0.031416 0.000000
vt 0.100000 0.015708 0.000000
vt 0.000000 0.015708 0.000000
vt 0.100000 0.000000 0.000000
vt 0.000000 0.000000 0.000000
vt 0.100000 -0.015708 0.000000
vt -0.000000 -0.015708 0.000000
vt 0.100000 -0.031416 0.000000
vt -0.000000 -0.031416 0.000000
vt 0.100000 -0.047124 0.000000
vt 0.000000 -0.047124 0.000000
vt 0.100000 -0.062832 0.000000
vt -0.000000 -0.062832 0.000000
vt 0.100000 -0.078540 0.000000
vt -0.000000 -0.078540 0.000000
vt 0.100000 -0.094248 0.000000
vt 0.000000 -0.094248 0.000000
vt 0.100000 -0.109956 0.000000
vt 0.000000 -0.109956 0.000000
vt 0.100000 -0.125664 0.000000
vt 0.000000 -0.125664 0.000000
vt 0.100000 -0.141372 0.000000
vt 0.000000 -0.141372 0.000000
vt 0.100000 -0.157080 0.000000
vt 0.000000 -0.157080 0.000000
vt 0.100000 -0.172788 0.000000
vt 0.000000 -0.172788 0.000000
vt 0.100000 -0.188496 0.000000
vt 0.000000 -0.188496 0.000000
vt 0.100000 0.188496 0.000000
vt 0.000000 0.188496 0.000000
vt 0.100000 0.172788 0.000000
vt 0.000000 0.172788 0.000000
vt 0.100000 0.157080 0.000000
vt 0.000000 0.157080 0.000000
vt 0.100000 0.141372 0.000000
vt 0.000000 0.141372 0.000000
vt 0.100000 0.125664 0.000000
vt 0.000000 0.125664 0.000000
vt 0.100000 0.109956 0.000000
vt 0.000000 0.109956 0.000000
vt 0.100000 0.094248 0.000000
vt 0.000000 0.094248 0.000000
vt 0.100000 0.078540 0.000000
vt 0.000000 0.078540 0.000000
vt 0.100000 0.062832 0.000000
vt 0.000000 0.062832 0.000000
vt 0.100000 0.047124 0.000000
vt 0.000000 0.047124 0.000000
vt 0.100000 0.031416 0.000000
vt 0.000000 0.031416 0.000000
vt 0.100000 0.015708 0.000000
vt 0.000000 0.015708 0.000000
vt 0.100000 0.000000 0.000000
vt 0.000000 0.000000 0.000000
vt 0.100000 -0.015708 0.000000
vt -0.000000 -0.015708 0.000000
vt 0.100000 -0.031416 0.000000
vt -0.000000 -0.031416 0.000000
vt 0.100000 -0.047124 0.000000
vt 0.000000 -0.047124 0.000000
vt 0.100000 -0.062832 0.000000
vt -0.000000 -0.062832 0.000000
vt 0.100000 -0.078540 0.000000
vt -0.000000 -0.078540 0.000000
vt 0.100000 -0.094248 0.000000
vt 0.000000 -0.094248 0.000000
vt 0.100000 -0.109956 0.000000
vt 0.000000 -0.109956 0.000000
vt 0.100000 -0.125664 0.000000
vt 0.000000 -0.125664 0.000000
vt 0.100000 -0.141372 0.000000
vt 0.000000 -0.141372 0.000000
vt 0.100000 -0.157080 0.000000
vt 0.000000 -0.157080 0.000000
vt 0.100000 -0.172788 0.000000
vt 0.000000 -0.172788 0.000000
vt 0.100000 -0.188496 0.000000
vt 0.000000 -0.188496 0.000000
vt 0.100000 0.188496 0.000000
vt 0.000000 0.188496 0.000000
vt 0.100000 0.172788 0.000000
vt 0.000000 0.172788 0.000000
vt 0.100000 0.157080 0.000000
vt 0.000000 0.157080 0.000000
vt 0.100000 0.141372 0.000000
vt 0.000000 0.141372 0.000000
vt 0.100000 0.125664 0.000000
vt 0.000000 0.125664 0.000000
vt 0.100000 0.109956 0.000000
vt 0.000000 0.109956 0.000000
vt 0.100000 0.094248 0.000000
vt 0.000000 0.094248 0.000000
vt 0.100000 0.078540 0.000000
vt 0.000000 0.078540 0.000000
vt 0.100000 0.062832 0.000000
vt 0.000000 0.062832 0.000000
vt 0.100000 0.047124 0.000000
vt 0.000000 0.047124 0.000000
vt 0.100000 0.031416 0.000000
vt 0.000000 0.031416 0.000000
vt 0.100000 0.015708 0.000000
vt 0.000000 0.015708 0.000000
vt 0.100000 0.000000 0.000000
vt 0.000000 0.000000 0.000000
vt 0.100000 -0.015708 0.000000
vt -0.000000 -0.015708 0.000000
vt 0.100000 -0.031416 0.000000
vt -0.000000 -0.031416 0.000000
vt 0.100000 -0.047124 0.000000
vt 0.000000 -0.047124 0.000000
vt 0.100000 -0.062832 0.000000
vt -0.000000 -0.062832 0.000000
vt 0.100000 -0.078540 0.000000
vt 0.000000 -0.078540 0.000000
vt 0.100000 -0.094248 0.000000
vt 0.000000 -0.094248 0.000000
vt 0.100000 -0.109956 0.000000
vt 0.000000 -0.109956 0.000000
vt 0.100000 -0.125664 0.000000
vt 0.000000 -0.125664 0.000000
vt 0.100000 -0.141372 0.000000
vt 0.000000 -0.141372 0.000000
vt 0.100000 -0.157080 0.000000
vt 0.000000 -0.157080 0.000000
vt 0.100000 -0.172788 0.000000
vt 0.000000 -0.172788 0.000000
vt 0.100000 -0.188496 0.000000
vt 0.000000 -0.188496 0.000000
vt 0.100000 0.188496 0.000000
vt 0.000000 0.188496 0.000000
vt 0.100000 0.172788 0.000000
vt 0.000000 0.172788 0.000000
vt 0.100000 0.157080 0.000000
vt 0.000000 0.157080 0.000000
vt 0.100000 0.141372 0.000000
vt 0.000000 0.141372 0.000000
vt 0.100000 0.125664 0.000000
vt 0.000000 0.125664 0.000000
vt 0.100000 0.109956 0.000000
vt 0.000000 0.109956 0.000000
vt 0.100000 0.094248 0.000000
vt 0.000000 0.094248 0.000000
vt 0.100000 0.078540 0.000000
vt 0.000000 0.078540 0.000000
vt 0.100000 0.062832 0.000000
vt 0.000000 0.062832 0.000000
vt 0.100000 0.047124 0.000000
vt 0.000000 0.047124 0.000000
vt 0.100000 0.031416 0.000000
vt 0.000000 0.031416 0.000000
vt 0.100000 0.015708 0.000000
vt 0.000000 0.015708 0.000000
vt 0.100000 0.000000 0.000000
vt 0.000000 0.000000 0.000000
vt 0.100000 -0.015708 0.000000
vt 0.000000 -0.015708 0.000000
vt 0.100000 -0.031416 0.000000
vt 0.000000 -0.031416 0.000000
vt 0.100000 -0.047124 0.000000
vt 0.000000 -0.047124 0.000000
vt 0.100000 -0.062832 0.000000
vt 0.000000 -0.062832 0.000000
vt 0.100000 -0.078540 0.000000
vt 0.000000 -0.078540 0.000000
vt 0.100000 -0.094248 0.000000
vt 0.000000 -0.094248 0.000000
vt 0.100000 -0.109956 0.000000
vt 0.000000 -0.109956 0.000000
vt 0.100000 -0.125664 0.000000
vt 0.000000 -0.125664 0.000000
vt 0.100000 -0.141372 0.000000
vt 0.000000 -0.141372 0.000000
vt 0.100000 -0.157080 0.000000
vt 0.000000 -0.157080 0.000000
vt 0.050000 0.070711 0.000000
vt -0.000000 0.070711 0.000000
vt 0.050000 -0.070711 0.000000
vt -0.000000 -0.070711 0.000000
vt 0.390000 0.050000 0.000000
vt 0.100000 0.050000 0.000000
vt 0.390000 -0.000000 0.000000
vt 0.100000 -0.000000 0.000000
vt -0.122809 -0.145000 0.000000
vt -0.022809 -0.245000 0.000000
vt -0.122809 0.145000 0.000000
vt -0.022809 0.245000 0.000000
vt 0.022809 -0.245000 0.000000
vt 0.022809 0.245000 0.000000
vt 0.122809 -0.145000 0.000000
vt 0.122809 0.145000 0.000000
vt -0.050000 -0.070711 0.000000
vt 0.000000 -0.070711 0.000000
vt -0.050000 0.070711 0.000000
vt 0.000000 0.070711 0.000000
vt 0.100000 -0.000000 0.000000
vt 0.390000 -0.000000 0.000000
vt 0.100000 0.050000 0.000000
vt 0.390000 0.050000 0.000000
vt -0.050000 -0.070711 0.000000
vt 0.000000 -0.070711 0.000000
vt -0.050000 0.070711 0.000000
vt 0.000000 0.070711 0.000000
vt 0.050000 0.070711 0.000000
vt -0.000000 0.070711 0.000000
vt 0.050000 -0.070711 0.000000
vt -0.000000 -0.070711 0.000000
vt 0.100000 -0.000000 0.000000
vt 0.145617 -0.000000 0.000000
vt 0.100000 0.050000 0.000000
vt 0.145617 0.050000 0.000000
vt 0.100000 -0.000000 0.000000
vt 0.145617 -0.000000 0.000000
vt 0.100000 0.050000 0.000000
vt 0.145617 0.050000 0.000000
vt 3.499383 0.300000 0.000000
vt 0.540000 0.300000 0.000000
vt 3.499383 0.241421 0.000000
vt 0.540000 0.200000 0.000000
vt 3.500394 0.227233 0.000000
vt 3.503409 0.213333 0.000000
vt 3.508365 0.200000 0.000000
vt -2.404383 0.260000 0.000000
vt 0.563982 0.260000 0.000000
vt -2.404383 0.450000 0.000000
vt 0.563982 0.450000 0.000000
vt -2.959383 0.100000 0.000000
vt -0.000000 0.158579 0.000000
vt -2.959383 0.200000 0.000000
vt 0.001012 0.172767 0.000000
vt 0.004026 0.186667 0.000000
vt -0.000000 0.100000 0.000000
vt 0.008982 0.200000 0.000000
vt 0.200000 0.039270 0.000000
vt -0.000000 0.039270 0.000000
vt 0.200000 0.013090 0.000000
vt -0.000000 0.013090 0.000000
vt 0.200000 -0.013090 0.000000
vt -0.000000 -0.013090 0.000000
vt 0.200000 -0.039270 0.000000
vt -0.000000 -0.039270 0.000000
vt -0.258579 0.000000 0.000000
vt -0.161421 0.000000 0.000000
vt -0.258579 0.200000 0.000000
vt -0.161421 0.200000 0.000000
vt 0.000000 0.039270 0.000000
vt -0.200000 0.039270 0.000000
vt 0.000000 0.013090 0.000000
vt -0.200000 0.013090 0.000000
vt 0.000000 -0.013090 0.000000
vt -0.200000 -0.013090 0.000000
vt -0.000000 -0.039270 0.000000
vt -0.200000 -0.039270 0.000000
vt 0.200000 0.039270 0.000000
vt 0.000000 0.039270 0.000000
vt 0.200000 0.013090 0.000000
vt -0.000000 0.013090 0.000000
vt 0.200000 -0.013090 0.000000
vt -0.000000 -0.013090 0.000000
vt 0.200000 -0.039270 0.000000
vt -0.000000 -0.039270 0.000000
vt -0.718579 0.000000 0.000000
vt -0.281421 0.000000 0.000000
vt -0.718579 0.200000 0.000000
vt -0.281421 0.200000 0.000000
vt -0.000000 0.039270 0.000000
vt -0.200000 0.039270 0.000000
vt 0.000000 0.013090 0.000000
vt -0.200000 0.013090 0.000000
vt 0.000000 -0.013090 0.000000
vt -0.200000 -0.013090 0.000000
vt -0.000000 -0.039270 0.000000
vt -0.200000 -0.039270 0.000000
vt 2.590000 0.039270 0.000000
vt 2.400000 0.039270 0.000000
vt 2.590000 0.013090 0.000000
vt 2.400000 0.013090 0.000000
vt 2.590000 -0.013090 0.000000
vt 2.400000 -0.013090 0.000000
vt 2.590000 -0.039270 0.000000
vt 2.400000 -0.039270 0.000000
vt -0.318579 2.400000 0.000000
vt -0.281421 2.400000 0.000000
vt -0.318579 2.590000 0.000000
vt -0.281421 2.590000 0.000000
vt -2.400000 0.039270 0.000000
vt -2.590000 0.039270 0.000000
vt -2.400000 0.013090 0.000000
vt -2.590000 0.013090 0.000000
vt -2.400000 -0.013090 0.000000
vt -2.590000 -0.013090 0.000000
vt -2.400000 -0.039270 0.000000
vt -2.590000 -0.039270 0.000000
vt -0.180103 0.039185 0.000000
vt -0.178996 0.013062 0.000000
vt 0.000000 0.039185 0.000000
vt 0.000000 0.013062 0.000000
vt -0.177706 -0.013062 0.000000
vt 0.000000 -0.013062 0.000000
vt -0.176321 -0.039185 0.000000
vt 0.000000 -0.039185 0.000000
vt 0.176321 -1.049690 0.000000
vt 0.143690 -0.441521 0.000000
vt 0.000000 -1.049690 0.000000
vt 0.000000 -0.441521 0.000000
vt -0.030000 0.039355 0.000000
vt -0.030000 0.019677 0.000000
vt 0.109884 0.039355 0.000000
vt 0.110700 0.019677 0.000000
vt -0.030000 0.000000 0.000000
vt 0.111631 -0.000000 0.000000
vt -0.030000 -0.019677 0.000000
vt 0.112640 -0.019677 0.000000
vt -0.030000 -0.039355 0.000000
vt 0.113690 -0.039355 0.000000
vt -0.028284 1.924925 0.000000
vt -0.028284 1.124972 0.000000
vt -0.027282 1.915729 0.000000
vt -0.027273 1.134162 0.000000
vt -0.024298 1.906750 0.000000
vt -0.024283 1.143133 0.000000
vt -0.019403 1.898201 0.000000
vt -0.019385 1.151675 0.000000
vt -0.012713 1.890284 0.000000
vt -0.012694 1.159585 0.000000
vt -0.004369 1.166678 0.000000
vt -0.004387 1.883185 0.000000
vt 0.005394 1.172785 0.000000
vt 0.005381 1.877072 0.000000
vt 0.028284 1.181493 0.000000
vt 0.028284 1.868356 0.000000
vt 0.020000 -0.343431 0.000000
vt 0.020000 0.343431 0.000000
vt 0.006782 -0.340385 0.000000
vt 0.006782 0.340385 0.000000
vt -0.006782 -0.340385 0.000000
vt -0.006782 0.340385 0.000000
vt -0.020000 -0.343431 0.000000
vt -0.020000 0.343431 0.000000
vt 0.028284 2.049925 0.000000
vt 0.028284 2.849925 0.000000
vt 0.027282 2.059121 0.000000
vt 0.027282 2.840729 0.000000
vt 0.024298 2.068099 0.000000
vt 0.024298 2.831751 0.000000
vt 0.019403 2.076648 0.000000
vt 0.019403 2.823201 0.000000
vt 0.012713 2.084566 0.000000
vt 0.012713 2.815284 0.000000
vt 0.004387 2.091665 0.000000
vt 0.004387 2.808185 0.000000
vt -0.005381 2.097778 0.000000
vt -0.005381 2.802072 0.000000
vt -0.028284 2.793356 0.000000
vt -0.028284 2.106493 0.000000
vt -0.240000 0.000048 0.000000
vt -0.000000 0.000048 0.000000
vt -0.239285 0.009274 0.000000
vt -0.000000 0.015752 0.000000
vt -0.237170 0.018500 0.000000
vt -0.233707 0.027726 0.000000
vt -0.000000 0.031456 0.000000
vt -0.228976 0.036953 0.000000
vt -0.000000 0.047160 0.000000
vt -0.223089 0.046179 0.000000
vt -0.216186 0.055405 0.000000
vt -0.000000 0.062864 0.000000
vt -0.200000 0.073858 0.000000
vt 0.000000 0.078568 0.000000
vt -0.200000 0.087451 0.000000
vt 0.000000 0.094272 0.000000
vt -0.200000 0.101045 0.000000
vt -0.000000 0.109976 0.000000
vt -0.200000 0.114638 0.000000
vt 0.000000 0.125680 0.000000
vt -0.216195 0.133102 0.000000
vt 0.000000 0.141384 0.000000
vt -0.223102 0.142335 0.000000
vt -0.228990 0.151567 0.000000
vt -0.000000 0.157088 0.000000
vt -0.233720 0.160799 0.000000
vt -0.000000 0.172792 0.000000
vt -0.237181 0.170031 0.000000
vt -0.239291 0.179263 0.000000
vt -0.000000 0.188496 0.000000
vt -0.240000 0.188496 0.000000
vt -0.240000 -0.188496 0.000000
vt 0.000000 -0.188496 0.000000
vt -0.239291 -0.179263 0.000000
vt 0.000000 -0.172788 0.000000
vt -0.237181 -0.170031 0.000000
vt -0.233720 -0.160799 0.000000
vt -0.000000 -0.157080 0.000000
vt -0.228990 -0.151567 0.000000
vt -0.000000 -0.141372 0.000000
vt -0.223102 -0.142335 0.000000
vt -0.216195 -0.133102 0.000000
vt 0.000000 -0.125664 0.000000
vt -0.200000 -0.114638 0.000000
vt 0.000000 -0.109956 0.000000
vt -0.200000 -0.101045 0.000000
vt 0.000000 -0.094248 0.000000
vt -0.200000 -0.087451 0.000000
vt 0.000000 -0.078540 0.000000
vt -0.200000 -0.073858 0.000000
vt 0.000000 -0.062832 0.000000
vt -0.216195 -0.055393 0.000000
vt 0.000000 -0.047124 0.000000
vt -0.223102 -0.046161 0.000000
vt -0.228990 -0.036929 0.000000
vt 0.000000 -0.031416 0.000000
vt -0.233720 -0.027697 0.000000
vt 0.000000 -0.015708 0.000000
vt -0.237181 -0.018464 0.000000
vt -0.239291 -0.009232 0.000000
vt -0.000000 0.000000 0.000000
vt -0.240000 0.000000 0.000000
vt 2.597956 -2.204321 0.000000
vt 2.591962 -2.189850 0.000000
vt 2.600000 -2.219850 0.000000
vt 2.600000 -2.470000 0.000000
vt 2.582426 -2.177423 0.000000
vt 2.570000 -2.167888 0.000000
vt 2.555529 -2.161894 0.000000
vt 2.540000 -2.159850 0.000000
vt 2.524471 -2.161894 0.000000
vt 2.510000 -2.167888 0.000000
vt 2.480000 -2.219850 0.000000
vt 2.480000 -2.980000 0.000000
vt 2.497574 -2.177423 0.000000
vt 2.488038 -2.189850 0.000000
vt 2.482044 -2.204321 0.000000
vt 2.478029 -2.999754 0.000000
vt 2.580000 -3.280000 0.000000
vt 2.602593 -2.492626 0.000000
vt 2.450000 -3.280000 0.000000
vt 2.472195 -3.018730 0.000000
vt 2.462728 -3.036179 0.000000
vt 2.450000 -3.051414 0.000000
vt 2.610239 -2.514079 0.000000
vt 2.605882 -3.276593 0.000000
vt 2.622540 -2.533246 0.000000
vt 2.630000 -3.266603 0.000000
vt 2.638859 -2.549132 0.000000
vt 2.650711 -3.250711 0.000000
vt 2.680000 -3.180000 0.000000
vt 2.666603 -3.230000 0.000000
vt 2.676593 -3.205882 0.000000
vt 2.680000 -2.567980 0.000000
vt 2.658349 -2.560913 0.000000
vt 2.482043 -1.435375 0.000000
vt 2.488035 -1.449843 0.000000
vt 2.480000 -1.419850 0.000000
vt 2.497565 -1.462268 0.000000
vt 2.509986 -1.471803 0.000000
vt 2.480000 -1.019850 0.000000
vt 2.524452 -1.477800 0.000000
vt 2.539976 -1.479850 0.000000
vt 2.600000 -1.019850 0.000000
vt 2.555502 -1.477812 0.000000
vt 2.569973 -1.471827 0.000000
vt 2.600000 -1.419897 0.000000
vt 2.582401 -1.462301 0.000000
vt 2.591942 -1.449884 0.000000
vt 2.597944 -1.435421 0.000000
vt -3.449850 0.340000 0.000000
vt -3.700000 0.340000 0.000000
vt -3.449850 0.100000 0.000000
vt -3.700000 0.000000 0.000000
vt -2.649897 0.100000 0.000000
vt -0.102020 0.000000 0.000000
vt -2.223968 0.343407 0.000000
vt -1.193024 0.400000 0.000000
vt -1.218906 0.403407 0.000000
vt -0.102020 0.400000 0.000000
vt -2.199850 0.353397 0.000000
vt -1.243024 0.413397 0.000000
vt -2.179139 0.369289 0.000000
vt -2.163247 0.390000 0.000000
vt -1.263735 0.429289 0.000000
vt -2.153257 0.414118 0.000000
vt -1.279627 0.450000 0.000000
vt -2.149850 0.440000 0.000000
vt -1.289617 0.474118 0.000000
vt -1.293024 0.500000 0.000000
vt -1.293024 0.710834 0.000000
vt -2.149850 1.058579 0.000000
vt -2.120560 1.129289 0.000000
vt -2.146442 1.084461 0.000000
vt -2.136452 1.108579 0.000000
vt -1.293024 1.400000 0.000000
vt -1.879139 1.370711 0.000000
vt -1.808428 1.400000 0.000000
vt -1.858428 1.386603 0.000000
vt -1.834310 1.396593 0.000000
vt -2.249850 0.340000 0.000000
vt -2.649897 0.340000 0.000000
vt -0.230000 -0.070711 0.000000
vt -0.000000 -0.070711 0.000000
vt -0.230000 0.070711 0.000000
vt -0.000000 0.070711 0.000000
vt 0.410000 0.230000 0.000000
vt 0.100000 0.230000 0.000000
vt 0.410000 0.000000 0.000000
vt 0.100000 0.000000 0.000000
vt 0.237500 0.155000 0.000000
vt 0.137500 0.255000 0.000000
vt 0.237500 -0.155000 0.000000
vt -0.137500 0.255000 0.000000
vt 0.137500 -0.255000 0.000000
vt -0.237500 0.155000 0.000000
vt -0.137500 -0.255000 0.000000
vt -0.237500 -0.155000 0.000000
vt 0.230000 0.070711 0.000000
vt 0.000000 0.070711 0.000000
vt 0.230000 -0.070711 0.000000
vt 0.000000 -0.070711 0.000000
vt 0.100000 0.000000 0.000000
vt 0.410000 0.000000 0.000000
vt 0.100000 0.230000 0.000000
vt 0.410000 0.230000 0.000000
vt 0.230000 0.070711 0.000000
vt 0.000000 0.070711 0.000000
vt 0.230000 -0.070711 0.000000
vt 0.000000 -0.070711 0.000000
vt -0.230000 -0.070711 0.000000
vt -0.000000 -0.070711 0.000000
vt -0.230000 0.070711 0.000000
vt -0.000000 0.070711 0.000000
vt 0.100000 0.000000 0.000000
vt 0.375000 0.000000 0.000000
vt 0.100000 0.230000 0.000000
vt 0.375000 0.230000 0.000000
vt 0.100000 0.000000 0.000000
vt 0.375000 0.000000 0.000000
vt 0.100000 0.230000 0.000000
vt 0.375000 0.230000 0.000000
vt -1.250000 -0.070711 0.000000
vt 0.150000 -0.070711 0.000000
vt -1.250000 0.070711 0.000000
vt 0.150000 0.070711 0.000000
vt 0.635000 1.400000 0.000000
vt 0.100000 1.400000 0.000000
vt 0.635000 0.000000 0.000000
vt 0.100000 0.000000 0.000000
vt -1.250000 -0.070711 0.000000
vt 0.150000 -0.070711 0.000000
vt -1.250000 0.070711 0.000000
vt 0.150000 0.070711 0.000000
vt 1.028711 1.182196 0.000000
vt 0.611289 1.182196 0.000000
vt 1.026667 1.166667 0.000000
vt 0.613333 1.166667 0.000000
vt 1.028711 1.151137 0.000000
vt 0.611289 1.151137 0.000000
vt 1.034705 1.136667 0.000000
vt 0.605295 1.136667 0.000000
vt 1.034705 0.663333 0.000000
vt 0.605295 0.663333 0.000000
vt 1.028711 0.648862 0.000000
vt 0.611289 0.648862 0.000000
vt 1.026667 0.633333 0.000000
vt 0.613333 0.633333 0.000000
vt 1.028711 0.617804 0.000000
vt 0.611289 0.617804 0.000000
vt 1.034705 0.603333 0.000000
vt 0.605295 0.603333 0.000000
vt 1.034705 0.130000 0.000000
vt 0.605295 0.130000 0.000000
vt 1.028711 0.115529 0.000000
vt 0.611289 0.115529 0.000000
vt 1.026667 0.100000 0.000000
vt 0.613333 0.100000 0.000000
vt 1.028711 0.084471 0.000000
vt 0.611289 0.084471 0.000000
vt 1.034705 0.070000 0.000000
vt 0.605295 0.070000 0.000000
vt 1.044240 0.057574 0.000000
vt 0.595760 0.057574 0.000000
vt 1.056667 0.048038 0.000000
vt 0.583333 0.048038 0.000000
vt 1.071138 0.042044 0.000000
vt 0.568863 0.042044 0.000000
vt -0.020000 -0.770000 0.000000
vt 0.553333 0.040000 0.000000
vt 0.537804 0.042044 0.000000
vt 0.605295 1.196667 0.000000
vt 1.034705 1.196667 0.000000
vt 0.605295 1.670000 0.000000
vt 1.034705 1.670000 0.000000
vt 0.611289 1.684471 0.000000
vt 1.028711 1.684471 0.000000
vt 0.613333 1.700000 0.000000
vt 1.026667 1.700000 0.000000
vt 0.611289 1.715529 0.000000
vt 1.028711 1.715529 0.000000
vt 0.605295 1.730000 0.000000
vt 1.034705 1.730000 0.000000
vt 0.595760 1.742426 0.000000
vt 1.044240 1.742426 0.000000
vt 0.583333 1.751961 0.000000
vt 1.056667 1.751961 0.000000
vt -0.020000 3.027980 0.000000
vt 1.071138 1.757956 0.000000
vt 1.770000 3.030000 0.000000
vt 1.086667 1.760000 0.000000
vt 1.102196 1.757956 0.000000
vt 1.044240 1.657574 0.000000
vt 1.044240 1.209093 0.000000
vt 1.056667 1.648038 0.000000
vt 1.056667 1.218628 0.000000
vt 1.071138 1.642044 0.000000
vt 1.071138 1.224622 0.000000
vt 1.086667 1.640000 0.000000
vt 1.086667 1.226667 0.000000
vt 1.102196 1.224622 0.000000
vt 1.102196 1.642044 0.000000
vt 1.116667 1.218628 0.000000
vt 1.116667 1.648038 0.000000
vt 1.129093 1.209093 0.000000
vt 1.129093 1.657574 0.000000
vt 1.138628 1.196667 0.000000
vt 1.138628 1.670000 0.000000
vt 1.568039 1.196667 0.000000
vt 1.568039 1.670000 0.000000
vt 1.577574 1.657574 0.000000
vt 1.577574 1.209093 0.000000
vt 1.590000 1.648038 0.000000
vt 1.590000 1.218628 0.000000
vt 1.604471 1.642044 0.000000
vt 1.604471 1.224622 0.000000
vt 1.620000 1.640000 0.000000
vt 1.620000 1.226667 0.000000
vt 1.635529 1.224622 0.000000
vt 1.562045 1.182196 0.000000
vt 1.144622 1.182196 0.000000
vt 1.560000 1.166667 0.000000
vt 1.146667 1.166667 0.000000
vt 1.562045 1.151137 0.000000
vt 1.144622 1.151137 0.000000
vt 1.568039 1.136667 0.000000
vt 1.138628 1.136667 0.000000
vt 1.568039 0.663333 0.000000
vt 1.138628 0.663333 0.000000
vt 1.562045 0.648862 0.000000
vt 1.144622 0.648862 0.000000
vt 1.560000 0.633333 0.000000
vt 1.146667 0.633333 0.000000
vt 1.562045 0.617804 0.000000
vt 1.144622 0.617804 0.000000
vt 1.568039 0.603333 0.000000
vt 1.138628 0.603333 0.000000
vt 1.568039 0.130000 0.000000
vt 1.138628 0.130000 0.000000
vt 1.562045 0.115529 0.000000
vt 1.144622 0.115529 0.000000
vt 1.560000 0.100000 0.000000
vt 1.146667 0.100000 0.000000
vt 1.562045 0.084471 0.000000
vt 1.144622 0.084471 0.000000
vt 1.568039 0.070000 0.000000
vt 1.138628 0.070000 0.000000
vt 1.577574 0.057574 0.000000
vt 1.129093 0.057574 0.000000
vt 1.770000 -0.770000 0.000000
vt 1.116667 0.048038 0.000000
vt 1.102196 0.042044 0.000000
vt 1.129093 1.124240 0.000000
vt 1.129093 0.675760 0.000000
vt 1.116667 1.114705 0.000000
vt 1.116667 0.685295 0.000000
vt 1.102196 1.108711 0.000000
vt 1.102196 0.691289 0.000000
vt 1.086667 1.106667 0.000000
vt 1.086667 0.693333 0.000000
vt 1.071138 0.691289 0.000000
vt 1.071138 1.108711 0.000000
vt 1.056667 0.685295 0.000000
vt 1.056667 1.114705 0.000000
vt 1.044240 0.675760 0.000000
vt 1.044240 1.124240 0.000000
vt -0.037955 1.182196 0.000000
vt -0.040000 1.700000 0.000000
vt -0.040000 1.166667 0.000000
vt -0.300000 2.927980 0.000000
vt -0.300000 -0.670000 0.000000
vt -0.031961 1.196667 0.000000
vt -0.031961 1.670000 0.000000
vt -0.037955 1.684471 0.000000
vt -0.022426 1.657574 0.000000
vt -0.022426 1.209093 0.000000
vt -0.010000 1.648038 0.000000
vt -0.010000 1.218628 0.000000
vt 0.004471 1.642044 0.000000
vt 0.004471 1.224622 0.000000
vt 0.020000 1.640000 0.000000
vt 0.020000 1.226667 0.000000
vt 0.035529 1.224622 0.000000
vt 0.035529 1.642044 0.000000
vt 0.050000 1.218628 0.000000
vt 0.050000 1.648038 0.000000
vt 0.062426 1.209093 0.000000
vt 0.062426 1.657574 0.000000
vt 0.071962 1.196667 0.000000
vt 0.071962 1.670000 0.000000
vt 0.501372 1.196667 0.000000
vt 0.501372 1.670000 0.000000
vt 0.510907 1.657574 0.000000
vt 0.510907 1.209093 0.000000
vt 0.523333 1.648038 0.000000
vt 0.523333 1.218628 0.000000
vt 0.537804 1.642044 0.000000
vt 0.537804 1.224622 0.000000
vt 0.553333 1.640000 0.000000
vt 0.553333 1.226667 0.000000
vt 0.568863 1.224622 0.000000
vt 0.495378 1.182196 0.000000
vt 0.077956 1.182196 0.000000
vt 0.493333 1.166667 0.000000
vt 0.080000 1.166667 0.000000
vt 0.495378 1.151137 0.000000
vt 0.077956 1.151137 0.000000
vt 0.501372 1.136667 0.000000
vt 0.071962 1.136667 0.000000
vt 0.501372 0.663333 0.000000
vt 0.071962 0.663333 0.000000
vt 0.495378 0.648862 0.000000
vt 0.077956 0.648862 0.000000
vt 0.493333 0.633333 0.000000
vt 0.080000 0.633333 0.000000
vt 0.495378 0.617804 0.000000
vt 0.077956 0.617804 0.000000
vt 0.501372 0.603333 0.000000
vt 0.071962 0.603333 0.000000
vt 0.501372 0.130000 0.000000
vt 0.071962 0.130000 0.000000
vt 0.495378 0.115529 0.000000
vt 0.077956 0.115529 0.000000
vt 0.493333 0.100000 0.000000
vt 0.080000 0.100000 0.000000
vt 0.495378 0.084471 0.000000
vt 0.077956 0.084471 0.000000
vt 0.501372 0.070000 0.000000
vt 0.071962 0.070000 0.000000
vt 0.510907 0.057574 0.000000
vt 0.062426 0.057574 0.000000
vt 0.050000 0.048038 0.000000
vt 0.035529 0.042044 0.000000
vt 0.062426 1.124240 0.000000
vt 0.062426 0.675760 0.000000
vt 0.050000 1.114705 0.000000
vt 0.050000 0.685295 0.000000
vt 0.035529 1.108711 0.000000
vt 0.035529 0.691289 0.000000
vt 0.020000 1.106667 0.000000
vt 0.020000 0.693333 0.000000
vt 0.004471 0.691289 0.000000
vt 0.004471 1.108711 0.000000
vt -0.010000 0.685295 0.000000
vt -0.010000 1.114705 0.000000
vt -0.022426 0.675760 0.000000
vt -0.022426 1.124240 0.000000
vt -0.031961 0.663333 0.000000
vt -0.031961 1.136667 0.000000
vt -0.037955 0.648862 0.000000
vt -0.037955 1.151137 0.000000
vt -0.037955 0.115529 0.000000
vt -0.040000 0.633333 0.000000
vt -0.040000 0.100000 0.000000
vt -0.037955 0.084471 0.000000
vt -0.031961 0.070000 0.000000
vt -0.022426 0.057574 0.000000
vt -0.010000 0.048038 0.000000
vt 0.004471 0.042044 0.000000
vt -0.200000 -0.770000 0.000000
vt -0.031961 0.130000 0.000000
vt -0.031961 0.603333 0.000000
vt -0.037955 0.617804 0.000000
vt -0.022426 0.590907 0.000000
vt -0.022426 0.142426 0.000000
vt -0.010000 0.581372 0.000000
vt -0.010000 0.151961 0.000000
vt 0.004471 0.575378 0.000000
vt 0.004471 0.157956 0.000000
vt 0.020000 0.573333 0.000000
vt 0.020000 0.160000 0.000000
vt 0.035529 0.157956 0.000000
vt 0.035529 0.575378 0.000000
vt 0.050000 0.151961 0.000000
vt 0.050000 0.581372 0.000000
vt 0.062426 0.142426 0.000000
vt 0.062426 0.590907 0.000000
vt 0.020000 0.040000 0.000000
vt 1.577574 1.124240 0.000000
vt 1.577574 0.675760 0.000000
vt 1.590000 1.114705 0.000000
vt 1.590000 0.685295 0.000000
vt 1.604471 1.108711 0.000000
vt 1.604471 0.691289 0.000000
vt 1.620000 1.106667 0.000000
vt 1.620000 0.693333 0.000000
vt 1.635529 0.691289 0.000000
vt 1.635529 1.108711 0.000000
vt 1.650000 0.685295 0.000000
vt 1.650000 1.114705 0.000000
vt 1.662426 0.675760 0.000000
vt 1.662426 1.124240 0.000000
vt 1.671962 0.663333 0.000000
vt 1.671962 1.136667 0.000000
vt 1.677956 0.648862 0.000000
vt 1.677956 1.151137 0.000000
vt 1.680000 1.166667 0.000000
vt 1.680000 0.633333 0.000000
vt 1.920000 -0.770000 0.000000
vt 1.680000 0.100000 0.000000
vt 1.677956 0.084471 0.000000
vt 1.677956 0.115529 0.000000
vt 1.677956 0.617804 0.000000
vt 1.671962 0.603333 0.000000
vt 1.671962 0.130000 0.000000
vt 1.662426 0.590907 0.000000
vt 1.662426 0.142426 0.000000
vt 1.650000 0.581372 0.000000
vt 1.650000 0.151961 0.000000
vt 1.635529 0.575378 0.000000
vt 1.635529 0.157956 0.000000
vt 1.620000 0.573333 0.000000
vt 1.620000 0.160000 0.000000
vt 1.604471 0.157956 0.000000
vt 1.604471 0.575378 0.000000
vt 1.590000 0.151961 0.000000
vt 1.590000 0.581372 0.000000
vt 1.577574 0.142426 0.000000
vt 1.577574 0.590907 0.000000
vt 1.129093 0.590907 0.000000
vt 1.129093 0.142426 0.000000
vt 1.116667 0.581372 0.000000
vt 1.116667 0.151961 0.000000
vt 1.102196 0.575378 0.000000
vt 1.102196 0.157956 0.000000
vt 1.086667 0.573333 0.000000
vt 1.086667 0.160000 0.000000
vt 1.071138 0.157956 0.000000
vt 1.071138 0.575378 0.000000
vt 1.056667 0.151961 0.000000
vt 1.056667 0.581372 0.000000
vt 1.044240 0.142426 0.000000
vt 1.044240 0.590907 0.000000
vt -0.037955 1.715529 0.000000
vt -0.031961 1.730000 0.000000
vt -0.022426 1.742426 0.000000
vt -0.010000 1.751961 0.000000
vt 0.004471 1.757956 0.000000
vt 0.020000 1.760000 0.000000
vt 0.035529 1.757956 0.000000
vt 0.050000 1.751961 0.000000
vt 0.523333 1.751961 0.000000
vt 0.537804 1.757956 0.000000
vt 0.510907 1.742426 0.000000
vt 0.062426 1.742426 0.000000
vt 0.501372 1.730000 0.000000
vt 0.071962 1.730000 0.000000
vt 0.495378 1.715529 0.000000
vt 0.077956 1.715529 0.000000
vt 0.493333 1.700000 0.000000
vt 0.080000 1.700000 0.000000
vt 0.495378 1.684471 0.000000
vt 0.077956 1.684471 0.000000
vt 1.635529 1.642044 0.000000
vt 1.650000 1.218628 0.000000
vt 1.650000 1.648038 0.000000
vt 1.662426 1.209093 0.000000
vt 1.662426 1.657574 0.000000
vt 1.671962 1.196667 0.000000
vt 1.671962 1.670000 0.000000
vt 1.677956 1.182196 0.000000
vt 1.677956 1.684471 0.000000
vt 1.680000 1.700000 0.000000
vt 1.920000 3.030000 0.000000
vt 1.677956 1.715529 0.000000
vt 1.671962 1.730000 0.000000
vt 1.662426 1.742426 0.000000
vt 1.650000 1.751961 0.000000
vt 1.635529 1.757956 0.000000
vt 1.620000 1.760000 0.000000
vt 1.604471 1.757956 0.000000
vt 1.590000 1.751961 0.000000
vt 1.116667 1.751961 0.000000
vt 1.577574 1.742426 0.000000
vt 1.129093 1.742426 0.000000
vt 1.568039 1.730000 0.000000
vt 1.138628 1.730000 0.000000
vt 1.562045 1.715529 0.000000
vt 1.144622 1.715529 0.000000
vt 1.560000 1.700000 0.000000
vt 1.146667 1.700000 0.000000
vt 1.562045 1.684471 0.000000
vt 1.144622 1.684471 0.000000
vt 0.568863 1.642044 0.000000
vt 0.583333 1.218628 0.000000
vt 0.583333 1.648038 0.000000
vt 0.595760 1.209093 0.000000
vt 0.595760 1.657574 0.000000
vt 0.595760 1.124240 0.000000
vt 0.595760 0.675760 0.000000
vt 0.583333 1.114705 0.000000
vt 0.583333 0.685295 0.000000
vt 0.568863 1.108711 0.000000
vt 0.568863 0.691289 0.000000
vt 0.553333 1.106667 0.000000
vt 0.553333 0.693333 0.000000
vt 0.537804 0.691289 0.000000
vt 0.537804 1.108711 0.000000
vt 0.523333 0.685295 0.000000
vt 0.523333 1.114705 0.000000
vt 0.510907 0.675760 0.000000
vt 0.510907 1.124240 0.000000
vt 0.510907 0.590907 0.000000
vt 0.510907 0.142426 0.000000
vt 0.523333 0.581372 0.000000
vt 0.523333 0.151961 0.000000
vt 0.537804 0.575378 0.000000
vt 0.537804 0.157956 0.000000
vt 0.553333 0.573333 0.000000
vt 0.553333 0.160000 0.000000
vt 0.568863 0.157956 0.000000
vt 0.568863 0.575378 0.000000
vt 0.583333 0.151961 0.000000
vt 0.583333 0.581372 0.000000
vt 0.595760 0.142426 0.000000
vt 0.595760 0.590907 0.000000
vt 0.523333 0.048038 0.000000
vt 1.671962 0.070000 0.000000
vt 1.662426 0.057574 0.000000
vt 1.650000 0.048038 0.000000
vt 1.635529 0.042044 0.000000
vt 1.620000 0.040000 0.000000
vt 1.604471 0.042044 0.000000
vt 1.590000 0.048038 0.000000
vt 1.086667 0.040000 0.000000
vt 0.553333 1.760000 0.000000
vt 0.568863 1.757956 0.000000
vt -4.700000 -5.200000 0.000000
vt -4.600000 -5.300000 0.000000
vt -4.700000 -4.665000 0.000000
vt -1.330000 -5.300000 0.000000
vt -3.824443 -1.656166 0.000000
vt -1.975557 -1.656166 0.000000
vt -3.809289 -1.638579 0.000000
vt -1.990711 -1.638579 0.000000
vt -3.796853 -1.617148 0.000000
vt -2.003147 -1.617148 0.000000
vt -3.787612 -1.592698 0.000000
vt -2.012388 -1.592698 0.000000
vt -3.781922 -1.566169 0.000000
vt -2.018079 -1.566169 0.000000
vt -3.780000 -1.538579 0.000000
vt -2.020000 -1.538579 0.000000
vt -3.780000 -1.380000 0.000000
vt -2.020000 -1.380000 0.000000
vt -3.783407 -1.354118 0.000000
vt -2.016593 -1.354118 0.000000
vt -3.793398 -1.330000 0.000000
vt -2.006603 -1.330000 0.000000
vt -3.809289 -1.309289 0.000000
vt -1.990711 -1.309289 0.000000
vt -3.830000 -1.293397 0.000000
vt -1.970000 -1.293397 0.000000
vt -4.080000 4.880000 0.000000
vt -1.720000 4.880000 0.000000
vt -4.080000 5.300000 0.000000
vt -1.720000 5.300000 0.000000
vt -1.330000 -2.070000 0.000000
vt -1.939509 -1.677283 0.000000
vt -1.958268 -1.669235 0.000000
vt -1.326592 -2.044118 0.000000
vt -1.920000 -1.680000 0.000000
vt -1.929802 -1.679319 0.000000
vt -1.316602 -2.020000 0.000000
vt -1.300711 -1.999289 0.000000
vt -1.280000 -1.983398 0.000000
vt -1.255882 -1.973407 0.000000
vt -1.230000 -1.970000 0.000000
vt -0.090711 -1.680000 0.000000
vt -0.075330 -1.678790 0.000000
vt 1.770000 -1.970000 0.000000
vt -0.061421 -1.675181 0.000000
vt -0.049224 -1.669235 0.000000
vt -0.038947 -1.661053 0.000000
vt -0.030765 -1.650776 0.000000
vt -0.024819 -1.638579 0.000000
vt -0.021210 -1.624670 0.000000
vt -0.020000 -1.609289 0.000000
vt 1.770000 3.700000 0.000000
vt -0.020000 3.700000 0.000000
vt -0.200000 3.027980 0.000000
vt -0.225882 3.024572 0.000000
vt -0.250000 3.014582 0.000000
vt -0.270711 2.998690 0.000000
vt -0.286603 2.977980 0.000000
vt -0.296593 2.953861 0.000000
vt -0.296593 -0.695882 0.000000
vt -0.286603 -0.720000 0.000000
vt -0.270711 -0.740711 0.000000
vt -0.250000 -0.756603 0.000000
vt -0.225882 -0.766593 0.000000
vt -1.945882 -1.283407 0.000000
vt -1.920000 -1.280000 0.000000
vt -0.420000 -1.180000 0.000000
vt -0.520000 -1.280000 0.000000
vt -0.494118 -1.276593 0.000000
vt -0.470000 -1.266602 0.000000
vt -0.449289 -1.250711 0.000000
vt -0.433398 -1.230000 0.000000
vt -0.423407 -1.205882 0.000000
vt -0.420000 4.780000 0.000000
vt -0.520000 4.880000 0.000000
vt -0.494118 4.876593 0.000000
vt -0.470000 4.866603 0.000000
vt -0.449289 4.850711 0.000000
vt -0.433398 4.830000 0.000000
vt -0.423407 4.805882 0.000000
vt -5.280000 4.880000 0.000000
vt -5.380000 4.780000 0.000000
vt -5.380000 -1.180000 0.000000
vt -3.880000 -1.280000 0.000000
vt -5.280000 -1.280000 0.000000
vt -5.305882 -1.276593 0.000000
vt -5.330000 -1.266602 0.000000
vt -5.350711 -1.250711 0.000000
vt -5.366603 -1.230000 0.000000
vt -5.376593 -1.205882 0.000000
vt -5.305882 4.876593 0.000000
vt -5.330000 4.866603 0.000000
vt -5.350711 4.850711 0.000000
vt -5.366603 4.830000 0.000000
vt -5.376593 4.805882 0.000000
vt -3.854118 -1.283407 0.000000
vt -3.841732 -1.669235 0.000000
vt -3.860491 -1.677283 0.000000
vt -4.800000 -4.365000 0.000000
vt -3.870198 -1.679319 0.000000
vt -4.800000 -2.545000 0.000000
vt -3.880000 -1.680000 0.000000
vt -5.400000 -1.680000 0.000000
vt -5.400000 -2.545000 0.000000
vt -5.400000 -4.365000 0.000000
vt -5.300000 -4.565000 0.000000
vt -4.800000 -4.565000 0.000000
vt -5.400000 -4.465000 0.000000
vt 0.100000 0.000000 0.000000
vt 0.600000 0.000000 0.000000
vt 0.100000 1.400000 0.000000
vt 0.600000 1.400000 0.000000
vt 0.000000 0.070711 0.000000
vt -1.400000 0.070711 0.000000
vt 0.000000 -0.070711 0.000000
vt -1.400000 -0.070711 0.000000
vt 3.240000 0.039270 0.000000
vt 3.120000 0.039270 0.000000
vt 3.240000 0.013090 0.000000
vt 3.120000 0.013090 0.000000
vt 3.240000 -0.013090 0.000000
vt 3.120000 -0.013090 0.000000
vt 3.240000 -0.039270 0.000000
vt 3.120000 -0.039270 0.000000
vt -2.200000 -0.170711 0.000000
vt -2.080000 -0.170711 0.000000
vt -2.200000 0.170711 0.000000
vt -2.080000 0.170711 0.000000
vt 4.499850 0.340000 0.000000
vt 4.099850 0.340000 0.000000
vt 4.499850 0.100000 0.000000
vt 4.073968 0.343407 0.000000
vt 3.043024 0.400000 0.000000
vt 3.068906 0.403407 0.000000
vt 4.049850 0.353397 0.000000
vt 4.029139 0.369289 0.000000
vt 3.093024 0.413397 0.000000
vt 4.013247 0.390000 0.000000
vt 3.113735 0.429289 0.000000
vt 4.003257 0.414118 0.000000
vt 3.129627 0.450000 0.000000
vt 3.999850 0.440000 0.000000
vt 3.139617 0.474118 0.000000
vt 3.143024 0.500000 0.000000
vt 3.143024 0.710834 0.000000
vt 3.999850 1.058579 0.000000
vt 2.772436 1.080163 0.000000
vt 3.996442 1.084461 0.000000
vt 3.986452 1.108579 0.000000
vt 3.970560 1.129289 0.000000
vt 2.757226 1.092597 0.000000
vt 2.739878 1.101818 0.000000
vt 3.729139 1.370711 0.000000
vt 2.721063 1.107469 0.000000
vt 3.658428 1.400000 0.000000
vt 2.701506 1.109332 0.000000
vt 2.093340 1.107264 0.000000
vt 0.196411 1.400000 0.000000
vt 2.067524 1.103783 0.000000
vt 0.598579 1.000000 0.000000
vt 0.624461 0.996593 0.000000
vt 3.708428 1.386603 0.000000
vt 3.684310 1.396593 0.000000
vt 0.196411 1.460000 0.000000
vt 0.100000 1.500000 0.000000
vt 0.280000 0.760000 0.000000
vt 0.490711 0.970711 0.000000
vt 0.156411 1.500000 0.000000
vt 0.100000 0.000000 0.000000
vt 0.280000 0.500000 0.000000
vt 0.283407 0.474118 0.000000
vt 0.293397 0.450000 0.000000
vt 0.309289 0.429289 0.000000
vt 0.330000 0.413397 0.000000
vt 0.354118 0.403407 0.000000
vt 0.380000 0.400000 0.000000
vt 0.780000 0.400000 0.000000
vt 1.752020 0.400000 0.000000
vt 0.805882 0.403407 0.000000
vt 1.726139 0.403407 0.000000
vt 0.830000 0.413397 0.000000
vt 1.702020 0.413397 0.000000
vt 0.850711 0.429289 0.000000
vt 1.681310 0.429289 0.000000
vt 0.866603 0.450000 0.000000
vt 1.665418 0.450000 0.000000
vt 0.876593 0.474118 0.000000
vt 1.655428 0.474118 0.000000
vt 0.880000 0.500000 0.000000
vt 1.652020 0.500000 0.000000
vt 1.652020 0.705763 0.000000
vt 6.060000 0.000000 0.000000
vt 5.299850 0.100000 0.000000
vt 6.060000 0.340000 0.000000
vt 5.299850 0.340000 0.000000
vt 0.880000 0.760000 0.000000
vt 2.022849 1.077855 0.000000
vt 0.669289 0.970711 0.000000
vt 0.648579 0.986603 0.000000
vt 2.043484 1.093753 0.000000
vt 0.511421 0.986603 0.000000
vt 0.535539 0.996593 0.000000
vt 0.561421 1.000000 0.000000
vt -1.040000 0.039270 0.000000
vt -1.160000 0.039270 0.000000
vt -1.040000 0.013090 0.000000
vt -1.160000 0.013090 0.000000
vt -1.040000 -0.013090 0.000000
vt -1.160000 -0.013090 0.000000
vt -1.040000 -0.039270 0.000000
vt -1.160000 -0.039270 0.000000
vt 0.200000 0.078540 0.000000
vt -0.000000 0.078540 0.000000
vt 0.200000 0.052360 0.000000
vt 0.000000 0.052360 0.000000
vt 0.200000 0.026180 0.000000
vt -0.000000 0.026180 0.000000
vt 0.200000 -0.000000 0.000000
vt 0.000000 -0.000000 0.000000
vt 0.200000 -0.026180 0.000000
vt 0.000000 -0.026180 0.000000
vt 0.200000 -0.052360 0.000000
vt -0.000000 -0.052360 0.000000
vt 0.200000 -0.078540 0.000000
vt -0.000000 -0.078540 0.000000
vt -0.400000 0.000000 0.000000
vt -0.120000 0.000000 0.000000
vt -0.400000 0.200000 0.000000
vt -0.120000 0.200000 0.000000
vt 0.200000 0.078540 0.000000
vt -0.000000 0.078540 0.000000
vt 0.200000 0.052360 0.000000
vt -0.000000 0.052360 0.000000
vt 0.200000 0.026180 0.000000
vt 0.000000 0.026180 0.000000
vt 0.200000 -0.000000 0.000000
vt 0.000000 -0.000000 0.000000
vt 0.200000 -0.026180 0.000000
vt 0.000000 -0.026180 0.000000
vt 0.200000 -0.052360 0.000000
vt 0.000000 -0.052360 0.000000
vt 0.200000 -0.078540 0.000000
vt -0.000000 -0.078540 0.000000
vt -0.100000 0.200000 0.000000
vt -0.320000 0.200000 0.000000
vt -0.100000 0.000000 0.000000
vt -0.320000 0.000000 0.000000
vt -0.043431 -0.200000 0.000000
vt 0.084853 -0.200000 0.000000
vt -0.043431 0.000000 0.000000
vt 0.084853 0.000000 0.000000
vt 0.043431 0.000000 0.000000
vt -0.084853 0.000000 0.000000
vt 0.043431 -0.200000 0.000000
vt -0.084853 -0.200000 0.000000
vt -0.100000 0.200000 0.000000
vt -0.380000 0.200000 0.000000
vt -0.100000 0.000000 0.000000
vt -0.380000 0.000000 0.000000
vt 0.140984 1.000000 0.000000
vt 0.000000 1.000000 0.000000
vt 0.140984 0.000000 0.000000
vt 0.000000 0.000000 0.000000
vt 3.865000 1.100000 0.000000
vt 3.750000 0.667157 0.000000
vt 3.865000 -0.300000 0.000000
vt 3.750000 -0.092843 0.000000
vt 1.960000 -0.092843 0.000000
vt 3.765000 1.100000 0.000000
vt 3.665000 1.000000 0.000000
vt 3.665000 0.667157 0.000000
vt 0.880000 -0.300000 0.000000
vt 1.960000 0.667157 0.000000
vt 0.880000 0.900000 0.000000
vt 2.045000 1.000000 0.000000
vt 1.080000 1.100000 0.000000
vt 1.945000 1.100000 0.000000
vt 2.045000 0.667157 0.000000
vt 0.450000 0.700000 0.000000
vt 0.082763 0.700000 0.000000
vt 0.450000 -0.300000 0.000000
vt 0.082763 -0.300000 0.000000
vt -2.479548 -2.989493 0.000000
vt -2.479799 -2.986334 0.000000
vt -2.500000 -2.850000 0.000000
vt -2.479950 -2.983169 0.000000
vt -2.480000 -2.980000 0.000000
vt -2.480000 2.980000 0.000000
vt -2.501515 -2.427741 0.000000
vt -2.500000 -2.482763 0.000000
vt -2.476593 3.005882 0.000000
vt -2.515656 3.078537 0.000000
vt -2.587886 2.960064 0.000000
vt -2.643021 2.832734 0.000000
vt -2.466603 3.030000 0.000000
vt -2.427723 3.185871 0.000000
vt -2.450711 3.050711 0.000000
vt -2.430000 3.066603 0.000000
vt -2.405882 3.076593 0.000000
vt -2.380000 3.080000 0.000000
vt -2.325780 3.280000 0.000000
vt -1.180000 3.080000 0.000000
vt -1.180000 3.280000 0.000000
vt -2.680000 2.698997 0.000000
vt -2.680000 -1.398997 0.000000
vt -2.650448 -1.515712 0.000000
vt -2.660540 -1.478143 0.000000
vt -2.667743 -1.451941 0.000000
vt -2.674231 -1.425552 0.000000
vt -2.641826 -1.553646 0.000000
vt -2.634686 -1.591886 0.000000
vt -2.513606 -2.318364 0.000000
vt -2.506055 -2.372886 0.000000
vt -1.087500 -0.017190 0.000000
vt -0.747500 -0.017190 0.000000
vt 0.032500 -0.000000 0.000000
vt -0.747500 -0.076910 0.000000
vt 0.032500 -0.098175 0.000000
vt -0.747500 -0.136630 0.000000
vt 0.032500 -0.196350 0.000000
vt -0.747500 -0.196350 0.000000
vt -1.137177 0.036195 0.000000
vt 0.032500 0.098175 0.000000
vt -1.188647 0.089580 0.000000
vt -1.241323 0.142965 0.000000
vt 0.032500 0.196350 0.000000
vt -1.294607 0.196350 0.000000
vt -0.585000 0.075736 0.000000
vt -0.585000 -0.197990 0.000000
vt 0.195000 0.075736 0.000000
vt 0.195000 -0.282843 0.000000
vt -0.525000 -0.282843 0.000000
vt -0.750000 1.290000 0.000000
vt -0.900000 1.290000 0.000000
vt -0.496447 1.036447 0.000000
vt -0.900000 0.690000 0.000000
vt -0.420678 0.974265 0.000000
vt -0.334235 0.928060 0.000000
vt -0.240438 0.899607 0.000000
vt 0.060000 0.690000 0.000000
vt -0.142893 0.890000 0.000000
vt 0.060000 0.890000 0.000000
vt 0.330000 0.125000 0.000000
vt 0.209289 0.245711 0.000000
vt -0.390000 0.125000 0.000000
vt -0.390000 0.275000 0.000000
vt 0.138579 0.275000 0.000000
vt 0.188579 0.261603 0.000000
vt 0.164461 0.271593 0.000000
vt -0.442500 -0.028284 0.000000
vt -0.252500 -0.028284 0.000000
vt -0.442500 0.028284 0.000000
vt -0.252500 0.028284 0.000000
vt -1.296593 0.474118 0.000000
vt -1.300000 0.500000 0.000000
vt -1.400000 0.200000 0.000000
vt -1.300000 0.760000 0.000000
vt -1.400000 1.400000 0.000000
vt -1.089289 0.970711 0.000000
vt -1.068579 0.986603 0.000000
vt -1.044461 0.996593 0.000000
vt -1.018579 1.000000 0.000000
vt -0.616411 1.400000 0.000000
vt -0.981421 1.000000 0.000000
vt -0.955539 0.996593 0.000000
vt -0.931421 0.986603 0.000000
vt -0.910711 0.970711 0.000000
vt -0.700000 0.760000 0.000000
vt -0.700000 0.500000 0.000000
vt -0.276411 0.207476 0.000000
vt -0.276411 1.500000 0.000000
vt -0.576411 1.500000 0.000000
vt -0.616411 1.460000 0.000000
vt -0.703407 0.474118 0.000000
vt -0.713397 0.450000 0.000000
vt -0.729289 0.429289 0.000000
vt -0.750000 0.413397 0.000000
vt -0.774118 0.403407 0.000000
vt -0.800000 0.400000 0.000000
vt -1.300000 0.000000 0.000000
vt -1.200000 0.400000 0.000000
vt -1.225882 0.403407 0.000000
vt -1.250000 0.413397 0.000000
vt -1.270711 0.429289 0.000000
vt -1.286603 0.450000 0.000000
vt -1.400000 0.100000 0.000000
vt -0.040000 0.000000 0.000000
vt -0.159289 0.139289 0.000000
vt -0.246913 0.198631 0.000000
vt -0.216640 0.183825 0.000000
vt -0.023542 0.003542 0.000000
vt -0.034365 0.000399 0.000000
vt -0.028843 0.001588 0.000000
vt 0.190000 0.060000 0.000000
vt -0.000000 0.060000 0.000000
vt 0.190000 0.000000 0.000000
vt -0.000000 0.000000 0.000000
vt 0.028284 0.100897 0.000000
vt -0.028284 0.100897 0.000000
vt 0.028284 -0.099103 0.000000
vt -0.028284 -0.099103 0.000000
vt 1.400000 1.460000 0.000000
vt 1.360000 1.500000 0.000000
vt 1.400000 1.400000 0.000000
vt 0.100000 1.500000 0.000000
vt 0.100000 0.200000 0.000000
vt 1.500000 0.200000 0.000000
vt 1.500000 1.300000 0.000000
vt 1.496593 1.325882 0.000000
vt 1.486603 1.350000 0.000000
vt 1.470711 1.370711 0.000000
vt 1.450000 1.386603 0.000000
vt 1.425882 1.396593 0.000000
vt 0.505000 -0.158206 0.000000
vt 0.695000 -0.158206 0.000000
vt 0.505000 -0.101794 0.000000
vt 0.501593 -0.075913 0.000000
vt 0.491602 -0.051794 0.000000
vt 0.695000 0.141794 0.000000
vt 0.475711 -0.031084 0.000000
vt 0.455000 -0.015192 0.000000
vt 0.430882 -0.005202 0.000000
vt 0.405000 -0.001794 0.000000
vt 0.605000 0.198206 0.000000
vt -0.655000 0.198206 0.000000
vt 0.683072 0.160693 0.000000
vt 0.667245 0.176472 0.000000
vt 0.648308 0.188341 0.000000
vt 0.627209 0.195708 0.000000
vt -0.655000 -0.001794 0.000000
vt 0.200000 0.060000 0.000000
vt 0.000000 0.060000 0.000000
vt 0.200000 0.000000 0.000000
vt -0.000000 0.000000 0.000000
vt -4.280000 -2.601572 0.000000
vt -4.280000 -3.116976 0.000000
vt -4.160000 -2.601572 0.000000
vt -4.160000 -6.063589 0.000000
vt -4.350000 -5.280000 0.000000
vt -4.350000 -6.063589 0.000000
vt -4.360000 -4.607980 0.000000
vt -4.355513 -5.266029 0.000000
vt -4.360000 -5.236411 0.000000
vt -4.358872 -5.251389 0.000000
vt 0.120000 0.658579 0.000000
vt 0.000000 0.658579 0.000000
vt 0.120000 0.040000 0.000000
vt 0.000000 0.040000 0.000000
vt 0.079884 -0.240840 0.000000
vt 0.060000 0.282361 0.000000
vt -0.060000 -0.240840 0.000000
vt -0.060000 0.282361 0.000000
vt -0.000000 0.242001 0.000000
vt 0.000000 -0.283323 0.000000
vt 0.180103 0.242001 0.000000
vt 0.200000 -0.283323 0.000000
vt -0.400000 0.000000 0.000000
vt -0.030670 -0.371121 0.000000
vt 0.289166 0.000000 0.000000
vt -0.018236 -0.386353 0.000000
vt -0.009016 -0.403726 0.000000
vt -0.003365 -0.422568 0.000000
vt -0.001501 -0.442154 0.000000
vt 0.289166 -1.493148 0.000000
vt -0.003570 -1.051194 0.000000
vt -0.007050 -1.077047 0.000000
vt -0.017080 -1.101122 0.000000
vt -0.032979 -1.121786 0.000000
vt -0.405070 -1.493148 0.000000
vt 0.120000 0.310834 0.000000
vt 0.000000 0.310834 0.000000
vt 0.120000 0.100000 0.000000
vt 0.000000 0.100000 0.000000
vt 3.330000 0.078540 0.000000
vt 3.130000 0.078540 0.000000
vt 3.330000 0.052360 0.000000
vt 3.130000 0.052360 0.000000
vt 3.330000 0.026180 0.000000
vt 3.130000 0.026180 0.000000
vt 3.330000 0.000000 0.000000
vt 3.130000 0.000000 0.000000
vt 3.330000 -0.026180 0.000000
vt 3.130000 -0.026180 0.000000
vt 3.330000 -0.052360 0.000000
vt 3.130000 -0.052360 0.000000
vt 3.330000 -0.078540 0.000000
vt 3.130000 -0.078540 0.000000
vt 0.900000 0.200000 0.000000
vt -0.200000 0.200000 0.000000
vt 0.900000 0.000000 0.000000
vt -0.400000 0.000000 0.000000
vt -0.396458 0.396458 0.000000
vt -0.400000 0.420000 0.000000
vt -0.391761 0.404315 0.000000
vt -0.385402 0.410899 0.000000
vt -0.377712 0.415865 0.000000
vt -0.369094 0.418953 0.000000
vt -0.360000 0.420000 0.000000
vt 1.025000 -0.070711 0.000000
vt 1.605000 -0.070711 0.000000
vt 1.125000 0.070711 0.000000
vt 1.605000 0.070711 0.000000
vt 0.850000 -0.070711 0.000000
vt 0.750000 0.070711 0.000000
vt -0.150000 -0.070711 0.000000
vt -0.250000 0.070711 0.000000
vt -6.180000 0.300000 0.000000
vt -6.180000 1.300000 0.000000
vt -6.260000 0.500000 0.000000
vt -6.660000 1.300000 0.000000
vt -6.660000 0.500000 0.000000
vt -6.260000 0.000000 0.000000
vt -0.500617 0.300000 0.000000
vt -0.400000 0.000000 0.000000
vt -0.400000 0.500000 0.000000
vt 0.000000 0.500000 0.000000
vt 0.000000 1.300000 0.000000
vt -0.500617 1.300000 0.000000
vt -1.525000 0.078540 0.000000
vt -1.725000 0.078540 0.000000
vt -1.525000 0.052360 0.000000
vt -1.725000 0.052360 0.000000
vt -1.525000 0.026180 0.000000
vt -1.725000 0.026180 0.000000
vt -1.525000 0.000000 0.000000
vt -1.725000 0.000000 0.000000
vt -1.525000 -0.026180 0.000000
vt -1.725000 -0.026180 0.000000
vt -1.525000 -0.052360 0.000000
vt -1.725000 -0.052360 0.000000
vt -1.525000 -0.078540 0.000000
vt -1.725000 -0.078540 0.000000
vt 0.000000 0.200000 0.000000
vt -0.700000 0.200000 0.000000
vt 0.000000 0.000000 0.000000
vt -0.700000 0.000000 0.000000
vt 0.696593 1.325882 0.000000
vt 0.600000 1.400000 0.000000
vt 0.700000 1.300000 0.000000
vt 0.100000 1.400000 0.000000
vt 0.700000 0.600000 0.000000
vt 0.100000 0.000000 0.000000
vt 0.703407 0.574118 0.000000
vt 0.713397 0.550000 0.000000
vt 0.729289 0.529289 0.000000
vt 0.750000 0.513397 0.000000
vt 0.774118 0.503407 0.000000
vt 0.800000 0.500000 0.000000
vt 3.330000 0.000000 0.000000
vt 2.760000 0.500000 0.000000
vt 2.785882 0.503407 0.000000
vt 2.810000 0.513397 0.000000
vt 2.830711 0.529289 0.000000
vt 2.846603 0.550000 0.000000
vt 2.856593 0.574118 0.000000
vt 2.860000 0.600000 0.000000
vt 3.330000 1.400000 0.000000
vt 2.860000 1.300000 0.000000
vt 2.863407 1.325882 0.000000
vt 2.960000 1.400000 0.000000
vt 2.873397 1.350000 0.000000
vt 2.889289 1.370711 0.000000
vt 2.910000 1.386603 0.000000
vt 2.934118 1.396593 0.000000
vt 0.686603 1.350000 0.000000
vt 0.670711 1.370711 0.000000
vt 0.650000 1.386603 0.000000
vt 0.625882 1.396593 0.000000
vt 0.450000 0.039270 0.000000
vt -0.150000 0.039270 0.000000
vt 0.450000 0.013090 0.000000
vt -0.150000 0.013090 0.000000
vt 0.450000 -0.013090 0.000000
vt -0.150000 -0.013090 0.000000
vt 0.450000 -0.039270 0.000000
vt -0.150000 -0.039270 0.000000
vt 4.295539 1.396593 0.000000
vt 4.271421 1.386603 0.000000
vt 4.321421 1.400000 0.000000
vt 4.250711 1.370711 0.000000
vt 4.070000 1.190000 0.000000
vt 4.850000 1.400000 0.000000
vt 4.070000 0.850000 0.000000
vt 4.850000 0.440000 0.000000
vt 3.480000 0.600000 0.000000
vt 3.480000 0.200000 0.000000
vt 3.730000 0.850000 0.000000
vt 5.080000 0.200000 0.000000
vt 4.900000 0.353397 0.000000
vt 4.879289 0.369289 0.000000
vt 4.863398 0.390000 0.000000
vt 5.080000 0.340000 0.000000
vt 4.950000 0.340000 0.000000
vt 4.924118 0.343407 0.000000
vt 4.853408 0.414118 0.000000
vt -1.044437 -0.340000 0.000000
vt -1.044437 0.200000 0.000000
vt -1.129289 -0.400000 0.000000
vt -1.300000 0.200000 0.000000
vt -1.300000 -0.400000 0.000000
vt 0.150000 0.078540 0.000000
vt -0.050000 0.078540 0.000000
vt 0.150000 0.052360 0.000000
vt -0.050000 0.052360 0.000000
vt 0.150000 0.026180 0.000000
vt -0.050000 0.026180 0.000000
vt 0.150000 0.000000 0.000000
vt -0.050000 0.000000 0.000000
vt 0.150000 -0.026180 0.000000
vt -0.050000 -0.026180 0.000000
vt 0.150000 -0.052360 0.000000
vt -0.050000 -0.052360 0.000000
vt 0.150000 -0.078540 0.000000
vt -0.050000 -0.078540 0.000000
vt 4.689289 1.170711 0.000000
vt 4.780000 1.080000 0.000000
vt 4.860000 1.400000 0.000000
vt 4.780000 0.800000 0.000000
vt 4.860000 0.000000 0.000000
vt 4.776593 0.774118 0.000000
vt 4.766603 0.750000 0.000000
vt 4.750711 0.729289 0.000000
vt 4.730000 0.713397 0.000000
vt 4.705882 0.703407 0.000000
vt 4.680000 0.700000 0.000000
vt 4.460000 0.700000 0.000000
vt 4.434118 0.703407 0.000000
vt 3.460000 0.000000 0.000000
vt 4.410000 0.713397 0.000000
vt 4.389289 0.729289 0.000000
vt 4.160000 0.850000 0.000000
vt 4.373397 0.750000 0.000000
vt 4.363407 0.774118 0.000000
vt 4.360000 0.800000 0.000000
vt 4.360000 1.080000 0.000000
vt 4.160000 1.300000 0.000000
vt 4.450711 1.170711 0.000000
vt 4.260000 1.400000 0.000000
vt 4.471421 1.186603 0.000000
vt 4.495539 1.196593 0.000000
vt 4.521421 1.200000 0.000000
vt 4.618579 1.200000 0.000000
vt 4.644461 1.196593 0.000000
vt 4.668579 1.186603 0.000000
vt 4.234118 1.396593 0.000000
vt 4.210000 1.386603 0.000000
vt 4.189289 1.370711 0.000000
vt 4.173397 1.350000 0.000000
vt 4.163407 1.325882 0.000000
vt 3.460000 0.850000 0.000000
vt -0.000000 0.200000 0.000000
vt -0.450000 0.200000 0.000000
vt -0.000000 0.000000 0.000000
vt -0.450000 -0.000000 0.000000
vt 3.760000 1.460000 0.000000
vt 3.760000 1.400000 0.000000
vt 3.800000 1.500000 0.000000
vt 4.860000 1.500000 0.000000
vt 4.860000 0.000000 0.000000
vt 3.660000 0.000000 0.000000
vt 3.660000 1.300000 0.000000
vt 3.734118 1.396593 0.000000
vt 3.710000 1.386603 0.000000
vt 3.689289 1.370711 0.000000
vt 3.673397 1.350000 0.000000
vt 3.663407 1.325882 0.000000
vt -0.425882 1.396593 0.000000
vt -0.450000 1.386603 0.000000
vt -0.400000 1.400000 0.000000
vt -0.470711 1.370711 0.000000
vt -0.486603 1.350000 0.000000
vt -0.496593 1.325882 0.000000
vt -0.000000 1.300000 0.000000
vt 0.100000 1.400000 0.000000
vt -0.500000 1.300000 0.000000
vt -0.500000 0.600000 0.000000
vt -0.000000 0.500000 0.000000
vt -0.400000 0.500000 0.000000
vt -0.503407 0.574118 0.000000
vt -0.513397 0.550000 0.000000
vt -0.529289 0.529289 0.000000
vt -0.550000 0.513397 0.000000
vt -0.574118 0.503407 0.000000
vt -0.600000 0.500000 0.000000
vt -0.400000 0.000000 0.000000
vt -2.560000 0.500000 0.000000
vt -2.760000 0.000000 0.000000
vt -2.760000 0.500000 0.000000
vt -2.585882 0.503407 0.000000
vt -2.610000 0.513397 0.000000
vt -2.630711 0.529289 0.000000
vt -2.646603 0.550000 0.000000
vt -2.656593 0.574118 0.000000
vt -2.660000 0.600000 0.000000
vt -3.160000 0.500000 0.000000
vt -2.660000 1.300000 0.000000
vt -3.160000 1.400000 0.000000
vt -2.663407 1.325882 0.000000
vt -2.760000 1.400000 0.000000
vt -2.673397 1.350000 0.000000
vt -2.689289 1.370711 0.000000
vt -2.710000 1.386603 0.000000
vt -2.734118 1.396593 0.000000
vt -2.164383 -0.070711 0.000000
vt -2.264383 0.070711 0.000000
vt -2.765000 -0.070711 0.000000
vt -2.765000 0.070711 0.000000
vt -1.200000 -0.070711 0.000000
vt -0.200000 -0.070711 0.000000
vt -1.100000 0.070711 0.000000
vt -0.100000 0.070711 0.000000
vt 5.475000 -1.770000 0.000000
vt 5.530000 -1.970000 0.000000
vt 5.475000 -1.480000 0.000000
vt 5.499369 -1.280000 0.000000
vt 5.375000 -1.380000 0.000000
vt 5.329383 -1.380000 0.000000
vt 4.929383 -1.280000 0.000000
vt 5.229383 -1.480000 0.000000
vt 4.929383 -1.970000 0.000000
vt 5.229383 -1.770000 0.000000
vt 5.329383 -1.870000 0.000000
vt 5.375000 -1.870000 0.000000
vt -5.375000 -5.275000 0.000000
vt -5.475000 -5.175000 0.000000
vt -5.775000 -5.375000 0.000000
vt -5.475000 -4.865000 0.000000
vt -5.400000 -4.365000 0.000000
vt -5.375000 -4.765000 0.000000
vt -5.300000 -4.465000 0.000000
vt -5.100000 -4.765000 0.000000
vt -4.800000 -4.465000 0.000000
vt -4.700000 -4.565000 0.000000
vt -5.000000 -4.865000 0.000000
vt -4.700000 -5.100000 0.000000
vt -5.000000 -5.175000 0.000000
vt -4.600000 -5.200000 0.000000
vt -5.100000 -5.275000 0.000000
vt -5.575000 -5.575000 0.000000
vt -5.626764 -5.568185 0.000000
vt -5.675000 -5.548205 0.000000
vt -5.716421 -5.516421 0.000000
vt -5.748205 -5.475000 0.000000
vt -5.768185 -5.426764 0.000000
vt -5.400000 -1.380000 0.000000
vt -5.582398 0.513197 0.000000
vt -5.595590 0.606185 0.000000
vt -4.680000 -1.380000 0.000000
vt -5.280000 -1.180000 0.000000
vt -5.304348 -1.176991 0.000000
vt -5.327231 -1.168143 0.000000
vt -4.680000 -1.180000 0.000000
vt -5.347271 -1.153991 0.000000
vt -5.363262 -1.135385 0.000000
vt -5.374241 -1.113445 0.000000
vt -5.379548 -1.089493 0.000000
vt -5.400000 -0.950000 0.000000
vt -5.560540 0.421857 0.000000
vt -5.534686 0.308114 0.000000
vt -5.541826 0.346354 0.000000
vt -5.413606 -0.418364 0.000000
vt -5.400000 -0.582762 0.000000
vt -5.401515 -0.527741 0.000000
vt -5.406055 -0.472886 0.000000
vt -5.550449 0.384288 0.000000
vt -5.600000 0.700000 0.000000
vt -5.775000 4.575000 0.000000
vt -5.600000 4.400000 0.000000
vt -5.589822 4.542315 0.000000
vt -5.559493 4.681733 0.000000
vt -5.764822 4.717315 0.000000
vt -5.734493 4.856733 0.000000
vt -5.509632 4.815415 0.000000
vt -5.684632 4.990415 0.000000
vt -5.441254 4.940641 0.000000
vt -5.616254 5.115641 0.000000
vt -5.355750 5.054861 0.000000
vt -5.530750 5.229861 0.000000
vt -5.254861 5.155750 0.000000
vt -5.429861 5.330750 0.000000
vt -5.315641 5.416254 0.000000
vt -5.140641 5.241254 0.000000
vt -5.190415 5.484632 0.000000
vt -5.015415 5.309632 0.000000
vt -5.056733 5.534493 0.000000
vt -4.881733 5.359493 0.000000
vt -4.917315 5.564821 0.000000
vt -4.775000 5.575000 0.000000
vt -4.742315 5.389821 0.000000
vt -4.600000 5.400000 0.000000
vt 1.970000 5.400000 0.000000
vt 4.775000 5.575000 0.000000
vt 2.170000 5.400000 0.000000
vt 4.750000 5.400000 0.000000
vt 1.970000 3.900000 0.000000
vt 2.170000 3.900000 0.000000
vt 4.834577 5.381884 0.000000
vt 4.917315 5.564821 0.000000
vt 4.904550 5.361507 0.000000
vt 5.056733 5.534493 0.000000
vt 4.959880 5.341326 0.000000
vt 5.000527 5.323801 0.000000
vt 5.040105 5.304282 0.000000
vt 5.190415 5.484632 0.000000
vt 5.091980 5.274949 0.000000
vt 5.154442 5.234091 0.000000
vt 5.315641 5.416254 0.000000
vt 5.225780 5.180000 0.000000
vt 5.429861 5.330750 0.000000
vt 5.320096 5.093875 0.000000
vt 5.530750 5.229861 0.000000
vt 5.402665 4.996431 0.000000
vt 5.616254 5.115641 0.000000
vt 5.472140 4.889257 0.000000
vt 5.684632 4.990415 0.000000
vt 5.734493 4.856733 0.000000
vt 5.527388 4.774102 0.000000
vt 5.764822 4.717315 0.000000
vt 5.567507 4.652844 0.000000
vt 5.775000 4.575000 0.000000
vt 5.591844 4.527462 0.000000
vt 5.600000 4.400000 0.000000
vt 5.600000 0.700000 0.000000
vt 5.775000 -5.375000 0.000000
vt 5.530000 -5.230000 0.000000
vt -1.130000 -5.230000 0.000000
vt 5.575000 -5.575000 0.000000
vt 5.626764 -5.568185 0.000000
vt 5.675000 -5.548205 0.000000
vt -1.130000 -4.830000 0.000000
vt -1.330000 -5.200000 0.000000
vt -1.330000 -4.830000 0.000000
vt 5.716421 -5.516421 0.000000
vt 5.748205 -5.475000 0.000000
vt 5.768185 -5.426764 0.000000
vt 1.185000 0.078540 0.000000
vt 0.985000 0.078540 0.000000
vt 1.185000 0.052360 0.000000
vt 0.985000 0.052360 0.000000
vt 1.185000 0.026180 0.000000
vt 0.985000 0.026180 0.000000
vt 1.185000 -0.000000 0.000000
vt 0.985000 0.000000 0.000000
vt 1.185000 -0.026180 0.000000
vt 0.985000 -0.026180 0.000000
vt 1.185000 -0.052360 0.000000
vt 0.985000 -0.052360 0.000000
vt 0.985000 -0.078540 0.000000
vt 1.185000 -0.078540 0.000000
vt 6.480000 0.500000 0.000000
vt 6.780000 0.000000 0.000000
vt 6.480000 0.760000 0.000000
vt 6.780000 1.400000 0.000000
vt 6.269289 0.970711 0.000000
vt 6.248579 0.986603 0.000000
vt 6.224461 0.996593 0.000000
vt 6.198579 1.000000 0.000000
vt 5.280000 1.400000 0.000000
vt 5.761421 1.000000 0.000000
vt 5.735539 0.996593 0.000000
vt 5.180000 1.300000 0.000000
vt 5.711421 0.986603 0.000000
vt 5.690711 0.970711 0.000000
vt 5.480000 0.760000 0.000000
vt 5.180000 0.400000 0.000000
vt 5.480000 0.500000 0.000000
vt 5.483407 0.474118 0.000000
vt 5.493397 0.450000 0.000000
vt 5.509289 0.429289 0.000000
vt 5.530000 0.413397 0.000000
vt 5.554118 0.403407 0.000000
vt 4.610000 0.000000 0.000000
vt 5.580000 0.400000 0.000000
vt 6.380000 0.400000 0.000000
vt 6.405882 0.403407 0.000000
vt 6.430000 0.413397 0.000000
vt 6.450711 0.429289 0.000000
vt 6.466603 0.450000 0.000000
vt 6.476593 0.474118 0.000000
vt 5.254118 1.396593 0.000000
vt 5.230000 1.386603 0.000000
vt 5.209289 1.370711 0.000000
vt 5.193397 1.350000 0.000000
vt 5.183407 1.325882 0.000000
vt 4.610000 0.400000 0.000000
vt -0.565000 0.078540 0.000000
vt -0.765000 0.078540 0.000000
vt -0.565000 0.052360 0.000000
vt -0.765000 0.052360 0.000000
vt -0.565000 0.026180 0.000000
vt -0.765000 0.026180 0.000000
vt -0.565000 0.000000 0.000000
vt -0.765000 0.000000 0.000000
vt -0.565000 -0.026180 0.000000
vt -0.765000 -0.026180 0.000000
vt -0.565000 -0.052360 0.000000
vt -0.765000 -0.052360 0.000000
vt -0.565000 -0.078540 0.000000
vt -0.765000 -0.078540 0.000000
vt -0.800000 0.000000 0.000000
vt -0.100000 0.000000 0.000000
vt -0.800000 0.200000 0.000000
vt -0.100000 0.200000 0.000000
vt -3.160000 0.500000 0.000000
vt -2.530000 0.930000 0.000000
vt -3.160000 1.300000 0.000000
vt -2.526593 0.955882 0.000000
vt -2.516603 0.980000 0.000000
vt -2.760000 0.500000 0.000000
vt -2.516603 0.750000 0.000000
vt -2.526593 0.774118 0.000000
vt -2.530000 0.800000 0.000000
vt -2.760000 0.000000 0.000000
vt -1.130000 0.700000 0.000000
vt -2.430000 0.700000 0.000000
vt -2.455882 0.703407 0.000000
vt -0.400000 0.000000 0.000000
vt -0.400000 0.500000 0.000000
vt -1.104118 0.703407 0.000000
vt -1.080000 0.713397 0.000000
vt -1.059289 0.729289 0.000000
vt -1.043397 0.750000 0.000000
vt -1.033407 0.774118 0.000000
vt -1.030000 0.800000 0.000000
vt -0.000000 0.500000 0.000000
vt -1.030000 0.930000 0.000000
vt -0.000000 1.400000 0.000000
vt -1.033407 0.955882 0.000000
vt -1.043397 0.980000 0.000000
vt -1.059289 1.000711 0.000000
vt -1.080000 1.016603 0.000000
vt -1.104118 1.026593 0.000000
vt -1.130000 1.030000 0.000000
vt -3.260000 1.400000 0.000000
vt -2.430000 1.030000 0.000000
vt -2.455882 1.026593 0.000000
vt -2.480000 1.016603 0.000000
vt -2.500711 1.000711 0.000000
vt -2.480000 0.713397 0.000000
vt -2.500711 0.729289 0.000000
vt 0.200000 0.900000 0.000000
vt 0.000000 0.900000 0.000000
vt 0.200000 0.000000 0.000000
vt 0.000000 0.000000 0.000000
vt 0.062832 0.260529 0.000000
vt 0.068068 0.260529 0.000000
vt 0.062832 0.303950 0.000000
vt 0.068068 0.303950 0.000000
vt 0.062832 0.347372 0.000000
vt 0.068068 0.347372 0.000000
vt 0.062832 0.390793 0.000000
vt 0.068068 0.390793 0.000000
vt 0.062832 0.434215 0.000000
vt 0.068068 0.434215 0.000000
vt 0.062832 0.477636 0.000000
vt 0.068068 0.477636 0.000000
vt 0.062832 0.521058 0.000000
vt 0.068068 0.521058 0.000000
vt 0.073304 0.477636 0.000000
vt 0.073304 0.521058 0.000000
vt 0.078540 0.477636 0.000000
vt 0.078540 0.521058 0.000000
vt 0.083776 0.477636 0.000000
vt 0.083776 0.521058 0.000000
vt 0.089012 0.477636 0.000000
vt 0.089012 0.521058 0.000000
vt 0.094248 0.477636 0.000000
vt 0.094248 0.521058 0.000000
vt 0.073304 0.260529 0.000000
vt 0.073304 0.303950 0.000000
vt 0.073304 0.347372 0.000000
vt 0.073304 0.390793 0.000000
vt 0.073304 0.434215 0.000000
vt 0.078540 0.260529 0.000000
vt 0.078540 0.303950 0.000000
vt 0.078540 0.347372 0.000000
vt 0.078540 0.390793 0.000000
vt 0.078540 0.434215 0.000000
vt 0.083776 0.260529 0.000000
vt 0.083776 0.303950 0.000000
vt 0.083776 0.347372 0.000000
vt 0.083776 0.390793 0.000000
vt 0.083776 0.434215 0.000000
vt 0.089012 0.260529 0.000000
vt 0.089012 0.303950 0.000000
vt 0.089012 0.347372 0.000000
vt 0.089012 0.390793 0.000000
vt 0.089012 0.434215 0.000000
vt 0.094248 0.260529 0.000000
vt 0.094248 0.303950 0.000000
vt 0.094248 0.347372 0.000000
vt 0.094248 0.390793 0.000000
vt 0.094248 0.434215 0.000000
vt 3.375000 -0.010472 0.000000
vt 3.270000 -0.010472 0.000000
vt 3.375000 -0.015708 0.000000
vt 3.165000 -0.010472 0.000000
vt 3.060000 -0.010472 0.000000
vt 3.060000 -0.005236 0.000000
vt 2.955000 -0.005236 0.000000
vt 2.955000 -0.000000 0.000000
vt 2.850000 -0.000000 0.000000
vt 2.850000 0.005236 0.000000
vt 2.745000 0.005236 0.000000
vt 2.745000 0.010472 0.000000
vt 2.850000 0.010472 0.000000
vt 2.745000 0.015708 0.000000
vt 2.955000 0.010472 0.000000
vt 3.060000 0.010472 0.000000
vt 3.060000 0.005236 0.000000
vt 3.165000 0.005236 0.000000
vt 3.165000 -0.000000 0.000000
vt 3.270000 -0.000000 0.000000
vt 3.270000 -0.005236 0.000000
vt 3.375000 -0.005236 0.000000
vt 3.375000 -0.000000 0.000000
vt 3.270000 0.005236 0.000000
vt 3.165000 0.010472 0.000000
vt 3.375000 0.015708 0.000000
vt 3.375000 0.005236 0.000000
vt 3.270000 0.010472 0.000000
vt 3.375000 0.010472 0.000000
vt 2.745000 -0.000000 0.000000
vt 2.850000 -0.005236 0.000000
vt 2.955000 -0.010472 0.000000
vt 2.745000 -0.015708 0.000000
vt 2.745000 -0.005236 0.000000
vt 2.850000 -0.010472 0.000000
vt 2.745000 -0.010472 0.000000
vt 3.165000 -0.005236 0.000000
vt 3.060000 -0.000000 0.000000
vt 2.955000 0.005236 0.000000
vt -0.031416 -0.260529 0.000000
vt -0.036652 -0.260529 0.000000
vt -0.031416 -0.303950 0.000000
vt -0.036652 -0.303950 0.000000
vt -0.031416 -0.347372 0.000000
vt -0.036652 -0.347372 0.000000
vt -0.031416 -0.390793 0.000000
vt -0.036652 -0.390793 0.000000
vt -0.031416 -0.434215 0.000000
vt -0.036652 -0.434215 0.000000
vt -0.031416 -0.477636 0.000000
vt -0.036652 -0.477636 0.000000
vt -0.031416 -0.521058 0.000000
vt -0.036652 -0.521058 0.000000
vt -0.041888 -0.477636 0.000000
vt -0.041888 -0.521058 0.000000
vt -0.047124 -0.477636 0.000000
vt -0.047124 -0.521058 0.000000
vt -0.052360 -0.477636 0.000000
vt -0.052360 -0.521058 0.000000
vt -0.057596 -0.477636 0.000000
vt -0.057596 -0.521058 0.000000
vt -0.062832 -0.477636 0.000000
vt -0.062832 -0.521058 0.000000
vt -0.041888 -0.260529 0.000000
vt -0.041888 -0.303950 0.000000
vt -0.041888 -0.347372 0.000000
vt -0.041888 -0.390793 0.000000
vt -0.041888 -0.434215 0.000000
vt -0.047124 -0.260529 0.000000
vt -0.047124 -0.303950 0.000000
vt -0.047124 -0.347372 0.000000
vt -0.047124 -0.390793 0.000000
vt -0.047124 -0.434215 0.000000
vt -0.052360 -0.260529 0.000000
vt -0.052360 -0.303950 0.000000
vt -0.052360 -0.347372 0.000000
vt -0.052360 -0.390793 0.000000
vt -0.052360 -0.434215 0.000000
vt -0.057596 -0.260529 0.000000
vt -0.057596 -0.303950 0.000000
vt -0.057596 -0.347372 0.000000
vt -0.057596 -0.390793 0.000000
vt -0.057596 -0.434215 0.000000
vt -0.062832 -0.260529 0.000000
vt -0.062832 -0.303950 0.000000
vt -0.062832 -0.347372 0.000000
vt -0.062832 -0.390793 0.000000
vt -0.062832 -0.434215 0.000000
vt 0.385000 -0.015708 0.000000
vt 0.465000 -0.015708 0.000000
vt 0.385000 -0.010472 0.000000
vt 0.465000 -0.010472 0.000000
vt 0.385000 -0.005236 0.000000
vt 0.465000 -0.005236 0.000000
vt 0.385000 -0.000000 0.000000
vt 0.465000 0.000000 0.000000
vt 0.385000 0.005236 0.000000
vt 0.465000 0.005236 0.000000
vt 0.385000 0.010472 0.000000
vt 0.465000 0.010472 0.000000
vt 0.385000 0.015708 0.000000
vt 0.465000 0.015708 0.000000
vt -0.031416 -0.106246 0.000000
vt -0.036652 -0.106246 0.000000
vt -0.031416 -0.144816 0.000000
vt -0.036652 -0.144816 0.000000
vt -0.031416 -0.183387 0.000000
vt -0.036652 -0.183387 0.000000
vt -0.031416 -0.221958 0.000000
vt -0.036652 -0.221958 0.000000
vt -0.031416 -0.260529 0.000000
vt -0.036652 -0.260529 0.000000
vt -0.041888 -0.221958 0.000000
vt -0.041888 -0.260529 0.000000
vt -0.047124 -0.221958 0.000000
vt -0.047124 -0.260529 0.000000
vt -0.052360 -0.221958 0.000000
vt -0.052360 -0.260529 0.000000
vt -0.057596 -0.221958 0.000000
vt -0.057596 -0.260529 0.000000
vt -0.062832 -0.221958 0.000000
vt -0.062832 -0.260529 0.000000
vt -0.041888 -0.106246 0.000000
vt -0.041888 -0.144816 0.000000
vt -0.041888 -0.183387 0.000000
vt -0.047124 -0.106246 0.000000
vt -0.047124 -0.144816 0.000000
vt -0.047124 -0.183387 0.000000
vt -0.052360 -0.106246 0.000000
vt -0.052360 -0.144816 0.000000
vt -0.052360 -0.183387 0.000000
vt -0.057596 -0.106246 0.000000
vt -0.057596 -0.144816 0.000000
vt -0.057596 -0.183387 0.000000
vt -0.062832 -0.106246 0.000000
vt -0.062832 -0.144816 0.000000
vt -0.062832 -0.183387 0.000000
vt -0.000000 0.106392 0.000000
vt -0.005455 0.106392 0.000000
vt -0.000000 0.079794 0.000000
vt -0.004639 0.078062 0.000000
vt -0.000000 0.053196 0.000000
vt -0.004639 0.049731 0.000000
vt -0.000000 0.026598 0.000000
vt -0.004639 0.024866 0.000000
vt -0.000000 0.000000 0.000000
vt -0.007572 0.024866 0.000000
vt -0.004677 0.000000 0.000000
vt -0.010505 0.024866 0.000000
vt -0.009346 0.000000 0.000000
vt -0.013438 0.024866 0.000000
vt -0.016371 0.024866 0.000000
vt -0.016371 0.049731 0.000000
vt -0.021011 0.049731 0.000000
vt -0.021011 0.078062 0.000000
vt -0.023943 0.078062 0.000000
vt -0.027287 0.106392 0.000000
vt -0.026876 0.078062 0.000000
vt -0.029809 0.078062 0.000000
vt -0.026876 0.049731 0.000000
vt -0.029809 0.049731 0.000000
vt -0.026876 0.024866 0.000000
vt -0.029809 0.024866 0.000000
vt -0.028066 0.000000 0.000000
vt -0.032742 0.000000 0.000000
vt -0.032742 0.026598 0.000000
vt -0.032742 0.053196 0.000000
vt -0.032742 0.079794 0.000000
vt -0.032742 0.106392 0.000000
vt -0.010905 0.106392 0.000000
vt -0.007572 0.078062 0.000000
vt -0.007572 0.049731 0.000000
vt -0.010505 0.078062 0.000000
vt -0.016371 0.106392 0.000000
vt -0.013438 0.078062 0.000000
vt -0.016371 0.078062 0.000000
vt -0.013438 0.049731 0.000000
vt -0.021837 0.106392 0.000000
vt -0.023397 0.000000 0.000000
vt -0.023943 0.024866 0.000000
vt -0.023943 0.049731 0.000000
vt -0.018718 0.000000 0.000000
vt -0.021011 0.024866 0.000000
vt -0.014024 0.000000 0.000000
vt -0.010505 0.049731 0.000000
vt -4.136250 -0.011892 0.000000
vt -4.226250 -0.011892 0.000000
vt -4.136250 -0.016648 0.000000
vt -4.316250 -0.011892 0.000000
vt -4.406250 -0.011892 0.000000
vt -4.406250 -0.007135 0.000000
vt -4.496250 -0.007135 0.000000
vt -4.496250 -0.002378 0.000000
vt -4.586250 -0.002378 0.000000
vt -4.586250 0.002378 0.000000
vt -4.676250 0.002378 0.000000
vt -4.676250 0.007135 0.000000
vt -4.766250 0.007135 0.000000
vt -4.766250 0.011892 0.000000
vt -4.676250 0.011892 0.000000
vt -4.766250 0.016648 0.000000
vt -4.586250 0.011892 0.000000
vt -4.496250 0.011892 0.000000
vt -4.496250 0.007135 0.000000
vt -4.406250 0.007135 0.000000
vt -4.406250 0.002378 0.000000
vt -4.316250 0.002378 0.000000
vt -4.316250 -0.002378 0.000000
vt -4.226250 -0.002378 0.000000
vt -4.226250 -0.007135 0.000000
vt -4.136250 -0.007135 0.000000
vt -4.136250 -0.002378 0.000000
vt -4.226250 0.002378 0.000000
vt -4.316250 0.007135 0.000000
vt -4.406250 0.011892 0.000000
vt -4.136250 0.002378 0.000000
vt -4.226250 0.007135 0.000000
vt -4.316250 0.011892 0.000000
vt -4.136250 0.016648 0.000000
vt -4.136250 0.007135 0.000000
vt -4.226250 0.011892 0.000000
vt -4.136250 0.011892 0.000000
vt -4.766250 0.002378 0.000000
vt -4.676250 -0.002378 0.000000
vt -4.586250 -0.007135 0.000000
vt -4.496250 -0.011892 0.000000
vt -4.766250 -0.002378 0.000000
vt -4.676250 -0.007135 0.000000
vt -4.586250 -0.011892 0.000000
vt -4.766250 -0.016648 0.000000
vt -4.766250 -0.007135 0.000000
vt -4.676250 -0.011892 0.000000
vt -4.766250 -0.011892 0.000000
vt -4.316250 -0.007135 0.000000
vt -4.406250 -0.002378 0.000000
vt -4.496250 0.002378 0.000000
vt -4.586250 0.007135 0.000000
vt -0.000000 0.106390 0.000000
vt -0.004677 0.106390 0.000000
vt -0.000000 0.079792 0.000000
vt -0.004638 0.078039 0.000000
vt -0.000000 0.053195 0.000000
vt -0.004638 0.049688 0.000000
vt -0.000000 0.026597 0.000000
vt -0.004638 0.024844 0.000000
vt -0.000000 0.000000 0.000000
vt -0.007571 0.024844 0.000000
vt -0.005455 0.000000 0.000000
vt -0.010505 0.024844 0.000000
vt -0.013438 0.024844 0.000000
vt -0.013438 0.049688 0.000000
vt -0.016371 0.049688 0.000000
vt -0.016371 0.078039 0.000000
vt -0.021009 0.078039 0.000000
vt -0.023397 0.106390 0.000000
vt -0.028066 0.106390 0.000000
vt -0.009346 0.106390 0.000000
vt -0.007571 0.078039 0.000000
vt -0.007571 0.049688 0.000000
vt -0.014024 0.106390 0.000000
vt -0.010505 0.078039 0.000000
vt -0.010505 0.049688 0.000000
vt -0.013438 0.078039 0.000000
vt -0.018718 0.106390 0.000000
vt -0.032742 0.106390 0.000000
vt -0.029809 0.078039 0.000000
vt -0.026876 0.078039 0.000000
vt -0.023943 0.078039 0.000000
vt -0.023943 0.049688 0.000000
vt -0.021009 0.049688 0.000000
vt -0.021009 0.024844 0.000000
vt -0.016371 0.024844 0.000000
vt -0.016371 0.000000 0.000000
vt -0.010905 0.000000 0.000000
vt -0.032742 0.079792 0.000000
vt -0.032742 0.053195 0.000000
vt -0.029809 0.049688 0.000000
vt -0.032742 0.026597 0.000000
vt -0.029809 0.024844 0.000000
vt -0.032742 0.000000 0.000000
vt -0.027287 0.000000 0.000000
vt -0.026876 0.024844 0.000000
vt -0.021837 0.000000 0.000000
vt -0.023943 0.024844 0.000000
vt -0.026876 0.049688 0.000000
vt -0.031416 0.260529 0.000000
vt -0.036652 0.260529 0.000000
vt -0.031416 0.221958 0.000000
vt -0.036652 0.221958 0.000000
vt -0.031416 0.183387 0.000000
vt -0.036652 0.183387 0.000000
vt -0.031416 0.144816 0.000000
vt -0.036652 0.144816 0.000000
vt -0.031416 0.106246 0.000000
vt -0.036652 0.106246 0.000000
vt -0.041888 0.144816 0.000000
vt -0.041888 0.106246 0.000000
vt -0.047124 0.144816 0.000000
vt -0.047124 0.106246 0.000000
vt -0.052360 0.144816 0.000000
vt -0.052360 0.106246 0.000000
vt -0.057596 0.144816 0.000000
vt -0.057596 0.106246 0.000000
vt -0.062832 0.144816 0.000000
vt -0.062832 0.106246 0.000000
vt -0.041888 0.260529 0.000000
vt -0.041888 0.221958 0.000000
vt -0.041888 0.183387 0.000000
vt -0.047124 0.260529 0.000000
vt -0.047124 0.221958 0.000000
vt -0.047124 0.183387 0.000000
vt -0.052360 0.260529 0.000000
vt -0.052360 0.221958 0.000000
vt -0.052360 0.183387 0.000000
vt -0.057596 0.260529 0.000000
vt -0.057596 0.221958 0.000000
vt -0.057596 0.183387 0.000000
vt -0.062832 0.260529 0.000000
vt -0.062832 0.221958 0.000000
vt -0.062832 0.183387 0.000000
vt -0.185000 0.015708 0.000000
vt -0.265000 0.015708 0.000000
vt -0.185000 0.010472 0.000000
vt -0.265000 0.010472 0.000000
vt -0.185000 0.005236 0.000000
vt -0.265000 0.005236 0.000000
vt -0.185000 -0.000000 0.000000
vt -0.265000 -0.000000 0.000000
vt -0.185000 -0.005236 0.000000
vt -0.265000 -0.005236 0.000000
vt -0.185000 -0.010472 0.000000
vt -0.265000 -0.010472 0.000000
vt -0.185000 -0.015708 0.000000
vt -0.265000 -0.015708 0.000000
vt 6.067579 0.834315 0.000000
vt 6.097943 0.805637 0.000000
vt 9.550000 0.834315 0.000000
vt 6.120879 0.770733 0.000000
vt 6.135155 0.731483 0.000000
vt 6.140000 0.690000 0.000000
vt 6.140000 0.610000 0.000000
vt 6.133867 0.563413 0.000000
vt 6.115885 0.520000 0.000000
vt 6.087279 0.482721 0.000000
vt 6.050000 0.454115 0.000000
vt 6.006588 0.436133 0.000000
vt 9.550000 -0.300000 0.000000
vt 5.960000 0.430000 0.000000
vt 5.330000 0.430000 0.000000
vt 0.000000 -0.300000 0.000000
vt 5.283413 0.436133 0.000000
vt 0.000000 0.834315 0.000000
vt 5.240000 0.454115 0.000000
vt 5.202721 0.482721 0.000000
vt 5.174116 0.520000 0.000000
vt 5.156134 0.563413 0.000000
vt 5.150000 0.610000 0.000000
vt 5.150000 0.690000 0.000000
vt 5.154846 0.731483 0.000000
vt 5.169121 0.770733 0.000000
vt 5.192058 0.805637 0.000000
vt 5.222421 0.834315 0.000000
vt -0.160000 0.153321 0.000000
vt -0.790000 0.153321 0.000000
vt -0.160000 0.100000 0.000000
vt -0.790000 0.100000 0.000000
vt 0.153321 -0.125664 0.000000
vt 0.153535 -0.100038 0.000000
vt 0.100000 -0.125664 0.000000
vt 0.100000 -0.083776 0.000000
vt 0.154074 -0.074416 0.000000
vt 0.100000 -0.041888 0.000000
vt 0.154697 -0.048794 0.000000
vt 0.155000 -0.023170 0.000000
vt 0.100000 0.000000 0.000000
vt 0.155000 0.014038 0.000000
vt 0.100000 0.041888 0.000000
vt 0.155000 0.051247 0.000000
vt 0.100000 0.083776 0.000000
vt 0.155000 0.088455 0.000000
vt 0.100000 0.125664 0.000000
vt 0.155000 0.125664 0.000000
vt -0.160000 0.155000 0.000000
vt -0.240000 0.155000 0.000000
vt -0.160000 0.100000 0.000000
vt -0.240000 0.100000 0.000000
vt 0.100000 -0.125664 0.000000
vt 0.155000 -0.125664 0.000000
vt 0.100000 -0.083776 0.000000
vt 0.155000 -0.083776 0.000000
vt 0.100000 -0.041888 0.000000
vt 0.155000 -0.041888 0.000000
vt 0.100000 -0.000000 0.000000
vt 0.155000 -0.000000 0.000000
vt 0.100000 0.041888 0.000000
vt 0.155000 0.041888 0.000000
vt 0.100000 0.083776 0.000000
vt 0.155000 0.083776 0.000000
vt 0.100000 0.125664 0.000000
vt 0.155000 0.125664 0.000000
vt 0.000000 0.078540 0.000000
vt -0.103579 0.078540 0.000000
vt 0.000000 0.052360 0.000000
vt -0.103579 0.052360 0.000000
vt 0.000000 0.026180 0.000000
vt -0.103579 0.026180 0.000000
vt 0.000000 0.000000 0.000000
vt -0.103579 0.000000 0.000000
vt 0.000000 -0.026180 0.000000
vt -0.103579 -0.026180 0.000000
vt 0.000000 -0.052360 0.000000
vt -0.103579 -0.052360 0.000000
vt 0.000000 -0.078540 0.000000
vt -0.103579 -0.078540 0.000000
vt 0.157080 0.386708 0.000000
vt 0.176789 0.386661 0.000000
vt 0.157080 0.393196 0.000000
vt 0.157080 0.399685 0.000000
vt 0.157080 0.406174 0.000000
vt 0.183260 0.406174 0.000000
vt 0.196364 0.386601 0.000000
vt 0.209440 0.406174 0.000000
vt 0.215967 0.386550 0.000000
vt 0.235619 0.406174 0.000000
vt 0.235603 0.386519 0.000000
vt 0.255242 0.386518 0.000000
vt 0.261799 0.406174 0.000000
vt 0.274852 0.386558 0.000000
vt 0.287979 0.406174 0.000000
vt 0.294437 0.386641 0.000000
vt 0.314159 0.399685 0.000000
vt 0.314159 0.393196 0.000000
vt 0.314159 0.386708 0.000000
vt 0.314159 0.406174 0.000000
vt -0.070000 0.103579 0.000000
vt -0.200000 0.103579 0.000000
vt -0.070000 -0.000000 0.000000
vt -0.200000 -0.000000 0.000000
vt -0.095000 -0.039270 0.000000
vt -0.095000 -0.034251 0.000000
vt -0.225000 -0.039270 0.000000
vt -0.225963 -0.029452 0.000000
vt -0.095000 -0.029232 0.000000
vt -0.095000 -0.024213 0.000000
vt -0.228843 -0.019635 0.000000
vt -0.094331 -0.015953 0.000000
vt -0.233612 -0.009817 0.000000
vt -0.092399 -0.007729 0.000000
vt -0.240224 -0.000000 0.000000
vt -0.089316 0.000419 0.000000
vt -0.085195 0.008446 0.000000
vt -0.258706 0.019635 0.000000
vt -0.074393 0.024091 0.000000
vt -0.283579 0.039270 0.000000
vt -0.061088 0.039270 0.000000
vt -1.543280 -0.052360 0.000000
vt -1.472767 -0.052360 0.000000
vt -1.551462 -0.039270 0.000000
vt -1.472767 -0.026180 0.000000
vt -1.557408 -0.026180 0.000000
vt -1.561017 -0.013090 0.000000
vt -1.472767 -0.000000 0.000000
vt -1.562227 0.000000 0.000000
vt -1.561017 0.013090 0.000000
vt -1.472767 0.026180 0.000000
vt -1.557408 0.026180 0.000000
vt -1.551462 0.039270 0.000000
vt -1.472767 0.052360 0.000000
vt -1.543280 0.052360 0.000000
vt 0.110505 0.163744 0.000000
vt 0.110505 0.204295 0.000000
vt 0.096601 0.200382 0.000000
vt 0.088405 0.204295 0.000000
vt 0.082698 0.200382 0.000000
vt 0.073670 0.200382 0.000000
vt 0.082879 0.163744 0.000000
vt 0.055253 0.163744 0.000000
vt 0.059766 0.200382 0.000000
vt 0.045862 0.200382 0.000000
vt 0.044203 0.204295 0.000000
vt 0.031959 0.200382 0.000000
vt 0.022100 0.204295 0.000000
vt 0.018055 0.200382 0.000000
vt 0.000000 0.204295 0.000000
vt 0.000000 0.163744 0.000000
vt 0.066302 0.204295 0.000000
vt 0.027626 0.163744 0.000000
vt 0.000000 0.083918 0.000000
vt 0.017854 0.083885 0.000000
vt 0.000000 0.091001 0.000000
vt 0.023441 0.093168 0.000000
vt 0.000000 0.098104 0.000000
vt 0.023441 0.102451 0.000000
vt 0.000000 0.105230 0.000000
vt 0.000000 0.112355 0.000000
vt 0.023441 0.121018 0.000000
vt 0.000000 0.126590 0.000000
vt 0.000000 0.140825 0.000000
vt 0.028564 0.140825 0.000000
vt 0.041386 0.121018 0.000000
vt 0.059330 0.121018 0.000000
vt 0.059330 0.102451 0.000000
vt 0.077275 0.102451 0.000000
vt 0.077275 0.093168 0.000000
vt 0.095219 0.093168 0.000000
vt 0.089268 0.083885 0.000000
vt 0.107122 0.083885 0.000000
vt 0.035707 0.083885 0.000000
vt 0.041386 0.093168 0.000000
vt 0.041386 0.102451 0.000000
vt 0.053561 0.083885 0.000000
vt 0.059330 0.093168 0.000000
vt 0.071414 0.083885 0.000000
vt 0.124975 0.083885 0.000000
vt 0.124884 0.093168 0.000000
vt 0.106940 0.093168 0.000000
vt 0.095219 0.102451 0.000000
vt 0.077275 0.121018 0.000000
vt 0.057132 0.140825 0.000000
vt 0.142829 0.083884 0.000000
vt 0.142829 0.090978 0.000000
vt 0.142829 0.098095 0.000000
vt 0.124884 0.102451 0.000000
vt 0.106940 0.102451 0.000000
vt 0.106940 0.121018 0.000000
vt 0.095219 0.121018 0.000000
vt 0.085696 0.140825 0.000000
vt 0.142829 0.112355 0.000000
vt 0.124884 0.121018 0.000000
vt 0.114264 0.140825 0.000000
vt 0.142829 0.126590 0.000000
vt 0.142829 0.140825 0.000000
vt 0.013137 5.126079 0.000000
vt 0.038023 3.589549 0.000000
vt 0.070711 5.166789 0.000000
vt 0.052817 3.564456 0.000000
vt 0.070711 3.541784 0.000000
vt 0.013137 3.648921 0.000000
vt -3.277329 0.019820 0.000000
vt -2.814943 0.013090 0.000000
vt -3.307329 0.039270 0.000000
vt -2.322557 0.013090 0.000000
vt -1.860171 0.019820 0.000000
vt -1.879928 0.006521 0.000000
vt -2.322557 -0.013090 0.000000
vt -1.896411 -0.007829 0.000000
vt -1.908861 -0.023176 0.000000
vt -1.913323 -0.031147 0.000000
vt -2.814943 -0.013090 0.000000
vt -3.228636 -0.023178 0.000000
vt -3.241090 -0.007828 0.000000
vt -3.257571 0.006520 0.000000
vt -3.224175 -0.031151 0.000000
vt -3.221013 -0.039270 0.000000
vt -1.916487 -0.039270 0.000000
vt -1.830171 0.039270 0.000000
vt 0.051184 0.055623 0.000000
vt 0.038889 0.069578 0.000000
vt 0.028838 0.032817 0.000000
vt 0.027056 0.069578 0.000000
vt 0.015223 0.069578 0.000000
vt 0.015223 0.106339 0.000000
vt 0.000000 0.101930 0.000000
vt 0.000000 0.126943 0.000000
vt 0.015223 0.141684 0.000000
vt 0.000000 0.176967 0.000000
vt 0.018765 0.176967 0.000000
vt 0.027056 0.141707 0.000000
vt 0.037533 0.176967 0.000000
vt 0.038889 0.141731 0.000000
vt 0.050721 0.141754 0.000000
vt 0.050721 0.106339 0.000000
vt 0.062554 0.106339 0.000000
vt 0.069302 0.081732 0.000000
vt 0.070118 0.106339 0.000000
vt 0.081974 0.141816 0.000000
vt 0.070118 0.141793 0.000000
vt 0.056298 0.176967 0.000000
vt 0.062554 0.141778 0.000000
vt 0.050721 0.069578 0.000000
vt 0.093829 0.141840 0.000000
vt 0.093831 0.176967 0.000000
vt 0.075065 0.176967 0.000000
vt 0.000000 0.076919 0.000000
vt 0.038889 0.106339 0.000000
vt 0.027056 0.106339 0.000000
vt 0.142829 0.042699 0.000000
vt 0.142829 0.056933 0.000000
vt 0.124811 0.044490 0.000000
vt 0.114264 0.056933 0.000000
vt 0.106794 0.044490 0.000000
vt 0.095219 0.044490 0.000000
vt 0.106794 0.037955 0.000000
vt 0.095219 0.037955 0.000000
vt 0.106794 0.024929 0.000000
vt 0.095219 0.024929 0.000000
vt 0.106794 0.011904 0.000000
vt 0.095219 0.011904 0.000000
vt 0.095219 0.000000 0.000000
vt 0.077202 0.011904 0.000000
vt 0.071414 0.000000 0.000000
vt 0.059185 0.011904 0.000000
vt 0.047610 0.000000 0.000000
vt 0.041167 0.011904 0.000000
vt 0.023802 0.000000 0.000000
vt 0.023150 0.011904 0.000000
vt 0.000000 0.007117 0.000000
vt 0.000000 0.014233 0.000000
vt 0.023150 0.024929 0.000000
vt 0.000000 0.028466 0.000000
vt 0.023150 0.037955 0.000000
vt 0.000000 0.042699 0.000000
vt 0.023150 0.044490 0.000000
vt 0.000000 0.056933 0.000000
vt 0.028564 0.056933 0.000000
vt 0.041167 0.044490 0.000000
vt 0.057132 0.056933 0.000000
vt 0.059185 0.044490 0.000000
vt 0.077202 0.044490 0.000000
vt 0.077202 0.037955 0.000000
vt 0.085696 0.056933 0.000000
vt 0.000000 0.000000 0.000000
vt 0.119027 0.000000 0.000000
vt 0.124811 0.011904 0.000000
vt 0.124811 0.024929 0.000000
vt 0.124811 0.037955 0.000000
vt 0.142829 0.000000 0.000000
vt 0.142829 0.007117 0.000000
vt 0.142829 0.014233 0.000000
vt 0.142829 0.021350 0.000000
vt 0.142829 0.028466 0.000000
vt 0.041167 0.037955 0.000000
vt 0.041167 0.024929 0.000000
vt 0.059185 0.037955 0.000000
vt 0.059185 0.024929 0.000000
vt 0.077202 0.024929 0.000000
vt -0.157080 0.203087 0.000000
vt -0.183260 0.203087 0.000000
vt -0.157080 0.196598 0.000000
vt -0.183260 0.183620 0.000000
vt -0.157080 0.190109 0.000000
vt -0.157080 0.183620 0.000000
vt -0.209440 0.203087 0.000000
vt -0.209440 0.183620 0.000000
vt -0.235619 0.203087 0.000000
vt -0.235619 0.183620 0.000000
vt -0.261799 0.203087 0.000000
vt -0.261799 0.183620 0.000000
vt -0.287979 0.203087 0.000000
vt -0.287979 0.183620 0.000000
vt -0.314159 0.203087 0.000000
vt -0.314159 0.196598 0.000000
vt -0.314159 0.190109 0.000000
vt -0.314159 0.183620 0.000000
vt -0.103579 -0.078540 0.000000
vt 0.000000 -0.078540 0.000000
vt -0.103579 -0.052360 0.000000
vt 0.000000 -0.052360 0.000000
vt -0.103579 -0.026180 0.000000
vt 0.000000 -0.026180 0.000000
vt -0.103579 0.000000 0.000000
vt 0.000000 0.000000 0.000000
vt -0.103579 0.026180 0.000000
vt 0.000000 0.026180 0.000000
vt -0.103579 0.052360 0.000000
vt 0.000000 0.052360 0.000000
vt -0.103579 0.078540 0.000000
vt 0.000000 0.078540 0.000000
vt -0.230000 -0.000000 0.000000
vt -0.100000 -0.000000 0.000000
vt -0.230000 0.103579 0.000000
vt -0.100000 0.103579 0.000000
vt -1.400000 -0.000000 0.000000
vt -0.100000 -0.000000 0.000000
vt -1.400000 0.103579 0.000000
vt -0.100000 0.103579 0.000000
vt -0.099748 0.113612 0.000000
vt -1.400252 0.113612 0.000000
vt -0.098993 0.123621 0.000000
vt -1.401007 0.123621 0.000000
vt -0.097737 0.133579 0.000000
vt -1.402263 0.133579 0.000000
vt -0.103579 -0.078540 0.000000
vt -0.000000 -0.078540 0.000000
vt -0.103579 -0.052360 0.000000
vt 0.000000 -0.052360 0.000000
vt -0.103579 -0.026180 0.000000
vt 0.000000 -0.026180 0.000000
vt -0.103579 -0.000000 0.000000
vt 0.000000 -0.000000 0.000000
vt -0.103579 0.026180 0.000000
vt 0.000000 0.026180 0.000000
vt -0.103579 0.052360 0.000000
vt 0.000000 0.052360 0.000000
vt -0.103579 0.078540 0.000000
vt -0.000000 0.078540 0.000000
vt -0.701169 -0.052360 0.000000
vt -0.692987 -0.039270 0.000000
vt -0.823644 -0.052360 0.000000
vt -0.823644 -0.026180 0.000000
vt -0.687041 -0.026180 0.000000
vt -0.683432 -0.013090 0.000000
vt -0.823644 -0.000000 0.000000
vt -0.682222 -0.000000 0.000000
vt -0.683432 0.013090 0.000000
vt -0.823644 0.026180 0.000000
vt -0.687041 0.026180 0.000000
vt -0.692987 0.039270 0.000000
vt -0.701169 0.052360 0.000000
vt -0.823644 0.052360 0.000000
vt 0.142382 -0.008911 0.000000
vt 0.142382 -0.000000 0.000000
vt 0.124439 -0.008911 0.000000
vt 0.118655 -0.000000 0.000000
vt 0.106497 -0.008911 0.000000
vt 0.094921 -0.000000 0.000000
vt 0.094921 -0.008911 0.000000
vt 0.076979 -0.008911 0.000000
vt 0.094921 -0.018587 0.000000
vt 0.076979 -0.018587 0.000000
vt 0.094921 -0.028275 0.000000
vt 0.076979 -0.028275 0.000000
vt 0.094921 -0.038512 0.000000
vt 0.076979 -0.038512 0.000000
vt 0.094921 -0.050091 0.000000
vt 0.076979 -0.050091 0.000000
vt 0.094921 -0.061671 0.000000
vt 0.076979 -0.061671 0.000000
vt 0.094921 -0.065080 0.000000
vt 0.076979 -0.065080 0.000000
vt 0.071191 -0.071299 0.000000
vt 0.059036 -0.065080 0.000000
vt 0.035595 -0.071299 0.000000
vt 0.041093 -0.065080 0.000000
vt 0.023150 -0.065080 0.000000
vt 0.023150 -0.061671 0.000000
vt 0.000000 -0.071299 0.000000
vt 0.000000 -0.053473 0.000000
vt 0.023150 -0.050091 0.000000
vt 0.023150 -0.038512 0.000000
vt 0.041093 -0.050091 0.000000
vt 0.041093 -0.038512 0.000000
vt 0.059036 -0.050091 0.000000
vt 0.059036 -0.038512 0.000000
vt 0.071191 -0.000000 0.000000
vt 0.059036 -0.008911 0.000000
vt 0.059036 -0.018587 0.000000
vt 0.059036 -0.028275 0.000000
vt 0.047461 -0.000000 0.000000
vt 0.041093 -0.008911 0.000000
vt 0.041093 -0.018587 0.000000
vt 0.041093 -0.028275 0.000000
vt 0.023727 -0.000000 0.000000
vt 0.023150 -0.008911 0.000000
vt 0.023150 -0.018587 0.000000
vt 0.023150 -0.028275 0.000000
vt 0.000000 -0.000000 0.000000
vt 0.000000 -0.008911 0.000000
vt 0.000000 -0.017818 0.000000
vt 0.000000 -0.026729 0.000000
vt 0.000000 -0.035646 0.000000
vt 0.106787 -0.071299 0.000000
vt 0.106497 -0.065080 0.000000
vt 0.106497 -0.061671 0.000000
vt 0.106497 -0.050091 0.000000
vt 0.106497 -0.038512 0.000000
vt 0.106497 -0.028275 0.000000
vt 0.106497 -0.018587 0.000000
vt 0.124439 -0.065080 0.000000
vt 0.142382 -0.071299 0.000000
vt 0.124439 -0.061671 0.000000
vt 0.142382 -0.053473 0.000000
vt 0.124439 -0.050091 0.000000
vt 0.142382 -0.035646 0.000000
vt 0.124439 -0.038512 0.000000
vt 0.124439 -0.028275 0.000000
vt 0.142382 -0.026729 0.000000
vt 0.124439 -0.018587 0.000000
vt 0.142382 -0.017818 0.000000
vt 0.041093 -0.061671 0.000000
vt 0.059036 -0.061671 0.000000
vt 0.103579 0.078540 0.000000
vt -0.000000 0.078540 0.000000
vt 0.103579 0.052360 0.000000
vt -0.000000 0.052360 0.000000
vt 0.103579 0.026180 0.000000
vt -0.000000 0.026180 0.000000
vt 0.103579 0.000000 0.000000
vt -0.000000 0.000000 0.000000
vt 0.103579 -0.026180 0.000000
vt -0.000000 -0.026180 0.000000
vt 0.103579 -0.052360 0.000000
vt -0.000000 -0.052360 0.000000
vt 0.103579 -0.078540 0.000000
vt -0.000000 -0.078540 0.000000
vt 1.442244 -0.052360 0.000000
vt 1.450425 -0.039270 0.000000
vt 1.319769 -0.052360 0.000000
vt 1.319769 -0.026180 0.000000
vt 1.456372 -0.026180 0.000000
vt 1.459981 -0.013090 0.000000
vt 1.319769 0.000000 0.000000
vt 1.461191 0.000000 0.000000
vt 1.459981 0.013090 0.000000
vt 1.319769 0.026180 0.000000
vt 1.456372 0.026180 0.000000
vt 1.450425 0.039270 0.000000
vt 1.442244 0.052360 0.000000
vt 1.319769 0.052360 0.000000
vt 0.142382 -0.008911 0.000000
vt 0.142382 0.000000 0.000000
vt 0.124439 -0.008911 0.000000
vt 0.118655 0.000000 0.000000
vt 0.106497 -0.008911 0.000000
vt 0.094921 0.000000 0.000000
vt 0.094921 -0.008911 0.000000
vt 0.076979 -0.008911 0.000000
vt 0.094921 -0.018587 0.000000
vt 0.076979 -0.018587 0.000000
vt 0.094921 -0.028275 0.000000
vt 0.076979 -0.028275 0.000000
vt 0.094921 -0.038512 0.000000
vt 0.076979 -0.038512 0.000000
vt 0.094921 -0.050091 0.000000
vt 0.076979 -0.050091 0.000000
vt 0.094921 -0.061671 0.000000
vt 0.076979 -0.061671 0.000000
vt 0.094921 -0.065080 0.000000
vt 0.076979 -0.065080 0.000000
vt 0.071191 -0.071299 0.000000
vt 0.059036 -0.065080 0.000000
vt 0.035595 -0.071299 0.000000
vt 0.041093 -0.065080 0.000000
vt 0.023150 -0.065080 0.000000
vt 0.023150 -0.061671 0.000000
vt 0.000000 -0.071299 0.000000
vt 0.000000 -0.053473 0.000000
vt 0.023150 -0.050091 0.000000
vt 0.023150 -0.038512 0.000000
vt 0.041093 -0.050091 0.000000
vt 0.041093 -0.038512 0.000000
vt 0.059036 -0.050091 0.000000
vt 0.059036 -0.038512 0.000000
vt 0.071191 0.000000 0.000000
vt 0.059036 -0.008911 0.000000
vt 0.059036 -0.018587 0.000000
vt 0.059036 -0.028275 0.000000
vt 0.047461 0.000000 0.000000
vt 0.041093 -0.008911 0.000000
vt 0.041093 -0.018587 0.000000
vt 0.041093 -0.028275 0.000000
vt 0.023727 0.000000 0.000000
vt 0.023150 -0.008911 0.000000
vt 0.023150 -0.018587 0.000000
vt 0.023150 -0.028275 0.000000
vt 0.000000 0.000000 0.000000
vt 0.000000 -0.008911 0.000000
vt 0.000000 -0.017818 0.000000
vt 0.000000 -0.026729 0.000000
vt 0.000000 -0.035646 0.000000
vt 0.106787 -0.071299 0.000000
vt 0.106497 -0.065080 0.000000
vt 0.106497 -0.061671 0.000000
vt 0.106497 -0.050091 0.000000
vt 0.106497 -0.038512 0.000000
vt 0.106497 -0.028275 0.000000
vt 0.106497 -0.018587 0.000000
vt 0.124439 -0.065080 0.000000
vt 0.142382 -0.071299 0.000000
vt 0.124439 -0.061671 0.000000
vt 0.142382 -0.053473 0.000000
vt 0.124439 -0.050091 0.000000
vt 0.142382 -0.035646 0.000000
vt 0.124439 -0.038512 0.000000
vt 0.124439 -0.028275 0.000000
vt 0.142382 -0.026729 0.000000
vt 0.124439 -0.018587 0.000000
vt 0.142382 -0.017818 0.000000
vt 0.041093 -0.061671 0.000000
vt 0.059036 -0.061671 0.000000
vt 0.760044 0.019635 0.000000
vt 1.207557 0.013090 0.000000
vt 0.735171 0.039270 0.000000
vt 1.679943 0.013090 0.000000
vt 2.127456 0.019635 0.000000
vt 2.108974 0.000000 0.000000
vt 1.679943 -0.013090 0.000000
vt 2.102362 -0.009817 0.000000
vt 2.097593 -0.019635 0.000000
vt 2.094713 -0.029452 0.000000
vt 1.207557 -0.013090 0.000000
vt 0.789907 -0.019635 0.000000
vt 0.785138 -0.009817 0.000000
vt 0.778526 -0.000000 0.000000
vt 0.792787 -0.029452 0.000000
vt 0.793750 -0.039270 0.000000
vt 2.093750 -0.039270 0.000000
vt 2.152329 0.039270 0.000000
vt -0.130000 -0.029232 0.000000
vt 0.000963 -0.029452 0.000000
vt -0.130000 -0.024213 0.000000
vt 0.003843 -0.019635 0.000000
vt -0.130670 -0.015944 0.000000
vt 0.008612 -0.009817 0.000000
vt -0.132603 -0.007723 0.000000
vt 0.015224 -0.000000 0.000000
vt -0.135686 0.000419 0.000000
vt -0.139804 0.008446 0.000000
vt 0.033706 0.019635 0.000000
vt -0.150607 0.024092 0.000000
vt 0.058579 0.039270 0.000000
vt -0.163912 0.039270 0.000000
vt -0.130000 -0.034251 0.000000
vt -0.000000 -0.039270 0.000000
vt -0.130000 -0.039270 0.000000
vt -0.100000 0.103579 0.000000
vt -1.400000 0.103579 0.000000
vt -0.100000 -0.000000 0.000000
vt -1.400000 -0.000000 0.000000
vt 0.147369 -0.070711 0.000000
vt 0.123016 -0.052112 0.000000
vt -0.229289 -0.070711 0.000000
vt 0.100712 -0.028936 0.000000
vt -0.158579 0.029289 0.000000
vt 0.063912 0.029289 0.000000
vt -0.070711 4.416789 0.000000
vt -0.070711 2.858211 0.000000
vt 0.029289 4.346079 0.000000
vt 0.029289 2.928921 0.000000
vt -0.020711 0.070711 0.000000
vt -0.379289 0.070711 0.000000
vt -0.061421 0.013137 0.000000
vt -0.308579 -0.029289 0.000000
vt -0.086088 -0.029289 0.000000
vt -0.070711 2.332500 0.000000
vt -0.070711 0.512500 0.000000
vt 0.070711 2.232500 0.000000
vt 0.070711 0.612500 0.000000
vt 2.360000 -0.070711 0.000000
vt 2.960000 -0.070711 0.000000
vt 2.460000 0.070711 0.000000
vt 2.960000 0.070711 0.000000
vt 2.700000 -0.070711 0.000000
vt 2.700000 0.070711 0.000000
vt 2.200000 -0.070711 0.000000
vt 2.100000 0.070711 0.000000
vt -0.000000 0.100000 0.000000
vt 0.500000 0.100000 0.000000
vt -0.000000 0.432843 0.000000
vt 0.500000 0.700000 0.000000
vt -0.000000 0.700000 0.000000
vt -0.200000 0.700000 0.000000
vt -0.200000 0.100000 0.000000
vt -0.000000 0.474138 0.000000
vt 1.420000 0.100000 0.000000
vt 1.220000 0.474138 0.000000
vt 1.420000 0.700000 0.000000
vt 1.220000 0.700000 0.000000
vt 1.223407 0.725882 0.000000
vt 1.416593 0.725882 0.000000
vt 1.233397 0.750000 0.000000
vt 1.406603 0.750000 0.000000
vt 1.249289 0.770711 0.000000
vt 1.390711 0.770711 0.000000
vt 1.270000 0.786603 0.000000
vt 1.370000 0.786603 0.000000
vt 1.294118 0.796593 0.000000
vt 1.345882 0.796593 0.000000
vt 1.320000 0.800000 0.000000
vt -0.000000 0.700000 0.000000
vt -0.196593 0.725882 0.000000
vt -0.003407 0.725882 0.000000
vt -0.186603 0.750000 0.000000
vt -0.013397 0.750000 0.000000
vt -0.170711 0.770711 0.000000
vt -0.029289 0.770711 0.000000
vt -0.150000 0.786603 0.000000
vt -0.050000 0.786603 0.000000
vt -0.125882 0.796593 0.000000
vt -0.074118 0.796593 0.000000
vt -0.100000 0.800000 0.000000
vt 0.200000 1.080000 0.000000
vt -0.000000 1.400000 0.000000
vt 0.200000 0.800000 0.000000
vt -0.000000 0.200000 0.000000
vt 0.203407 0.774118 0.000000
vt 0.213397 0.750000 0.000000
vt 0.229289 0.729289 0.000000
vt 0.250000 0.713397 0.000000
vt 0.274118 0.703407 0.000000
vt 0.300000 0.700000 0.000000
vt 0.520000 0.700000 0.000000
vt 0.545882 0.703407 0.000000
vt 1.520000 0.200000 0.000000
vt 0.570000 0.713397 0.000000
vt 0.590711 0.729289 0.000000
vt 0.820000 0.850000 0.000000
vt 0.606603 0.750000 0.000000
vt 0.616593 0.774118 0.000000
vt 0.620000 0.800000 0.000000
vt 0.620000 1.080000 0.000000
vt 0.820000 1.300000 0.000000
vt 0.529289 1.170711 0.000000
vt 0.720000 1.400000 0.000000
vt 0.508579 1.186603 0.000000
vt 0.484461 1.196593 0.000000
vt 0.458579 1.200000 0.000000
vt 0.361421 1.200000 0.000000
vt 0.335539 1.196593 0.000000
vt 0.311421 1.186603 0.000000
vt 0.290711 1.170711 0.000000
vt 0.816593 1.325882 0.000000
vt 0.806603 1.350000 0.000000
vt 0.790711 1.370711 0.000000
vt 0.770000 1.386603 0.000000
vt 0.745882 1.396593 0.000000
vt 1.520000 0.850000 0.000000
vt -0.000000 -0.044910 0.000000
vt -0.000000 0.200000 0.000000
vt -0.052751 -0.072830 0.000000
vt -0.101800 -0.106837 0.000000
vt -0.340000 0.200000 0.000000
vt -0.146447 -0.146447 0.000000
vt -0.340000 -0.340000 0.000000
vt -0.725882 0.196593 0.000000
vt -0.750000 0.186603 0.000000
vt -0.700000 0.200000 0.000000
vt -0.770711 0.170711 0.000000
vt -0.786603 0.150000 0.000000
vt 0.000000 0.200000 0.000000
vt -0.796593 0.125882 0.000000
vt -0.800000 0.100000 0.000000
vt 0.000000 0.000000 0.000000
vt -0.796593 0.074118 0.000000
vt -0.786603 0.050000 0.000000
vt -0.700000 0.000000 0.000000
vt -0.770711 0.029289 0.000000
vt -0.750000 0.013397 0.000000
vt -0.725882 0.003407 0.000000
vt -2.910000 0.200000 0.000000
vt -3.250000 0.200000 0.000000
vt -2.910000 -0.044910 0.000000
vt -3.250000 -0.044910 0.000000
vt -0.563604 -0.044910 0.000000
vt -0.493350 -0.025431 0.000000
vt -0.563604 0.200000 0.000000
vt -0.420561 -0.011357 0.000000
vt -0.346065 -0.002847 0.000000
vt -0.210051 0.200000 0.000000
vt -0.270711 0.000000 0.000000
vt -0.069310 0.109802 0.000000
vt -0.068629 0.100000 0.000000
vt -0.069310 0.090198 0.000000
vt -0.071347 0.080491 0.000000
vt -0.079394 0.061732 0.000000
vt -0.092463 0.044443 0.000000
vt -0.210051 0.000000 0.000000
vt -0.110051 0.029289 0.000000
vt -0.131481 0.016853 0.000000
vt -0.155931 0.007612 0.000000
vt -0.182461 0.001921 0.000000
vt -0.071347 0.119509 0.000000
vt -0.079394 0.138268 0.000000
vt -0.092463 0.155557 0.000000
vt -0.110051 0.170711 0.000000
vt -0.131481 0.183147 0.000000
vt -0.155931 0.192388 0.000000
vt -0.182461 0.198079 0.000000
vt -0.200000 -0.078540 0.000000
vt 0.650000 -0.078540 0.000000
vt 0.225000 -0.052360 0.000000
vt 0.650000 -0.052360 0.000000
vt 0.225000 -0.026180 0.000000
vt 0.650000 -0.026180 0.000000
vt 0.225000 0.000000 0.000000
vt 0.650000 0.000000 0.000000
vt 0.225000 0.026180 0.000000
vt 0.650000 0.026180 0.000000
vt 0.225000 0.052360 0.000000
vt 0.650000 0.052360 0.000000
vt 0.650000 0.078540 0.000000
vt 0.650000 0.104720 0.000000
vt 0.225000 0.104720 0.000000
vt -0.041421 0.078540 0.000000
vt -0.200000 0.052360 0.000000
vt -0.200000 0.026180 0.000000
vt -0.200000 0.000000 0.000000
vt -0.200000 -0.026180 0.000000
vt -0.200000 -0.052360 0.000000
vt 0.225000 0.130900 0.000000
vt 0.650000 0.130900 0.000000
vt 0.225000 0.157080 0.000000
vt 0.650000 0.157080 0.000000
vt 0.225000 0.183260 0.000000
vt 0.650000 0.183260 0.000000
vt 0.225000 0.209440 0.000000
vt 0.650000 0.209440 0.000000
vt 0.650000 0.235619 0.000000
vt -0.000000 0.235619 0.000000
vt -0.001411 0.209440 0.000000
vt -0.005549 0.183260 0.000000
vt -0.012132 0.157080 0.000000
vt -0.020711 0.130900 0.000000
vt -0.030701 0.104720 0.000000
vt -0.200000 0.078540 0.000000
vt -2.739691 -0.070711 0.000000
vt 0.219691 -0.070711 0.000000
vt -2.739691 0.070711 0.000000
vt 0.219691 0.070711 0.000000
vt 7.270000 0.400000 0.000000
vt 7.170000 0.300000 0.000000
vt 7.270000 0.241421 0.000000
vt 7.170000 0.241421 0.000000
vt -4.219383 -0.070711 0.000000
vt -1.260000 -0.070711 0.000000
vt -4.219383 0.070711 0.000000
vt -1.260000 0.070711 0.000000
vt -5.479383 -0.490000 0.000000
vt -2.720000 -0.490000 0.000000
vt -5.479383 -0.390000 0.000000
vt -2.520000 -0.390000 0.000000
vt -2.520000 -1.200000 0.000000
vt -2.720000 -1.100000 0.000000
vt -2.716593 -1.125882 0.000000
vt -2.706603 -1.150000 0.000000
vt -2.690711 -1.170711 0.000000
vt -2.670000 -1.186603 0.000000
vt -2.645882 -1.196593 0.000000
vt -2.620000 -1.200000 0.000000
vt -5.845000 -0.039270 0.000000
vt -5.845000 -0.025034 0.000000
vt -5.945000 -0.039270 0.000000
vt -5.945000 -0.013090 0.000000
vt -5.845000 -0.010798 0.000000
vt -5.845000 0.003438 0.000000
vt -5.945000 0.013090 0.000000
vt -5.655000 0.003438 0.000000
vt -5.545000 0.013090 0.000000
vt -5.545000 -0.013090 0.000000
vt -5.145000 -0.013090 0.000000
vt -5.655000 -0.025034 0.000000
vt -4.745000 -0.039270 0.000000
vt -5.655000 -0.039270 0.000000
vt -5.655000 -0.010798 0.000000
vt -4.745000 -0.013090 0.000000
vt -5.145000 0.013090 0.000000
vt -5.945000 0.039270 0.000000
vt -4.745000 0.013090 0.000000
vt -4.745000 0.039270 0.000000
vt 6.880000 0.400000 0.000000
vt 6.070000 0.400000 0.000000
vt 6.980000 0.300000 0.000000
vt 6.070000 0.241421 0.000000
vt 6.980000 0.241421 0.000000
vt -5.479383 0.000000 0.000000
vt -2.520000 0.000000 0.000000
vt -5.479383 0.100000 0.000000
vt -0.000000 0.100000 0.000000
vt -0.000000 0.000000 0.000000
vt -2.539383 -0.070711 0.000000
vt 0.220000 -0.070711 0.000000
vt -2.539383 0.070711 0.000000
vt 0.220000 0.070711 0.000000
vt 0.400617 1.400000 0.000000
vt -0.169369 1.400000 0.000000
vt 0.400617 0.300000 0.000000
vt -0.169369 0.000000 0.000000
vt 3.160000 0.000000 0.000000
vt 3.160000 0.300000 0.000000
vt -1.093666 -0.021784 0.000000
vt -1.095000 -0.001000 0.000000
vt -1.295000 0.000000 0.000000
vt -1.095000 0.018885 0.000000
vt -1.295000 0.026180 0.000000
vt -1.095000 0.038770 0.000000
vt -1.295000 0.052360 0.000000
vt -1.095000 0.058655 0.000000
vt -1.295000 0.078540 0.000000
vt -1.095000 0.078540 0.000000
vt -1.295000 -0.026180 0.000000
vt -1.091673 -0.032486 0.000000
vt -1.088561 -0.043090 0.000000
vt -1.295000 -0.052360 0.000000
vt -1.084337 -0.053172 0.000000
vt -1.079243 -0.062350 0.000000
vt -1.295000 -0.078540 0.000000
vt -1.066414 -0.078540 0.000000
vt -1.240000 0.078540 0.000000
vt -1.360000 0.078540 0.000000
vt -1.240000 0.052360 0.000000
vt -1.360000 0.052360 0.000000
vt -1.240000 0.026180 0.000000
vt -1.360000 0.026180 0.000000
vt -1.240000 -0.000000 0.000000
vt -1.360000 -0.000000 0.000000
vt -1.240000 -0.026180 0.000000
vt -1.360000 -0.026180 0.000000
vt -1.240000 -0.052360 0.000000
vt -1.360000 -0.052360 0.000000
vt -1.240000 -0.078540 0.000000
vt -1.360000 -0.078540 0.000000
vt 0.130000 0.642893 0.000000
vt 0.130000 0.440000 0.000000
vt 1.457107 0.642893 0.000000
vt 1.500000 0.600000 0.000000
vt 0.128029 0.420246 0.000000
vt 0.122195 0.401270 0.000000
vt 1.500000 0.000000 0.000000
vt 0.112728 0.383821 0.000000
vt 0.100000 0.368586 0.000000
vt 0.100000 0.000000 0.000000
vt 0.341308 -0.021637 0.000000
vt 0.340000 -0.001000 0.000000
vt 0.000000 0.000000 0.000000
vt 0.340000 0.018885 0.000000
vt -0.000000 0.026180 0.000000
vt 0.340000 0.038770 0.000000
vt -0.000000 0.052360 0.000000
vt 0.340000 0.058655 0.000000
vt 0.000000 0.078540 0.000000
vt 0.340000 0.078540 0.000000
vt -0.000000 -0.026180 0.000000
vt 0.343208 -0.031963 0.000000
vt 0.346221 -0.042471 0.000000
vt -0.000000 -0.052360 0.000000
vt 0.350426 -0.052691 0.000000
vt 0.355686 -0.062219 0.000000
vt 0.000000 -0.078540 0.000000
vt 0.368586 -0.078540 0.000000
vt -2.085000 -0.070711 0.000000
vt 0.115000 -0.070711 0.000000
vt -2.085000 0.070711 0.000000
vt 0.115000 0.070711 0.000000
vt -0.230000 4.000000 0.000000
vt 1.970000 4.000000 0.000000
vt -0.230000 5.260000 0.000000
vt 1.970000 5.260000 0.000000
vt -0.400000 -0.078540 0.000000
vt 0.000000 -0.078540 0.000000
vt -0.400000 -0.055716 0.000000
vt -0.000000 -0.052360 0.000000
vt -0.400000 -0.032892 0.000000
vt 0.000000 -0.026180 0.000000
vt -0.400000 -0.010068 0.000000
vt 0.000000 -0.000000 0.000000
vt -0.400000 0.012756 0.000000
vt -0.000000 0.026180 0.000000
vt -0.400000 0.035580 0.000000
vt 0.000000 0.052360 0.000000
vt -0.400000 0.058404 0.000000
vt -0.200000 0.058404 0.000000
vt -0.000000 0.078540 0.000000
vt -0.180000 0.078540 0.000000
vt -2.370000 0.180000 0.000000
vt -2.370000 0.000000 0.000000
vt -2.190000 0.000000 0.000000
vt 5.180000 0.200000 0.000000
vt 4.657980 0.413397 0.000000
vt 4.505959 0.200000 0.000000
vt 4.633861 0.403407 0.000000
vt 4.607980 0.400000 0.000000
vt 5.182893 0.223880 0.000000
vt 4.704572 0.474118 0.000000
vt 4.694582 0.450000 0.000000
vt 4.678690 0.429289 0.000000
vt 5.191405 0.246378 0.000000
vt 4.707980 0.500000 0.000000
vt 5.205043 0.266193 0.000000
vt 4.707980 0.705763 0.000000
vt 5.223018 0.282177 0.000000
vt 5.244291 0.293407 0.000000
vt 5.336411 1.400000 0.000000
vt 5.267629 0.299232 0.000000
vt 5.291683 0.299315 0.000000
vt 5.315062 0.293652 0.000000
vt 5.336411 0.282570 0.000000
vt 4.707980 1.400000 0.000000
vt 4.505959 0.400000 0.000000
vt 0.200000 0.078540 0.000000
vt -0.000000 0.078540 0.000000
vt 0.200000 0.052360 0.000000
vt 0.000000 0.052360 0.000000
vt 0.200000 0.026180 0.000000
vt 0.000000 0.026180 0.000000
vt 0.200000 0.000000 0.000000
vt -0.000000 -0.000000 0.000000
vt 0.200000 -0.026180 0.000000
vt 0.000000 -0.026180 0.000000
vt 0.200000 -0.052360 0.000000
vt 0.000000 -0.052360 0.000000
vt 0.200000 -0.078540 0.000000
vt 0.000000 -0.078540 0.000000
vt -0.500000 0.000000 0.000000
vt -0.240000 0.000000 0.000000
vt -0.500000 0.200000 0.000000
vt -0.240000 0.200000 0.000000
vt 0.000000 0.128284 0.000000
vt -0.200000 0.128284 0.000000
vt -0.000000 -0.169706 0.000000
vt -0.200000 -0.169706 0.000000
vt 0.300000 0.200000 0.000000
vt -0.500000 0.200000 0.000000
vt 0.300000 0.000000 0.000000
vt -0.500000 0.000000 0.000000
vt -2.850000 0.031416 0.000000
vt -2.533333 0.031416 0.000000
vt -2.850000 0.047124 0.000000
vt -2.216667 0.031416 0.000000
vt -1.900000 0.031416 0.000000
vt -1.900000 0.015708 0.000000
vt -1.583333 0.015708 0.000000
vt -1.583333 0.000000 0.000000
vt -1.266667 0.000000 0.000000
vt -1.266667 -0.015708 0.000000
vt -0.950000 -0.015708 0.000000
vt -0.950000 -0.031416 0.000000
vt -0.633333 -0.031416 0.000000
vt 0.950000 -0.047124 0.000000
vt -0.316667 -0.031416 0.000000
vt 0.000000 -0.031416 0.000000
vt -0.316667 -0.015708 0.000000
vt 0.000000 -0.015708 0.000000
vt -0.316667 0.000000 0.000000
vt 0.000000 0.000000 0.000000
vt -0.316667 0.015708 0.000000
vt 0.000000 0.015708 0.000000
vt -0.316667 0.031416 0.000000
vt 0.000000 0.031416 0.000000
vt 0.950000 0.047124 0.000000
vt 0.316667 0.031416 0.000000
vt 0.633333 0.031416 0.000000
vt 0.633333 0.015708 0.000000
vt 0.950000 0.015708 0.000000
vt 0.950000 0.000000 0.000000
vt 0.633333 0.000000 0.000000
vt 0.950000 -0.015708 0.000000
vt 0.633333 -0.015708 0.000000
vt 0.950000 -0.031416 0.000000
vt 0.633333 -0.031416 0.000000
vt 0.316667 -0.031416 0.000000
vt -2.533333 0.015708 0.000000
vt -2.850000 0.015708 0.000000
vt -2.533333 0.000000 0.000000
vt -2.850000 0.000000 0.000000
vt -2.533333 -0.015708 0.000000
vt -2.850000 -0.015708 0.000000
vt -2.533333 -0.031416 0.000000
vt -2.850000 -0.031416 0.000000
vt -2.850000 -0.047124 0.000000
vt -1.266667 -0.031416 0.000000
vt -1.583333 -0.031416 0.000000
vt -1.583333 -0.015708 0.000000
vt -1.900000 -0.015708 0.000000
vt -1.900000 0.000000 0.000000
vt -2.216667 0.000000 0.000000
vt -2.216667 0.015708 0.000000
vt 0.950000 0.031416 0.000000
vt -0.950000 0.031416 0.000000
vt -0.633333 0.031416 0.000000
vt -1.583333 0.031416 0.000000
vt -1.266667 0.031416 0.000000
vt -0.950000 0.015708 0.000000
vt -0.633333 0.015708 0.000000
vt -0.633333 0.000000 0.000000
vt -1.266667 0.015708 0.000000
vt 0.316667 0.015708 0.000000
vt 0.316667 0.000000 0.000000
vt 0.316667 -0.015708 0.000000
vt -0.950000 0.000000 0.000000
vt -2.216667 -0.015708 0.000000
vt -2.216667 -0.031416 0.000000
vt -0.633333 -0.015708 0.000000
vt -1.900000 -0.031416 0.000000
vt 3.800000 0.040000 0.000000
vt -0.000000 0.040000 0.000000
vt 3.800000 0.000000 0.000000
vt -0.000000 0.000000 0.000000
vt 0.950000 -0.031416 0.000000
vt 0.633333 -0.031416 0.000000
vt 0.950000 -0.047124 0.000000
vt 0.316667 -0.031416 0.000000
vt 0.000000 -0.031416 0.000000
vt 0.000000 -0.015708 0.000000
vt -0.316667 -0.015708 0.000000
vt -0.316667 -0.000000 0.000000
vt -0.633333 -0.000000 0.000000
vt -0.633333 0.015708 0.000000
vt -0.950000 0.015708 0.000000
vt -0.950000 0.031416 0.000000
vt -1.266667 0.031416 0.000000
vt -2.850000 0.047124 0.000000
vt -1.583333 0.031416 0.000000
vt -1.900000 0.031416 0.000000
vt -1.583333 0.015708 0.000000
vt -1.900000 0.015708 0.000000
vt -1.583333 -0.000000 0.000000
vt -1.900000 -0.000000 0.000000
vt -1.583333 -0.015708 0.000000
vt -1.900000 -0.015708 0.000000
vt -1.583333 -0.031416 0.000000
vt -1.900000 -0.031416 0.000000
vt -2.850000 -0.047124 0.000000
vt -2.216667 -0.031416 0.000000
vt -2.533333 -0.031416 0.000000
vt -2.533333 -0.015708 0.000000
vt -2.850000 -0.015708 0.000000
vt -2.850000 -0.000000 0.000000
vt -2.533333 -0.000000 0.000000
vt -2.850000 0.015708 0.000000
vt -2.533333 0.015708 0.000000
vt -2.850000 0.031416 0.000000
vt -2.533333 0.031416 0.000000
vt -2.216667 0.031416 0.000000
vt 0.633333 -0.015708 0.000000
vt 0.950000 -0.015708 0.000000
vt 0.633333 -0.000000 0.000000
vt 0.950000 -0.000000 0.000000
vt 0.633333 0.015708 0.000000
vt 0.950000 0.015708 0.000000
vt 0.633333 0.031416 0.000000
vt 0.950000 0.031416 0.000000
vt 0.950000 0.047124 0.000000
vt -0.633333 0.031416 0.000000
vt -0.316667 0.031416 0.000000
vt -0.316667 0.015708 0.000000
vt 0.000000 0.015708 0.000000
vt 0.000000 -0.000000 0.000000
vt 0.316667 -0.000000 0.000000
vt 0.316667 -0.015708 0.000000
vt -2.850000 -0.031416 0.000000
vt -0.950000 -0.031416 0.000000
vt -1.266667 -0.031416 0.000000
vt -0.316667 -0.031416 0.000000
vt -0.633333 -0.031416 0.000000
vt -0.950000 -0.015708 0.000000
vt -1.266667 -0.015708 0.000000
vt -1.266667 -0.000000 0.000000
vt -0.633333 -0.015708 0.000000
vt -2.216667 -0.015708 0.000000
vt -2.216667 -0.000000 0.000000
vt -2.216667 0.015708 0.000000
vt -0.950000 -0.000000 0.000000
vt 0.316667 0.015708 0.000000
vt 0.316667 0.031416 0.000000
vt -1.266667 0.015708 0.000000
vt 0.000000 0.031416 0.000000
vt 3.800000 0.040000 0.000000
vt 0.000000 0.040000 0.000000
vt 3.800000 0.000000 0.000000
vt 0.000000 0.000000 0.000000
vt -0.015000 -1.900000 0.000000
vt 0.015000 -1.900000 0.000000
vt -0.015000 1.900000 0.000000
vt 0.015000 1.900000 0.000000
vt -2.280000 0.100000 0.000000
vt -2.256603 0.191421 0.000000
vt -2.310000 0.100000 0.000000
vt -2.266593 0.215539 0.000000
vt -2.325529 0.097956 0.000000
vt -2.270000 0.241421 0.000000
vt -2.340000 0.091962 0.000000
vt -2.370000 0.400000 0.000000
vt -2.352427 0.082426 0.000000
vt -2.361962 0.070000 0.000000
vt -2.367956 0.055529 0.000000
vt -2.370000 0.040000 0.000000
vt -2.240711 0.170711 0.000000
vt -2.264471 0.097956 0.000000
vt -2.250000 0.091962 0.000000
vt -2.237574 0.082426 0.000000
vt -2.228039 0.070000 0.000000
vt -2.070000 0.000000 0.000000
vt -2.222045 0.055529 0.000000
vt -2.220000 0.040000 0.000000
vt -2.220000 0.000000 0.000000
vt -2.270000 0.400000 0.000000
vt 2.070000 3.030000 0.000000
vt 2.070000 -0.770000 0.000000
vt 2.095882 3.033407 0.000000
vt 2.095882 -0.773407 0.000000
vt 2.120000 3.043397 0.000000
vt 2.120000 -0.783398 0.000000
vt 2.140711 3.059289 0.000000
vt 2.140711 -0.799289 0.000000
vt 2.156603 3.080000 0.000000
vt 2.156603 -0.820000 0.000000
vt 2.166593 3.104118 0.000000
vt 2.166593 -0.844118 0.000000
vt 5.600000 0.600000 0.000000
vt 2.170000 -0.870000 0.000000
vt 5.499369 -1.380000 0.000000
vt 2.170000 -1.380000 0.000000
vt 4.750000 5.300000 0.000000
vt 5.600000 4.300000 0.000000
vt 4.834577 5.281884 0.000000
vt 4.904550 5.261507 0.000000
vt 4.959880 5.241326 0.000000
vt 5.000527 5.223801 0.000000
vt 5.040105 5.204282 0.000000
vt 5.091980 5.174949 0.000000
vt 5.154442 5.134091 0.000000
vt 5.225780 5.080000 0.000000
vt 5.320096 4.993875 0.000000
vt 5.402665 4.896431 0.000000
vt 5.472140 4.789257 0.000000
vt 5.527388 4.674102 0.000000
vt 5.567507 4.552844 0.000000
vt 5.591844 4.427462 0.000000
vt 2.170000 5.300000 0.000000
vt 2.170000 3.130000 0.000000
vt 0.524191 1.300000 0.000000
vt 0.438678 1.300000 0.000000
vt 0.524191 -0.100000 0.000000
vt 0.438678 -0.100000 0.000000
vt 0.365959 1.300000 0.000000
vt 0.365959 -0.100000 0.000000
vt 0.306969 1.300000 0.000000
vt 0.306969 -0.100000 0.000000
vt 0.262651 1.300000 0.000000
vt 0.262651 -0.100000 0.000000
vt 0.218598 1.300000 0.000000
vt 0.218598 -0.100000 0.000000
vt 0.159485 1.300000 0.000000
vt 0.159485 -0.100000 0.000000
vt 0.086298 1.300000 0.000000
vt 0.086298 -0.100000 0.000000
vt -0.000000 1.300000 0.000000
vt -0.000000 -0.100000 0.000000
vt -0.000000 1.300000 0.000000
vt -2.580000 1.300000 0.000000
vt 0.000000 -0.100000 0.000000
vt -2.580000 -0.100000 0.000000
vt -0.256247 4.447104 0.000000
vt -0.256238 4.369003 0.000000
vt -0.205660 4.437190 0.000000
vt -0.192175 4.369003 0.000000
vt -0.155073 4.437190 0.000000
vt -0.128113 4.369003 0.000000
vt -0.128124 4.437190 0.000000
vt -0.082655 4.437190 0.000000
vt -0.128124 4.505378 0.000000
vt -0.082655 4.505378 0.000000
vt -0.128124 4.573566 0.000000
vt -0.082655 4.573566 0.000000
vt -0.128124 4.641754 0.000000
vt -0.082655 4.641754 0.000000
vt -0.128124 4.709942 0.000000
vt -0.082655 4.709942 0.000000
vt -0.128124 4.778130 0.000000
vt -0.082655 4.778130 0.000000
vt -0.128124 4.846318 0.000000
vt -0.082655 4.846318 0.000000
vt -0.128124 4.914506 0.000000
vt -0.082655 4.914506 0.000000
vt -0.128124 4.980279 0.000000
vt -0.082655 4.980279 0.000000
vt -0.128124 5.046052 0.000000
vt -0.082655 5.046052 0.000000
vt -0.128124 5.113102 0.000000
vt -0.082655 5.113102 0.000000
vt -0.128124 5.180151 0.000000
vt -0.082655 5.180151 0.000000
vt -0.128124 5.247201 0.000000
vt -0.082655 5.247201 0.000000
vt -0.128124 5.314250 0.000000
vt -0.082655 5.314250 0.000000
vt -0.128124 5.390345 0.000000
vt -0.082655 5.390345 0.000000
vt -0.128124 5.466439 0.000000
vt -0.082655 5.466439 0.000000
vt -0.128124 5.542534 0.000000
vt -0.082655 5.542534 0.000000
vt -0.128124 5.618628 0.000000
vt -0.064062 5.618628 0.000000
vt -0.037186 5.542534 0.000000
vt -0.000001 5.618628 0.000000
vt -0.000000 5.540526 0.000000
vt -0.037186 5.466439 0.000000
vt -0.000000 5.462425 0.000000
vt -0.037186 5.390345 0.000000
vt -0.000000 5.384323 0.000000
vt -0.037186 5.314250 0.000000
vt -0.000000 5.306222 0.000000
vt -0.037186 5.247201 0.000000
vt -0.000000 5.228120 0.000000
vt -0.037186 5.180151 0.000000
vt -0.000000 5.150018 0.000000
vt -0.037186 5.113102 0.000000
vt -0.000000 5.071917 0.000000
vt -0.037186 5.046052 0.000000
vt -0.000000 4.993815 0.000000
vt -0.037186 4.980279 0.000000
vt -0.000000 4.915714 0.000000
vt -0.037186 4.914506 0.000000
vt -0.037186 4.846318 0.000000
vt -0.064051 4.369003 0.000000
vt -0.037186 4.437190 0.000000
vt -0.037186 4.505378 0.000000
vt -0.037186 4.573566 0.000000
vt -0.037186 4.641754 0.000000
vt -0.037186 4.709942 0.000000
vt -0.037186 4.778130 0.000000
vt -0.000000 4.369003 0.000000
vt -0.000000 4.447104 0.000000
vt -0.000000 4.525206 0.000000
vt -0.000000 4.603307 0.000000
vt -0.000000 4.681409 0.000000
vt -0.000000 4.759511 0.000000
vt -0.000000 4.837612 0.000000
vt -0.155073 5.542534 0.000000
vt -0.192186 5.618628 0.000000
vt -0.205660 5.542534 0.000000
vt -0.256247 5.618628 0.000000
vt -0.256247 5.540526 0.000000
vt -0.205660 5.466439 0.000000
vt -0.256247 5.462425 0.000000
vt -0.205660 5.390345 0.000000
vt -0.256247 5.384323 0.000000
vt -0.205660 5.314250 0.000000
vt -0.256247 5.306222 0.000000
vt -0.205660 5.247201 0.000000
vt -0.256247 5.228120 0.000000
vt -0.205660 5.180151 0.000000
vt -0.256247 5.150018 0.000000
vt -0.205660 5.113102 0.000000
vt -0.256247 5.071917 0.000000
vt -0.205660 5.046052 0.000000
vt -0.256247 4.993815 0.000000
vt -0.205660 4.980279 0.000000
vt -0.256247 4.915714 0.000000
vt -0.205660 4.914506 0.000000
vt -0.205660 4.846318 0.000000
vt -0.155073 4.846318 0.000000
vt -0.155073 4.778130 0.000000
vt -0.256247 4.837612 0.000000
vt -0.205660 4.778130 0.000000
vt -0.155073 4.709942 0.000000
vt -0.256247 4.759511 0.000000
vt -0.205660 4.709942 0.000000
vt -0.155073 4.641754 0.000000
vt -0.256247 4.681409 0.000000
vt -0.205660 4.641754 0.000000
vt -0.155073 4.573566 0.000000
vt -0.256247 4.603307 0.000000
vt -0.205660 4.573566 0.000000
vt -0.155073 4.505378 0.000000
vt -0.256247 4.525206 0.000000
vt -0.205660 4.505378 0.000000
vt -0.155073 4.914506 0.000000
vt -0.155073 4.980279 0.000000
vt -0.155073 5.046052 0.000000
vt -0.155073 5.113102 0.000000
vt -0.155073 5.180151 0.000000
vt -0.155073 5.247201 0.000000
vt -0.155073 5.314250 0.000000
vt -0.155073 5.390345 0.000000
vt -0.155073 5.466439 0.000000
vt -8.836914 -0.800368 0.000000
vt -8.833348 -0.813987 0.000000
vt -7.589856 -0.814033 0.000000
vt -8.821595 -0.846110 0.000000
vt -7.589856 -0.878255 0.000000
vt -8.813103 -0.878232 0.000000
vt -8.807968 -0.910355 0.000000
vt -8.806250 -0.942478 0.000000
vt 1.143750 -0.942478 0.000000
vt -5.094540 -0.878301 0.000000
vt -6.342198 -0.878278 0.000000
vt -5.094540 -0.814125 0.000000
vt -6.342198 -0.814079 0.000000
vt -5.094540 -0.750292 0.000000
vt -6.342198 -0.750292 0.000000
vt -8.806250 -0.686231 0.000000
vt -7.589856 -0.750292 0.000000
vt -8.814932 -0.714052 0.000000
vt -8.833222 -0.761608 0.000000
vt 1.143750 -0.878416 0.000000
vt -0.103908 -0.878393 0.000000
vt -1.351566 -0.878370 0.000000
vt -2.599224 -0.878347 0.000000
vt -1.351566 -0.814262 0.000000
vt -2.599224 -0.814216 0.000000
vt -1.351566 -0.750292 0.000000
vt -2.599224 -0.750292 0.000000
vt 1.143750 -0.686231 0.000000
vt -3.846882 -0.750292 0.000000
vt 1.143750 -0.814354 0.000000
vt -0.103908 -0.814308 0.000000
vt 1.143750 -0.750292 0.000000
vt -0.103908 -0.750292 0.000000
vt -8.837514 -0.787215 0.000000
vt -3.846882 -0.814171 0.000000
vt -3.846882 -0.878324 0.000000
vt 1.193750 -0.878416 0.000000
vt -0.170536 -0.878416 0.000000
vt 1.193750 -0.942478 0.000000
vt -1.534821 -0.878416 0.000000
vt -2.899107 -0.878416 0.000000
vt -2.899107 -0.814354 0.000000
vt -4.263393 -0.814354 0.000000
vt -4.263393 -0.750292 0.000000
vt -5.627679 -0.750292 0.000000
vt -8.356250 -0.686231 0.000000
vt -6.991964 -0.750292 0.000000
vt -8.356250 -0.750292 0.000000
vt -6.991964 -0.814354 0.000000
vt -8.356250 -0.814354 0.000000
vt -6.991964 -0.878416 0.000000
vt -8.356250 -0.878416 0.000000
vt -8.356250 -0.942478 0.000000
vt -0.170536 -0.814354 0.000000
vt 1.193750 -0.814354 0.000000
vt -0.170536 -0.750292 0.000000
vt 1.193750 -0.750292 0.000000
vt 1.193750 -0.686231 0.000000
vt -2.899107 -0.750292 0.000000
vt -1.534821 -0.750292 0.000000
vt -4.263393 -0.878416 0.000000
vt -5.627679 -0.878416 0.000000
vt -1.534821 -0.814354 0.000000
vt -5.627679 -0.814354 0.000000
vt -0.256247 -1.170938 0.000000
vt -0.256245 -1.249001 0.000000
vt -0.205567 -1.186614 0.000000
vt -0.192183 -1.249001 0.000000
vt -0.154886 -1.186614 0.000000
vt -0.128121 -1.249001 0.000000
vt -0.128124 -1.186614 0.000000
vt -0.082579 -1.186614 0.000000
vt -0.128124 -1.124228 0.000000
vt -0.082579 -1.124228 0.000000
vt -0.128124 -1.061841 0.000000
vt -0.082579 -1.061841 0.000000
vt -0.128124 -0.999455 0.000000
vt -0.082579 -0.999455 0.000000
vt -0.128124 -0.936751 0.000000
vt -0.082579 -0.936751 0.000000
vt -0.128124 -0.874523 0.000000
vt -0.082579 -0.874523 0.000000
vt -0.128124 -0.812057 0.000000
vt -0.082579 -0.812057 0.000000
vt -0.128124 -0.749591 0.000000
vt -0.082579 -0.749591 0.000000
vt -0.128124 -0.687125 0.000000
vt -0.082579 -0.687125 0.000000
vt -0.128124 -0.624500 0.000000
vt -0.082579 -0.624500 0.000000
vt -0.128124 -0.562193 0.000000
vt -0.082579 -0.562193 0.000000
vt -0.128124 -0.499728 0.000000
vt -0.082579 -0.499728 0.000000
vt -0.128124 -0.437262 0.000000
vt -0.082579 -0.437262 0.000000
vt -0.128124 -0.374796 0.000000
vt -0.082579 -0.374796 0.000000
vt -0.128124 -0.312250 0.000000
vt -0.082579 -0.312250 0.000000
vt -0.128124 -0.249864 0.000000
vt -0.082579 -0.249864 0.000000
vt -0.128124 -0.187398 0.000000
vt -0.082579 -0.187398 0.000000
vt -0.128124 -0.124932 0.000000
vt -0.082579 -0.124932 0.000000
vt -0.128124 -0.062466 0.000000
vt -0.082579 -0.062466 0.000000
vt -0.128124 0.000000 0.000000
vt -0.064062 0.000000 0.000000
vt -0.037034 -0.062466 0.000000
vt -0.000000 0.000000 0.000000
vt -0.000000 -0.078063 0.000000
vt -0.037034 -0.124932 0.000000
vt -0.000000 -0.156125 0.000000
vt -0.037034 -0.187398 0.000000
vt -0.000000 -0.234188 0.000000
vt -0.037034 -0.249864 0.000000
vt -0.000000 -0.312250 0.000000
vt -0.037034 -0.312250 0.000000
vt -0.037034 -0.374796 0.000000
vt -0.064060 -1.249001 0.000000
vt -0.037034 -1.186614 0.000000
vt -0.037034 -1.124228 0.000000
vt -0.037034 -1.061841 0.000000
vt -0.037034 -0.999455 0.000000
vt -0.037034 -0.936751 0.000000
vt -0.037034 -0.874523 0.000000
vt -0.037034 -0.812057 0.000000
vt -0.037034 -0.749591 0.000000
vt -0.037034 -0.687125 0.000000
vt -0.037034 -0.624500 0.000000
vt -0.037034 -0.562193 0.000000
vt -0.037034 -0.499728 0.000000
vt -0.037034 -0.437262 0.000000
vt -0.000000 -1.249001 0.000000
vt -0.000000 -1.170938 0.000000
vt -0.000000 -1.092876 0.000000
vt -0.000000 -1.014813 0.000000
vt -0.000000 -0.936751 0.000000
vt -0.000000 -0.858688 0.000000
vt -0.000000 -0.780626 0.000000
vt -0.000000 -0.702563 0.000000
vt -0.000000 -0.624500 0.000000
vt -0.000000 -0.546438 0.000000
vt -0.000000 -0.468375 0.000000
vt -0.000000 -0.390313 0.000000
vt -0.154886 -0.062466 0.000000
vt -0.192185 0.000000 0.000000
vt -0.205567 -0.062466 0.000000
vt -0.256247 0.000000 0.000000
vt -0.256247 -0.078063 0.000000
vt -0.205567 -0.124932 0.000000
vt -0.256247 -0.156125 0.000000
vt -0.205567 -0.187398 0.000000
vt -0.256247 -0.234188 0.000000
vt -0.205567 -0.249864 0.000000
vt -0.256247 -0.312250 0.000000
vt -0.205567 -0.312250 0.000000
vt -0.205567 -0.374796 0.000000
vt -0.154886 -0.374796 0.000000
vt -0.154886 -0.437262 0.000000
vt -0.256247 -0.390313 0.000000
vt -0.205567 -0.437262 0.000000
vt -0.154886 -0.499728 0.000000
vt -0.256247 -0.468375 0.000000
vt -0.205567 -0.499728 0.000000
vt -0.154886 -0.562193 0.000000
vt -0.256247 -0.546438 0.000000
vt -0.205567 -0.562193 0.000000
vt -0.154886 -0.624500 0.000000
vt -0.256247 -0.624500 0.000000
vt -0.205567 -0.624500 0.000000
vt -0.154886 -0.687125 0.000000
vt -0.205567 -0.687125 0.000000
vt -0.256247 -0.702563 0.000000
vt -0.205567 -0.749591 0.000000
vt -0.256247 -0.780626 0.000000
vt -0.205567 -0.812057 0.000000
vt -0.256247 -0.858688 0.000000
vt -0.205567 -0.874523 0.000000
vt -0.256247 -0.936751 0.000000
vt -0.205567 -0.936751 0.000000
vt -0.205567 -0.999455 0.000000
vt -0.154886 -0.999455 0.000000
vt -0.154886 -1.061841 0.000000
vt -0.256247 -1.014813 0.000000
vt -0.205567 -1.061841 0.000000
vt -0.154886 -1.124228 0.000000
vt -0.256247 -1.092876 0.000000
vt -0.205567 -1.124228 0.000000
vt -0.154886 -0.936751 0.000000
vt -0.154886 -0.874523 0.000000
vt -0.154886 -0.812057 0.000000
vt -0.154886 -0.749591 0.000000
vt -0.154886 -0.312250 0.000000
vt -0.154886 -0.249864 0.000000
vt -0.154886 -0.187398 0.000000
vt -0.154886 -0.124932 0.000000
vt 1.343750 -0.686231 0.000000
vt -8.606250 -0.686231 0.000000
vt 1.352431 -0.714052 0.000000
vt -2.367960 -0.750292 0.000000
vt -1.120302 -0.750292 0.000000
vt -1.120302 -0.814079 0.000000
vt 0.127356 -0.814033 0.000000
vt 0.127356 -0.878255 0.000000
vt 1.359095 -0.846110 0.000000
vt 1.350603 -0.878232 0.000000
vt 1.345468 -0.910355 0.000000
vt 1.343750 -0.942478 0.000000
vt -1.120302 -0.878278 0.000000
vt -2.367960 -0.878301 0.000000
vt -2.367960 -0.814125 0.000000
vt -3.615618 -0.814171 0.000000
vt -3.615618 -0.750292 0.000000
vt -4.863276 -0.750292 0.000000
vt -6.110934 -0.750292 0.000000
vt -7.358592 -0.750292 0.000000
vt -6.110934 -0.814262 0.000000
vt -7.358592 -0.814308 0.000000
vt -6.110934 -0.878370 0.000000
vt -7.358592 -0.878393 0.000000
vt -8.606250 -0.878416 0.000000
vt -8.606250 -0.942478 0.000000
vt -8.606250 -0.750292 0.000000
vt -8.606250 -0.814354 0.000000
vt 1.370848 -0.813987 0.000000
vt 1.374414 -0.800368 0.000000
vt 1.375014 -0.787215 0.000000
vt 0.127356 -0.750292 0.000000
vt 1.370722 -0.761608 0.000000
vt -4.863276 -0.814216 0.000000
vt -4.863276 -0.878347 0.000000
vt -3.615618 -0.878324 0.000000
vt 1.143750 -0.129576 0.000000
vt -4.541964 -0.057912 0.000000
vt -8.806250 -0.129576 0.000000
vt -5.963393 -0.057912 0.000000
vt -7.384821 -0.057912 0.000000
vt -7.384821 0.013752 0.000000
vt -8.806250 0.013752 0.000000
vt -8.806250 0.085416 0.000000
vt -7.384821 0.085416 0.000000
vt -8.806250 0.157080 0.000000
vt -5.963393 0.085416 0.000000
vt -4.541964 0.085416 0.000000
vt -4.541964 0.013752 0.000000
vt -3.120536 0.013752 0.000000
vt -3.120536 -0.057912 0.000000
vt -1.699107 -0.057912 0.000000
vt -0.277679 -0.057912 0.000000
vt 1.143750 -0.057912 0.000000
vt -0.277679 0.013752 0.000000
vt 1.143750 0.013752 0.000000
vt -0.277679 0.085416 0.000000
vt 1.143750 0.085416 0.000000
vt 1.143750 0.157080 0.000000
vt -3.120536 0.085416 0.000000
vt -1.699107 0.085416 0.000000
vt -8.806250 -0.057912 0.000000
vt -1.699107 0.013752 0.000000
vt -5.963393 0.013752 0.000000
vt -0.286656 0.000000 0.000000
vt -0.286656 -0.095831 0.000000
vt -0.214992 0.000000 0.000000
vt -0.215013 -0.139171 0.000000
vt -0.143342 -0.139171 0.000000
vt -0.143342 -0.278342 0.000000
vt -0.071671 -0.278342 0.000000
vt -0.071671 -0.417513 0.000000
vt 0.000000 -0.417513 0.000000
vt 0.000000 -0.556685 0.000000
vt -0.071671 -0.556685 0.000000
vt 0.000000 -0.695856 0.000000
vt -0.071671 -0.695856 0.000000
vt 0.000000 -0.835027 0.000000
vt -0.071671 -0.835027 0.000000
vt 0.000000 -0.974198 0.000000
vt -0.071671 -0.974198 0.000000
vt 0.000000 -1.113369 0.000000
vt -0.071671 -1.113369 0.000000
vt 0.000000 -1.252540 0.000000
vt -0.071671 -1.252540 0.000000
vt 0.000000 -1.391711 0.000000
vt -0.071671 -1.391711 0.000000
vt -0.071664 -1.530882 0.000000
vt -0.143328 -1.530882 0.000000
vt -0.143342 -1.391711 0.000000
vt -0.214992 -1.530882 0.000000
vt -0.215013 -1.391711 0.000000
vt -0.286676 -1.435361 0.000000
vt -0.286674 -1.339357 0.000000
vt -0.215013 -1.252540 0.000000
vt -0.286655 -1.243337 0.000000
vt -0.286649 -1.147641 0.000000
vt -0.215013 -1.113369 0.000000
vt -0.286650 -1.052051 0.000000
vt -0.215013 -0.974198 0.000000
vt -0.286656 -0.956207 0.000000
vt -0.286662 -0.860192 0.000000
vt -0.215013 -0.835027 0.000000
vt -0.286656 -0.764636 0.000000
vt -0.215013 -0.695856 0.000000
vt -0.286668 -0.669370 0.000000
vt -0.215013 -0.556685 0.000000
vt -0.286669 -0.573982 0.000000
vt -0.286656 -0.478540 0.000000
vt -0.215013 -0.417513 0.000000
vt -0.286671 -0.383056 0.000000
vt -0.215013 -0.278342 0.000000
vt -0.286684 -0.287468 0.000000
vt -0.286672 -0.191741 0.000000
vt -0.286656 -1.530882 0.000000
vt 0.000000 -1.530882 0.000000
vt 0.000000 -0.278342 0.000000
vt -0.071671 -0.139171 0.000000
vt -0.143328 0.000000 0.000000
vt 0.000000 -0.139171 0.000000
vt -0.071664 0.000000 0.000000
vt -0.000000 0.000000 0.000000
vt -0.143342 -0.417513 0.000000
vt -0.143342 -0.556685 0.000000
vt -0.143342 -0.695856 0.000000
vt -0.143342 -0.835027 0.000000
vt -0.143342 -0.974198 0.000000
vt -0.143342 -1.113369 0.000000
vt -0.143342 -1.252540 0.000000
vt -4.794954 0.121904 0.000000
vt -5.627679 0.085416 0.000000
vt -4.766250 0.119461 0.000000
vt -4.263393 0.085416 0.000000
vt -4.136250 0.119461 0.000000
vt -2.899107 0.085416 0.000000
vt -4.107545 0.121899 0.000000
vt -4.079577 0.129131 0.000000
vt -4.053064 0.140968 0.000000
vt -4.028671 0.157080 0.000000
vt -1.534821 0.085416 0.000000
vt 1.193750 0.157080 0.000000
vt -0.170536 0.085416 0.000000
vt 1.193750 0.085416 0.000000
vt 1.193750 0.013752 0.000000
vt -0.170536 0.013752 0.000000
vt 1.193750 -0.057912 0.000000
vt -0.170536 -0.057912 0.000000
vt 1.193750 -0.129576 0.000000
vt -1.534821 -0.057912 0.000000
vt -2.899107 -0.057912 0.000000
vt -2.899107 0.013752 0.000000
vt -4.263393 0.013752 0.000000
vt -4.822923 0.129130 0.000000
vt -4.849437 0.140964 0.000000
vt -6.991964 0.085416 0.000000
vt -8.356250 0.157080 0.000000
vt -8.356250 0.085416 0.000000
vt -4.873829 0.157080 0.000000
vt -6.991964 0.013752 0.000000
vt -8.356250 0.013752 0.000000
vt -6.991964 -0.057912 0.000000
vt -8.356250 -0.057912 0.000000
vt -8.356250 -0.129576 0.000000
vt -4.263393 -0.057912 0.000000
vt -5.627679 -0.057912 0.000000
vt -5.627679 0.013752 0.000000
vt -1.534821 0.013752 0.000000
vt -0.286656 -1.530861 0.000000
vt -0.286662 -1.626319 0.000000
vt -0.214992 -1.530861 0.000000
vt -0.215071 -1.670030 0.000000
vt -0.143381 -1.670030 0.000000
vt -0.143381 -1.809200 0.000000
vt -0.071690 -1.809200 0.000000
vt -0.071690 -1.948369 0.000000
vt -0.000000 -1.948369 0.000000
vt -0.000000 -2.087538 0.000000
vt -0.071690 -2.087538 0.000000
vt -0.000000 -2.226707 0.000000
vt -0.071690 -2.226707 0.000000
vt -0.000000 -2.365876 0.000000
vt -0.071690 -2.365876 0.000000
vt -0.000000 -2.505046 0.000000
vt -0.071690 -2.505046 0.000000
vt -0.000000 -2.644215 0.000000
vt -0.071690 -2.644215 0.000000
vt -0.000000 -2.783384 0.000000
vt -0.071690 -2.783384 0.000000
vt -0.000000 -2.922553 0.000000
vt -0.071690 -2.922553 0.000000
vt -0.071664 -3.061722 0.000000
vt -0.143328 -3.061722 0.000000
vt -0.143381 -2.922553 0.000000
vt -0.214992 -3.061722 0.000000
vt -0.215071 -2.922553 0.000000
vt -0.286705 -2.966348 0.000000
vt -0.286761 -2.870466 0.000000
vt -0.215071 -2.783384 0.000000
vt -0.286724 -2.774526 0.000000
vt -0.286657 -2.679006 0.000000
vt -0.215071 -2.644215 0.000000
vt -0.286708 -2.583614 0.000000
vt -0.215071 -2.505046 0.000000
vt -0.286761 -2.487721 0.000000
vt -0.286721 -2.391789 0.000000
vt -0.215071 -2.365876 0.000000
vt -0.286656 -2.296290 0.000000
vt -0.215071 -2.226707 0.000000
vt -0.286676 -2.200871 0.000000
vt -0.215071 -2.087538 0.000000
vt -0.286674 -2.104970 0.000000
vt -0.286655 -2.009053 0.000000
vt -0.215071 -1.948369 0.000000
vt -0.286649 -1.913459 0.000000
vt -0.215071 -1.809200 0.000000
vt -0.286650 -1.817972 0.000000
vt -0.286656 -1.722233 0.000000
vt -0.286656 -3.061722 0.000000
vt -0.000000 -3.061722 0.000000
vt -0.000000 -1.809200 0.000000
vt -0.071690 -1.670030 0.000000
vt -0.143328 -1.530861 0.000000
vt -0.000000 -1.670030 0.000000
vt -0.071664 -1.530861 0.000000
vt -0.000000 -1.530861 0.000000
vt -0.143381 -1.948369 0.000000
vt -0.143381 -2.087538 0.000000
vt -0.143381 -2.226707 0.000000
vt -0.143381 -2.365876 0.000000
vt -0.143381 -2.505046 0.000000
vt -0.143381 -2.644215 0.000000
vt -0.143381 -2.783384 0.000000
vt 1.343750 -0.129576 0.000000
vt -4.341964 -0.057912 0.000000
vt -8.606250 -0.129576 0.000000
vt -5.763393 -0.057912 0.000000
vt -7.184821 -0.057912 0.000000
vt -7.184821 0.013752 0.000000
vt -8.606250 0.013752 0.000000
vt -8.606250 0.085416 0.000000
vt -7.184821 0.085416 0.000000
vt -8.606250 0.157080 0.000000
vt -5.763393 0.085416 0.000000
vt -4.341964 0.085416 0.000000
vt -4.341964 0.013752 0.000000
vt -2.920536 0.013752 0.000000
vt -2.920536 -0.057912 0.000000
vt -1.499107 -0.057912 0.000000
vt -0.077679 -0.057912 0.000000
vt 1.343750 -0.057912 0.000000
vt -0.077679 0.013752 0.000000
vt 1.343750 0.013752 0.000000
vt -0.077679 0.085416 0.000000
vt 1.343750 0.085416 0.000000
vt 1.343750 0.157080 0.000000
vt -2.920536 0.085416 0.000000
vt -1.499107 0.085416 0.000000
vt -8.606250 -0.057912 0.000000
vt -1.499107 0.013752 0.000000
vt -5.763393 0.013752 0.000000
vt -0.214992 -0.532663 0.000000
vt -0.286656 -0.532663 0.000000
vt -0.235619 -0.577051 0.000000
vt -0.314159 -0.550464 0.000000
vt -0.314159 -0.591885 0.000000
vt -0.235619 -0.621440 0.000000
vt -0.314159 -0.633307 0.000000
vt -0.235619 -0.665828 0.000000
vt -0.314159 -0.674729 0.000000
vt -0.235619 -0.710217 0.000000
vt -0.314159 -0.716151 0.000000
vt -0.235619 -0.754606 0.000000
vt -0.314159 -0.757572 0.000000
vt -0.235619 -0.798994 0.000000
vt -0.314159 -0.798994 0.000000
vt -0.157080 -0.798994 0.000000
vt -0.157080 -0.754606 0.000000
vt -0.157080 -0.710217 0.000000
vt -0.157080 -0.665828 0.000000
vt -0.157080 -0.621440 0.000000
vt -0.157080 -0.577051 0.000000
vt -0.143328 -0.532663 0.000000
vt -0.078540 -0.577051 0.000000
vt -0.071664 -0.532663 0.000000
vt -0.000000 -0.577051 0.000000
vt -0.000000 -0.532663 0.000000
vt -0.078540 -0.798994 0.000000
vt -0.078540 -0.754606 0.000000
vt -0.078540 -0.710217 0.000000
vt -0.078540 -0.665828 0.000000
vt -0.078540 -0.621440 0.000000
vt 0.000000 -0.798994 0.000000
vt -0.000000 -0.754606 0.000000
vt -0.000000 -0.710217 0.000000
vt -0.000000 -0.665828 0.000000
vt -0.000000 -0.621440 0.000000
vt -0.165685 0.080576 0.000000
vt -0.208033 0.056938 0.000000
vt -0.165685 0.067147 0.000000
vt -0.165685 0.053718 0.000000
vt -0.227266 0.035794 0.000000
vt -0.165685 0.040288 0.000000
vt -0.165685 0.026859 0.000000
vt -0.236132 0.020900 0.000000
vt -0.165685 0.013429 0.000000
vt -0.244520 0.000000 0.000000
vt -0.165685 0.000000 0.000000
vt 0.340000 -0.078540 0.000000
vt 0.340000 -0.055716 0.000000
vt 0.000000 -0.078540 0.000000
vt -0.000000 -0.052360 0.000000
vt 0.340000 -0.032892 0.000000
vt -0.000000 -0.026180 0.000000
vt 0.340000 -0.010068 0.000000
vt 0.000000 0.000000 0.000000
vt 0.340000 0.012756 0.000000
vt -0.000000 0.026180 0.000000
vt 0.340000 0.035580 0.000000
vt -0.000000 0.052360 0.000000
vt 0.340000 0.058404 0.000000
vt 0.200000 0.058404 0.000000
vt 0.180000 0.078540 0.000000
vt 0.000000 0.078540 0.000000
vt 0.712020 0.340000 0.000000
vt 0.100000 0.340000 0.000000
vt 0.712020 0.200000 0.000000
vt 0.100000 0.200000 0.000000
vt -0.200000 0.078540 0.000000
vt -0.340000 0.078540 0.000000
vt -0.200856 0.065450 0.000000
vt -0.340000 0.052360 0.000000
vt -0.203407 0.052360 0.000000
vt -0.206402 0.039270 0.000000
vt -0.340000 0.026180 0.000000
vt -0.208579 0.026180 0.000000
vt -0.209900 0.013090 0.000000
vt -0.340000 0.000000 0.000000
vt -0.210342 0.000000 0.000000
vt -0.209900 -0.013090 0.000000
vt -0.340000 -0.026180 0.000000
vt -0.208579 -0.026180 0.000000
vt -0.206402 -0.039270 0.000000
vt -0.340000 -0.052360 0.000000
vt -0.203407 -0.052360 0.000000
vt -0.200856 -0.065450 0.000000
vt -0.340000 -0.078540 0.000000
vt -0.200000 -0.078540 0.000000
vt -3.501421 0.100000 0.000000
vt -4.030000 0.100000 0.000000
vt -3.501421 -0.500000 0.000000
vt -4.030000 -0.500000 0.000000
vt -0.700000 0.000000 0.000000
vt 0.300000 0.000000 0.000000
vt -0.700000 0.100000 0.000000
vt 0.300000 0.100000 0.000000
vt 0.800000 -0.300000 0.000000
vt 4.070000 -0.300000 0.000000
vt 0.800000 1.100000 0.000000
vt 4.070000 1.100000 0.000000
vt -0.000000 -0.078540 0.000000
vt 0.400000 -0.078540 0.000000
vt -0.000000 -0.052360 0.000000
vt 0.400000 -0.052360 0.000000
vt -0.000000 -0.026180 0.000000
vt 0.400000 -0.026180 0.000000
vt -0.000000 -0.000000 0.000000
vt 0.400000 -0.000000 0.000000
vt -0.000000 0.026180 0.000000
vt 0.400000 0.026180 0.000000
vt -0.000000 0.052360 0.000000
vt 0.400000 0.052360 0.000000
vt 0.040000 0.078540 0.000000
vt 0.400000 0.078540 0.000000
vt -0.000000 0.078540 0.000000
vt -0.160000 0.100000 0.000000
vt -0.213397 0.191421 0.000000
vt -0.190000 0.100000 0.000000
vt -0.229289 0.170711 0.000000
vt -0.205529 0.097956 0.000000
vt -0.220000 0.091962 0.000000
vt -0.232426 0.082426 0.000000
vt -0.241962 0.070000 0.000000
vt -0.400000 0.000000 0.000000
vt -0.247956 0.055529 0.000000
vt -0.250000 0.040000 0.000000
vt -0.250000 0.000000 0.000000
vt -0.203407 0.215539 0.000000
vt -0.144471 0.097956 0.000000
vt -0.200000 0.241421 0.000000
vt -0.130000 0.091962 0.000000
vt -0.100000 0.400000 0.000000
vt -0.117574 0.082426 0.000000
vt -0.108038 0.070000 0.000000
vt -0.102044 0.055529 0.000000
vt -0.100000 0.040000 0.000000
vt -0.200000 0.400000 0.000000
vt -2.645882 -5.003407 0.000000
vt -2.720000 -5.670000 0.000000
vt -2.620000 -5.000000 0.000000
vt -2.520000 -5.670000 0.000000
vt -2.520000 -5.000000 0.000000
vt -2.670000 -5.013397 0.000000
vt -2.720000 -5.100000 0.000000
vt -2.690711 -5.029289 0.000000
vt -2.706603 -5.050000 0.000000
vt -2.716593 -5.074118 0.000000
vt -0.400000 0.078540 0.000000
vt -0.400000 0.052360 0.000000
vt -0.040000 0.078540 0.000000
vt -0.000000 0.052360 0.000000
vt -0.000000 0.078540 0.000000
vt -0.000000 0.026180 0.000000
vt -0.400000 0.026180 0.000000
vt -0.000000 0.000000 0.000000
vt -0.400000 0.000000 0.000000
vt -0.000000 -0.026180 0.000000
vt -0.400000 -0.026180 0.000000
vt -0.000000 -0.052360 0.000000
vt -0.400000 -0.052360 0.000000
vt -0.000000 -0.078540 0.000000
vt -0.400000 -0.078540 0.000000
vt 0.200000 0.078540 0.000000
vt -0.000000 0.078540 0.000000
vt 0.200000 0.052360 0.000000
vt -0.000000 0.052360 0.000000
vt 0.200000 0.026180 0.000000
vt -0.000000 0.026180 0.000000
vt 0.200000 -0.000000 0.000000
vt 0.000000 -0.000000 0.000000
vt 0.200000 -0.026180 0.000000
vt -0.000000 -0.026180 0.000000
vt 0.200000 -0.052360 0.000000
vt -0.000000 -0.052360 0.000000
vt 0.200000 -0.078540 0.000000
vt -0.000000 -0.078540 0.000000
vt 2.590000 0.078540 0.000000
vt 2.400000 0.078540 0.000000
vt 2.590000 0.052360 0.000000
vt 2.400000 0.052360 0.000000
vt 2.590000 0.026180 0.000000
vt 2.400000 0.026180 0.000000
vt 2.590000 -0.000000 0.000000
vt 2.400000 -0.000000 0.000000
vt 2.590000 -0.026180 0.000000
vt 2.400000 -0.026180 0.000000
vt 2.590000 -0.052360 0.000000
vt 2.400000 -0.052360 0.000000
vt 2.590000 -0.078540 0.000000
vt 2.400000 -0.078540 0.000000
vt -0.500000 2.400000 0.000000
vt -0.100000 2.400000 0.000000
vt -0.500000 2.590000 0.000000
vt -0.100000 2.590000 0.000000
vt 2.590000 0.078540 0.000000
vt 2.400000 0.078540 0.000000
vt 2.590000 0.052360 0.000000
vt 2.400000 0.052360 0.000000
vt 2.590000 0.026180 0.000000
vt 2.400000 0.026180 0.000000
vt 2.590000 0.000000 0.000000
vt 2.400000 0.000000 0.000000
vt 2.590000 -0.026180 0.000000
vt 2.400000 -0.026180 0.000000
vt 2.590000 -0.052360 0.000000
vt 2.400000 -0.052360 0.000000
vt 2.590000 -0.078540 0.000000
vt 2.400000 -0.078540 0.000000
vt -0.500000 2.400000 0.000000
vt -0.240000 2.400000 0.000000
vt -0.500000 2.590000 0.000000
vt -0.240000 2.590000 0.000000
vt -2.590000 -0.128284 0.000000
vt -2.400000 -0.128284 0.000000
vt -2.590000 0.169706 0.000000
vt -2.400000 0.169706 0.000000
vt -0.100000 2.590000 0.000000
vt -0.360000 2.590000 0.000000
vt -0.100000 2.400000 0.000000
vt -0.360000 2.400000 0.000000
vt -2.400000 0.128284 0.000000
vt -2.590000 0.128284 0.000000
vt -2.400000 -0.169706 0.000000
vt -2.590000 -0.169706 0.000000
vt -0.200000 -0.128284 0.000000
vt 0.000000 -0.128284 0.000000
vt -0.200000 0.169706 0.000000
vt 0.000000 0.169706 0.000000
vt -0.100000 0.200000 0.000000
vt -0.360000 0.200000 0.000000
vt -0.100000 0.000000 0.000000
vt -0.360000 0.000000 0.000000
vt -2.439383 -0.070711 0.000000
vt 3.040000 -0.070711 0.000000
vt -2.539383 0.070711 0.000000
vt 3.140000 0.070711 0.000000
vt -1.240000 0.078540 0.000000
vt -1.440000 0.078540 0.000000
vt -1.240000 0.052360 0.000000
vt -1.440000 0.052360 0.000000
vt -1.240000 0.026180 0.000000
vt -1.440000 0.026180 0.000000
vt -1.240000 -0.000000 0.000000
vt -1.440000 -0.000000 0.000000
vt -1.240000 -0.026180 0.000000
vt -1.440000 -0.026180 0.000000
vt -1.240000 -0.052360 0.000000
vt -1.440000 -0.052360 0.000000
vt -1.240000 -0.078540 0.000000
vt -1.440000 -0.078540 0.000000
vt 0.200000 0.305763 0.000000
vt -0.000000 0.305763 0.000000
vt 0.200000 0.100000 0.000000
vt -0.000000 0.100000 0.000000
vt 1.300000 0.078540 0.000000
vt 1.180000 0.078540 0.000000
vt 1.300000 0.052360 0.000000
vt 1.180000 0.052360 0.000000
vt 1.300000 0.026180 0.000000
vt 1.180000 0.026180 0.000000
vt 1.300000 -0.000000 0.000000
vt 1.180000 -0.000000 0.000000
vt 1.300000 -0.026180 0.000000
vt 1.180000 -0.026180 0.000000
vt 1.300000 -0.052360 0.000000
vt 1.180000 -0.052360 0.000000
vt 1.300000 -0.078540 0.000000
vt 1.180000 -0.078540 0.000000
vt 2.600000 0.036976 0.000000
vt 2.600000 1.127980 0.000000
vt 2.480000 0.036976 0.000000
vt 2.480000 1.327980 0.000000
vt 2.602593 1.150606 0.000000
vt 2.610239 1.172059 0.000000
vt 2.622540 1.191225 0.000000
vt 2.680000 1.327980 0.000000
vt 2.638859 1.207111 0.000000
vt 2.658349 1.218893 0.000000
vt 2.680000 1.225959 0.000000
vt 0.125000 0.031416 0.000000
vt 0.000000 0.031416 0.000000
vt 0.125000 0.020944 0.000000
vt -0.000000 0.020944 0.000000
vt 0.125000 0.010472 0.000000
vt -0.000000 0.010472 0.000000
vt 0.125000 -0.000000 0.000000
vt -0.000000 -0.000000 0.000000
vt 0.125000 -0.010472 0.000000
vt -0.000000 -0.010472 0.000000
vt 0.125000 -0.020944 0.000000
vt -0.000000 -0.020944 0.000000
vt 0.125000 -0.031416 0.000000
vt -0.000000 -0.031416 0.000000
vt -0.800000 0.000000 0.000000
vt -0.040000 0.000000 0.000000
vt -0.800000 0.125000 0.000000
vt -0.040000 0.125000 0.000000
vt 0.125000 0.031416 0.000000
vt -0.000000 0.031416 0.000000
vt 0.125000 0.020944 0.000000
vt -0.000000 0.020944 0.000000
vt 0.125000 0.010472 0.000000
vt 0.000000 0.010472 0.000000
vt 0.125000 0.000000 0.000000
vt 0.000000 0.000000 0.000000
vt 0.125000 -0.010472 0.000000
vt -0.000000 -0.010472 0.000000
vt 0.125000 -0.020944 0.000000
vt 0.000000 -0.020944 0.000000
vt 0.125000 -0.031416 0.000000
vt -0.000000 -0.031416 0.000000
vt -0.460000 0.000000 0.000000
vt -0.040000 0.000000 0.000000
vt -0.460000 0.125000 0.000000
vt -0.040000 0.125000 0.000000
vt 0.125000 0.031416 0.000000
vt 0.000000 0.031416 0.000000
vt 0.125000 0.020944 0.000000
vt 0.000000 0.020944 0.000000
vt 0.125000 0.010472 0.000000
vt -0.000000 0.010472 0.000000
vt 0.125000 -0.000000 0.000000
vt 0.000000 -0.000000 0.000000
vt 0.125000 -0.010472 0.000000
vt 0.000000 -0.010472 0.000000
vt 0.125000 -0.020944 0.000000
vt -0.000000 -0.020944 0.000000
vt 0.125000 -0.031416 0.000000
vt 0.000000 -0.031416 0.000000
vt -0.800000 0.000000 0.000000
vt -0.040000 0.000000 0.000000
vt -0.800000 0.125000 0.000000
vt -0.040000 0.125000 0.000000
vt 0.125000 0.031416 0.000000
vt -0.000000 0.031416 0.000000
vt 0.125000 0.020944 0.000000
vt -0.000000 0.020944 0.000000
vt 0.125000 0.010472 0.000000
vt 0.000000 0.010472 0.000000
vt 0.125000 0.000000 0.000000
vt 0.000000 0.000000 0.000000
vt 0.125000 -0.010472 0.000000
vt -0.000000 -0.010472 0.000000
vt 0.125000 -0.020944 0.000000
vt 0.000000 -0.020944 0.000000
vt 0.125000 -0.031416 0.000000
vt 0.000000 -0.031416 0.000000
vt -0.040000 0.125000 0.000000
vt -0.460000 0.125000 0.000000
vt -0.040000 0.000000 0.000000
vt -0.460000 0.000000 0.000000
vt -0.100000 0.000000 0.000000
vt -0.100000 0.180000 0.000000
vt -0.280000 0.000000 0.000000
vt -0.141421 0.869289 0.000000
vt -0.141421 0.030000 0.000000
vt 0.141421 0.640000 0.000000
vt 0.113137 0.030000 0.000000
vt 0.141421 0.027980 0.000000
vt 0.142631 0.653053 0.000000
vt 0.146240 0.665882 0.000000
vt -0.141421 -3.767980 0.000000
vt -0.141421 -4.440000 0.000000
vt 0.113137 -3.767980 0.000000
vt 0.141421 -4.440000 0.000000
vt 0.141421 -3.765959 0.000000
vt 0.100000 0.000000 0.000000
vt 0.610000 0.000000 0.000000
vt 0.100000 0.300000 0.000000
vt 0.610000 0.400000 0.000000
vt 0.000000 0.400000 0.000000
vt -0.100000 3.420000 0.000000
vt 0.141421 3.420000 0.000000
vt -0.100000 4.620000 0.000000
vt 0.141421 4.620000 0.000000
vt 1.596593 1.325882 0.000000
vt 1.500000 1.400000 0.000000
vt 1.600000 1.300000 0.000000
vt 1.044461 0.996593 0.000000
vt 1.068579 0.986603 0.000000
vt 1.586603 1.350000 0.000000
vt 1.570711 1.370711 0.000000
vt 1.550000 1.386603 0.000000
vt 1.525882 1.396593 0.000000
vt 0.000000 1.400000 0.000000
vt 0.581421 1.000000 0.000000
vt 1.018579 1.000000 0.000000
vt 0.000000 0.040000 0.000000
vt 0.300000 0.760000 0.000000
vt 0.510711 0.970711 0.000000
vt 0.531421 0.986603 0.000000
vt 0.001363 0.029647 0.000000
vt 0.040000 0.000000 0.000000
vt 0.400000 0.400000 0.000000
vt 0.374118 0.403407 0.000000
vt 0.005359 0.020000 0.000000
vt 0.011716 0.011716 0.000000
vt 0.020000 0.005359 0.000000
vt 0.029647 0.001363 0.000000
vt 1.300000 0.000000 0.000000
vt 1.200000 0.400000 0.000000
vt 1.400000 0.200000 0.000000
vt 1.403029 0.224428 0.000000
vt 1.400000 0.100000 0.000000
vt 1.411934 0.247375 0.000000
vt 1.225882 0.403407 0.000000
vt 1.426175 0.267453 0.000000
vt 1.444888 0.283443 0.000000
vt 1.250000 0.413397 0.000000
vt 1.466941 0.294378 0.000000
vt 1.270711 0.429289 0.000000
vt 1.490997 0.299594 0.000000
vt 1.286603 0.450000 0.000000
vt 1.600000 0.400000 0.000000
vt 1.296593 0.474118 0.000000
vt 1.300000 0.500000 0.000000
vt 1.300000 0.760000 0.000000
vt 1.089289 0.970711 0.000000
vt 1.515598 0.298776 0.000000
vt 1.539254 0.291973 0.000000
vt 1.560532 0.279598 0.000000
vt 1.578142 0.262400 0.000000
vt 1.591018 0.241421 0.000000
vt 2.270000 0.241421 0.000000
vt 2.270000 0.400000 0.000000
vt 0.350000 0.413397 0.000000
vt 0.329289 0.429289 0.000000
vt 0.313397 0.450000 0.000000
vt 0.303407 0.474118 0.000000
vt 0.300000 0.500000 0.000000
vt 0.555539 0.996593 0.000000
vt -0.945000 0.013090 0.000000
vt -0.605509 0.013090 0.000000
vt -0.945000 0.039270 0.000000
vt -0.275000 0.027326 0.000000
vt -0.275000 0.039270 0.000000
vt -0.605509 -0.013090 0.000000
vt -0.945000 -0.013090 0.000000
vt -0.269959 -0.029152 0.000000
vt -0.945000 -0.039270 0.000000
vt -0.266018 -0.039270 0.000000
vt -0.272824 -0.018447 0.000000
vt -0.274478 -0.007471 0.000000
vt -0.275000 0.003438 0.000000
vt -0.275000 0.015382 0.000000
vt -0.014142 -0.207500 0.000000
vt 0.014142 -0.207500 0.000000
vt -0.014142 1.582500 0.000000
vt 0.014142 1.582500 0.000000
vt -1.750000 0.020000 0.000000
vt 0.040000 0.020000 0.000000
vt -1.750000 0.025000 0.000000
vt 0.040000 0.025000 0.000000
vt 0.200000 0.078540 0.000000
vt -0.000000 0.078540 0.000000
vt 0.200000 0.052360 0.000000
vt -0.000000 0.052360 0.000000
vt 0.200000 0.026180 0.000000
vt 0.000000 0.026180 0.000000
vt 0.200000 -0.000000 0.000000
vt 0.000000 -0.000000 0.000000
vt 0.200000 -0.026180 0.000000
vt -0.000000 -0.026180 0.000000
vt 0.200000 -0.052360 0.000000
vt 0.000000 -0.052360 0.000000
vt 0.200000 -0.078540 0.000000
vt 0.000000 -0.078540 0.000000
vt 0.200000 0.078540 0.000000
vt 0.000000 0.078540 0.000000
vt 0.200000 0.052360 0.000000
vt -0.000000 0.052360 0.000000
vt 0.200000 0.026180 0.000000
vt 0.000000 0.026180 0.000000
vt 0.200000 0.000000 0.000000
vt 0.000000 0.000000 0.000000
vt 0.200000 -0.026180 0.000000
vt -0.000000 -0.026180 0.000000
vt 0.200000 -0.052360 0.000000
vt 0.000000 -0.052360 0.000000
vt 0.200000 -0.078540 0.000000
vt -0.000000 -0.078540 0.000000
vt -0.100000 0.200000 0.000000
vt -2.060000 0.200000 0.000000
vt -0.100000 0.000000 0.000000
vt -2.060000 0.000000 0.000000
vt -4.030000 0.690000 0.000000
vt -4.030000 0.590000 0.000000
vt -3.450000 0.690000 0.000000
vt -3.350000 0.590000 0.000000
vt -3.324118 0.593407 0.000000
vt -3.300000 0.603398 0.000000
vt -3.279289 0.619289 0.000000
vt -3.263398 0.640000 0.000000
vt -3.253408 0.664118 0.000000
vt -3.250000 0.690000 0.000000
vt -3.450000 1.190000 0.000000
vt -3.250000 1.190000 0.000000
vt 2.062500 -0.031416 0.000000
vt 1.764167 -0.031416 0.000000
vt 2.062500 -0.047124 0.000000
vt 1.465833 -0.031416 0.000000
vt 1.167500 -0.031416 0.000000
vt 1.167500 -0.015708 0.000000
vt 0.869167 -0.015708 0.000000
vt 0.869167 0.000000 0.000000
vt 0.570833 0.000000 0.000000
vt 0.570833 0.015708 0.000000
vt 0.272500 0.015708 0.000000
vt 0.272500 0.031416 0.000000
vt 0.570833 0.031416 0.000000
vt 0.272500 0.047124 0.000000
vt 0.869167 0.031416 0.000000
vt 1.167500 0.031416 0.000000
vt 1.167500 0.015708 0.000000
vt 1.465833 0.015708 0.000000
vt 1.465833 0.000000 0.000000
vt 1.764167 0.000000 0.000000
vt 1.764167 -0.015708 0.000000
vt 2.062500 -0.015708 0.000000
vt 2.062500 0.000000 0.000000
vt 1.764167 0.015708 0.000000
vt 1.465833 0.031416 0.000000
vt 2.062500 0.047124 0.000000
vt 2.062500 0.015708 0.000000
vt 1.764167 0.031416 0.000000
vt 2.062500 0.031416 0.000000
vt 0.272500 0.000000 0.000000
vt 0.570833 -0.015708 0.000000
vt 0.869167 -0.031416 0.000000
vt 0.272500 -0.047124 0.000000
vt 0.272500 -0.015708 0.000000
vt 0.570833 -0.031416 0.000000
vt 0.272500 -0.031416 0.000000
vt 1.465833 -0.015708 0.000000
vt 1.167500 0.000000 0.000000
vt 0.869167 0.015708 0.000000
vt -1.415000 0.060000 0.000000
vt 0.375000 0.060000 0.000000
vt -1.415000 0.250000 0.000000
vt 0.375000 0.250000 0.000000
vt 0.130000 0.078540 0.000000
vt -0.370000 0.078540 0.000000
vt 0.130000 0.052360 0.000000
vt -0.370000 0.052360 0.000000
vt 0.130000 0.026180 0.000000
vt -0.370000 0.026180 0.000000
vt 0.130000 0.000000 0.000000
vt -0.370000 -0.000000 0.000000
vt 0.130000 -0.026180 0.000000
vt -0.370000 -0.026180 0.000000
vt 0.130000 -0.052360 0.000000
vt -0.370000 -0.052360 0.000000
vt 0.130000 -0.078540 0.000000
vt -0.370000 -0.078540 0.000000
vt 0.130000 -0.104720 0.000000
vt -0.370000 -0.104720 0.000000
vt 0.130000 -0.130900 0.000000
vt -0.370000 -0.130900 0.000000
vt 0.130000 -0.157080 0.000000
vt -0.370000 -0.157080 0.000000
vt 0.130000 -0.183260 0.000000
vt -0.370000 -0.183260 0.000000
vt 0.130000 -0.209440 0.000000
vt -0.370000 -0.209440 0.000000
vt 0.130000 -0.235619 0.000000
vt -0.370000 -0.235619 0.000000
vt 0.500000 0.474138 0.000000
vt 0.500000 0.700000 0.000000
vt 0.049236 0.474138 0.000000
vt 0.000000 0.700000 0.000000
vt 0.037709 0.472791 0.000000
vt 0.026803 0.468823 0.000000
vt 0.017106 0.462447 0.000000
vt 0.009139 0.454008 0.000000
vt 0.003333 0.443959 0.000000
vt 0.000000 0.432843 0.000000
vt -0.003407 0.725882 0.000000
vt -0.013397 0.750000 0.000000
vt 0.000000 0.700000 0.000000
vt -0.029289 0.770711 0.000000
vt -0.050000 0.786603 0.000000
vt -0.074118 0.796593 0.000000
vt -0.100000 0.800000 0.000000
vt 0.000000 0.432843 0.000000
vt -0.200000 0.700000 0.000000
vt -0.200000 0.432843 0.000000
vt -0.125882 0.796593 0.000000
vt -0.150000 0.786603 0.000000
vt -0.170711 0.770711 0.000000
vt -0.186603 0.750000 0.000000
vt -0.196593 0.725882 0.000000
vt 1.416593 0.725882 0.000000
vt 1.406603 0.750000 0.000000
vt 1.420000 0.700000 0.000000
vt 1.390711 0.770711 0.000000
vt 1.370000 0.786603 0.000000
vt 1.345882 0.796593 0.000000
vt 1.320000 0.800000 0.000000
vt 1.420000 0.432843 0.000000
vt 1.220000 0.700000 0.000000
vt 1.220000 0.432843 0.000000
vt 1.294118 0.796593 0.000000
vt 1.270000 0.786603 0.000000
vt 1.249289 0.770711 0.000000
vt 1.233397 0.750000 0.000000
vt 1.223407 0.725882 0.000000
vt 0.110000 0.078540 0.000000
vt -0.390000 0.078540 0.000000
vt 0.110000 0.052360 0.000000
vt -0.390000 0.052360 0.000000
vt 0.110000 0.026180 0.000000
vt -0.390000 0.026180 0.000000
vt 0.110000 -0.000000 0.000000
vt -0.390000 -0.000000 0.000000
vt 0.110000 -0.026180 0.000000
vt -0.390000 -0.026180 0.000000
vt 0.110000 -0.052360 0.000000
vt -0.390000 -0.052360 0.000000
vt 0.110000 -0.078540 0.000000
vt -0.390000 -0.078540 0.000000
vt 0.110000 -0.104720 0.000000
vt -0.390000 -0.104720 0.000000
vt 0.110000 -0.130900 0.000000
vt -0.390000 -0.130900 0.000000
vt 0.110000 -0.157080 0.000000
vt -0.390000 -0.157080 0.000000
vt 0.110000 -0.183260 0.000000
vt -0.390000 -0.183260 0.000000
vt 0.110000 -0.209440 0.000000
vt -0.390000 -0.209440 0.000000
vt 0.110000 -0.235619 0.000000
vt -0.390000 -0.235619 0.000000
vt 2.297500 0.011632 0.000000
vt 2.053500 0.011632 0.000000
vt 2.297500 0.000000 0.000000
vt 1.809500 0.011632 0.000000
vt 1.565500 0.011632 0.000000
vt 1.565500 0.023263 0.000000
vt 1.321500 0.023263 0.000000
vt 1.321500 0.034895 0.000000
vt 1.077500 0.034895 0.000000
vt 1.077500 0.046527 0.000000
vt 1.321500 0.046527 0.000000
vt 1.077500 0.058159 0.000000
vt 1.321500 0.058159 0.000000
vt 1.077500 0.069790 0.000000
vt 1.565500 0.058159 0.000000
vt 1.809500 0.058159 0.000000
vt 1.809500 0.046527 0.000000
vt 2.053500 0.046527 0.000000
vt 2.053500 0.034895 0.000000
vt 2.297500 0.034895 0.000000
vt 2.297500 0.023263 0.000000
vt 2.053500 0.023263 0.000000
vt 2.297500 0.046527 0.000000
vt 2.053500 0.058159 0.000000
vt 2.297500 0.069790 0.000000
vt 2.297500 0.058159 0.000000
vt 1.077500 0.023263 0.000000
vt 1.321500 0.011632 0.000000
vt 1.077500 0.000000 0.000000
vt 1.077500 0.011632 0.000000
vt 1.809500 0.023263 0.000000
vt 1.809500 0.034895 0.000000
vt 1.565500 0.034895 0.000000
vt 1.565500 0.046527 0.000000
vt 0.520000 0.100000 0.000000
vt 0.520000 0.432843 0.000000
vt 0.020000 0.100000 0.000000
vt 0.020000 0.700000 0.000000
vt 0.520000 0.700000 0.000000
vt 0.020000 0.700000 0.000000
vt 0.470764 0.474138 0.000000
vt 0.520000 0.700000 0.000000
vt 0.482291 0.472791 0.000000
vt 0.493197 0.468823 0.000000
vt 0.020000 0.474138 0.000000
vt 0.502894 0.462447 0.000000
vt 0.510861 0.454008 0.000000
vt 0.516667 0.443959 0.000000
vt 0.520000 0.432843 0.000000
vt 0.210764 0.610000 0.000000
vt -0.240000 0.610000 0.000000
vt 0.210764 -0.610000 0.000000
vt -0.240000 -0.610000 0.000000
vt -0.062500 -0.895000 0.000000
vt 0.062500 -0.895000 0.000000
vt -0.062500 0.895000 0.000000
vt 0.062500 0.895000 0.000000
vt -0.760000 0.000000 0.000000
vt -0.000000 0.000000 0.000000
vt -0.744471 0.002044 0.000000
vt -0.730000 0.008038 0.000000
vt -0.717574 0.017574 0.000000
vt -0.708038 0.030000 0.000000
vt -0.702044 0.044471 0.000000
vt -0.700000 0.060000 0.000000
vt -0.000000 0.105000 0.000000
vt -0.700000 0.250000 0.000000
vt 0.020000 0.125000 0.000000
vt 0.025000 0.250000 0.000000
vt 0.025000 0.125000 0.000000
vt -1.415000 0.105000 0.000000
vt 0.090000 0.000000 0.000000
vt 0.375000 0.105000 0.000000
vt 0.290000 0.000000 0.000000
vt 0.375000 0.000000 0.000000
vt -1.415000 0.000000 0.000000
vt -1.330000 0.000000 0.000000
vt -1.130000 0.000000 0.000000
vt 0.060000 0.000000 0.000000
vt 0.044471 0.002044 0.000000
vt -0.700000 0.000000 0.000000
vt 0.030000 0.008038 0.000000
vt 0.017574 0.017574 0.000000
vt 0.008038 0.030000 0.000000
vt 0.002044 0.044471 0.000000
vt -0.000000 0.060000 0.000000
vt -0.700000 0.105000 0.000000
vt -0.000000 0.250000 0.000000
vt -0.720000 0.125000 0.000000
vt -0.725000 0.250000 0.000000
vt -0.725000 0.125000 0.000000
vt -0.210000 0.420000 0.000000
vt 0.210000 0.420000 0.000000
vt 0.350000 0.895000 0.000000
vt 0.220353 0.418637 0.000000
vt 0.230000 0.414641 0.000000
vt 0.238284 0.408284 0.000000
vt 0.244641 0.400000 0.000000
vt 0.248637 0.390353 0.000000
vt 0.250000 0.380000 0.000000
vt 0.350000 -0.895000 0.000000
vt 0.250000 -0.380000 0.000000
vt 0.248637 -0.390353 0.000000
vt 0.244641 -0.400000 0.000000
vt 0.238284 -0.408284 0.000000
vt 0.230000 -0.414641 0.000000
vt 0.220353 -0.418637 0.000000
vt 0.210000 -0.420000 0.000000
vt -0.210000 -0.420000 0.000000
vt -0.375000 -0.895000 0.000000
vt -0.220353 -0.418637 0.000000
vt -0.230000 -0.414641 0.000000
vt -0.238284 -0.408284 0.000000
vt -0.244641 -0.400000 0.000000
vt -0.248637 -0.390353 0.000000
vt -0.250000 -0.380000 0.000000
vt -0.250000 0.380000 0.000000
vt -0.375000 0.895000 0.000000
vt -0.248637 0.390353 0.000000
vt -0.244641 0.400000 0.000000
vt -0.238284 0.408284 0.000000
vt -0.230000 0.414641 0.000000
vt -0.220353 0.418637 0.000000
vt -0.040000 0.420000 0.000000
vt -0.030906 0.418953 0.000000
vt -0.000000 0.420000 0.000000
vt -0.022288 0.415865 0.000000
vt -0.014598 0.410899 0.000000
vt -0.008239 0.404315 0.000000
vt -0.003542 0.396458 0.000000
vt -0.000000 0.000000 0.000000
vt -0.200000 0.200000 0.000000
vt -0.400000 0.000000 0.000000
vt -0.400000 0.200000 0.000000
vt 2.630000 -0.300000 0.000000
vt 3.163859 0.542707 0.000000
vt 2.630000 1.060000 0.000000
vt 3.155000 0.610000 0.000000
vt 3.155000 0.690000 0.000000
vt 9.200000 -0.300000 0.000000
vt 4.112293 0.358859 0.000000
vt 4.045000 0.350000 0.000000
vt 3.415000 0.350000 0.000000
vt 9.200000 1.060000 0.000000
vt 8.680000 1.060000 0.000000
vt 6.320000 1.060000 0.000000
vt 4.270167 0.480000 0.000000
vt 4.296141 0.542707 0.000000
vt 4.305000 0.610000 0.000000
vt 4.305000 0.690000 0.000000
vt 4.296141 0.757293 0.000000
vt 4.270167 0.820000 0.000000
vt 4.228848 0.873848 0.000000
vt 4.175000 0.915167 0.000000
vt 4.112293 0.941141 0.000000
vt 4.045000 0.950000 0.000000
vt 3.415000 0.950000 0.000000
vt 3.347707 0.941141 0.000000
vt 3.285000 0.915167 0.000000
vt 3.231152 0.873848 0.000000
vt 3.189833 0.820000 0.000000
vt 3.163859 0.757293 0.000000
vt 8.680000 1.100000 0.000000
vt 6.320000 1.100000 0.000000
vt 3.347707 0.358859 0.000000
vt 3.285000 0.384833 0.000000
vt 3.231152 0.426152 0.000000
vt 3.189833 0.480000 0.000000
vt 4.228848 0.426152 0.000000
vt 4.175000 0.384833 0.000000
vt -4.020000 0.022242 0.000000
vt -3.802941 0.020944 0.000000
vt -4.020000 0.031416 0.000000
vt -3.585882 0.020944 0.000000
vt -3.368824 0.020944 0.000000
vt -3.368824 0.010472 0.000000
vt -3.151765 0.010472 0.000000
vt -3.151765 0.000000 0.000000
vt -2.934706 0.000000 0.000000
vt -2.934706 -0.010472 0.000000
vt -2.717647 -0.010472 0.000000
vt -2.530000 -0.014455 0.000000
vt -2.500588 -0.010472 0.000000
vt -2.283529 -0.010472 0.000000
vt -2.500588 0.000000 0.000000
vt -2.283529 0.000000 0.000000
vt -2.500588 0.010472 0.000000
vt -2.283529 0.010472 0.000000
vt -2.500588 0.020944 0.000000
vt -2.283529 0.020944 0.000000
vt -2.066471 0.020944 0.000000
vt -0.330000 0.031416 0.000000
vt -1.849412 0.020944 0.000000
vt -1.632353 0.020944 0.000000
vt -1.632353 0.010472 0.000000
vt -1.415294 0.010472 0.000000
vt -1.415294 0.000000 0.000000
vt -1.198235 0.000000 0.000000
vt -1.198235 -0.010472 0.000000
vt -0.981176 -0.010472 0.000000
vt -0.981176 -0.020944 0.000000
vt -0.764118 -0.020944 0.000000
vt -0.330000 -0.031416 0.000000
vt -0.547059 -0.020944 0.000000
vt -0.330000 -0.020944 0.000000
vt -0.547059 -0.010472 0.000000
vt -0.330000 -0.010472 0.000000
vt -0.547059 0.000000 0.000000
vt -0.330000 0.000000 0.000000
vt -0.547059 0.010472 0.000000
vt -0.330000 0.010472 0.000000
vt -0.547059 0.020944 0.000000
vt -0.330000 0.020944 0.000000
vt -4.020000 0.013068 0.000000
vt -3.802941 0.010472 0.000000
vt -3.585882 0.010472 0.000000
vt -3.585882 0.000000 0.000000
vt -3.368824 0.000000 0.000000
vt -3.368824 -0.010472 0.000000
vt -3.151765 -0.010472 0.000000
vt -4.020000 0.003894 0.000000
vt -3.802941 0.000000 0.000000
vt -3.585882 -0.010472 0.000000
vt -4.020000 -0.014455 0.000000
vt -4.020000 -0.005281 0.000000
vt -3.802941 -0.010472 0.000000
vt -2.530000 -0.020108 0.000000
vt -2.500588 -0.020944 0.000000
vt -2.283529 -0.020944 0.000000
vt -2.066471 -0.020944 0.000000
vt -2.066471 -0.010472 0.000000
vt -1.849412 -0.020944 0.000000
vt -1.849412 -0.010472 0.000000
vt -1.632353 -0.020944 0.000000
vt -1.632353 -0.010472 0.000000
vt -1.415294 -0.020944 0.000000
vt -1.415294 -0.010472 0.000000
vt -1.198235 -0.020944 0.000000
vt -2.530000 -0.025762 0.000000
vt -2.530000 -0.031416 0.000000
vt -3.151765 0.020944 0.000000
vt -2.934706 0.020944 0.000000
vt -2.717647 0.020944 0.000000
vt -2.717647 0.010472 0.000000
vt -2.934706 0.010472 0.000000
vt -2.066471 0.010472 0.000000
vt -2.066471 0.000000 0.000000
vt -1.849412 0.010472 0.000000
vt -1.849412 0.000000 0.000000
vt -1.415294 0.020944 0.000000
vt -1.198235 0.020944 0.000000
vt -0.981176 0.020944 0.000000
vt -0.981176 0.010472 0.000000
vt -0.764118 0.010472 0.000000
vt -0.764118 0.000000 0.000000
vt -1.198235 0.010472 0.000000
vt -0.764118 0.020944 0.000000
vt -2.717647 0.000000 0.000000
vt -1.632353 0.000000 0.000000
vt -0.981176 0.000000 0.000000
vt -0.764118 -0.010472 0.000000
vt 0.120000 -0.136412 0.000000
vt 1.610000 -0.136412 0.000000
vt 0.120000 0.055563 0.000000
vt 1.610000 0.141421 0.000000
vt 0.210000 0.141421 0.000000
vt 0.196947 0.142631 0.000000
vt 0.184118 0.146240 0.000000
vt 1.300000 0.400000 0.000000
vt 0.100000 0.400000 0.000000
vt 1.300000 0.000000 0.000000
vt 0.100000 0.000000 0.000000
vt -0.500000 0.628319 0.000000
vt -0.000000 0.628319 0.000000
vt -0.500000 0.718078 0.000000
vt -0.000000 0.718078 0.000000
vt -0.500000 0.807838 0.000000
vt -0.000000 0.807838 0.000000
vt -0.500000 0.897598 0.000000
vt -0.000000 0.897598 0.000000
vt -0.500000 0.987358 0.000000
vt -0.000000 0.987358 0.000000
vt -0.500000 1.077117 0.000000
vt -0.000000 1.077117 0.000000
vt -0.500000 1.166877 0.000000
vt -0.000000 1.166877 0.000000
vt -0.500000 1.256637 0.000000
vt -0.000000 1.256637 0.000000
vt 0.200000 0.200000 0.000000
vt 0.110992 0.189971 0.000000
vt 0.200000 -0.200000 0.000000
vt 0.026447 0.160388 0.000000
vt -0.049396 0.112733 0.000000
vt -0.112733 0.049396 0.000000
vt -0.160388 -0.026447 0.000000
vt -0.189971 -0.110992 0.000000
vt -0.200000 -0.200000 0.000000
vt -6.660000 0.500000 0.000000
vt -6.260000 0.500000 0.000000
vt -6.660000 1.400000 0.000000
vt -0.400000 0.500000 0.000000
vt 0.000000 1.400000 0.000000
vt 0.000000 0.500000 0.000000
vt -6.260000 0.000000 0.000000
vt -0.400000 0.000000 0.000000
vt -0.500000 -0.628319 0.000000
vt -0.000000 -0.628319 0.000000
vt -0.500000 -0.538559 0.000000
vt -0.000000 -0.538559 0.000000
vt -0.500000 -0.448799 0.000000
vt -0.000000 -0.448799 0.000000
vt -0.500000 -0.359039 0.000000
vt -0.000000 -0.359039 0.000000
vt -0.500000 -0.269279 0.000000
vt -0.000000 -0.269279 0.000000
vt -0.500000 -0.179520 0.000000
vt -0.000000 -0.179520 0.000000
vt -0.500000 -0.089760 0.000000
vt -0.000000 -0.089760 0.000000
vt -0.500000 0.000000 0.000000
vt -0.000000 0.000000 0.000000
vt -0.200000 -0.200000 0.000000
vt -0.110992 -0.189971 0.000000
vt -0.200000 0.200000 0.000000
vt -0.026447 -0.160388 0.000000
vt 0.049396 -0.112733 0.000000
vt 0.112733 -0.049396 0.000000
vt 0.160388 0.026447 0.000000
vt 0.189971 0.110992 0.000000
vt 0.200000 0.200000 0.000000
vt -0.730000 -5.330000 0.000000
vt 5.130000 -5.330000 0.000000
vt -0.740029 -5.240992 0.000000
vt 5.140029 -5.240992 0.000000
vt -0.769612 -5.156447 0.000000
vt 5.169613 -5.156447 0.000000
vt -0.817267 -5.080604 0.000000
vt 5.217267 -5.080604 0.000000
vt -1.020000 -4.675000 0.000000
vt 5.420000 -4.675000 0.000000
vt 5.280604 -5.017267 0.000000
vt 5.356447 -4.969612 0.000000
vt 5.440992 -4.940029 0.000000
vt 5.530000 -4.930000 0.000000
vt 5.420000 -2.825000 0.000000
vt 5.530000 -2.570000 0.000000
vt 5.440992 -2.559971 0.000000
vt 5.356447 -2.530388 0.000000
vt 5.280604 -2.482733 0.000000
vt 5.217267 -2.419396 0.000000
vt 5.169613 -2.343554 0.000000
vt -0.769612 -2.343554 0.000000
vt -0.817267 -2.419396 0.000000
vt -1.020000 -2.825000 0.000000
vt -0.880604 -2.482733 0.000000
vt -0.956446 -2.530388 0.000000
vt -0.740029 -2.259008 0.000000
vt 5.140029 -2.259008 0.000000
vt -0.730000 -2.170000 0.000000
vt 5.130000 -2.170000 0.000000
vt -1.040992 -2.559971 0.000000
vt -1.130000 -2.570000 0.000000
vt -1.130000 -4.930000 0.000000
vt -1.040992 -4.940029 0.000000
vt -0.956446 -4.969612 0.000000
vt -0.880604 -5.017267 0.000000
vt -0.500000 0.000000 0.000000
vt -0.000000 0.000000 0.000000
vt -0.500000 0.089760 0.000000
vt -0.000000 0.089760 0.000000
vt -0.500000 0.179520 0.000000
vt -0.000000 0.179520 0.000000
vt -0.500000 0.269279 0.000000
vt -0.000000 0.269279 0.000000
vt -0.500000 0.359039 0.000000
vt -0.000000 0.359039 0.000000
vt -0.500000 0.448799 0.000000
vt -0.000000 0.448799 0.000000
vt -0.500000 0.538559 0.000000
vt -0.000000 0.538559 0.000000
vt -0.500000 0.628319 0.000000
vt -0.000000 0.628319 0.000000
vt 0.200000 -0.200000 0.000000
vt 0.189971 -0.110992 0.000000
vt -0.200000 -0.200000 0.000000
vt 0.160388 -0.026447 0.000000
vt 0.112733 0.049396 0.000000
vt 0.049396 0.112733 0.000000
vt -0.026447 0.160388 0.000000
vt -0.110992 0.189971 0.000000
vt -0.200000 0.200000 0.000000
vt -0.500000 -1.256637 0.000000
vt -0.000000 -1.256637 0.000000
vt -0.500000 -1.166877 0.000000
vt -0.000000 -1.166877 0.000000
vt -0.500000 -1.077117 0.000000
vt -0.000000 -1.077117 0.000000
vt -0.500000 -0.987358 0.000000
vt -0.000000 -0.987358 0.000000
vt -0.500000 -0.897598 0.000000
vt -0.000000 -0.897598 0.000000
vt -0.500000 -0.807838 0.000000
vt -0.000000 -0.807838 0.000000
vt -0.500000 -0.718078 0.000000
vt -0.000000 -0.718078 0.000000
vt -0.500000 -0.628319 0.000000
vt -0.000000 -0.628319 0.000000
vt -0.200000 0.200000 0.000000
vt -0.189971 0.110992 0.000000
vt 0.200000 0.200000 0.000000
vt -0.160388 0.026447 0.000000
vt -0.112733 -0.049396 0.000000
vt -0.049396 -0.112733 0.000000
vt 0.026447 -0.160388 0.000000
vt 0.110992 -0.189971 0.000000
vt 0.200000 -0.200000 0.000000
vt 1.393750 -0.078540 0.000000
vt -0.199107 -0.078540 0.000000
vt 1.393750 -0.157080 0.000000
vt -1.791964 -0.078540 0.000000
vt -3.384821 -0.078540 0.000000
vt -3.384821 0.000000 0.000000
vt -4.977679 0.000000 0.000000
vt -4.977679 0.078540 0.000000
vt -6.570536 0.078540 0.000000
vt -9.756250 0.157080 0.000000
vt -8.163393 0.078540 0.000000
vt -9.756250 0.078540 0.000000
vt -8.163393 0.000000 0.000000
vt -9.756250 0.000000 0.000000
vt -8.163393 -0.078540 0.000000
vt -9.756250 -0.078540 0.000000
vt -9.756250 -0.157080 0.000000
vt -0.199107 -0.000000 0.000000
vt 1.393750 -0.000000 0.000000
vt -0.199107 0.078540 0.000000
vt 1.393750 0.078540 0.000000
vt 1.393750 0.157080 0.000000
vt -3.384821 0.078540 0.000000
vt -1.791964 0.078540 0.000000
vt -4.977679 -0.078540 0.000000
vt -6.570536 -0.078540 0.000000
vt -1.791964 0.000000 0.000000
vt -6.570536 0.000000 0.000000
vt -0.314159 0.059223 0.000000
vt -0.314159 0.017801 0.000000
vt -0.235619 0.044389 0.000000
vt -0.286656 -0.000000 0.000000
vt -0.214992 -0.000000 0.000000
vt -0.157080 0.044389 0.000000
vt -0.143328 -0.000000 0.000000
vt -0.078540 0.044389 0.000000
vt -0.071664 -0.000000 0.000000
vt -0.000000 0.044389 0.000000
vt 0.000000 -0.000000 0.000000
vt -0.078540 0.088777 0.000000
vt -0.000000 0.088777 0.000000
vt -0.078540 0.133166 0.000000
vt -0.000000 0.133166 0.000000
vt -0.078540 0.177554 0.000000
vt -0.000000 0.177554 0.000000
vt -0.078540 0.221943 0.000000
vt -0.000000 0.221943 0.000000
vt -0.078540 0.266331 0.000000
vt 0.000000 0.266331 0.000000
vt -0.157080 0.266331 0.000000
vt -0.157080 0.221943 0.000000
vt -0.157080 0.177554 0.000000
vt -0.157080 0.133166 0.000000
vt -0.157080 0.088777 0.000000
vt -0.235619 0.266331 0.000000
vt -0.235619 0.221943 0.000000
vt -0.235619 0.177554 0.000000
vt -0.235619 0.133166 0.000000
vt -0.235619 0.088777 0.000000
vt -0.314159 0.266331 0.000000
vt -0.314159 0.224910 0.000000
vt -0.314159 0.183488 0.000000
vt -0.314159 0.142066 0.000000
vt -0.314159 0.100644 0.000000
vt -0.165685 0.086348 0.000000
vt -0.244520 0.086348 0.000000
vt -0.165685 0.072918 0.000000
vt -0.236132 0.065447 0.000000
vt -0.165685 0.059489 0.000000
vt -0.227266 0.050554 0.000000
vt -0.165685 0.046059 0.000000
vt -0.208033 0.029410 0.000000
vt -0.165685 0.032630 0.000000
vt -0.165685 0.019201 0.000000
vt -0.165685 0.005771 0.000000
vt 2.694963 -0.138992 0.000000
vt 2.726657 -0.131730 0.000000
vt 2.662902 -0.141421 0.000000
vt -8.301657 -0.131730 0.000000
vt -8.237902 -0.141421 0.000000
vt -8.269963 -0.138992 0.000000
vt -8.332621 -0.119720 0.000000
vt 2.757621 -0.119720 0.000000
vt -8.362500 -0.103098 0.000000
vt 2.787500 -0.103098 0.000000
vt -8.362500 -0.024264 0.000000
vt 2.787500 -0.024264 0.000000
vt 8.804289 0.500000 0.000000
vt 9.950000 0.834315 0.000000
vt 7.245711 0.500000 0.000000
vt 0.000000 0.834315 0.000000
vt 7.230330 0.498790 0.000000
vt 7.216421 0.495181 0.000000
vt 7.204224 0.489235 0.000000
vt 7.193947 0.481053 0.000000
vt 7.185765 0.470776 0.000000
vt 7.179819 0.458579 0.000000
vt 7.176210 0.444671 0.000000
vt 7.175000 0.429289 0.000000
vt -0.000000 -0.300000 0.000000
vt 7.175000 0.052631 0.000000
vt 7.179284 0.000000 0.000000
vt 9.950000 -0.300000 0.000000
vt 8.804289 0.000000 0.000000
vt 8.819671 0.001210 0.000000
vt 8.833579 0.004819 0.000000
vt 8.845776 0.010765 0.000000
vt 8.856053 0.018947 0.000000
vt 8.864235 0.029224 0.000000
vt 8.870181 0.041421 0.000000
vt 8.873790 0.055329 0.000000
vt 8.875000 0.070711 0.000000
vt 8.875000 0.429289 0.000000
vt 8.873790 0.444671 0.000000
vt 8.870181 0.458579 0.000000
vt 8.864235 0.470776 0.000000
vt 8.856053 0.481053 0.000000
vt 8.845776 0.489235 0.000000
vt 8.833579 0.495181 0.000000
vt 8.819671 0.498790 0.000000
vt 0.300000 1.570796 0.000000
vt -0.834315 1.570796 0.000000
vt 0.300000 1.427997 0.000000
vt -0.834315 1.427997 0.000000
vt 0.300000 1.285197 0.000000
vt -0.834315 1.285197 0.000000
vt 0.300000 1.142397 0.000000
vt -0.834315 1.142397 0.000000
vt 0.300000 0.999598 0.000000
vt -0.834315 0.999598 0.000000
vt 0.300000 0.856798 0.000000
vt -0.834315 0.856798 0.000000
vt 0.300000 0.713998 0.000000
vt -0.834315 0.713998 0.000000
vt 0.300000 0.571199 0.000000
vt -0.834315 0.571199 0.000000
vt 0.300000 0.428399 0.000000
vt -0.834315 0.428399 0.000000
vt 0.300000 0.285599 0.000000
vt -0.834315 0.285599 0.000000
vt 0.300000 0.142800 0.000000
vt -0.834315 0.142800 0.000000
vt 0.300000 0.000000 0.000000
vt -0.834315 0.000000 0.000000
vt 0.154694 0.048795 0.000000
vt 0.100000 0.041888 0.000000
vt 0.155000 0.023170 0.000000
vt 0.100000 0.000000 0.000000
vt 0.155000 -0.014038 0.000000
vt 0.100000 -0.041888 0.000000
vt 0.155000 -0.051247 0.000000
vt 0.100000 -0.083776 0.000000
vt 0.155000 -0.088455 0.000000
vt 0.100000 -0.125664 0.000000
vt 0.155000 -0.125664 0.000000
vt 0.154074 0.074416 0.000000
vt 0.100000 0.083776 0.000000
vt 0.153541 0.100039 0.000000
vt 0.100000 0.125664 0.000000
vt 0.153321 0.125664 0.000000
vt -2.200000 0.100000 0.000000
vt 0.000000 0.100000 0.000000
vt -2.200000 0.200000 0.000000
vt 0.000000 0.200000 0.000000
vt -1.642500 0.011155 0.000000
vt -1.092500 0.026180 0.000000
vt -1.642500 0.035832 0.000000
vt -1.092500 0.052360 0.000000
vt -1.641982 0.046679 0.000000
vt -1.640340 0.057639 0.000000
vt -1.637481 0.068364 0.000000
vt -1.633518 0.078540 0.000000
vt -0.542500 0.052360 0.000000
vt 0.007500 0.052360 0.000000
vt 0.007500 0.026180 0.000000
vt 0.547500 0.030314 0.000000
vt 0.547500 0.006201 0.000000
vt 0.007500 -0.000000 0.000000
vt 0.547500 -0.017912 0.000000
vt 0.007500 -0.026180 0.000000
vt 0.547500 -0.042024 0.000000
vt 0.007500 -0.052360 0.000000
vt 0.547500 -0.066137 0.000000
vt 0.007500 -0.078540 0.000000
vt 0.547500 -0.090250 0.000000
vt 0.007500 -0.104720 0.000000
vt 0.547500 -0.114363 0.000000
vt 0.007500 -0.130900 0.000000
vt 0.547500 -0.138476 0.000000
vt 0.007500 -0.157080 0.000000
vt 0.547957 -0.150551 0.000000
vt 0.549160 -0.162683 0.000000
vt 0.007500 -0.183260 0.000000
vt 0.552763 -0.187028 0.000000
vt 0.007500 -0.209440 0.000000
vt 0.556144 -0.211402 0.000000
vt 0.557146 -0.223551 0.000000
vt 0.557500 -0.235619 0.000000
vt -0.542500 -0.209440 0.000000
vt -1.092500 -0.209440 0.000000
vt -1.092500 -0.183260 0.000000
vt -1.642500 -0.186265 0.000000
vt -1.642500 -0.161587 0.000000
vt -1.092500 -0.157080 0.000000
vt -1.642500 -0.136910 0.000000
vt -1.092500 -0.130900 0.000000
vt -1.642500 -0.112232 0.000000
vt -1.092500 -0.104720 0.000000
vt -1.642500 -0.087555 0.000000
vt -1.092500 -0.078540 0.000000
vt -1.642500 -0.062878 0.000000
vt -1.092500 -0.052360 0.000000
vt -1.642500 -0.038200 0.000000
vt -1.092500 -0.026180 0.000000
vt -1.642500 -0.013523 0.000000
vt -1.092500 -0.000000 0.000000
vt -1.642500 -0.210942 0.000000
vt -1.642500 -0.235619 0.000000
vt 0.547500 0.054427 0.000000
vt 0.547500 0.078540 0.000000
vt -0.542500 0.026180 0.000000
vt -0.542500 -0.000000 0.000000
vt -0.542500 -0.026180 0.000000
vt -0.542500 -0.052360 0.000000
vt -0.542500 -0.078540 0.000000
vt -0.542500 -0.104720 0.000000
vt -0.542500 -0.130900 0.000000
vt -0.542500 -0.157080 0.000000
vt -0.542500 -0.183260 0.000000
vt 2.181018 0.200000 0.000000
vt -0.000000 0.200000 0.000000
vt 2.175434 0.189450 0.000000
vt 2.168633 0.179640 0.000000
vt 2.160711 0.170711 0.000000
vt 0.200000 0.000000 0.000000
vt 1.990000 0.000000 0.000000
vt 1.400000 0.045102 0.000000
vt 0.282570 0.045102 0.000000
vt 1.400000 0.030068 0.000000
vt 1.000000 0.022551 0.000000
vt 1.400000 0.015034 0.000000
vt 1.400000 0.000000 0.000000
vt 0.600000 0.022551 0.000000
vt 0.246702 0.012516 0.000000
vt 0.266639 0.026853 0.000000
vt 0.275172 0.035553 0.000000
vt 0.223982 0.003218 0.000000
vt 0.212039 0.000811 0.000000
vt 0.200000 0.000000 0.000000
vt 0.141421 -0.380000 0.000000
vt -0.100000 -0.380000 0.000000
vt 0.141421 -1.050000 0.000000
vt -0.100000 -1.050000 0.000000
vt -6.380000 -0.005281 0.000000
vt -6.553333 -0.005281 0.000000
vt -6.380000 -0.014455 0.000000
vt -6.726667 -0.005281 0.000000
vt -6.900000 -0.014455 0.000000
vt -6.900000 -0.005281 0.000000
vt -6.900000 0.003894 0.000000
vt -6.726667 0.003894 0.000000
vt -6.900000 0.013068 0.000000
vt -6.726667 0.013068 0.000000
vt -6.900000 0.022242 0.000000
vt -6.726667 0.022242 0.000000
vt -6.900000 0.031416 0.000000
vt -6.553333 0.022242 0.000000
vt -6.380000 0.031416 0.000000
vt -6.380000 0.022242 0.000000
vt -6.380000 0.013068 0.000000
vt -6.553333 0.013068 0.000000
vt -6.380000 0.003894 0.000000
vt -6.553333 0.003894 0.000000
vt -0.000000 -1.906686 0.000000
vt 0.012060 -1.864615 0.000000
vt 0.000000 -1.791374 0.000000
vt 0.009174 -1.791374 0.000000
vt 0.000000 -1.676061 0.000000
vt 0.009174 -1.676061 0.000000
vt 0.000000 -1.560748 0.000000
vt 0.009174 -1.560748 0.000000
vt 0.018348 -1.676061 0.000000
vt 0.018348 -1.560748 0.000000
vt 0.027522 -1.676061 0.000000
vt 0.027522 -1.560748 0.000000
vt 0.036696 -1.676061 0.000000
vt 0.036696 -1.560748 0.000000
vt 0.043026 -1.647697 0.000000
vt 0.045871 -1.560748 0.000000
vt 0.020910 -1.823991 0.000000
vt 0.018348 -1.791374 0.000000
vt 0.034551 -1.737439 0.000000
vt 1.312500 -0.078540 0.000000
vt 1.942500 -0.078540 0.000000
vt 1.627500 -0.052360 0.000000
vt 1.942500 -0.052360 0.000000
vt 1.627500 -0.026180 0.000000
vt 1.942500 -0.026180 0.000000
vt 1.627500 -0.000000 0.000000
vt 1.942500 -0.000000 0.000000
vt 1.627500 0.026180 0.000000
vt 1.942500 0.026180 0.000000
vt 1.627500 0.052360 0.000000
vt 1.942500 0.052360 0.000000
vt 1.942500 0.078540 0.000000
vt 1.312500 0.078540 0.000000
vt 1.312500 0.052360 0.000000
vt 1.312500 0.026180 0.000000
vt 1.312500 0.000000 0.000000
vt 1.312500 -0.026180 0.000000
vt 1.312500 -0.052360 0.000000
vt 0.314159 -0.247779 0.000000
vt 0.314159 -0.297335 0.000000
vt 0.340339 -0.254859 0.000000
vt 0.340339 -0.297335 0.000000
vt 0.366519 -0.297335 0.000000
vt 0.366519 -0.254859 0.000000
vt 0.392699 -0.297335 0.000000
vt 0.392699 -0.254859 0.000000
vt 0.418879 -0.297335 0.000000
vt 0.418879 -0.254859 0.000000
vt 0.445059 -0.297335 0.000000
vt 0.445059 -0.254859 0.000000
vt 0.471239 -0.297335 0.000000
vt 0.471239 -0.247779 0.000000
vt 0.445059 -0.212382 0.000000
vt 0.471239 -0.198223 0.000000
vt 0.445059 -0.169906 0.000000
vt 0.471239 -0.148667 0.000000
vt 0.445059 -0.127429 0.000000
vt 0.471239 -0.099112 0.000000
vt 0.445059 -0.084953 0.000000
vt 0.471239 -0.049556 0.000000
vt 0.445059 -0.042476 0.000000
vt 0.471239 0.000000 0.000000
vt 0.445059 0.000000 0.000000
vt 0.418879 0.000000 0.000000
vt 0.418879 -0.042476 0.000000
vt 0.418879 -0.084953 0.000000
vt 0.418879 -0.127429 0.000000
vt 0.418879 -0.169906 0.000000
vt 0.418879 -0.212382 0.000000
vt 0.392699 0.000000 0.000000
vt 0.392699 -0.042476 0.000000
vt 0.392699 -0.084953 0.000000
vt 0.392699 -0.127429 0.000000
vt 0.392699 -0.169906 0.000000
vt 0.392699 -0.212382 0.000000
vt 0.366519 0.000000 0.000000
vt 0.366519 -0.042476 0.000000
vt 0.366519 -0.084953 0.000000
vt 0.366519 -0.127429 0.000000
vt 0.366519 -0.169906 0.000000
vt 0.366519 -0.212382 0.000000
vt 0.340339 0.000000 0.000000
vt 0.340339 -0.042476 0.000000
vt 0.340339 -0.084953 0.000000
vt 0.340339 -0.127429 0.000000
vt 0.340339 -0.169906 0.000000
vt 0.340339 -0.212382 0.000000
vt 0.314159 0.000000 0.000000
vt 0.314159 -0.049556 0.000000
vt 0.314159 -0.099112 0.000000
vt 0.314159 -0.148667 0.000000
vt 0.314159 -0.198223 0.000000
vt -0.385000 0.078540 0.000000
vt -0.465000 0.078540 0.000000
vt -0.385000 0.052360 0.000000
vt -0.465000 0.052360 0.000000
vt -0.385000 0.026180 0.000000
vt -0.465000 0.026180 0.000000
vt -0.385000 0.000000 0.000000
vt -0.465000 0.000000 0.000000
vt -0.385000 -0.026180 0.000000
vt -0.465000 -0.026180 0.000000
vt -0.385000 -0.052360 0.000000
vt -0.465000 -0.052360 0.000000
vt -0.385000 -0.078540 0.000000
vt -0.465000 -0.078540 0.000000
vt 0.314159 -0.545114 0.000000
vt 0.314159 -0.594670 0.000000
vt 0.340339 -0.552194 0.000000
vt 0.340339 -0.594670 0.000000
vt 0.366519 -0.594670 0.000000
vt 0.366519 -0.552194 0.000000
vt 0.392699 -0.594670 0.000000
vt 0.392699 -0.552194 0.000000
vt 0.418879 -0.594670 0.000000
vt 0.418879 -0.552194 0.000000
vt 0.445059 -0.594670 0.000000
vt 0.445059 -0.552194 0.000000
vt 0.471239 -0.594670 0.000000
vt 0.471239 -0.545114 0.000000
vt 0.445059 -0.509717 0.000000
vt 0.471239 -0.495558 0.000000
vt 0.445059 -0.467241 0.000000
vt 0.471239 -0.446002 0.000000
vt 0.445059 -0.424764 0.000000
vt 0.471239 -0.396447 0.000000
vt 0.445059 -0.382288 0.000000
vt 0.471239 -0.346891 0.000000
vt 0.445059 -0.339811 0.000000
vt 0.471239 -0.297335 0.000000
vt 0.445059 -0.297335 0.000000
vt 0.418879 -0.297335 0.000000
vt 0.418879 -0.339811 0.000000
vt 0.418879 -0.382288 0.000000
vt 0.418879 -0.424764 0.000000
vt 0.418879 -0.467241 0.000000
vt 0.418879 -0.509717 0.000000
vt 0.392699 -0.297335 0.000000
vt 0.392699 -0.339811 0.000000
vt 0.392699 -0.382288 0.000000
vt 0.392699 -0.424764 0.000000
vt 0.392699 -0.467241 0.000000
vt 0.392699 -0.509717 0.000000
vt 0.366519 -0.297335 0.000000
vt 0.366519 -0.339811 0.000000
vt 0.366519 -0.382288 0.000000
vt 0.366519 -0.424764 0.000000
vt 0.366519 -0.467241 0.000000
vt 0.366519 -0.509717 0.000000
vt 0.340339 -0.297335 0.000000
vt 0.340339 -0.339811 0.000000
vt 0.340339 -0.382288 0.000000
vt 0.340339 -0.424764 0.000000
vt 0.340339 -0.467241 0.000000
vt 0.340339 -0.509717 0.000000
vt 0.314159 -0.297335 0.000000
vt 0.314159 -0.346891 0.000000
vt 0.314159 -0.396447 0.000000
vt 0.314159 -0.446002 0.000000
vt 0.314159 -0.495558 0.000000
vt -1.787500 0.078540 0.000000
vt -2.417500 0.078540 0.000000
vt -2.102500 0.052360 0.000000
vt -2.417500 0.052360 0.000000
vt -2.102500 0.026180 0.000000
vt -2.417500 0.026180 0.000000
vt -2.102500 0.000000 0.000000
vt -2.417500 -0.000000 0.000000
vt -2.102500 -0.026180 0.000000
vt -2.417500 -0.026180 0.000000
vt -2.102500 -0.052360 0.000000
vt -2.417500 -0.052360 0.000000
vt -2.417500 -0.078540 0.000000
vt -1.787500 -0.078540 0.000000
vt -1.787500 -0.052360 0.000000
vt -1.787500 -0.026180 0.000000
vt -1.787500 0.000000 0.000000
vt -1.787500 0.026180 0.000000
vt -1.787500 0.052360 0.000000
vt 0.314159 0.346891 0.000000
vt 0.314159 0.297335 0.000000
vt 0.340339 0.339811 0.000000
vt 0.340339 0.297335 0.000000
vt 0.366519 0.297335 0.000000
vt 0.366519 0.339811 0.000000
vt 0.392699 0.297335 0.000000
vt 0.392699 0.339811 0.000000
vt 0.418879 0.297335 0.000000
vt 0.418879 0.339811 0.000000
vt 0.445059 0.297335 0.000000
vt 0.445059 0.339811 0.000000
vt 0.471239 0.297335 0.000000
vt 0.471239 0.346891 0.000000
vt 0.445059 0.382288 0.000000
vt 0.471239 0.396447 0.000000
vt 0.445059 0.424764 0.000000
vt 0.471239 0.446002 0.000000
vt 0.445059 0.467241 0.000000
vt 0.471239 0.495558 0.000000
vt 0.445059 0.509717 0.000000
vt 0.471239 0.545114 0.000000
vt 0.445059 0.552194 0.000000
vt 0.471239 0.594670 0.000000
vt 0.445059 0.594670 0.000000
vt 0.418879 0.594670 0.000000
vt 0.418879 0.552194 0.000000
vt 0.418879 0.509717 0.000000
vt 0.418879 0.467241 0.000000
vt 0.418879 0.424764 0.000000
vt 0.418879 0.382288 0.000000
vt 0.392699 0.594670 0.000000
vt 0.392699 0.552194 0.000000
vt 0.392699 0.509717 0.000000
vt 0.392699 0.467241 0.000000
vt 0.392699 0.424764 0.000000
vt 0.392699 0.382288 0.000000
vt 0.366519 0.594670 0.000000
vt 0.366519 0.552194 0.000000
vt 0.366519 0.509717 0.000000
vt 0.366519 0.467241 0.000000
vt 0.366519 0.424764 0.000000
vt 0.366519 0.382288 0.000000
vt 0.340339 0.594670 0.000000
vt 0.340339 0.552194 0.000000
vt 0.340339 0.509717 0.000000
vt 0.340339 0.467241 0.000000
vt 0.340339 0.424764 0.000000
vt 0.340339 0.382288 0.000000
vt 0.314159 0.594670 0.000000
vt 0.314159 0.545114 0.000000
vt 0.314159 0.495558 0.000000
vt 0.314159 0.446002 0.000000
vt 0.314159 0.396447 0.000000
vt 0.265000 0.078540 0.000000
vt 0.185000 0.078540 0.000000
vt 0.265000 0.052360 0.000000
vt 0.185000 0.052360 0.000000
vt 0.265000 0.026180 0.000000
vt 0.185000 0.026180 0.000000
vt 0.265000 0.000000 0.000000
vt 0.185000 0.000000 0.000000
vt 0.265000 -0.026180 0.000000
vt 0.185000 -0.026180 0.000000
vt 0.265000 -0.052360 0.000000
vt 0.185000 -0.052360 0.000000
vt 0.265000 -0.078540 0.000000
vt 0.185000 -0.078540 0.000000
vt -0.157080 0.247779 0.000000
vt -0.157080 0.297335 0.000000
vt -0.183260 0.254859 0.000000
vt -0.183260 0.297335 0.000000
vt -0.209440 0.297335 0.000000
vt -0.209440 0.254859 0.000000
vt -0.235619 0.297335 0.000000
vt -0.235619 0.254859 0.000000
vt -0.261799 0.297335 0.000000
vt -0.261799 0.254859 0.000000
vt -0.287979 0.297335 0.000000
vt -0.287979 0.254859 0.000000
vt -0.314159 0.297335 0.000000
vt -0.314159 0.247779 0.000000
vt -0.287979 0.212382 0.000000
vt -0.314159 0.198223 0.000000
vt -0.287979 0.169906 0.000000
vt -0.314159 0.148667 0.000000
vt -0.287979 0.127429 0.000000
vt -0.314159 0.099112 0.000000
vt -0.287979 0.084953 0.000000
vt -0.314159 0.049556 0.000000
vt -0.287979 0.042476 0.000000
vt -0.314159 0.000000 0.000000
vt -0.287979 0.000000 0.000000
vt -0.261799 0.000000 0.000000
vt -0.261799 0.042476 0.000000
vt -0.261799 0.084953 0.000000
vt -0.261799 0.127429 0.000000
vt -0.261799 0.169906 0.000000
vt -0.261799 0.212382 0.000000
vt -0.235619 0.000000 0.000000
vt -0.235619 0.042476 0.000000
vt -0.235619 0.084953 0.000000
vt -0.235619 0.127429 0.000000
vt -0.235619 0.169906 0.000000
vt -0.235619 0.212382 0.000000
vt -0.209440 0.000000 0.000000
vt -0.209440 0.042476 0.000000
vt -0.209440 0.084953 0.000000
vt -0.209440 0.127429 0.000000
vt -0.209440 0.169906 0.000000
vt -0.209440 0.212382 0.000000
vt -0.183260 0.000000 0.000000
vt -0.183260 0.042476 0.000000
vt -0.183260 0.084953 0.000000
vt -0.183260 0.127429 0.000000
vt -0.183260 0.169906 0.000000
vt -0.183260 0.212382 0.000000
vt -0.157080 0.000000 0.000000
vt -0.157080 0.049556 0.000000
vt -0.157080 0.099112 0.000000
vt -0.157080 0.148667 0.000000
vt -0.157080 0.198223 0.000000
vt -0.160000 0.155000 0.000000
vt -0.240000 0.155000 0.000000
vt -0.160000 0.100000 0.000000
vt -0.240000 0.100000 0.000000
vt 0.100000 -0.125664 0.000000
vt 0.155000 -0.125664 0.000000
vt 0.100000 -0.083776 0.000000
vt 0.155000 -0.083776 0.000000
vt 0.100000 -0.041888 0.000000
vt 0.155000 -0.041888 0.000000
vt 0.100000 -0.000000 0.000000
vt 0.155000 0.000000 0.000000
vt 0.100000 0.041888 0.000000
vt 0.155000 0.041888 0.000000
vt 0.100000 0.083776 0.000000
vt 0.155000 0.083776 0.000000
vt 0.100000 0.125664 0.000000
vt 0.155000 0.125664 0.000000
vt -0.160000 0.155000 0.000000
vt -0.790000 0.155000 0.000000
vt -0.160000 0.100000 0.000000
vt -0.790000 0.100000 0.000000
vt 0.353553 -0.078540 0.000000
vt 0.353072 -0.068722 0.000000
vt 0.070711 -0.078540 0.000000
vt 0.069299 -0.052360 0.000000
vt 0.351632 -0.058905 0.000000
vt 0.345941 -0.039270 0.000000
vt 0.065161 -0.026180 0.000000
vt 0.336700 -0.019635 0.000000
vt 0.058579 0.000000 0.000000
vt 0.324264 0.000000 0.000000
vt 0.309110 0.019635 0.000000
vt 0.050000 0.026180 0.000000
vt 0.291822 0.039270 0.000000
vt 0.040010 0.052360 0.000000
vt 0.273062 0.058905 0.000000
vt 0.029289 0.078540 0.000000
vt 0.253553 0.078540 0.000000
vt -0.241421 0.100000 0.000000
vt -0.400000 0.258579 0.000000
vt -0.400000 0.100000 0.000000
vt -0.112132 0.078540 0.000000
vt -0.131641 0.058905 0.000000
vt 0.112132 0.078540 0.000000
vt 0.101411 0.052360 0.000000
vt -0.150400 0.039270 0.000000
vt 0.091421 0.026180 0.000000
vt -0.167689 0.019635 0.000000
vt 0.082843 0.000000 0.000000
vt -0.182843 0.000000 0.000000
vt -0.195279 -0.019635 0.000000
vt 0.076260 -0.026180 0.000000
vt -0.204520 -0.039270 0.000000
vt 0.072122 -0.052360 0.000000
vt -0.210211 -0.058905 0.000000
vt -0.211651 -0.068722 0.000000
vt -0.212132 -0.078540 0.000000
vt 0.070711 -0.078540 0.000000
vt -0.000000 0.258579 0.000000
vt -0.158579 0.100000 0.000000
vt -0.000000 0.100000 0.000000
vt -0.600000 0.235619 0.000000
vt -0.580491 0.215984 0.000000
vt -0.200000 0.235619 0.000000
vt -0.198589 0.209440 0.000000
vt -0.561732 0.196350 0.000000
vt -0.194451 0.183260 0.000000
vt -0.544443 0.176715 0.000000
vt -0.187868 0.157080 0.000000
vt -0.529289 0.157080 0.000000
vt -0.516853 0.137445 0.000000
vt -0.179289 0.130900 0.000000
vt -0.507612 0.117810 0.000000
vt -0.169299 0.104720 0.000000
vt -0.501921 0.098175 0.000000
vt -0.500482 0.088357 0.000000
vt -0.158579 0.078540 0.000000
vt -0.500000 0.078540 0.000000
vt -0.500482 0.068722 0.000000
vt -0.000000 0.052360 0.000000
vt -0.501921 0.058905 0.000000
vt -0.507612 0.039270 0.000000
vt -0.000000 0.026180 0.000000
vt -0.516853 0.019635 0.000000
vt -0.000000 0.000000 0.000000
vt -0.529289 0.000000 0.000000
vt -0.544443 -0.019635 0.000000
vt -0.000000 -0.026180 0.000000
vt -0.561732 -0.039270 0.000000
vt -0.000000 -0.052360 0.000000
vt -0.580491 -0.058905 0.000000
vt -0.000000 -0.078540 0.000000
vt -0.600000 -0.078540 0.000000
vt -0.000000 0.078540 0.000000
vt 1.180000 -0.141421 0.000000
vt 2.700000 -0.141421 0.000000
vt 1.180000 0.141421 0.000000
vt 2.700000 0.141421 0.000000
vt -0.780000 -0.141421 0.000000
vt -0.780000 0.141421 0.000000
vt -2.380000 -0.141421 0.000000
vt -2.609289 0.141421 0.000000
vt -2.393053 -0.142631 0.000000
vt -2.405882 -0.146240 0.000000
vt -1.500000 -0.011042 0.000000
vt -1.500000 -0.033438 0.000000
vt -1.066667 -0.011042 0.000000
vt -0.207476 -0.033438 0.000000
vt -0.633333 -0.011042 0.000000
vt -0.209971 -0.011988 0.000000
vt -0.210111 0.009461 0.000000
vt -0.633333 0.011353 0.000000
vt -0.207889 0.030911 0.000000
vt -0.633333 0.033749 0.000000
vt -0.203407 0.052360 0.000000
vt -0.633333 0.056144 0.000000
vt -0.200856 0.065450 0.000000
vt -1.500000 0.078540 0.000000
vt -0.200000 0.078540 0.000000
vt -1.066667 0.056144 0.000000
vt -1.500000 0.056144 0.000000
vt -1.066667 0.033749 0.000000
vt -1.500000 0.033749 0.000000
vt -1.066667 0.011353 0.000000
vt -1.500000 0.011353 0.000000
vt -1.490206 0.033438 0.000000
vt -1.512344 0.011988 0.000000
vt -1.492702 0.011988 0.000000
vt -1.492842 -0.009461 0.000000
vt -1.538370 -0.009461 0.000000
vt -1.490620 -0.030911 0.000000
vt -1.597194 -0.052360 0.000000
vt -1.486138 -0.052360 0.000000
vt 3.970000 -0.136412 0.000000
vt 4.490000 -0.136412 0.000000
vt 3.970000 0.141421 0.000000
vt 4.907014 -0.040871 0.000000
vt 4.980051 0.011747 0.000000
vt 4.575569 -0.134824 0.000000
vt 4.750463 -0.113132 0.000000
vt 4.790535 -0.101651 0.000000
vt 4.831174 -0.084853 0.000000
vt 4.664435 -0.128063 0.000000
vt 5.049796 0.072647 0.000000
vt 5.115780 0.141421 0.000000
vt 3.502790 0.215539 0.000000
vt 3.528672 0.170711 0.000000
vt 3.499383 0.241421 0.000000
vt 6.019383 0.400000 0.000000
vt 3.499383 0.400000 0.000000
vt 3.512780 0.191421 0.000000
vt 3.699383 0.000000 0.000000
vt 6.699383 0.000000 0.000000
vt 6.699383 1.400000 0.000000
vt 6.019383 1.400000 0.000000
vt -0.300000 0.676131 0.000000
vt 1.100000 0.676131 0.000000
vt -0.300000 0.803940 0.000000
vt 1.100000 0.803940 0.000000
vt -0.300000 0.931749 0.000000
vt 1.100000 0.931749 0.000000
vt -0.300000 1.059559 0.000000
vt 1.100000 1.059559 0.000000
vt -0.300000 1.187368 0.000000
vt 1.100000 1.187368 0.000000
vt -0.300000 1.315178 0.000000
vt 1.100000 1.315178 0.000000
vt -0.300000 1.442987 0.000000
vt 1.100000 1.442987 0.000000
vt -0.300000 1.570796 0.000000
vt 1.100000 1.570796 0.000000
vt 3.700000 1.100000 0.000000
vt 0.000000 1.100000 0.000000
vt 3.700000 -0.300000 0.000000
vt 0.000000 -0.300000 0.000000
vt 0.972624 -0.300000 0.000000
vt 2.955180 -0.300000 0.000000
vt 0.972624 1.100000 0.000000
vt 2.955180 1.100000 0.000000
vt -0.000000 0.052360 0.000000
vt 0.466667 0.052360 0.000000
vt 0.000000 0.078540 0.000000
vt 0.933333 0.052360 0.000000
vt 1.400000 0.053944 0.000000
vt 1.400000 0.029349 0.000000
vt 0.933333 0.026180 0.000000
vt 1.400000 0.004754 0.000000
vt 0.933333 0.000000 0.000000
vt 1.400000 -0.019842 0.000000
vt 0.933333 -0.026180 0.000000
vt 1.400000 -0.044437 0.000000
vt 0.933333 -0.052360 0.000000
vt 1.400000 -0.069033 0.000000
vt 0.400000 -0.069033 0.000000
vt 0.466667 -0.052360 0.000000
vt -0.000000 -0.052360 0.000000
vt 0.000000 -0.026180 0.000000
vt 0.466667 -0.026180 0.000000
vt 0.000000 0.000000 0.000000
vt 0.466667 0.000000 0.000000
vt 0.000000 0.026180 0.000000
vt 0.466667 0.026180 0.000000
vt 0.000000 -0.078540 0.000000
vt 0.400000 -0.072202 0.000000
vt 0.400000 -0.075371 0.000000
vt 0.400000 -0.078540 0.000000
vt 1.400000 0.078540 0.000000
vt 0.400000 0.078540 0.000000
vt 0.000000 0.078540 0.000000
vt 0.400000 0.052360 0.000000
vt -0.000000 0.052360 0.000000
vt 0.400000 0.026180 0.000000
vt 0.000000 0.026180 0.000000
vt 0.400000 -0.000000 0.000000
vt 0.000000 -0.000000 0.000000
vt 0.400000 -0.026180 0.000000
vt 0.000000 -0.026180 0.000000
vt 0.400000 -0.052360 0.000000
vt 0.000000 -0.052360 0.000000
vt 0.400000 -0.078540 0.000000
vt -0.000000 -0.078540 0.000000
vt 0.100000 0.000000 0.000000
vt 6.060000 0.000000 0.000000
vt 0.100000 0.400000 0.000000
vt 6.060000 0.400000 0.000000
vt 3.860000 0.200000 0.000000
vt 5.005780 0.200000 0.000000
vt 3.860000 0.400000 0.000000
vt 5.005780 0.400000 0.000000
vt -0.000000 0.052360 0.000000
vt 0.500000 0.052360 0.000000
vt -0.000000 0.078540 0.000000
vt 1.000000 0.052360 0.000000
vt 1.500000 0.078540 0.000000
vt 1.500000 0.052360 0.000000
vt 1.500000 0.026180 0.000000
vt 1.000000 0.026180 0.000000
vt 1.500000 -0.000000 0.000000
vt 1.000000 -0.000000 0.000000
vt 1.500000 -0.026180 0.000000
vt 1.000000 -0.026180 0.000000
vt 1.500000 -0.052360 0.000000
vt 1.000000 -0.052360 0.000000
vt 1.500000 -0.078540 0.000000
vt 0.500000 -0.052360 0.000000
vt 0.000000 -0.078540 0.000000
vt 0.000000 -0.052360 0.000000
vt -0.000000 -0.026180 0.000000
vt 0.500000 -0.026180 0.000000
vt 0.000000 0.000000 0.000000
vt 0.500000 -0.000000 0.000000
vt 0.000000 0.026180 0.000000
vt 0.500000 0.026180 0.000000
vt -0.767337 0.052360 0.000000
vt -1.119649 0.052360 0.000000
vt -0.770332 0.039270 0.000000
vt -1.127831 0.039270 0.000000
vt -0.772508 0.026180 0.000000
vt -1.133777 0.026180 0.000000
vt -0.773829 0.013090 0.000000
vt -1.137386 0.013090 0.000000
vt -0.774272 -0.000000 0.000000
vt -1.138596 0.000000 0.000000
vt -1.137386 -0.013090 0.000000
vt -0.773829 -0.013090 0.000000
vt -1.133777 -0.026180 0.000000
vt -0.772508 -0.026180 0.000000
vt -1.127831 -0.039270 0.000000
vt -0.770332 -0.039270 0.000000
vt -1.119649 -0.052360 0.000000
vt -0.767337 -0.052360 0.000000
vt -1.400000 0.052360 0.000000
vt -0.933333 0.052360 0.000000
vt -1.400000 0.078540 0.000000
vt -0.466667 0.052360 0.000000
vt -0.000000 0.078540 0.000000
vt -0.000000 0.052360 0.000000
vt -0.000000 0.026180 0.000000
vt -0.466667 0.026180 0.000000
vt -0.000000 0.000000 0.000000
vt -0.466667 0.000000 0.000000
vt -0.000000 -0.026180 0.000000
vt -0.466667 -0.026180 0.000000
vt -0.000000 -0.052360 0.000000
vt -0.466667 -0.052360 0.000000
vt -0.000000 -0.078540 0.000000
vt -0.933333 -0.052360 0.000000
vt -1.400000 -0.078540 0.000000
vt -1.400000 -0.052360 0.000000
vt -1.400000 -0.026180 0.000000
vt -0.933333 -0.026180 0.000000
vt -1.400000 0.000000 0.000000
vt -0.933333 0.000000 0.000000
vt -1.400000 0.026180 0.000000
vt -0.933333 0.026180 0.000000
vt -0.000000 0.000000 0.000000
vt 0.100000 -0.290000 0.000000
vt 0.100000 -0.100000 0.000000
vt 0.200000 -0.290000 0.000000
vt 0.200000 -0.100000 0.000000
vt -0.000000 0.100000 0.000000
vt -1.000000 0.100000 0.000000
vt -0.000000 -0.390000 0.000000
vt -1.000000 -0.590000 0.000000
vt -0.000000 -0.490000 0.000000
vt 0.100000 -0.590000 0.000000
vt -0.000000 0.100000 0.000000
vt -1.850000 0.100000 0.000000
vt -0.000000 0.000000 0.000000
vt -1.850000 0.000000 0.000000
vt -6.440000 0.000000 0.000000
vt -0.000000 0.000000 0.000000
vt -6.440000 0.100000 0.000000
vt -0.000000 0.100000 0.000000
vt -0.000000 0.100000 0.000000
vt -1.850000 0.100000 0.000000
vt -0.000000 0.000000 0.000000
vt -1.850000 0.000000 0.000000
vt -0.000000 0.100000 0.000000
vt -6.440000 0.100000 0.000000
vt -0.000000 0.000000 0.000000
vt -6.440000 0.000000 0.000000
vt 0.000000 0.000000 0.000000
vt 4.097995 0.000000 0.000000
vt 0.000000 0.400000 0.000000
vt 4.097995 0.400000 0.000000
vt 0.300000 0.058356 0.000000
vt -0.700000 0.058356 0.000000
vt 0.300000 0.019452 0.000000
vt -0.700000 0.019452 0.000000
vt 0.300000 -0.019452 0.000000
vt -0.700000 -0.019452 0.000000
vt 0.300000 -0.058356 0.000000
vt -0.700000 -0.058356 0.000000
vt 0.700000 1.288936 0.000000
vt 0.700000 1.316111 0.000000
vt -0.300000 1.288936 0.000000
vt 0.700000 1.343286 0.000000
vt -0.300000 1.382890 0.000000
vt 0.700000 1.370461 0.000000
vt 1.100000 1.370461 0.000000
vt 1.100000 1.437240 0.000000
vt -0.300000 1.476843 0.000000
vt 1.100000 1.504018 0.000000
vt -0.300000 1.570796 0.000000
vt 1.100000 1.570796 0.000000
vt 1.060000 1.338686 0.000000
vt -0.300000 1.285197 0.000000
vt 1.060000 1.222630 0.000000
vt -0.300000 1.142397 0.000000
vt 1.028900 1.140639 0.000000
vt 0.991694 1.058648 0.000000
vt -0.300000 0.999598 0.000000
vt 0.948631 0.976657 0.000000
vt 0.700000 0.894666 0.000000
vt 0.900000 0.894666 0.000000
vt -0.300000 1.427997 0.000000
vt 1.060000 1.454741 0.000000
vt -0.300000 1.570796 0.000000
vt 1.060000 1.570796 0.000000
vt -0.300000 0.856798 0.000000
vt 0.700000 0.755800 0.000000
vt -0.300000 0.713998 0.000000
vt 0.700000 0.616933 0.000000
vt -0.300000 0.571199 0.000000
vt 0.700000 0.478067 0.000000
vt -0.300000 0.428399 0.000000
vt 0.700000 0.339201 0.000000
vt -0.300000 0.285599 0.000000
vt 0.700000 0.200335 0.000000
vt -0.300000 0.142800 0.000000
vt 1.100000 0.200335 0.000000
vt 1.100000 0.133557 0.000000
vt 1.100000 0.066778 0.000000
vt -0.300000 0.000000 0.000000
vt 1.100000 -0.000000 0.000000
vt -5.580000 4.498998 0.000000
vt -5.591095 4.433160 0.000000
vt -5.580000 0.401003 0.000000
vt -5.591095 0.466840 0.000000
vt -5.597771 0.533271 0.000000
vt -5.597771 4.366729 0.000000
vt -5.600000 0.600000 0.000000
vt -5.600000 4.300000 0.000000
vt 0.300000 0.082574 0.000000
vt -0.700000 0.082574 0.000000
vt 0.300000 0.027525 0.000000
vt -0.700000 0.027525 0.000000
vt -0.700000 -0.027525 0.000000
vt -0.700000 -0.082574 0.000000
vt 0.300000 -0.082574 0.000000
vt 0.300000 -0.027525 0.000000
vt 0.804992 0.700000 0.000000
vt 0.068494 0.700000 0.000000
vt 0.804992 -0.300000 0.000000
vt 0.068494 -0.300000 0.000000
vt 0.300000 1.570796 0.000000
vt -0.834315 1.570796 0.000000
vt 0.300000 1.427997 0.000000
vt -0.834315 1.427997 0.000000
vt 0.300000 1.285197 0.000000
vt -0.834315 1.285197 0.000000
vt 0.300000 1.142397 0.000000
vt -0.834315 1.142397 0.000000
vt 0.300000 0.999598 0.000000
vt -0.834315 0.999598 0.000000
vt 0.300000 0.856798 0.000000
vt -0.834315 0.856798 0.000000
vt 0.300000 0.713998 0.000000
vt -0.834315 0.713998 0.000000
vt 0.300000 0.571199 0.000000
vt -0.834315 0.571199 0.000000
vt 0.300000 0.428399 0.000000
vt -0.834315 0.428399 0.000000
vt 0.300000 0.285599 0.000000
vt -0.834315 0.285599 0.000000
vt 0.300000 0.142800 0.000000
vt -0.834315 0.142800 0.000000
vt 0.300000 0.000000 0.000000
vt -0.834315 0.000000 0.000000
vt 2.438637 0.537510 0.000000
vt 2.440000 0.527157 0.000000
vt 9.950000 0.834315 0.000000
vt 2.440000 0.107157 0.000000
vt 9.950000 -0.300000 0.000000
vt 2.438637 0.096805 0.000000
vt 2.434641 0.087157 0.000000
vt 2.428284 0.078873 0.000000
vt 2.420000 0.072516 0.000000
vt 2.410353 0.068520 0.000000
vt 2.400000 0.067157 0.000000
vt 0.000000 -0.300000 0.000000
vt 1.640000 0.067157 0.000000
vt 1.629647 0.068520 0.000000
vt 1.620000 0.072516 0.000000
vt 1.611716 0.078873 0.000000
vt 1.605359 0.087157 0.000000
vt 1.601363 0.096805 0.000000
vt 1.600000 0.107157 0.000000
vt 0.000000 0.834315 0.000000
vt 1.600000 0.527157 0.000000
vt 1.601363 0.537510 0.000000
vt 1.605359 0.547157 0.000000
vt 1.611716 0.555442 0.000000
vt 1.620000 0.561798 0.000000
vt 1.629647 0.565794 0.000000
vt 1.640000 0.567157 0.000000
vt 2.400000 0.567157 0.000000
vt 2.410353 0.565794 0.000000
vt 2.420000 0.561798 0.000000
vt 2.428284 0.555442 0.000000
vt 2.434641 0.547157 0.000000
vt 0.300000 0.314159 0.000000
vt -0.834315 0.314159 0.000000
vt 0.300000 0.261799 0.000000
vt -0.834315 0.261799 0.000000
vt 0.300000 0.209440 0.000000
vt -0.834315 0.209440 0.000000
vt 0.300000 0.157080 0.000000
vt -0.834315 0.157080 0.000000
vt 0.300000 0.104720 0.000000
vt -0.834315 0.104720 0.000000
vt 0.300000 0.052360 0.000000
vt -0.834315 0.052360 0.000000
vt 0.300000 0.000000 0.000000
vt -0.834315 0.000000 0.000000
vt 11.150000 0.834315 0.000000
vt 0.000000 0.834315 0.000000
vt 11.150000 -0.300000 0.000000
vt -0.000000 -0.300000 0.000000
vt -1.028711 1.251137 0.000000
vt -0.611289 1.251137 0.000000
vt -1.026667 1.266667 0.000000
vt -0.613333 1.266667 0.000000
vt -1.028711 1.282196 0.000000
vt -0.611289 1.282196 0.000000
vt -1.034705 1.296667 0.000000
vt -0.605295 1.296667 0.000000
vt -1.044240 1.309093 0.000000
vt -0.595760 1.309093 0.000000
vt -1.044240 1.757574 0.000000
vt -0.595760 1.757574 0.000000
vt -1.034705 1.770000 0.000000
vt -0.605295 1.770000 0.000000
vt -1.028711 1.784471 0.000000
vt -0.611289 1.784471 0.000000
vt -1.026667 1.800000 0.000000
vt -0.613333 1.800000 0.000000
vt -1.028711 1.815529 0.000000
vt -0.611289 1.815529 0.000000
vt -1.034705 1.830000 0.000000
vt -0.605295 1.830000 0.000000
vt -1.044240 1.842426 0.000000
vt -0.595760 1.842426 0.000000
vt -1.056667 1.851961 0.000000
vt -0.583333 1.851961 0.000000
vt -1.071138 1.857956 0.000000
vt -0.568863 1.857956 0.000000
vt -1.086667 1.860000 0.000000
vt -0.553333 1.860000 0.000000
vt -4.775000 5.250402 0.000000
vt -0.020000 1.860000 0.000000
vt 4.775000 5.250402 0.000000
vt -0.004471 1.857956 0.000000
vt 0.010000 1.851961 0.000000
vt -0.605295 1.236667 0.000000
vt -1.034705 1.236667 0.000000
vt -0.595760 1.224240 0.000000
vt -1.044240 1.224240 0.000000
vt -0.595760 0.775760 0.000000
vt -1.044240 0.775760 0.000000
vt -0.605295 0.763333 0.000000
vt -1.034705 0.763333 0.000000
vt -0.611289 0.748862 0.000000
vt -1.028711 0.748862 0.000000
vt -0.613333 0.733333 0.000000
vt -1.026667 0.733333 0.000000
vt -0.611289 0.717804 0.000000
vt -1.028711 0.717804 0.000000
vt -0.605295 0.703333 0.000000
vt -1.034705 0.703333 0.000000
vt -0.595760 0.690907 0.000000
vt -1.044240 0.690907 0.000000
vt -0.595760 0.242426 0.000000
vt -1.044240 0.242426 0.000000
vt -0.605295 0.230000 0.000000
vt -1.034705 0.230000 0.000000
vt -0.611289 0.215529 0.000000
vt -1.028711 0.215529 0.000000
vt -0.613333 0.200000 0.000000
vt -1.026667 0.200000 0.000000
vt -0.611289 0.184471 0.000000
vt -1.028711 0.184471 0.000000
vt -0.605295 0.170000 0.000000
vt -1.034705 0.170000 0.000000
vt -0.595760 0.157574 0.000000
vt -1.044240 0.157574 0.000000
vt -0.583333 0.148038 0.000000
vt -1.056667 0.148038 0.000000
vt -0.568863 0.142044 0.000000
vt -1.071138 0.142044 0.000000
vt -0.553333 0.140000 0.000000
vt -1.086667 0.140000 0.000000
vt 1.020000 -2.725000 0.000000
vt -1.620000 0.140000 0.000000
vt -1.635529 0.142044 0.000000
vt -1.056667 1.214705 0.000000
vt -1.056667 0.785295 0.000000
vt -1.071138 1.208711 0.000000
vt -1.071138 0.791289 0.000000
vt -1.086667 1.206667 0.000000
vt -1.086667 0.793333 0.000000
vt -1.102196 0.791289 0.000000
vt -1.102196 1.208711 0.000000
vt -1.116667 0.785295 0.000000
vt -1.116667 1.214705 0.000000
vt -1.129093 0.775760 0.000000
vt -1.129093 1.224240 0.000000
vt -1.577574 1.224240 0.000000
vt -1.568039 1.236667 0.000000
vt -1.138628 1.236667 0.000000
vt -1.562045 1.251137 0.000000
vt -1.144622 1.251137 0.000000
vt -1.560000 1.266667 0.000000
vt -1.146667 1.266667 0.000000
vt -1.562045 1.282196 0.000000
vt -1.144622 1.282196 0.000000
vt -1.568039 1.296667 0.000000
vt -1.138628 1.296667 0.000000
vt -1.577574 1.309093 0.000000
vt -1.129093 1.309093 0.000000
vt -1.577574 1.757574 0.000000
vt -1.129093 1.757574 0.000000
vt -1.568039 1.770000 0.000000
vt -1.138628 1.770000 0.000000
vt -1.562045 1.784471 0.000000
vt -1.144622 1.784471 0.000000
vt -1.560000 1.800000 0.000000
vt -1.146667 1.800000 0.000000
vt -1.562045 1.815529 0.000000
vt -1.144622 1.815529 0.000000
vt -1.568039 1.830000 0.000000
vt -1.138628 1.830000 0.000000
vt -1.577574 1.842426 0.000000
vt -1.129093 1.842426 0.000000
vt -1.590000 1.851961 0.000000
vt -1.116667 1.851961 0.000000
vt -1.604471 1.857956 0.000000
vt -1.102196 1.857956 0.000000
vt -1.620000 1.860000 0.000000
vt -1.116667 1.748038 0.000000
vt -1.116667 1.318628 0.000000
vt -1.102196 1.742044 0.000000
vt -1.102196 1.324622 0.000000
vt -1.086667 1.740000 0.000000
vt -1.086667 1.326667 0.000000
vt -1.071138 1.324622 0.000000
vt -1.071138 1.742044 0.000000
vt -1.056667 1.318628 0.000000
vt -1.056667 1.748038 0.000000
vt 0.037955 1.251137 0.000000
vt 0.037955 0.748862 0.000000
vt 0.040000 1.266667 0.000000
vt 0.040000 0.733333 0.000000
vt 5.450402 4.575000 0.000000
vt 0.040000 0.200000 0.000000
vt 0.037955 0.184471 0.000000
vt 0.031961 0.170000 0.000000
vt 0.031961 0.763333 0.000000
vt 0.031961 1.236667 0.000000
vt 0.022426 0.775760 0.000000
vt 0.022426 1.224240 0.000000
vt 0.010000 1.214705 0.000000
vt 0.010000 0.785295 0.000000
vt -0.004471 1.208711 0.000000
vt -0.004471 0.791289 0.000000
vt -0.020000 1.206667 0.000000
vt -0.020000 0.793333 0.000000
vt -0.035529 0.791289 0.000000
vt -0.035529 1.208711 0.000000
vt -0.050000 0.785295 0.000000
vt -0.050000 1.214705 0.000000
vt -0.062426 0.775760 0.000000
vt -0.062426 1.224240 0.000000
vt -0.510907 1.224240 0.000000
vt -0.501372 1.236667 0.000000
vt -0.071962 1.236667 0.000000
vt -0.495378 1.251137 0.000000
vt -0.077956 1.251137 0.000000
vt -0.493333 1.266667 0.000000
vt -0.080000 1.266667 0.000000
vt -0.495378 1.282196 0.000000
vt -0.077956 1.282196 0.000000
vt -0.501372 1.296667 0.000000
vt -0.071962 1.296667 0.000000
vt -0.510907 1.309093 0.000000
vt -0.062426 1.309093 0.000000
vt -0.510907 1.757574 0.000000
vt -0.062426 1.757574 0.000000
vt -0.501372 1.770000 0.000000
vt -0.071962 1.770000 0.000000
vt -0.495378 1.784471 0.000000
vt -0.077956 1.784471 0.000000
vt -0.493333 1.800000 0.000000
vt -0.080000 1.800000 0.000000
vt -0.495378 1.815529 0.000000
vt -0.077956 1.815529 0.000000
vt -0.501372 1.830000 0.000000
vt -0.071962 1.830000 0.000000
vt -0.510907 1.842426 0.000000
vt -0.062426 1.842426 0.000000
vt -0.523333 1.851961 0.000000
vt -0.050000 1.851961 0.000000
vt -0.537804 1.857956 0.000000
vt -0.035529 1.857956 0.000000
vt -0.050000 1.748038 0.000000
vt -0.050000 1.318628 0.000000
vt -0.035529 1.742044 0.000000
vt -0.035529 1.324622 0.000000
vt -0.020000 1.740000 0.000000
vt -0.020000 1.326667 0.000000
vt -0.004471 1.324622 0.000000
vt -0.004471 1.742044 0.000000
vt 0.010000 1.318628 0.000000
vt 0.010000 1.748038 0.000000
vt 0.022426 1.309093 0.000000
vt 0.022426 1.757574 0.000000
vt 0.031961 1.770000 0.000000
vt 0.031961 1.296667 0.000000
vt 0.037955 1.784471 0.000000
vt 0.037955 1.282196 0.000000
vt 0.040000 1.800000 0.000000
vt 0.022426 0.157574 0.000000
vt 0.010000 0.148038 0.000000
vt -0.004471 0.142044 0.000000
vt -0.020000 0.140000 0.000000
vt -0.035529 0.142044 0.000000
vt -0.537804 0.142044 0.000000
vt -0.523333 0.148038 0.000000
vt -0.050000 0.148038 0.000000
vt -0.510907 0.157574 0.000000
vt -0.062426 0.157574 0.000000
vt -0.501372 0.170000 0.000000
vt -0.071962 0.170000 0.000000
vt -0.495378 0.184471 0.000000
vt -0.077956 0.184471 0.000000
vt -0.493333 0.200000 0.000000
vt -0.080000 0.200000 0.000000
vt -0.495378 0.215529 0.000000
vt -0.077956 0.215529 0.000000
vt -0.501372 0.230000 0.000000
vt -0.071962 0.230000 0.000000
vt -0.510907 0.242426 0.000000
vt -0.062426 0.242426 0.000000
vt -0.510907 0.690907 0.000000
vt -0.062426 0.690907 0.000000
vt -0.501372 0.703333 0.000000
vt -0.071962 0.703333 0.000000
vt -0.495378 0.717804 0.000000
vt -0.077956 0.717804 0.000000
vt -0.493333 0.733333 0.000000
vt -0.080000 0.733333 0.000000
vt -0.495378 0.748862 0.000000
vt -0.077956 0.748862 0.000000
vt -0.501372 0.763333 0.000000
vt -0.071962 0.763333 0.000000
vt -0.510907 0.775760 0.000000
vt -0.050000 0.681372 0.000000
vt -0.050000 0.251961 0.000000
vt -0.035529 0.675378 0.000000
vt -0.035529 0.257956 0.000000
vt -0.020000 0.673333 0.000000
vt -0.020000 0.260000 0.000000
vt -0.004471 0.257956 0.000000
vt -0.004471 0.675378 0.000000
vt 0.010000 0.251961 0.000000
vt 0.010000 0.681372 0.000000
vt 0.022426 0.242426 0.000000
vt 0.022426 0.690907 0.000000
vt 0.031961 0.703333 0.000000
vt 0.031961 0.230000 0.000000
vt 0.037955 0.717804 0.000000
vt 0.037955 0.215529 0.000000
vt -1.562045 0.717804 0.000000
vt -1.144622 0.717804 0.000000
vt -1.560000 0.733333 0.000000
vt -1.146667 0.733333 0.000000
vt -1.562045 0.748862 0.000000
vt -1.144622 0.748862 0.000000
vt -1.568039 0.763333 0.000000
vt -1.138628 0.763333 0.000000
vt -1.577574 0.775760 0.000000
vt -1.138628 0.703333 0.000000
vt -1.568039 0.703333 0.000000
vt -1.129093 0.690907 0.000000
vt -1.577574 0.690907 0.000000
vt -1.129093 0.242426 0.000000
vt -1.577574 0.242426 0.000000
vt -1.138628 0.230000 0.000000
vt -1.568039 0.230000 0.000000
vt -1.144622 0.215529 0.000000
vt -1.562045 0.215529 0.000000
vt -1.146667 0.200000 0.000000
vt -1.560000 0.200000 0.000000
vt -1.144622 0.184471 0.000000
vt -1.562045 0.184471 0.000000
vt -1.138628 0.170000 0.000000
vt -1.568039 0.170000 0.000000
vt -1.129093 0.157574 0.000000
vt -1.577574 0.157574 0.000000
vt -1.116667 0.148038 0.000000
vt -1.590000 0.148038 0.000000
vt -1.102196 0.142044 0.000000
vt -1.604471 0.142044 0.000000
vt -1.590000 0.681372 0.000000
vt -1.590000 0.251961 0.000000
vt -1.604471 0.675378 0.000000
vt -1.604471 0.257956 0.000000
vt -1.620000 0.673333 0.000000
vt -1.620000 0.260000 0.000000
vt -1.635529 0.257956 0.000000
vt -1.635529 0.675378 0.000000
vt -1.650000 0.251961 0.000000
vt -1.650000 0.681372 0.000000
vt -1.662426 0.242426 0.000000
vt -1.662426 0.690907 0.000000
vt -1.671962 0.703333 0.000000
vt -1.671962 0.230000 0.000000
vt -1.677956 0.717804 0.000000
vt -1.677956 0.215529 0.000000
vt -1.680000 0.733333 0.000000
vt -1.680000 0.200000 0.000000
vt -5.420000 -2.725000 0.000000
vt -1.677956 0.184471 0.000000
vt -1.671962 0.170000 0.000000
vt -1.662426 0.157574 0.000000
vt -1.650000 0.148038 0.000000
vt -1.677956 0.748862 0.000000
vt -1.680000 1.266667 0.000000
vt -5.450402 4.575000 0.000000
vt -5.450402 -5.375000 0.000000
vt -5.420000 -4.575000 0.000000
vt 1.020000 -4.575000 0.000000
vt 5.450402 -5.375000 0.000000
vt -1.677956 1.251137 0.000000
vt -1.671962 0.763333 0.000000
vt -1.671962 1.236667 0.000000
vt -1.662426 0.775760 0.000000
vt -1.662426 1.224240 0.000000
vt -1.650000 1.214705 0.000000
vt -1.650000 0.785295 0.000000
vt -1.635529 1.208711 0.000000
vt -1.635529 0.791289 0.000000
vt -1.620000 1.206667 0.000000
vt -1.620000 0.793333 0.000000
vt -1.604471 0.791289 0.000000
vt -1.604471 1.208711 0.000000
vt -1.590000 0.785295 0.000000
vt -1.590000 1.214705 0.000000
vt -1.056667 0.681372 0.000000
vt -1.056667 0.251961 0.000000
vt -1.071138 0.675378 0.000000
vt -1.071138 0.257956 0.000000
vt -1.086667 0.673333 0.000000
vt -1.086667 0.260000 0.000000
vt -1.102196 0.257956 0.000000
vt -1.102196 0.675378 0.000000
vt -1.116667 0.251961 0.000000
vt -1.116667 0.681372 0.000000
vt 0.022426 1.842426 0.000000
vt 0.031961 1.830000 0.000000
vt 0.037955 1.815529 0.000000
vt -1.680000 1.800000 0.000000
vt -1.677956 1.282196 0.000000
vt -1.677956 1.784471 0.000000
vt -1.671962 1.296667 0.000000
vt -1.671962 1.770000 0.000000
vt -1.662426 1.309093 0.000000
vt -1.662426 1.757574 0.000000
vt -1.650000 1.748038 0.000000
vt -1.650000 1.318628 0.000000
vt -1.635529 1.742044 0.000000
vt -1.635529 1.324622 0.000000
vt -1.620000 1.740000 0.000000
vt -1.620000 1.326667 0.000000
vt -1.604471 1.324622 0.000000
vt -1.604471 1.742044 0.000000
vt -1.590000 1.318628 0.000000
vt -1.590000 1.748038 0.000000
vt -0.523333 1.214705 0.000000
vt -0.523333 0.785295 0.000000
vt -0.537804 1.208711 0.000000
vt -0.537804 0.791289 0.000000
vt -0.553333 1.206667 0.000000
vt -0.553333 0.793333 0.000000
vt -0.568863 0.791289 0.000000
vt -0.568863 1.208711 0.000000
vt -0.583333 0.785295 0.000000
vt -0.583333 1.214705 0.000000
vt -0.583333 1.748038 0.000000
vt -0.583333 1.318628 0.000000
vt -0.568863 1.742044 0.000000
vt -0.568863 1.324622 0.000000
vt -0.553333 1.740000 0.000000
vt -0.553333 1.326667 0.000000
vt -0.537804 1.324622 0.000000
vt -0.537804 1.742044 0.000000
vt -0.523333 1.318628 0.000000
vt -0.523333 1.748038 0.000000
vt -0.583333 0.681372 0.000000
vt -0.583333 0.251961 0.000000
vt -0.568863 0.675378 0.000000
vt -0.568863 0.257956 0.000000
vt -0.553333 0.673333 0.000000
vt -0.553333 0.260000 0.000000
vt -0.537804 0.257956 0.000000
vt -0.537804 0.675378 0.000000
vt -0.523333 0.251961 0.000000
vt -0.523333 0.681372 0.000000
vt -1.677956 1.815529 0.000000
vt -1.671962 1.830000 0.000000
vt -1.662426 1.842426 0.000000
vt -1.650000 1.851961 0.000000
vt -1.635529 1.857956 0.000000
vt 5.447115 4.640986 0.000000
vt 5.437320 4.706673 0.000000
vt 5.421213 4.771142 0.000000
vt 5.398988 4.833466 0.000000
vt 5.370692 4.893180 0.000000
vt 5.336504 4.950125 0.000000
vt 5.296955 5.003521 0.000000
vt 5.252580 5.052582 0.000000
vt 5.203594 5.096961 0.000000
vt 4.841048 5.247157 0.000000
vt 5.150243 5.136545 0.000000
vt 5.093259 5.170718 0.000000
vt 5.033393 5.199028 0.000000
vt 4.971110 5.221311 0.000000
vt 4.906774 5.237422 0.000000
vt -4.841090 5.247137 0.000000
vt -5.203964 5.096678 0.000000
vt -5.252976 5.052187 0.000000
vt -5.297253 5.003252 0.000000
vt -4.906873 5.237381 0.000000
vt -5.033801 5.198859 0.000000
vt -5.093649 5.170517 0.000000
vt -5.150576 5.136347 0.000000
vt -4.971394 5.221218 0.000000
vt -5.336602 4.950168 0.000000
vt -5.370606 4.893467 0.000000
vt -5.398885 4.833673 0.000000
vt -5.421202 4.771333 0.000000
vt -5.437354 4.707019 0.000000
vt -5.447139 4.641305 0.000000
vt 3.700000 1.100000 0.000000
vt 0.000000 1.100000 0.000000
vt 3.700000 -0.300000 0.000000
vt -0.000000 -0.300000 0.000000
vt 0.300000 0.314159 0.000000
vt -0.834315 0.314159 0.000000
vt 0.300000 0.261799 0.000000
vt -0.834315 0.261799 0.000000
vt 0.300000 0.209440 0.000000
vt -0.834315 0.209440 0.000000
vt 0.300000 0.157080 0.000000
vt -0.834315 0.157080 0.000000
vt 0.300000 0.104720 0.000000
vt -0.834315 0.104720 0.000000
vt 0.300000 0.052360 0.000000
vt -0.834315 0.052360 0.000000
vt 0.300000 0.000000 0.000000
vt -0.834315 -0.000000 0.000000
vn -0.096593 0.025882 0.000000
vn -0.096593 0.025882 0.000000
vn -0.100000 0.000000 0.000000
vn -0.100000 0.000000 0.000000
vn -0.096593 -0.025882 0.000000
vn -0.096593 -0.025882 0.000000
vn -0.086603 -0.050000 0.000000
vn -0.086603 -0.050000 0.000000
vn -0.070711 -0.070711 0.000000
vn -0.070711 -0.070711 0.000000
vn -0.050000 -0.086603 0.000000
vn -0.050000 -0.086603 0.000000
vn -0.025882 -0.096593 0.000000
vn -0.025882 -0.096593 0.000000
vn 0.000000 -0.100000 0.000000
vn 0.000000 -0.100000 0.000000
vn 0.025882 -0.096593 0.000000
vn 0.025882 -0.096593 0.000000
vn 0.050000 -0.086603 0.000000
vn 0.050000 -0.086603 0.000000
vn 0.070711 -0.070711 0.000000
vn 0.070711 -0.070711 0.000000
vn 0.086603 -0.050000 0.000000
vn 0.086603 -0.050000 0.000000
vn 0.096593 -0.025882 0.000000
vn 0.096593 -0.025882 0.000000
vn 0.100000 -0.000000 0.000000
vn 0.100000 -0.000000 0.000000
vn 0.096593 0.025882 0.000000
vn 0.096593 0.025882 0.000000
vn 0.086603 0.050000 0.000000
vn 0.086603 0.050000 0.000000
vn 0.070711 0.070711 0.000000
vn 0.070711 0.070711 0.000000
vn 0.050000 0.086603 0.000000
vn 0.050000 0.086603 0.000000
vn 0.025882 0.096593 0.000000
vn 0.025882 0.096593 0.000000
vn 0.000000 0.100000 0.000000
vn 0.000000 0.100000 0.000000
vn -0.025882 0.096593 0.000000
vn -0.025882 0.096593 0.000000
vn -0.050000 0.086603 0.000000
vn -0.050000 0.086603 0.000000
vn -0.070711 0.070711 0.000000
vn -0.070711 0.070711 0.000000
vn -0.086603 0.050000 0.000000
vn -0.086603 0.050000 0.000000
vn -0.096593 0.025882 0.000000
vn -0.096593 0.025882 0.000000
vn -0.100000 0.000000 0.000000
vn -0.100000 0.000000 0.000000
vn -0.096593 -0.025882 0.000000
vn -0.096593 -0.025882 0.000000
vn -0.086603 -0.050000 0.000000
vn -0.086603 -0.050000 0.000000
vn -0.070711 -0.070711 0.000000
vn -0.070711 -0.070711 0.000000
vn -0.050000 -0.086603 0.000000
vn -0.050000 -0.086603 0.000000
vn -0.025882 -0.096593 0.000000
vn -0.025882 -0.096593 0.000000
vn 0.000000 -0.100000 0.000000
vn 0.000000 -0.100000 0.000000
vn 0.025882 -0.096593 0.000000
vn 0.025882 -0.096593 0.000000
vn 0.050000 -0.086603 0.000000
vn 0.050000 -0.086603 0.000000
vn 0.070711 -0.070711 0.000000
vn 0.070711 -0.070711 0.000000
vn 0.086603 -0.050000 0.000000
vn 0.086603 -0.050000 0.000000
vn 0.096593 -0.025882 0.000000
vn 0.096593 -0.025882 0.000000
vn 0.100000 -0.000000 0.000000
vn 0.100000 -0.000000 0.000000
vn 0.096593 0.025882 0.000000
vn 0.096593 0.025882 0.000000
vn 0.086603 0.050000 0.000000
vn 0.086603 0.050000 0.000000
vn 0.070711 0.070711 0.000000
vn 0.070711 0.070711 0.000000
vn 0.050000 0.086603 0.000000
vn 0.050000 0.086603 0.000000
vn 0.025882 0.096593 0.000000
vn 0.025882 0.096593 0.000000
vn 0.000000 0.100000 0.000000
vn 0.000000 0.100000 0.000000
vn -0.025882 0.096593 0.000000
vn -0.025882 0.096593 0.000000
vn -0.050000 0.086603 0.000000
vn -0.050000 0.086603 0.000000
vn -0.070711 0.070711 0.000000
vn -0.070711 0.070711 0.000000
vn -0.086603 0.050000 0.000000
vn -0.086603 0.050000 0.000000
vn -0.096593 0.025882 0.000000
vn -0.096593 0.025882 0.000000
vn -0.100000 0.000000 0.000000
vn -0.100000 0.000000 0.000000
vn -0.096593 -0.025882 0.000000
vn -0.096593 -0.025882 0.000000
vn -0.086603 -0.050000 0.000000
vn -0.086603 -0.050000 0.000000
vn -0.070711 -0.070711 0.000000
vn -0.070711 -0.070711 0.000000
vn -0.050000 -0.086603 0.000000
vn -0.050000 -0.086603 0.000000
vn -0.025882 -0.096593 0.000000
vn -0.025882 -0.096593 0.000000
vn 0.000000 -0.100000 0.000000
vn 0.000000 -0.100000 0.000000
vn 0.025882 -0.096593 0.000000
vn 0.025882 -0.096593 0.000000
vn 0.050000 -0.086603 0.000000
vn 0.050000 -0.086603 0.000000
vn 0.070711 -0.070711 0.000000
vn 0.070711 -0.070711 0.000000
vn 0.086603 -0.050000 0.000000
vn 0.086603 -0.050000 0.000000
vn 0.096593 -0.025882 0.000000
vn 0.096593 -0.025882 0.000000
vn 0.100000 -0.000000 0.000000
vn 0.100000 -0.000000 0.000000
vn 0.096593 0.025882 0.000000
vn 0.096593 0.025882 0.000000
vn 0.086603 0.050000 0.000000
vn 0.086603 0.050000 0.000000
vn 0.070711 0.070711 0.000000
vn 0.070711 0.070711 0.000000
vn 0.050000 0.086603 0.000000
vn 0.050000 0.086603 0.000000
vn 0.025882 0.096593 0.000000
vn 0.025882 0.096593 0.000000
vn 0.000000 0.100000 0.000000
vn 0.000000 0.100000 0.000000
vn -0.025882 0.096593 0.000000
vn -0.025882 0.096593 0.000000
vn -0.050000 0.086603 0.000000
vn -0.050000 0.086603 0.000000
vn -0.070711 0.070711 0.000000
vn -0.070711 0.070711 0.000000
vn -0.086603 0.050000 0.000000
vn -0.086603 0.050000 0.000000
vn -0.096593 0.025882 0.000000
vn -0.096593 0.025882 0.000000
vn -0.100000 0.000000 0.000000
vn -0.100000 0.000000 0.000000
vn -0.096593 -0.025882 0.000000
vn -0.096593 -0.025882 0.000000
vn -0.086603 -0.050000 0.000000
vn -0.086603 -0.050000 0.000000
vn -0.070711 -0.070711 0.000000
vn -0.070711 -0.070711 0.000000
vn -0.050000 -0.086603 0.000000
vn -0.050000 -0.086603 0.000000
vn -0.025882 -0.096593 0.000000
vn -0.025882 -0.096593 0.000000
vn 0.000000 -0.100000 0.000000
vn 0.000000 -0.100000 0.000000
vn 0.025882 -0.096593 0.000000
vn 0.025882 -0.096593 0.000000
vn 0.050000 -0.086603 0.000000
vn 0.050000 -0.086603 0.000000
vn 0.070711 -0.070711 0.000000
vn 0.070711 -0.070711 0.000000
vn 0.086603 -0.050000 0.000000
vn 0.086603 -0.050000 0.000000
vn 0.096593 -0.025882 0.000000
vn 0.096593 -0.025882 0.000000
vn 0.100000 -0.000000 0.000000
vn 0.100000 -0.000000 0.000000
vn 0.096593 0.025882 0.000000
vn 0.096593 0.025882 0.000000
vn 0.086603 0.050000 0.000000
vn 0.086603 0.050000 0.000000
vn 0.070711 0.070711 0.000000
vn 0.070711 0.070711 0.000000
vn 0.050000 0.086603 0.000000
vn 0.050000 0.086603 0.000000
vn 0.025882 0.096593 0.000000
vn 0.025882 0.096593 0.000000
vn 0.000000 0.100000 0.000000
vn 0.000000 0.100000 0.000000
vn -0.025882 0.096593 0.000000
vn -0.025882 0.096593 0.000000
vn -0.050000 0.086603 0.000000
vn -0.050000 0.086603 0.000000
vn -0.070711 0.070711 0.000000
vn -0.070711 0.070711 0.000000
vn -0.086603 0.050000 0.000000
vn -0.086603 0.050000 0.000000
vn -0.096593 0.025882 0.000000
vn -0.096593 0.025882 0.000000
vn -0.100000 0.000000 0.000000
vn -0.100000 0.000000 0.000000
vn -0.096593 -0.025882 0.000000
vn -0.096593 -0.025882 0.000000
vn -0.086603 -0.050000 0.000000
vn -0.086603 -0.050000 0.000000
vn -0.070711 -0.070711 0.000000
vn -0.070711 -0.070711 0.000000
vn -0.050000 -0.086603 0.000000
vn -0.050000 -0.086603 0.000000
vn -0.025882 -0.096593 0.000000
vn -0.025882 -0.096593 0.000000
vn 0.000000 -0.100000 0.000000
vn 0.000000 -0.100000 0.000000
vn 0.025882 -0.096593 0.000000
vn 0.025882 -0.096593 0.000000
vn 0.050000 -0.086603 0.000000
vn 0.050000 -0.086603 0.000000
vn 0.070711 -0.070711 0.000000
vn 0.070711 -0.070711 0.000000
vn 0.086603 -0.050000 0.000000
vn 0.086603 -0.050000 0.000000
vn 0.096593 -0.025882 0.000000
vn 0.096593 -0.025882 0.000000
vn 0.100000 -0.000000 0.000000
vn 0.100000 -0.000000 0.000000
vn 0.096593 0.025882 0.000000
vn 0.096593 0.025882 0.000000
vn 0.086603 0.050000 0.000000
vn 0.086603 0.050000 0.000000
vn 0.070711 0.070711 0.000000
vn 0.070711 0.070711 0.000000
vn 0.050000 0.086603 0.000000
vn 0.050000 0.086603 0.000000
vn 0.025882 0.096593 0.000000
vn 0.025882 0.096593 0.000000
vn 0.000000 0.100000 0.000000
vn 0.000000 0.100000 0.000000
vn -0.025882 0.096593 0.000000
vn -0.025882 0.096593 0.000000
vn -0.050000 0.086603 0.000000
vn -0.050000 0.086603 0.000000
vn -0.070711 0.070711 0.000000
vn -0.070711 0.070711 0.000000
vn -0.086603 0.050000 0.000000
vn -0.086603 0.050000 0.000000
vn -0.096593 0.025882 0.000000
vn -0.096593 0.025882 0.000000
vn -0.100000 0.000000 0.000000
vn -0.100000 0.000000 0.000000
vn -0.096593 -0.025882 0.000000
vn -0.096593 -0.025882 0.000000
vn -0.086603 -0.050000 0.000000
vn -0.086603 -0.050000 0.000000
vn -0.070711 -0.070711 0.000000
vn -0.070711 -0.070711 0.000000
vn -0.050000 -0.086603 0.000000
vn -0.050000 -0.086603 0.000000
vn -0.025882 -0.096593 0.000000
vn -0.025882 -0.096593 0.000000
vn 0.000000 -0.100000 0.000000
vn 0.000000 -0.100000 0.000000
vn 0.025882 -0.096593 0.000000
vn 0.025882 -0.096593 0.000000
vn 0.050000 -0.086603 0.000000
vn 0.050000 -0.086603 0.000000
vn 0.070711 -0.070711 0.000000
vn 0.070711 -0.070711 0.000000
vn 0.086603 -0.050000 0.000000
vn 0.086603 -0.050000 0.000000
vn 0.096593 -0.025882 0.000000
vn 0.096593 -0.025882 0.000000
vn 0.100000 -0.000000 0.000000
vn 0.100000 -0.000000 0.000000
vn 0.096593 0.025882 0.000000
vn 0.096593 0.025882 0.000000
vn 0.086603 0.050000 0.000000
vn 0.086603 0.050000 0.000000
vn 0.070711 0.070711 0.000000
vn 0.070711 0.070711 0.000000
vn 0.050000 0.086603 0.000000
vn 0.050000 0.086603 0.000000
vn 0.025882 0.096593 0.000000
vn 0.025882 0.096593 0.000000
vn 0.000000 0.100000 0.000000
vn 0.000000 0.100000 0.000000
vn -0.025882 0.096593 0.000000
vn -0.025882 0.096593 0.000000
vn -0.050000 0.086603 0.000000
vn -0.050000 0.086603 0.000000
vn -0.070711 0.070711 0.000000
vn -0.070711 0.070711 0.000000
vn -0.086603 0.050000 0.000000
vn -0.086603 0.050000 0.000000
vn -0.096593 0.025882 0.000000
vn -0.096593 0.025882 0.000000
vn -0.100000 0.000000 0.000000
vn -0.100000 0.000000 0.000000
vn -0.096593 -0.025882 0.000000
vn -0.096593 -0.025882 0.000000
vn -0.086603 -0.050000 0.000000
vn -0.086603 -0.050000 0.000000
vn -0.070711 -0.070711 0.000000
vn -0.070711 -0.070711 0.000000
vn -0.050000 -0.086603 0.000000
vn -0.050000 -0.086603 0.000000
vn -0.025882 -0.096593 0.000000
vn -0.025882 -0.096593 0.000000
vn 0.000000 -0.100000 0.000000
vn 0.000000 -0.100000 0.000000
vn 0.025882 -0.096593 0.000000
vn 0.025882 -0.096593 0.000000
vn 0.050000 -0.086603 0.000000
vn 0.050000 -0.086603 0.000000
vn 0.070711 -0.070711 0.000000
vn 0.070711 -0.070711 0.000000
vn 0.086603 -0.050000 0.000000
vn 0.086603 -0.050000 0.000000
vn 0.096593 -0.025882 0.000000
vn 0.096593 -0.025882 0.000000
vn 0.100000 -0.000000 0.000000
vn 0.100000 -0.000000 0.000000
vn 0.096593 0.025882 0.000000
vn 0.096593 0.025882 0.000000
vn 0.086603 0.050000 0.000000
vn 0.086603 0.050000 0.000000
vn 0.070711 0.070711 0.000000
vn 0.070711 0.070711 0.000000
vn 0.050000 0.086603 0.000000
vn 0.050000 0.086603 0.000000
vn 0.025882 0.096593 0.000000
vn 0.025882 0.096593 0.000000
vn 0.000000 0.100000 0.000000
vn 0.000000 0.100000 0.000000
vn -0.025882 0.096593 0.000000
vn -0.025882 0.096593 0.000000
vn -0.050000 0.086603 0.000000
vn -0.050000 0.086603 0.000000
vn -0.070711 0.070711 0.000000
vn -0.070711 0.070711 0.000000
vn -0.086603 0.050000 0.000000
vn -0.086603 0.050000 0.000000
vn -0.096593 0.025882 0.000000
vn -0.096593 0.025882 0.000000
vn -0.100000 0.000000 0.000000
vn -0.100000 0.000000 0.000000
vn -0.096593 -0.025882 0.000000
vn -0.096593 -0.025882 0.000000
vn -0.086603 -0.050000 0.000000
vn -0.086603 -0.050000 0.000000
vn -0.070711 -0.070711 0.000000
vn -0.070711 -0.070711 0.000000
vn -0.050000 -0.086603 0.000000
vn -0.050000 -0.086603 0.000000
vn -0.025882 -0.096593 0.000000
vn -0.025882 -0.096593 0.000000
vn 0.000000 -0.100000 0.000000
vn 0.000000 -0.100000 0.000000
vn 0.025882 -0.096593 0.000000
vn 0.025882 -0.096593 0.000000
vn 0.050000 -0.086603 0.000000
vn 0.050000 -0.086603 0.000000
vn 0.070711 -0.070711 0.000000
vn 0.070711 -0.070711 0.000000
vn 0.086603 -0.050000 0.000000
vn 0.086603 -0.050000 0.000000
vn 0.096593 -0.025882 0.000000
vn 0.096593 -0.025882 0.000000
vn 0.100000 -0.000000 0.000000
vn 0.100000 -0.000000 0.000000
vn 0.096593 0.025882 0.000000
vn 0.096593 0.025882 0.000000
vn 0.086603 0.050000 0.000000
vn 0.086603 0.050000 0.000000
vn 0.070711 0.070711 0.000000
vn 0.070711 0.070711 0.000000
vn 0.050000 0.086603 0.000000
vn 0.050000 0.086603 0.000000
vn 0.025882 0.096593 0.000000
vn 0.025882 0.096593 0.000000
vn 0.000000 0.100000 0.000000
vn 0.000000 0.100000 0.000000
vn -0.025882 0.096593 0.000000
vn -0.025882 0.096593 0.000000
vn -0.050000 0.086603 0.000000
vn -0.050000 0.086603 0.000000
vn -0.070711 0.070711 0.000000
vn -0.070711 0.070711 0.000000
vn -0.086603 0.050000 0.000000
vn -0.086603 0.050000 0.000000
vn -0.096593 0.025882 0.000000
vn -0.096593 0.025882 0.000000
vn -0.100000 0.000000 0.000000
vn -0.100000 0.000000 0.000000
vn -0.096593 -0.025882 0.000000
vn -0.096593 -0.025882 0.000000
vn -0.086603 -0.050000 0.000000
vn -0.086603 -0.050000 0.000000
vn -0.070711 -0.070711 0.000000
vn -0.070711 -0.070711 0.000000
vn -0.050000 -0.086603 0.000000
vn -0.050000 -0.086603 0.000000
vn -0.025882 -0.096593 0.000000
vn -0.025882 -0.096593 0.000000
vn 0.000000 -0.100000 0.000000
vn 0.000000 -0.100000 0.000000
vn 0.025882 -0.096593 0.000000
vn 0.025882 -0.096593 0.000000
vn 0.050000 -0.086603 0.000000
vn 0.050000 -0.086603 0.000000
vn 0.070711 -0.070711 0.000000
vn 0.070711 -0.070711 0.000000
vn 0.086603 -0.050000 0.000000
vn 0.086603 -0.050000 0.000000
vn 0.096593 -0.025882 0.000000
vn 0.096593 -0.025882 0.000000
vn 0.100000 -0.000000 0.000000
vn 0.100000 -0.000000 0.000000
vn 0.096593 0.025882 0.000000
vn 0.096593 0.025882 0.000000
vn 0.086603 0.050000 0.000000
vn 0.086603 0.050000 0.000000
vn 0.070711 0.070711 0.000000
vn 0.070711 0.070711 0.000000
vn 0.050000 0.086603 0.000000
vn 0.050000 0.086603 0.000000
vn 0.025882 0.096593 0.000000
vn 0.025882 0.096593 0.000000
vn 0.000000 0.100000 0.000000
vn 0.000000 0.100000 0.000000
vn -0.025882 0.096593 0.000000
vn -0.025882 0.096593 0.000000
vn -0.050000 0.086603 0.000000
vn -0.050000 0.086603 0.000000
vn -0.070711 0.070711 0.000000
vn -0.070711 0.070711 0.000000
vn -0.086603 0.050000 0.000000
vn -0.086603 0.050000 0.000000
vn -0.096593 0.025882 0.000000
vn -0.096593 0.025882 0.000000
vn -0.100000 0.000000 0.000000
vn -0.100000 0.000000 0.000000
vn -0.096593 -0.025882 0.000000
vn -0.096593 -0.025882 0.000000
vn -0.086603 -0.050000 0.000000
vn -0.086603 -0.050000 0.000000
vn -0.070711 -0.070711 0.000000
vn -0.070711 -0.070711 0.000000
vn -0.050000 -0.086603 0.000000
vn -0.050000 -0.086603 0.000000
vn -0.025882 -0.096593 0.000000
vn -0.025882 -0.096593 0.000000
vn 0.000000 -0.100000 0.000000
vn 0.000000 -0.100000 0.000000
vn 0.025882 -0.096593 0.000000
vn 0.025882 -0.096593 0.000000
vn 0.050000 -0.086603 0.000000
vn 0.050000 -0.086603 0.000000
vn 0.070711 -0.070711 0.000000
vn 0.070711 -0.070711 0.000000
vn 0.086603 -0.050000 0.000000
vn 0.086603 -0.050000 0.000000
vn 0.096593 -0.025882 0.000000
vn 0.096593 -0.025882 0.000000
vn 0.100000 -0.000000 0.000000
vn 0.100000 -0.000000 0.000000
vn 0.096593 0.025882 0.000000
vn 0.096593 0.025882 0.000000
vn 0.086603 0.050000 0.000000
vn 0.086603 0.050000 0.000000
vn 0.070711 0.070711 0.000000
vn 0.070711 0.070711 0.000000
vn 0.050000 0.086603 0.000000
vn 0.050000 0.086603 0.000000
vn 0.025882 0.096593 0.000000
vn 0.025882 0.096593 0.000000
vn 0.000000 0.100000 0.000000
vn 0.000000 0.100000 0.000000
vn -0.025882 0.096593 0.000000
vn -0.025882 0.096593 0.000000
vn -0.050000 0.086603 0.000000
vn -0.050000 0.086603 0.000000
vn -0.070711 0.070711 0.000000
vn -0.070711 0.070711 0.000000
vn -0.086603 0.050000 0.000000
vn -0.086603 0.050000 0.000000
vn -0.096593 0.025882 0.000000
vn -0.096593 0.025882 0.000000
vn -0.100000 0.000000 0.000000
vn -0.100000 0.000000 0.000000
vn -0.096593 -0.025882 0.000000
vn -0.096593 -0.025882 0.000000
vn -0.086603 -0.050000 0.000000
vn -0.086603 -0.050000 0.000000
vn -0.070711 -0.070711 0.000000
vn -0.070711 -0.070711 0.000000
vn -0.050000 -0.086603 0.000000
vn -0.050000 -0.086603 0.000000
vn -0.025882 -0.096593 0.000000
vn -0.025882 -0.096593 0.000000
vn 0.000000 -0.100000 0.000000
vn 0.000000 -0.100000 0.000000
vn 0.025882 -0.096593 0.000000
vn 0.025882 -0.096593 0.000000
vn 0.050000 -0.086603 0.000000
vn 0.050000 -0.086603 0.000000
vn 0.070711 -0.070711 0.000000
vn 0.070711 -0.070711 0.000000
vn 0.086603 -0.050000 0.000000
vn 0.086603 -0.050000 0.000000
vn 0.096593 -0.025882 0.000000
vn 0.096593 -0.025882 0.000000
vn 0.100000 -0.000000 0.000000
vn 0.100000 -0.000000 0.000000
vn 0.096593 0.025882 0.000000
vn 0.096593 0.025882 0.000000
vn 0.086603 0.050000 0.000000
vn 0.086603 0.050000 0.000000
vn 0.070711 0.070711 0.000000
vn 0.070711 0.070711 0.000000
vn 0.050000 0.086603 0.000000
vn 0.050000 0.086603 0.000000
vn 0.025882 0.096593 0.000000
vn 0.025882 0.096593 0.000000
vn 0.000000 0.100000 0.000000
vn 0.000000 0.100000 0.000000
vn -0.025882 0.096593 0.000000
vn -0.025882 0.096593 0.000000
vn -0.050000 0.086603 0.000000
vn -0.050000 0.086603 0.000000
vn -0.070711 0.070711 0.000000
vn -0.070711 0.070711 0.000000
vn -0.086603 0.050000 0.000000
vn -0.086603 0.050000 0.000000
vn -0.096593 0.025882 0.000000
vn -0.096593 0.025882 0.000000
vn -0.100000 0.000000 0.000000
vn -0.100000 0.000000 0.000000
vn -0.096593 -0.025882 0.000000
vn -0.096593 -0.025882 0.000000
vn -0.086603 -0.050000 0.000000
vn -0.086603 -0.050000 0.000000
vn -0.070711 -0.070711 0.000000
vn -0.070711 -0.070711 0.000000
vn -0.050000 -0.086603 0.000000
vn -0.050000 -0.086603 0.000000
vn -0.025882 -0.096593 0.000000
vn -0.025882 -0.096593 0.000000
vn 0.000000 -0.100000 0.000000
vn 0.000000 -0.100000 0.000000
vn 0.025882 -0.096593 0.000000
vn 0.025882 -0.096593 0.000000
vn 0.050000 -0.086603 0.000000
vn 0.050000 -0.086603 0.000000
vn 0.070711 -0.070711 0.000000
vn 0.070711 -0.070711 0.000000
vn 0.086603 -0.050000 0.000000
vn 0.086603 -0.050000 0.000000
vn 0.096593 -0.025882 0.000000
vn 0.096593 -0.025882 0.000000
vn 0.100000 -0.000000 0.000000
vn 0.100000 -0.000000 0.000000
vn 0.096593 0.025882 0.000000
vn 0.096593 0.025882 0.000000
vn 0.086603 0.050000 0.000000
vn 0.086603 0.050000 0.000000
vn 0.070711 0.070711 0.000000
vn 0.070711 0.070711 0.000000
vn 0.050000 0.086603 0.000000
vn 0.050000 0.086603 0.000000
vn 0.025882 0.096593 0.000000
vn 0.025882 0.096593 0.000000
vn 0.000000 0.100000 0.000000
vn 0.000000 0.100000 0.000000
vn -0.025882 0.096593 0.000000
vn -0.025882 0.096593 0.000000
vn -0.050000 0.086603 0.000000
vn -0.050000 0.086603 0.000000
vn -0.070711 0.070711 0.000000
vn -0.070711 0.070711 0.000000
vn -0.086603 0.050000 0.000000
vn -0.086603 0.050000 0.000000
vn -0.096593 0.025882 0.000000
vn -0.096593 0.025882 0.000000
vn -0.100000 0.000000 0.000000
vn -0.100000 0.000000 0.000000
vn -0.096593 -0.025882 0.000000
vn -0.096593 -0.025882 0.000000
vn -0.086603 -0.050000 0.000000
vn -0.086603 -0.050000 0.000000
vn -0.070711 -0.070711 0.000000
vn -0.070711 -0.070711 0.000000
vn -0.050000 -0.086603 0.000000
vn -0.050000 -0.086603 0.000000
vn -0.025882 -0.096593 0.000000
vn -0.025882 -0.096593 0.000000
vn 0.000000 -0.100000 0.000000
vn 0.000000 -0.100000 0.000000
vn 0.025882 -0.096593 0.000000
vn 0.025882 -0.096593 0.000000
vn 0.050000 -0.086603 0.000000
vn 0.050000 -0.086603 0.000000
vn 0.070711 -0.070711 0.000000
vn 0.070711 -0.070711 0.000000
vn 0.086603 -0.050000 0.000000
vn 0.086603 -0.050000 0.000000
vn 0.096593 -0.025882 0.000000
vn 0.096593 -0.025882 0.000000
vn 0.100000 -0.000000 0.000000
vn 0.100000 -0.000000 0.000000
vn 0.096593 0.025882 0.000000
vn 0.096593 0.025882 0.000000
vn 0.086603 0.050000 0.000000
vn 0.086603 0.050000 0.000000
vn 0.070711 0.070711 0.000000
vn 0.070711 0.070711 0.000000
vn 0.050000 0.086603 0.000000
vn 0.050000 0.086603 0.000000
vn 0.025882 0.096593 0.000000
vn 0.025882 0.096593 0.000000
vn 0.000000 0.100000 0.000000
vn 0.000000 0.100000 0.000000
vn -0.025882 0.096593 0.000000
vn -0.025882 0.096593 0.000000
vn -0.050000 0.086603 0.000000
vn -0.050000 0.086603 0.000000
vn -0.070711 0.070711 0.000000
vn -0.070711 0.070711 0.000000
vn -0.086603 0.050000 0.000000
vn -0.086603 0.050000 0.000000
vn -0.096593 0.025882 0.000000
vn -0.096593 0.025882 0.000000
vn -0.100000 0.000000 0.000000
vn -0.100000 0.000000 0.000000
vn -0.096593 -0.025882 0.000000
vn -0.096593 -0.025882 0.000000
vn -0.086603 -0.050000 0.000000
vn -0.086603 -0.050000 0.000000
vn -0.070711 -0.070711 0.000000
vn -0.070711 -0.070711 0.000000
vn -0.050000 -0.086603 0.000000
vn -0.050000 -0.086603 0.000000
vn -0.025882 -0.096593 0.000000
vn -0.025882 -0.096593 0.000000
vn 0.000000 -0.100000 0.000000
vn 0.000000 -0.100000 0.000000
vn 0.025882 -0.096593 0.000000
vn 0.025882 -0.096593 0.000000
vn 0.050000 -0.086603 0.000000
vn 0.050000 -0.086603 0.000000
vn 0.070711 -0.070711 0.000000
vn 0.070711 -0.070711 0.000000
vn 0.086603 -0.050000 0.000000
vn 0.086603 -0.050000 0.000000
vn 0.096593 -0.025882 0.000000
vn 0.096593 -0.025882 0.000000
vn 0.100000 -0.000000 0.000000
vn 0.100000 -0.000000 0.000000
vn 0.096593 0.025882 0.000000
vn 0.096593 0.025882 0.000000
vn 0.086603 0.050000 0.000000
vn 0.086603 0.050000 0.000000
vn 0.070711 0.070711 0.000000
vn 0.070711 0.070711 0.000000
vn 0.050000 0.086603 0.000000
vn 0.050000 0.086603 0.000000
vn 0.025882 0.096593 0.000000
vn 0.025882 0.096593 0.000000
vn 0.000000 0.100000 0.000000
vn 0.000000 0.100000 0.000000
vn -0.025882 0.096593 0.000000
vn -0.025882 0.096593 0.000000
vn -0.050000 0.086603 0.000000
vn -0.050000 0.086603 0.000000
vn -0.070711 0.070711 0.000000
vn -0.070711 0.070711 0.000000
vn -0.086603 0.050000 0.000000
vn -0.086603 0.050000 0.000000
vn -0.096593 0.025882 0.000000
vn -0.096593 0.025882 0.000000
vn -0.100000 0.000000 0.000000
vn -0.100000 0.000000 0.000000
vn -0.096593 -0.025882 0.000000
vn -0.096593 -0.025882 0.000000
vn -0.086603 -0.050000 0.000000
vn -0.086603 -0.050000 0.000000
vn -0.070711 -0.070711 0.000000
vn -0.070711 -0.070711 0.000000
vn -0.050000 -0.086603 0.000000
vn -0.050000 -0.086603 0.000000
vn -0.025882 -0.096593 0.000000
vn -0.025882 -0.096593 0.000000
vn 0.000000 -0.100000 0.000000
vn 0.000000 -0.100000 0.000000
vn 0.025882 -0.096593 0.000000
vn 0.025882 -0.096593 0.000000
vn 0.050000 -0.086603 0.000000
vn 0.050000 -0.086603 0.000000
vn 0.070711 -0.070711 0.000000
vn 0.070711 -0.070711 0.000000
vn 0.086603 -0.050000 0.000000
vn 0.086603 -0.050000 0.000000
vn 0.096593 -0.025882 0.000000
vn 0.096593 -0.025882 0.000000
vn 0.100000 -0.000000 0.000000
vn 0.100000 -0.000000 0.000000
vn 0.096593 0.025882 0.000000
vn 0.096593 0.025882 0.000000
vn 0.086603 0.050000 0.000000
vn 0.086603 0.050000 0.000000
vn 0.070711 0.070711 0.000000
vn 0.070711 0.070711 0.000000
vn 0.050000 0.086603 0.000000
vn 0.050000 0.086603 0.000000
vn 0.025882 0.096593 0.000000
vn 0.025882 0.096593 0.000000
vn 0.000000 0.100000 0.000000
vn 0.000000 0.100000 0.000000
vn -0.025882 0.096593 0.000000
vn -0.025882 0.096593 0.000000
vn -0.050000 0.086603 0.000000
vn -0.050000 0.086603 0.000000
vn -0.070711 0.070711 0.000000
vn -0.070711 0.070711 0.000000
vn -0.086603 0.050000 0.000000
vn -0.086603 0.050000 0.000000
vn -0.096593 0.025882 0.000000
vn -0.096593 0.025882 0.000000
vn -0.100000 0.000000 0.000000
vn -0.100000 0.000000 0.000000
vn -0.096593 -0.025882 0.000000
vn -0.096593 -0.025882 0.000000
vn -0.086603 -0.050000 0.000000
vn -0.086603 -0.050000 0.000000
vn -0.070711 -0.070711 0.000000
vn -0.070711 -0.070711 0.000000
vn -0.050000 -0.086603 0.000000
vn -0.050000 -0.086603 0.000000
vn -0.025882 -0.096593 0.000000
vn -0.025882 -0.096593 0.000000
vn 0.000000 -0.100000 0.000000
vn 0.000000 -0.100000 0.000000
vn 0.025882 -0.096593 0.000000
vn 0.025882 -0.096593 0.000000
vn 0.050000 -0.086603 0.000000
vn 0.050000 -0.086603 0.000000
vn 0.070711 -0.070711 0.000000
vn 0.070711 -0.070711 0.000000
vn 0.086603 -0.050000 0.000000
vn 0.086603 -0.050000 0.000000
vn 0.096593 -0.025882 0.000000
vn 0.096593 -0.025882 0.000000
vn 0.100000 -0.000000 0.000000
vn 0.100000 -0.000000 0.000000
vn 0.096593 0.025882 0.000000
vn 0.096593 0.025882 0.000000
vn 0.086603 0.050000 0.000000
vn 0.086603 0.050000 0.000000
vn 0.070711 0.070711 0.000000
vn 0.070711 0.070711 0.000000
vn 0.050000 0.086603 0.000000
vn 0.050000 0.086603 0.000000
vn 0.025882 0.096593 0.000000
vn 0.025882 0.096593 0.000000
vn 0.000000 0.100000 0.000000
vn 0.000000 0.100000 0.000000
vn -0.025882 0.096593 0.000000
vn -0.025882 0.096593 0.000000
vn -0.050000 0.086603 0.000000
vn -0.050000 0.086603 0.000000
vn -0.070711 0.070711 0.000000
vn -0.070711 0.070711 0.000000
vn -0.086603 0.050000 0.000000
vn -0.086603 0.050000 0.000000
vn -0.070711 -0.070711 0.000000
vn -0.070711 -0.070711 0.000000
vn -0.070711 -0.070711 0.000000
vn -0.070711 -0.070711 0.000000
vn -0.100000 0.000000 0.000000
vn -0.100000 0.000000 0.000000
vn -0.100000 0.000000 0.000000
vn -0.100000 0.000000 0.000000
vn 0.000000 0.000000 0.100000
vn 0.000000 0.000000 0.100000
vn 0.000000 0.000000 0.100000
vn 0.000000 0.000000 0.100000
vn 0.000000 0.000000 0.100000
vn 0.000000 0.000000 0.100000
vn 0.000000 0.000000 0.100000
vn 0.000000 0.000000 0.100000
vn 0.070711 -0.070711 0.000000
vn 0.070711 -0.070711 0.000000
vn 0.070711 -0.070711 0.000000
vn 0.070711 -0.070711 0.000000
vn 0.100000 0.000000 0.000000
vn 0.100000 0.000000 0.000000
vn 0.100000 0.000000 0.000000
vn 0.100000 0.000000 0.000000
vn 0.070711 0.070711 0.000000
vn 0.070711 0.070711 0.000000
vn 0.070711 0.070711 0.000000
vn 0.070711 0.070711 0.000000
vn -0.070711 0.070711 0.000000
vn -0.070711 0.070711 0.000000
vn -0.070711 0.070711 0.000000
vn -0.070711 0.070711 0.000000
vn 0.000000 0.100000 0.000000
vn 0.000000 0.100000 0.000000
vn 0.000000 0.100000 0.000000
vn 0.000000 0.100000 0.000000
vn 0.000000 -0.100000 0.000000
vn 0.000000 -0.100000 0.000000
vn 0.000000 -0.100000 0.000000
vn 0.000000 -0.100000 0.000000
vn 0.000000 -0.100000 0.000000
vn 0.000000 -0.100000 0.000000
vn 0.000000 -0.100000 0.000000
vn 0.000000 -0.100000 0.000000
vn 0.000000 -0.100000 0.000000
vn 0.000000 -0.100000 0.000000
vn 0.000000 -0.100000 0.000000
vn 0.000000 0.000000 0.100000
vn 0.000000 0.000000 0.100000
vn 0.000000 0.000000 0.100000
vn 0.000000 0.000000 0.100000
vn 0.000000 0.100000 0.000000
vn 0.000000 0.100000 0.000000
vn 0.000000 0.100000 0.000000
vn 0.000000 0.100000 0.000000
vn 0.000000 0.100000 0.000000
vn 0.000000 0.100000 0.000000
vn 0.000000 0.100000 0.000000
vn 0.070711 0.000000 -0.070711
vn 0.070711 0.000000 -0.070711
vn 0.050000 0.000000 -0.086603
vn 0.050000 0.000000 -0.086603
vn 0.025882 0.000000 -0.096593
vn 0.025882 0.000000 -0.096593
vn 0.000000 0.000000 -0.100000
vn 0.000000 0.000000 -0.100000
vn 0.000000 0.000000 -0.100000
vn 0.000000 0.000000 -0.100000
vn -0.070711 0.000000 -0.070711
vn -0.070711 0.000000 -0.070711
vn -0.050000 0.000000 -0.086603
vn -0.050000 0.000000 -0.086603
vn -0.025882 0.000000 -0.096593
vn -0.025882 0.000000 -0.096593
vn -0.000000 0.070711 -0.070711
vn -0.000000 0.070711 -0.070711
vn -0.000000 0.050000 -0.086603
vn -0.000000 0.050000 -0.086603
vn -0.000000 0.025882 -0.096593
vn -0.000000 0.025882 -0.096593
vn 0.000000 0.000000 -0.100000
vn 0.000000 0.000000 -0.100000
vn 0.000000 0.000000 -0.100000
vn 0.000000 0.000000 -0.100000
vn 0.000000 -0.070711 -0.070711
vn 0.000000 -0.070711 -0.070711
vn 0.000000 -0.050000 -0.086603
vn 0.000000 -0.050000 -0.086603
vn 0.000000 -0.025882 -0.096593
vn 0.000000 -0.025882 -0.096593
vn -0.000000 0.070711 -0.070711
vn -0.000000 0.070711 -0.070711
vn -0.000000 0.050000 -0.086603
vn -0.000000 0.050000 -0.086603
vn -0.000000 0.025882 -0.096593
vn -0.000000 0.025882 -0.096593
vn 0.000000 0.000000 -0.100000
vn 0.000000 0.000000 -0.100000
vn 0.000000 0.000000 -0.100000
vn 0.000000 0.000000 -0.100000
vn 0.000000 -0.070711 -0.070711
vn 0.000000 -0.070711 -0.070711
vn 0.000000 -0.050000 -0.086603
vn 0.000000 -0.050000 -0.086603
vn 0.000000 -0.025882 -0.096593
vn 0.000000 -0.025882 -0.096593
vn 0.000000 0.070831 -0.070590
vn 0.000000 0.050196 -0.086489
vn 0.000000 0.070831 -0.070590
vn 0.000000 0.050196 -0.086489
vn 0.000000 0.026156 -0.096519
vn 0.000000 0.026156 -0.096519
vn 0.000000 0.000340 -0.099999
vn 0.000000 0.000340 -0.099999
vn 0.000000 0.000340 -0.099999
vn 0.000000 0.000340 -0.099999
vn 0.000000 -0.070590 -0.070831
vn 0.000000 -0.055380 -0.083265
vn 0.000000 -0.070590 -0.070831
vn 0.000000 -0.055380 -0.083265
vn 0.000000 -0.038033 -0.092485
vn 0.000000 -0.038033 -0.092485
vn 0.000000 -0.019217 -0.098136
vn 0.000000 -0.019217 -0.098136
vn -0.070711 0.000000 0.070711
vn -0.070711 0.000000 0.070711
vn -0.070711 0.000000 0.070711
vn -0.070711 0.000000 0.070711
vn -0.070711 0.000000 0.070711
vn -0.070711 0.000000 0.070711
vn -0.070711 0.000000 0.070711
vn -0.070711 0.000000 0.070711
vn -0.070711 0.000000 0.070711
vn -0.070711 0.000000 0.070711
vn -0.070711 0.000000 0.070711
vn -0.070711 0.000000 0.070711
vn -0.070711 0.000000 0.070711
vn -0.070711 0.000000 0.070711
vn -0.070711 0.000000 0.070711
vn -0.070711 0.000000 0.070711
vn 0.000000 0.000000 0.100000
vn 0.000000 0.000000 0.100000
vn 0.000000 0.000000 0.100000
vn 0.000000 0.000000 0.100000
vn 0.000000 0.000000 0.100000
vn 0.000000 0.000000 0.100000
vn 0.000000 0.000000 0.100000
vn 0.000000 0.000000 0.100000
vn 0.070711 0.000000 0.070711
vn 0.070711 0.000000 0.070711
vn 0.070711 0.000000 0.070711
vn 0.070711 0.000000 0.070711
vn 0.070711 0.000000 0.070711
vn 0.070711 0.000000 0.070711
vn 0.070711 0.000000 0.070711
vn 0.070711 0.000000 0.070711
vn 0.070711 0.000000 0.070711
vn 0.070711 0.000000 0.070711
vn 0.070711 0.000000 0.070711
vn 0.070711 0.000000 0.070711
vn 0.070711 0.000000 0.070711
vn 0.070711 0.000000 0.070711
vn 0.070711 0.000000 0.070711
vn 0.070711 0.000000 0.070711
vn -0.100000 0.000079 -0.000000
vn -0.100000 0.000079 -0.000000
vn -0.098808 0.015395 -0.000000
vn -0.096574 0.025952 -0.000000
vn -0.095284 0.030347 -0.000000
vn -0.089512 0.044583 -0.000000
vn -0.086569 0.050057 -0.000000
vn -0.081627 0.057767 -0.000000
vn -0.070669 0.070753 -0.000000
vn -0.071816 0.069588 -0.000000
vn -0.060310 0.079767 -0.000000
vn -0.049954 0.086629 -0.000000
vn -0.033333 0.094281 -0.000000
vn -0.025837 0.096605 -0.000000
vn -0.011304 0.099359 -0.000000
vn 0.000040 0.100000 0.000000
vn 0.011304 0.099359 0.000000
vn 0.025914 0.096584 0.000000
vn 0.033333 0.094281 0.000000
vn 0.050023 0.086589 0.000000
vn 0.060326 0.079755 0.000000
vn 0.070725 0.070697 0.000000
vn 0.071836 0.069567 0.000000
vn 0.081650 0.057735 0.000000
vn 0.086609 0.049989 0.000000
vn 0.089534 0.044539 0.000000
vn 0.096594 0.025876 0.000000
vn 0.095302 0.030291 0.000000
vn 0.098819 0.015326 0.000000
vn 0.100000 0.000000 0.000000
vn 0.100000 0.000000 0.000000
vn 0.100000 -0.000000 0.000000
vn 0.100000 -0.000000 0.000000
vn 0.098819 -0.015326 0.000000
vn 0.096593 -0.025882 0.000000
vn 0.095302 -0.030291 0.000000
vn 0.089534 -0.044539 0.000000
vn 0.086603 -0.050000 0.000000
vn 0.081650 -0.057735 0.000000
vn 0.070711 -0.070711 0.000000
vn 0.071836 -0.069567 0.000000
vn 0.060326 -0.079755 0.000000
vn 0.050000 -0.086603 0.000000
vn 0.033333 -0.094281 0.000000
vn 0.025882 -0.096593 0.000000
vn 0.011304 -0.099359 0.000000
vn -0.000000 -0.100000 0.000000
vn -0.011304 -0.099359 0.000000
vn -0.025882 -0.096593 0.000000
vn -0.033333 -0.094281 0.000000
vn -0.050000 -0.086603 0.000000
vn -0.060326 -0.079755 0.000000
vn -0.070711 -0.070711 0.000000
vn -0.071836 -0.069567 0.000000
vn -0.081650 -0.057735 0.000000
vn -0.086603 -0.050000 0.000000
vn -0.089534 -0.044539 0.000000
vn -0.096593 -0.025882 0.000000
vn -0.095302 -0.030291 0.000000
vn -0.098819 -0.015326 0.000000
vn -0.100000 0.000000 -0.000000
vn -0.100000 0.000000 -0.000000
vn 0.000000 0.000000 0.100000
vn 0.000000 0.000000 0.100000
vn 0.000000 0.000000 0.100000
vn 0.000000 0.000000 0.100000
vn 0.000000 0.000000 0.100000
vn 0.000000 0.000000 0.100000
vn 0.000000 0.000000 0.100000
vn 0.000000 0.000000 0.100000
vn 0.000000 0.000000 0.100000
vn 0.000000 0.000000 0.100000
vn 0.000000 0.000000 0.100000
vn 0.000000 0.000000 0.100000
vn 0.000000 0.000000 0.100000
vn 0.000000 0.000000 0.100000
vn 0.000000 0.000000 0.100000
vn 0.000000 0.000000 0.100000
vn 0.000000 0.000000 0.100000
vn 0.000000 0.000000 0.100000
vn 0.000000 0.000000 0.100000
vn 0.000000 0.000000 0.100000
vn 0.000000 0.000000 0.100000
vn 0.000000 0.000000 0.100000
vn 0.000000 0.000000 0.100000
vn 0.000000 0.000000 0.100000
vn 0.000000 0.000000 0.100000
vn 0.000000 0.000000 0.100000
vn 0.000000 0.000000 0.100000
vn 0.000000 0.000000 0.100000
vn 0.000000 0.000000 0.100000
vn 0.000000 0.000000 0.100000
vn 0.000000 0.000000 0.100000
vn 0.000000 0.000000 0.100000
vn 0.000000 0.000000 0.100000
vn 0.000000 0.000000 0.100000
vn 0.000000 0.000000 0.100000
vn 0.000000 0.000000 0.100000
vn 0.000000 0.000000 0.100000
vn 0.000000 0.000000 0.100000
vn 0.000000 0.000000 0.100000
vn 0.000000 0.000000 0.100000
vn 0.000000 0.000000 0.100000
vn 0.000000 0.000000 0.100000
vn 0.000000 0.000000 0.100000
vn 0.000000 0.000000 0.100000
vn 0.000000 0.000000 0.100000
vn 0.000000 0.000000 0.100000
vn 0.000000 0.000000 0.100000
vn 0.000000 0.000000 0.100000
vn -0.100000 0.000000 0.000000
vn -0.100000 0.000000 0.000000
vn -0.100000 0.000000 0.000000
vn -0.100000 0.000000 0.000000
vn -0.100000 0.000000 0.000000
vn -0.100000 0.000000 0.000000
vn -0.100000 0.000000 0.000000
vn -0.100000 0.000000 0.000000
vn -0.100000 0.000000 0.000000
vn -0.100000 0.000000 0.000000
vn -0.100000 0.000000 0.000000
vn -0.100000 0.000000 0.000000
vn -0.100000 0.000000 0.000000
vn -0.100000 0.000000 0.000000
vn -0.100000 0.000000 0.000000
vn -0.100000 0.000000 0.000000
vn -0.100000 0.000000 0.000000
vn -0.100000 0.000000 0.000000
vn -0.100000 0.000000 0.000000
vn -0.100000 0.000000 0.000000
vn -0.100000 0.000000 0.000000
vn -0.100000 0.000000 0.000000
vn -0.100000 0.000000 0.000000
vn -0.100000 0.000000 0.000000
vn -0.100000 0.000000 0.000000
vn -0.100000 0.000000 0.000000
vn -0.100000 0.000000 0.000000
vn -0.100000 0.000000 0.000000
vn -0.100000 0.000000 0.000000
vn -0.100000 0.000000 0.000000
vn 0.070711 0.070711 0.000000
vn 0.070711 0.070711 0.000000
vn 0.070711 0.070711 0.000000
vn 0.070711 0.070711 0.000000
vn 0.100000 0.000000 0.000000
vn 0.100000 0.000000 0.000000
vn 0.100000 0.000000 0.000000
vn 0.100000 0.000000 0.000000
vn 0.000000 0.000000 0.100000
vn 0.000000 0.000000 0.100000
vn 0.000000 0.000000 0.100000
vn 0.000000 0.000000 0.100000
vn 0.000000 0.000000 0.100000
vn 0.000000 0.000000 0.100000
vn 0.000000 0.000000 0.100000
vn 0.000000 0.000000 0.100000
vn -0.070711 0.070711 0.000000
vn -0.070711 0.070711 0.000000
vn -0.070711 0.070711 0.000000
vn -0.070711 0.070711 0.000000
vn -0.100000 0.000000 0.000000
vn -0.100000 0.000000 0.000000
vn -0.100000 0.000000 0.000000
vn -0.100000 0.000000 0.000000
vn -0.070711 -0.070711 0.000000
vn -0.070711 -0.070711 0.000000
vn -0.070711 -0.070711 0.000000
vn -0.070711 -0.070711 0.000000
vn 0.070711 -0.070711 0.000000
vn 0.070711 -0.070711 0.000000
vn 0.070711 -0.070711 0.000000
vn 0.070711 -0.070711 0.000000
vn 0.000000 -0.100000 0.000000
vn 0.000000 -0.100000 0.000000
vn 0.000000 -0.100000 0.000000
vn 0.000000 -0.100000 0.000000
vn 0.000000 0.100000 0.000000
vn 0.000000 0.100000 0.000000
vn 0.000000 0.100000 0.000000
vn 0.000000 0.100000 0.000000
vn -0.070711 -0.070711 0.000000
vn -0.070711 -0.070711 0.000000
vn -0.070711 -0.070711 0.000000
vn -0.070711 -0.070711 0.000000
vn -0.100000 0.000000 0.000000
vn -0.100000 0.000000 0.000000
vn -0.100000 0.000000 0.000000
vn -0.100000 0.000000 0.000000
vn -0.070711 -0.070711 0.000000
vn -0.070711 -0.070711 0.000000
vn -0.070711 -0.070711 0.000000
vn -0.070711 -0.070711 0.000000
vn 0.000000 0.000000 0.100000
vn 0.000000 0.000000 0.100000
vn 0.000000 0.000000 0.100000
vn 0.000000 0.000000 0.100000
vn 0.000000 0.000000 0.100000
vn 0.000000 0.000000 0.100000
vn 0.000000 0.000000 0.100000
vn 0.000000 0.000000 0.100000
vn 0.000000 0.000000 0.100000
vn 0.000000 0.000000 0.100000
vn 0.000000 0.000000 0.100000
vn 0.000000 0.000000 0.100000
vn 0.000000 0.000000 0.100000
vn 0.000000 0.000000 0.100000
vn 0.000000 0.000000 0.100000
vn 0.000000 0.000000 0.100000
vn 0.000000 0.000000 0.100000
vn 0.000000 0.000000 0.100000
vn 0.000000 0.000000 0.100000
vn 0.000000 0.000000 0.100000
vn 0.000000 0.000000 0.100000
vn 0.000000 0.000000 0.100000
vn 0.000000 0.000000 0.100000
vn 0.000000 0.000000 0.100000
vn 0.000000 0.000000 0.100000
vn 0.000000 0.000000 0.100000
vn 0.000000 0.000000 0.100000
vn 0.000000 0.000000 0.100000
vn 0.000000 0.000000 0.100000
vn 0.000000 0.000000 0.100000
vn 0.000000 0.000000 0.100000
vn 0.000000 0.000000 0.100000
vn 0.000000 0.000000 0.100000
vn 0.000000 0.000000 0.100000
vn 0.000000 0.000000 0.100000
vn 0.000000 0.000000 0.100000
vn 0.000000 0.000000 0.100000
vn 0.000000 0.000000 0.100000
vn 0.000000 0.000000 0.100000
vn 0.000000 0.000000 0.100000
vn 0.000000 0.000000 0.100000
vn 0.000000 0.000000 0.100000
vn 0.000000 0.000000 0.100000
vn 0.000000 0.000000 0.100000
vn 0.000000 0.000000 0.100000
vn 0.000000 0.000000 0.100000
vn 0.000000 0.000000 0.100000
vn 0.000000 0.000000 0.100000
vn 0.000000 0.000000 0.100000
vn 0.000000 0.000000 0.100000
vn 0.000000 0.000000 0.100000
vn 0.000000 0.000000 0.100000
vn 0.000000 0.000000 0.100000
vn 0.000000 0.000000 0.100000
vn 0.000000 0.000000 0.100000
vn 0.000000 0.000000 0.100000
vn 0.000000 0.000000 0.100000
vn 0.000000 0.000000 0.100000
vn 0.000000 0.000000 0.100000
vn 0.000000 0.000000 0.100000
vn 0.000000 0.000000 0.100000
vn 0.000000 0.000000 0.100000
vn 0.000000 0.000000 0.100000
vn 0.000000 0.000000 0.100000
vn 0.000000 0.000000 0.100000
vn 0.000000 0.000000 0.100000
vn 0.000000 0.000000 0.100000
vn 0.000000 0.000000 0.100000
vn 0.000000 0.000000 0.100000
vn 0.000000 0.000000 0.100000
vn 0.000000 0.000000 0.100000
vn 0.000000 0.000000 0.100000
vn 0.000000 0.000000 0.100000
vn 0.000000 0.000000 0.100000
vn 0.000000 0.000000 0.100000
vn 0.000000 0.000000 0.100000
vn 0.000000 0.000000 0.100000
vn 0.000000 0.000000 0.100000
vn 0.000000 0.000000 0.100000
vn 0.000000 0.000000 0.100000
vn 0.000000 0.000000 0.100000
vn 0.000000 0.000000 0.100000
vn 0.000000 0.000000 0.100000
vn 0.000000 0.000000 0.100000
vn 0.000000 0.000000 0.100000
vn 0.000000 0.000000 0.100000
vn 0.000000 0.000000 0.100000
vn 0.000000 0.000000 0.100000
vn 0.000000 0.000000 0.100000
vn 0.000000 0.000000 0.100000
vn 0.000000 0.000000 0.100000
vn 0.000000 0.000000 0.100000
vn 0.000000 0.000000 0.100000
vn 0.000000 0.000000 0.100000
vn 0.000000 0.000000 0.100000
vn 0.000000 0.000000 0.100000
vn 0.000000 0.000000 0.100000
vn 0.000000 0.000000 0.100000
vn 0.000000 0.000000 0.100000
vn 0.000000 0.000000 0.100000
vn 0.000000 0.000000 0.100000
vn 0.000000 0.000000 0.100000
vn 0.000000 0.000000 0.100000
vn 0.000000 0.000000 0.100000
vn 0.000000 0.000000 0.100000
vn 0.000000 0.000000 0.100000
vn 0.000000 0.000000 0.100000
vn 0.000000 0.000000 0.100000
vn 0.000000 0.000000 0.100000
vn 0.000000 0.000000 0.100000
vn 0.000000 0.000000 0.100000
vn 0.000000 0.000000 0.100000
vn 0.000000 0.000000 0.100000
vn 0.000000 0.000000 0.100000
vn 0.000000 0.000000 0.100000
vn 0.000000 0.000000 0.100000
vn 0.000000 0.000000 0.100000
vn 0.000000 0.000000 0.100000
vn 0.000000 0.000000 0.100000
vn 0.000000 0.000000 0.100000
vn 0.000000 0.000000 0.100000
vn 0.000000 0.000000 0.100000
vn 0.000000 0.000000 0.100000
vn 0.000000 0.000000 0.100000
vn 0.000000 0.000000 0.100000
vn 0.000000 0.000000 0.100000
vn 0.000000 0.000000 0.100000
vn 0.000000 0.000000 0.100000
vn 0.000000 0.000000 0.100000
vn 0.000000 0.000000 0.100000
vn 0.000000 0.000000 0.100000
vn 0.000000 0.000000 0.100000
vn 0.000000 0.000000 0.100000
vn 0.000000 0.000000 0.100000
vn 0.000000 0.000000 0.100000
vn 0.000000 0.000000 0.100000
vn 0.000000 0.000000 0.100000
vn 0.000000 0.000000 0.100000
vn 0.000000 0.000000 0.100000
vn 0.000000 0.000000 0.100000
vn 0.000000 0.000000 0.100000
vn 0.000000 0.000000 0.100000
vn 0.000000 0.000000 0.100000
vn 0.000000 0.000000 0.100000
vn 0.000000 0.000000 0.100000
vn 0.000000 0.000000 0.100000
vn 0.000000 0.000000 0.100000
vn 0.000000 0.000000 0.100000
vn 0.000000 0.000000 0.100000
vn 0.000000 0.000000 0.100000
vn 0.000000 0.000000 0.100000
vn 0.000000 0.000000 0.100000
vn 0.000000 0.000000 0.100000
vn 0.000000 0.000000 0.100000
vn 0.000000 0.000000 0.100000
vn 0.000000 0.000000 0.100000
vn 0.000000 0.000000 0.100000
vn 0.000000 0.000000 0.100000
vn 0.000000 0.000000 0.100000
vn 0.000000 0.000000 0.100000
vn 0.000000 0.000000 0.100000
vn 0.000000 0.000000 0.100000
vn 0.000000 0.000000 0.100000
vn 0.000000 0.000000 0.100000
vn 0.000000 0.000000 0.100000
vn 0.000000 0.000000 0.100000
vn 0.000000 0.000000 0.100000
vn 0.000000 0.000000 0.100000
vn 0.000000 0.000000 0.100000
vn 0.000000 0.000000 0.100000
vn 0.000000 0.000000 0.100000
vn 0.000000 0.000000 0.100000
vn 0.000000 0.000000 0.100000
vn 0.000000 0.000000 0.100000
vn 0.000000 0.000000 0.100000
vn 0.000000 0.000000 0.100000
vn 0.000000 0.000000 0.100000
vn 0.000000 0.000000 0.100000
vn 0.000000 0.000000 0.100000
vn 0.000000 0.000000 0.100000
vn 0.000000 0.000000 0.100000
vn 0.000000 0.000000 0.100000
vn 0.000000 0.000000 0.100000
vn 0.000000 0.000000 0.100000
vn 0.000000 0.000000 0.100000
vn 0.000000 0.000000 0.100000
vn 0.000000 0.000000 0.100000
vn 0.000000 0.000000 0.100000
vn 0.000000 0.000000 0.100000
vn 0.000000 0.000000 0.100000
vn 0.000000 0.000000 0.100000
vn 0.000000 0.000000 0.100000
vn 0.000000 0.000000 0.100000
vn 0.000000 0.000000 0.100000
vn 0.000000 0.000000 0.100000
vn 0.000000 0.000000 0.100000
vn 0.000000 0.000000 0.100000
vn 0.000000 0.000000 0.100000
vn 0.000000 0.000000 0.100000
vn 0.000000 0.000000 0.100000
vn 0.000000 0.000000 0.100000
vn 0.000000 0.000000 0.100000
vn 0.000000 0.000000 0.100000
vn 0.000000 0.000000 0.100000
vn 0.000000 0.000000 0.100000
vn 0.000000 0.000000 0.100000
vn 0.000000 0.000000 0.100000
vn 0.000000 0.000000 0.100000
vn 0.000000 0.000000 0.100000
vn 0.000000 0.000000 0.100000
vn 0.000000 0.000000 0.100000
vn 0.000000 0.000000 0.100000
vn 0.000000 0.000000 0.100000
vn 0.000000 0.000000 0.100000
vn 0.000000 0.000000 0.100000
vn 0.000000 0.000000 0.100000
vn 0.000000 0.000000 0.100000
vn 0.000000 0.000000 0.100000
vn 0.000000 0.000000 0.100000
vn 0.000000 0.000000 0.100000
vn 0.000000 0.000000 0.100000
vn 0.000000 0.000000 0.100000
vn 0.000000 0.000000 0.100000
vn 0.000000 0.000000 0.100000
vn 0.000000 0.000000 0.100000
vn 0.000000 0.000000 0.100000
vn 0.000000 0.000000 0.100000
vn 0.000000 0.000000 0.100000
vn 0.000000 0.000000 0.100000
vn 0.000000 0.000000 0.100000
vn 0.000000 0.000000 0.100000
vn 0.000000 0.000000 0.100000
vn 0.000000 0.000000 0.100000
vn 0.000000 0.000000 0.100000
vn 0.000000 0.000000 0.100000
vn 0.000000 0.000000 0.100000
vn 0.000000 0.000000 0.100000
vn 0.000000 0.000000 0.100000
vn 0.000000 0.000000 0.100000
vn 0.000000 0.000000 0.100000
vn 0.000000 0.000000 0.100000
vn 0.000000 0.000000 0.100000
vn 0.000000 0.000000 0.100000
vn 0.000000 0.000000 0.100000
vn 0.000000 0.000000 0.100000
vn 0.000000 0.000000 0.100000
vn 0.000000 0.000000 0.100000
vn 0.000000 0.000000 0.100000
vn 0.000000 0.000000 0.100000
vn 0.000000 0.000000 0.100000
vn 0.000000 0.000000 0.100000
vn 0.000000 0.000000 0.100000
vn 0.000000 0.000000 0.100000
vn 0.000000 0.000000 0.100000
vn 0.000000 0.000000 0.100000
vn 0.000000 0.000000 0.100000
vn 0.000000 0.000000 0.100000
vn 0.000000 0.000000 0.100000
vn 0.000000 0.000000 0.100000
vn 0.000000 0.000000 0.100000
vn 0.000000 0.000000 0.100000
vn 0.000000 0.000000 0.100000
vn 0.000000 0.000000 0.100000
vn 0.000000 0.000000 0.100000
vn 0.000000 0.000000 0.100000
vn 0.000000 0.000000 0.100000
vn 0.000000 0.000000 0.100000
vn 0.000000 0.000000 0.100000
vn 0.000000 0.000000 0.100000
vn 0.000000 0.000000 0.100000
vn 0.000000 0.000000 0.100000
vn 0.000000 0.000000 0.100000
vn 0.000000 0.000000 0.100000
vn 0.000000 0.000000 0.100000
vn 0.000000 0.000000 0.100000
vn 0.000000 0.000000 0.100000
vn 0.000000 0.000000 0.100000
vn 0.000000 0.000000 0.100000
vn 0.000000 0.000000 0.100000
vn 0.000000 0.000000 0.100000
vn 0.000000 0.000000 0.100000
vn 0.000000 0.000000 0.100000
vn 0.000000 0.000000 0.100000
vn 0.000000 0.000000 0.100000
vn 0.000000 0.000000 0.100000
vn 0.000000 0.000000 0.100000
vn 0.000000 0.000000 0.100000
vn 0.000000 0.000000 0.100000
vn 0.000000 0.000000 0.100000
vn 0.000000 0.000000 0.100000
vn 0.000000 0.000000 0.100000
vn 0.000000 0.000000 0.100000
vn 0.000000 0.000000 0.100000
vn 0.000000 0.000000 0.100000
vn 0.000000 0.000000 0.100000
vn 0.000000 0.000000 0.100000
vn 0.000000 0.000000 0.100000
vn 0.000000 0.000000 0.100000
vn 0.000000 0.000000 0.100000
vn 0.000000 0.000000 0.100000
vn 0.000000 0.000000 0.100000
vn 0.000000 0.000000 0.100000
vn 0.000000 0.000000 0.100000
vn 0.000000 0.000000 0.100000
vn 0.000000 0.000000 0.100000
vn 0.000000 0.000000 0.100000
vn 0.000000 0.000000 0.100000
vn 0.000000 0.000000 0.100000
vn 0.000000 0.000000 0.100000
vn 0.000000 0.000000 0.100000
vn 0.000000 0.000000 0.100000
vn 0.000000 0.000000 0.100000
vn 0.000000 0.000000 0.100000
vn 0.000000 0.000000 0.100000
vn 0.000000 0.000000 0.100000
vn 0.000000 0.000000 0.100000
vn 0.000000 0.000000 0.100000
vn 0.000000 0.000000 0.100000
vn 0.000000 0.000000 0.100000
vn 0.000000 0.000000 0.100000
vn 0.000000 0.000000 0.100000
vn 0.000000 0.000000 0.100000
vn 0.000000 0.000000 0.100000
vn 0.000000 0.000000 0.100000
vn 0.000000 0.000000 0.100000
vn 0.000000 0.000000 0.100000
vn 0.000000 0.000000 0.100000
vn 0.000000 0.000000 0.100000
vn 0.000000 0.000000 0.100000
vn 0.000000 0.000000 0.100000
vn 0.000000 0.000000 0.100000
vn 0.000000 0.000000 0.100000
vn 0.000000 0.000000 0.100000
vn 0.000000 0.000000 0.100000
vn 0.000000 0.000000 0.100000
vn 0.000000 0.000000 0.100000
vn 0.000000 0.000000 0.100000
vn 0.000000 0.000000 0.100000
vn 0.000000 0.000000 0.100000
vn 0.000000 0.000000 0.100000
vn 0.000000 0.000000 0.100000
vn 0.000000 0.000000 0.100000
vn 0.000000 0.000000 0.100000
vn 0.000000 0.000000 0.100000
vn 0.000000 0.000000 0.100000
vn 0.000000 0.000000 0.100000
vn 0.000000 0.000000 0.100000
vn 0.000000 0.000000 0.100000
vn 0.000000 0.000000 0.100000
vn 0.000000 0.000000 0.100000
vn 0.000000 0.000000 0.100000
vn 0.000000 0.000000 0.100000
vn 0.000000 0.000000 0.100000
vn 0.000000 0.000000 0.100000
vn 0.000000 0.000000 0.100000
vn 0.000000 0.000000 0.100000
vn 0.000000 0.000000 0.100000
vn 0.000000 0.000000 0.100000
vn 0.000000 0.000000 0.100000
vn 0.000000 0.000000 0.100000
vn 0.000000 0.000000 0.100000
vn 0.000000 0.000000 0.100000
vn 0.000000 0.000000 0.100000
vn 0.000000 0.000000 0.100000
vn 0.000000 0.000000 0.100000
vn 0.000000 0.000000 0.100000
vn 0.000000 0.000000 0.100000
vn 0.000000 0.000000 0.100000
vn 0.000000 0.000000 0.100000
vn 0.000000 0.000000 0.100000
vn 0.000000 0.000000 0.100000
vn 0.000000 0.000000 0.100000
vn 0.000000 0.000000 0.100000
vn 0.000000 0.000000 0.100000
vn 0.000000 0.000000 0.100000
vn 0.000000 0.000000 0.100000
vn 0.000000 0.000000 0.100000
vn 0.000000 0.000000 0.100000
vn 0.000000 0.000000 0.100000
vn 0.000000 0.000000 0.100000
vn 0.000000 0.000000 0.100000
vn 0.000000 0.000000 0.100000
vn 0.000000 0.000000 0.100000
vn 0.000000 0.000000 0.100000
vn 0.000000 0.000000 0.100000
vn 0.000000 0.000000 0.100000
vn 0.000000 0.000000 0.100000
vn 0.000000 0.000000 0.100000
vn 0.000000 0.000000 0.100000
vn 0.000000 0.000000 0.100000
vn 0.000000 0.000000 0.100000
vn 0.000000 0.000000 0.100000
vn 0.000000 0.000000 0.100000
vn 0.000000 0.000000 0.100000
vn 0.000000 0.000000 0.100000
vn 0.000000 0.000000 0.100000
vn 0.000000 0.000000 0.100000
vn 0.000000 0.000000 0.100000
vn 0.000000 0.000000 0.100000
vn 0.000000 0.000000 0.100000
vn 0.000000 0.000000 0.100000
vn 0.000000 0.000000 0.100000
vn 0.000000 0.000000 0.100000
vn 0.000000 0.000000 0.100000
vn 0.000000 0.000000 0.100000
vn 0.000000 0.000000 0.100000
vn 0.000000 0.000000 0.100000
vn 0.000000 0.000000 0.100000
vn 0.000000 0.000000 0.100000
vn 0.000000 0.000000 0.100000
vn 0.000000 0.000000 0.100000
vn 0.000000 0.000000 0.100000
vn 0.000000 0.000000 0.100000
vn 0.000000 0.000000 0.100000
vn 0.000000 0.000000 0.100000
vn 0.000000 0.000000 0.100000
vn 0.000000 0.000000 0.100000
vn 0.000000 0.000000 0.100000
vn 0.000000 0.000000 0.100000
vn 0.000000 0.000000 0.100000
vn 0.000000 0.000000 0.100000
vn 0.000000 0.000000 0.100000
vn 0.000000 0.000000 0.100000
vn 0.000000 0.000000 0.100000
vn 0.000000 0.000000 0.100000
vn 0.000000 0.000000 0.100000
vn 0.000000 0.000000 0.100000
vn 0.000000 0.000000 0.100000
vn 0.000000 0.000000 0.100000
vn 0.000000 0.000000 0.100000
vn 0.000000 0.000000 0.100000
vn 0.000000 0.000000 0.100000
vn 0.000000 0.000000 0.100000
vn 0.000000 0.000000 0.100000
vn 0.000000 0.000000 0.100000
vn 0.000000 0.000000 0.100000
vn 0.000000 0.000000 0.100000
vn 0.000000 0.000000 0.100000
vn 0.000000 0.000000 0.100000
vn 0.000000 0.000000 0.100000
vn 0.000000 0.000000 0.100000
vn 0.000000 0.000000 0.100000
vn 0.000000 0.000000 0.100000
vn 0.000000 0.000000 0.100000
vn 0.000000 0.000000 0.100000
vn 0.000000 0.000000 0.100000
vn 0.000000 0.000000 0.100000
vn 0.000000 0.000000 0.100000
vn 0.000000 0.000000 0.100000
vn 0.000000 0.000000 0.100000
vn 0.000000 0.000000 0.100000
vn 0.000000 0.000000 0.100000
vn 0.000000 0.000000 0.100000
vn 0.000000 0.000000 0.100000
vn 0.000000 0.000000 0.100000
vn 0.000000 0.000000 0.100000
vn 0.000000 0.000000 0.100000
vn 0.000000 0.000000 0.100000
vn 0.000000 0.000000 0.100000
vn 0.000000 0.000000 0.100000
vn 0.000000 0.000000 0.100000
vn 0.000000 0.000000 0.100000
vn 0.000000 0.000000 0.100000
vn 0.000000 0.000000 0.100000
vn 0.000000 0.000000 0.100000
vn 0.000000 0.000000 0.100000
vn 0.000000 0.000000 0.100000
vn 0.000000 0.000000 0.100000
vn 0.000000 0.000000 0.100000
vn 0.000000 0.000000 0.100000
vn 0.000000 0.000000 0.100000
vn 0.000000 0.000000 0.100000
vn 0.000000 0.000000 0.100000
vn 0.000000 0.000000 0.100000
vn 0.000000 0.000000 0.100000
vn 0.000000 0.000000 0.100000
vn 0.000000 0.000000 0.100000
vn 0.000000 0.000000 0.100000
vn 0.000000 0.000000 0.100000
vn 0.000000 0.000000 0.100000
vn 0.000000 0.000000 0.100000
vn 0.000000 0.000000 0.100000
vn 0.000000 0.000000 0.100000
vn 0.000000 0.000000 0.100000
vn 0.000000 0.000000 0.100000
vn 0.000000 0.000000 0.100000
vn 0.000000 0.000000 0.100000
vn 0.000000 0.000000 0.100000
vn 0.000000 0.000000 0.100000
vn 0.000000 0.000000 0.100000
vn 0.000000 0.000000 0.100000
vn 0.000000 0.000000 0.100000
vn 0.000000 0.000000 0.100000
vn 0.000000 0.000000 0.100000
vn 0.000000 0.000000 0.100000
vn 0.000000 0.000000 0.100000
vn 0.000000 0.000000 0.100000
vn 0.000000 0.000000 0.100000
vn 0.000000 0.000000 0.100000
vn 0.000000 0.000000 0.100000
vn 0.000000 0.000000 0.100000
vn 0.000000 -0.100000 0.000000
vn 0.000000 -0.100000 0.000000
vn 0.000000 -0.100000 0.000000
vn 0.000000 -0.100000 0.000000
vn -0.070711 -0.070711 0.000000
vn -0.070711 -0.070711 0.000000
vn -0.070711 -0.070711 0.000000
vn -0.070711 -0.070711 0.000000
vn 0.000000 0.000000 0.100000
vn 0.000000 0.000000 0.100000
vn 0.000000 0.025882 0.096593
vn 0.000000 0.025882 0.096593
vn 0.000000 0.050000 0.086603
vn 0.000000 0.050000 0.086603
vn 0.000000 0.070711 0.070711
vn 0.000000 0.070711 0.070711
vn 0.000000 0.070711 0.070711
vn 0.000000 0.070711 0.070711
vn 0.100000 0.000000 0.000000
vn 0.100000 0.000000 0.000000
vn 0.100000 0.000000 0.000000
vn 0.100000 0.000000 0.000000
vn 0.100000 0.000000 0.000000
vn 0.100000 0.000000 0.000000
vn 0.100000 0.000000 0.000000
vn 0.100000 0.000000 0.000000
vn 0.100000 0.000000 0.000000
vn 0.100000 0.000000 0.000000
vn 0.100000 0.000000 0.000000
vn 0.100000 0.000000 0.000000
vn 0.100000 0.000000 0.000000
vn 0.100000 0.000000 0.000000
vn 0.100000 0.000000 0.000000
vn 0.100000 0.000000 0.000000
vn 0.100000 0.000000 0.000000
vn 0.100000 0.000000 0.000000
vn 0.100000 0.000000 0.000000
vn 0.100000 0.000000 0.000000
vn 0.100000 0.000000 0.000000
vn 0.100000 0.000000 0.000000
vn 0.100000 0.000000 0.000000
vn 0.100000 0.000000 0.000000
vn 0.100000 0.000000 0.000000
vn 0.100000 0.000000 0.000000
vn 0.100000 0.000000 0.000000
vn 0.100000 0.000000 0.000000
vn 0.100000 0.000000 0.000000
vn 0.100000 0.000000 0.000000
vn 0.100000 0.000000 0.000000
vn 0.100000 0.000000 0.000000
vn 0.100000 0.000000 0.000000
vn 0.100000 0.000000 0.000000
vn 0.100000 0.000000 0.000000
vn 0.100000 0.000000 0.000000
vn 0.100000 0.000000 0.000000
vn 0.100000 0.000000 0.000000
vn 0.100000 0.000000 0.000000
vn 0.100000 0.000000 0.000000
vn 0.100000 0.000000 0.000000
vn 0.100000 0.000000 0.000000
vn 0.100000 0.000000 0.000000
vn 0.100000 0.000000 0.000000
vn 0.100000 0.000000 0.000000
vn 0.100000 0.000000 0.000000
vn 0.100000 0.000000 0.000000
vn 0.100000 0.000000 0.000000
vn 0.100000 0.000000 0.000000
vn 0.100000 0.000000 0.000000
vn 0.100000 0.000000 0.000000
vn 0.100000 0.000000 0.000000
vn 0.100000 0.000000 0.000000
vn 0.100000 0.000000 0.000000
vn 0.100000 0.000000 0.000000
vn 0.100000 0.000000 0.000000
vn 0.100000 0.000000 0.000000
vn 0.100000 0.000000 0.000000
vn 0.100000 0.000000 0.000000
vn 0.100000 0.000000 0.000000
vn 0.100000 0.000000 0.000000
vn 0.100000 0.000000 0.000000
vn 0.100000 0.000000 0.000000
vn 0.100000 0.000000 0.000000
vn 0.100000 0.000000 0.000000
vn 0.100000 0.000000 0.000000
vn 0.100000 0.000000 0.000000
vn 0.100000 0.000000 0.000000
vn 0.100000 0.000000 0.000000
vn 0.100000 0.000000 0.000000
vn 0.100000 0.000000 0.000000
vn 0.100000 0.000000 0.000000
vn 0.000000 0.100000 0.000000
vn 0.000000 0.100000 0.000000
vn 0.000000 0.096593 0.025882
vn 0.000000 0.096593 0.025882
vn 0.000000 0.086603 0.050000
vn 0.000000 0.086603 0.050000
vn 0.000000 0.000000 0.100000
vn 0.000000 0.000000 0.100000
vn 0.025882 0.000000 0.096593
vn 0.025882 0.000000 0.096593
vn 0.050000 0.000000 0.086603
vn 0.050000 0.000000 0.086603
vn 0.070711 0.000000 0.070711
vn 0.070711 0.000000 0.070711
vn 0.086603 0.000000 0.050000
vn 0.086603 0.000000 0.050000
vn 0.096593 0.000000 0.025882
vn 0.096593 0.000000 0.025882
vn 0.100000 0.000000 0.000000
vn 0.100000 0.000000 0.000000
vn 0.100000 0.000000 0.000000
vn 0.100000 0.000000 0.000000
vn -0.100000 0.000000 0.000000
vn -0.100000 0.000000 0.000000
vn -0.096593 0.000000 0.025882
vn -0.096593 0.000000 0.025882
vn -0.086603 0.000000 0.050000
vn -0.086603 0.000000 0.050000
vn -0.070711 0.000000 0.070711
vn -0.070711 0.000000 0.070711
vn -0.050000 0.000000 0.086603
vn -0.050000 0.000000 0.086603
vn -0.025882 0.000000 0.096593
vn -0.025882 0.000000 0.096593
vn -0.000000 0.000000 0.100000
vn -0.000000 0.000000 0.100000
vn 0.070711 0.000000 -0.070711
vn 0.070711 0.000000 -0.070711
vn -0.070711 0.000000 -0.070711
vn -0.070711 0.000000 -0.070711
vn -0.100000 0.000000 0.000000
vn -0.100000 0.000000 0.000000
vn -0.098942 -0.014506 0.000000
vn -0.098942 -0.014506 0.000000
vn -0.098942 -0.014506 0.000000
vn -0.098942 -0.014506 0.000000
vn -0.100000 0.000000 0.000000
vn -0.100000 0.000000 0.000000
vn -0.100000 0.000000 0.000000
vn -0.100000 0.000000 0.000000
vn -0.100000 0.000000 0.000000
vn -0.100000 0.000000 0.000000
vn -0.100000 0.000000 0.000000
vn -0.100000 0.000000 0.000000
vn -0.100000 0.000000 0.000000
vn -0.100000 0.000000 0.000000
vn -0.100000 0.000000 0.000000
vn -0.100000 0.000000 0.000000
vn -0.100000 0.000000 0.000000
vn -0.100000 0.000000 0.000000
vn -0.100000 0.000000 0.000000
vn -0.100000 0.000000 0.000000
vn -0.100000 0.000000 0.000000
vn -0.100000 0.000000 0.000000
vn -0.100000 0.000000 0.000000
vn 0.000000 0.000000 0.100000
vn 0.000000 0.000000 0.100000
vn 0.000000 0.000000 0.100000
vn 0.000000 0.000000 0.100000
vn 0.000000 0.000000 0.100000
vn 0.000000 0.000000 0.100000
vn 0.000000 0.000000 0.100000
vn 0.000000 0.000000 0.100000
vn 0.000000 0.000000 0.100000
vn 0.000000 0.000000 0.100000
vn 0.000000 0.000000 0.100000
vn 0.000000 0.000000 0.100000
vn 0.000000 0.000000 0.100000
vn 0.000000 0.000000 0.100000
vn 0.000000 0.000000 0.100000
vn 0.000000 0.000000 0.100000
vn 0.000000 0.000000 0.100000
vn 0.000000 0.000000 0.100000
vn 0.000000 0.000000 0.100000
vn 0.000000 0.000000 0.100000
vn 0.000000 0.000000 0.100000
vn 0.000000 0.000000 0.100000
vn 0.000000 0.000000 0.100000
vn 0.000000 0.000000 0.100000
vn 0.000000 0.000000 0.100000
vn 0.000000 0.000000 0.100000
vn 0.000000 0.000000 0.100000
vn 0.000000 0.000000 0.100000
vn 0.000000 0.000000 0.100000
vn 0.000000 0.000000 0.100000
vn 0.000000 0.000000 0.100000
vn 0.000000 -0.091018 -0.041421
vn 0.000000 -0.091018 -0.041421
vn 0.000000 -0.092388 -0.038268
vn 0.000000 -0.085434 -0.051972
vn 0.000000 -0.083147 -0.055557
vn 0.000000 -0.078633 -0.061781
vn 0.000000 -0.070711 -0.070711
vn 0.000000 -0.070711 -0.070711
vn 0.000000 -0.094914 -0.031486
vn 0.000000 -0.098079 -0.019509
vn 0.000000 -0.097729 -0.021192
vn 0.000000 -0.099431 -0.010657
vn 0.000000 -0.100000 0.000000
vn 0.000000 -0.100000 0.000000
vn 0.000000 -0.070711 -0.070711
vn 0.000000 -0.070711 -0.070711
vn 0.000000 -0.070711 -0.070711
vn -0.100000 0.000000 0.000000
vn -0.100000 0.000000 0.000000
vn -0.100000 0.000000 0.000000
vn -0.100000 0.000000 0.000000
vn -0.100000 0.000000 0.000000
vn -0.100000 0.000000 0.000000
vn -0.100000 0.000000 0.000000
vn -0.100000 0.000000 0.000000
vn -0.100000 0.000000 0.000000
vn -0.100000 0.000000 0.000000
vn 0.000000 -0.100000 0.000000
vn 0.000000 -0.100000 0.000000
vn 0.000000 -0.100000 0.000000
vn 0.000000 -0.100000 0.000000
vn 0.000000 -0.100000 0.000000
vn 0.000000 -0.100000 0.000000
vn 0.000000 -0.100000 0.000000
vn -0.000000 0.070711 0.070711
vn -0.000000 0.070711 0.070711
vn -0.000000 0.070711 0.070711
vn -0.000000 0.070711 0.070711
vn -0.100000 0.000000 0.000000
vn -0.100000 0.000000 0.000000
vn -0.100000 0.000000 0.000000
vn -0.100000 0.000000 0.000000
vn -0.100000 0.000000 0.000000
vn -0.100000 0.000000 0.000000
vn -0.100000 0.000000 0.000000
vn -0.100000 0.000000 0.000000
vn -0.100000 0.000000 0.000000
vn -0.100000 0.000000 0.000000
vn -0.100000 0.000000 0.000000
vn -0.100000 0.000000 0.000000
vn -0.100000 0.000000 0.000000
vn -0.100000 0.000000 0.000000
vn -0.100000 0.000000 0.000000
vn -0.100000 0.000000 0.000000
vn -0.100000 0.000000 0.000000
vn -0.100000 0.000000 0.000000
vn -0.100000 0.000000 0.000000
vn -0.100000 0.000000 0.000000
vn -0.100000 0.000000 0.000000
vn -0.100000 0.000000 0.000000
vn -0.100000 0.000000 0.000000
vn -0.100000 0.000000 0.000000
vn -0.100000 0.000000 0.000000
vn -0.100000 0.000000 0.000000
vn -0.100000 0.000000 0.000000
vn -0.100000 0.000000 0.000000
vn -0.100000 0.000000 0.000000
vn -0.100000 0.000000 0.000000
vn -0.100000 0.000000 0.000000
vn -0.100000 0.000000 0.000000
vn -0.100000 0.000000 0.000000
vn -0.100000 0.000000 0.000000
vn -0.100000 0.000000 0.000000
vn -0.100000 0.000000 0.000000
vn -0.100000 0.000000 0.000000
vn -0.100000 0.000000 0.000000
vn -0.100000 0.000000 0.000000
vn -0.100000 0.000000 0.000000
vn -0.000000 0.100000 0.000000
vn -0.000000 0.100000 0.000000
vn -0.000000 0.100000 0.000000
vn -0.000000 0.100000 0.000000
vn 0.070711 -0.000000 0.070711
vn 0.070711 -0.000000 0.070711
vn 0.070711 -0.000000 0.070711
vn 0.070711 -0.000000 0.070711
vn 0.000000 -0.100000 0.000000
vn 0.000000 -0.100000 0.000000
vn 0.000000 -0.100000 0.000000
vn 0.000000 -0.100000 0.000000
vn 0.000000 -0.100000 0.000000
vn 0.000000 -0.100000 0.000000
vn 0.000000 -0.100000 0.000000
vn 0.000000 -0.100000 0.000000
vn 0.000000 -0.100000 0.000000
vn 0.000000 -0.100000 0.000000
vn 0.000000 -0.100000 0.000000
vn 0.000000 -0.100000 0.000000
vn 0.000000 0.000000 0.100000
vn 0.000000 0.000000 0.100000
vn 0.000000 0.000000 0.100000
vn 0.000000 0.000000 0.100000
vn 0.000000 0.000000 0.100000
vn 0.000000 0.000000 0.100000
vn 0.000000 0.000000 0.100000
vn 0.000000 0.000000 0.100000
vn 0.000000 0.000000 0.100000
vn 0.000000 0.000000 0.100000
vn 0.000000 0.000000 0.100000
vn 0.000000 0.000000 0.100000
vn 0.000000 0.000000 0.100000
vn 0.000000 0.000000 0.100000
vn 0.000000 0.000000 0.100000
vn 0.000000 0.000000 0.100000
vn 0.000000 0.000000 0.100000
vn 0.100000 0.000000 0.000000
vn 0.100000 0.000000 0.000000
vn 0.100000 0.000000 0.000000
vn 0.100000 0.000000 0.000000
vn 0.000000 0.000000 0.100000
vn 0.000000 0.000000 0.100000
vn 0.000000 0.000000 0.100000
vn 0.000000 0.000000 0.100000
vn 0.000000 0.000000 0.100000
vn 0.000000 0.000000 0.100000
vn 0.000000 0.000000 0.100000
vn 0.000000 0.000000 0.100000
vn 0.000000 0.100000 0.000000
vn 0.000000 0.100000 0.000000
vn 0.000000 -0.070590 -0.070831
vn 0.000000 -0.070590 -0.070831
vn 0.000000 0.070831 -0.070590
vn 0.000000 0.070831 -0.070590
vn -0.099856 0.005358 -0.000000
vn -0.099856 0.005358 -0.000000
vn -0.099856 0.005358 -0.000000
vn -0.099856 0.005358 -0.000000
vn -0.099856 0.005358 -0.000000
vn -0.099856 0.005358 -0.000000
vn -0.099856 0.005358 -0.000000
vn -0.099856 0.005358 -0.000000
vn -0.099856 0.005358 -0.000000
vn -0.099856 0.005358 -0.000000
vn -0.099856 0.005358 -0.000000
vn -0.099856 0.005358 -0.000000
vn -0.099856 0.005358 -0.000000
vn 0.000000 -0.100000 0.000000
vn 0.000000 -0.100000 0.000000
vn 0.000000 -0.100000 0.000000
vn 0.000000 -0.100000 0.000000
vn 0.100000 -0.000000 0.000000
vn 0.100000 -0.000000 0.000000
vn 0.096593 -0.000000 0.025882
vn 0.096593 -0.000000 0.025882
vn 0.086603 -0.000000 0.050000
vn 0.086603 -0.000000 0.050000
vn 0.070711 -0.000000 0.070711
vn 0.070711 -0.000000 0.070711
vn 0.050000 -0.000000 0.086603
vn 0.050000 -0.000000 0.086603
vn 0.025882 -0.000000 0.096593
vn 0.025882 -0.000000 0.096593
vn 0.000000 -0.000000 0.100000
vn 0.000000 -0.000000 0.100000
vn 0.100000 0.000000 0.000000
vn 0.100000 0.000000 0.000000
vn 0.100000 0.000000 0.000000
vn 0.100000 0.000000 0.000000
vn 0.100000 0.000000 0.000000
vn 0.100000 0.000000 0.000000
vn 0.100000 0.000000 0.000000
vn 0.100000 0.000000 0.000000
vn 0.100000 0.000000 0.000000
vn 0.000000 0.070711 0.070711
vn 0.000000 0.070711 0.070711
vn 0.000000 0.070711 0.070711
vn 0.000000 0.070711 0.070711
vn -0.070711 0.070711 0.000000
vn -0.070711 0.070711 0.000000
vn -0.070711 0.070711 0.000000
vn -0.070711 0.070711 0.000000
vn -0.000000 0.100000 -0.000000
vn -0.000000 0.100000 -0.000000
vn -0.000000 0.100000 -0.000000
vn -0.000000 0.100000 -0.000000
vn -0.000000 0.100000 -0.000000
vn -0.000000 0.100000 -0.000000
vn -0.000000 0.100000 -0.000000
vn -0.000000 0.100000 -0.000000
vn -0.000000 0.100000 -0.000000
vn -0.000000 0.100000 -0.000000
vn -0.000000 0.100000 -0.000000
vn -0.000000 0.100000 -0.000000
vn -0.000000 0.100000 -0.000000
vn -0.000000 0.100000 -0.000000
vn 0.000000 0.096593 0.025882
vn 0.000000 0.096593 0.025882
vn 0.000000 0.086603 0.050000
vn 0.000000 0.086603 0.050000
vn 0.000000 0.070711 0.070711
vn 0.000000 0.070711 0.070711
vn 0.000000 0.050000 0.086603
vn 0.000000 0.050000 0.086603
vn 0.000000 0.025882 0.096593
vn 0.000000 0.025882 0.096593
vn 0.000000 0.000000 0.100000
vn 0.000000 0.000000 0.100000
vn -0.000000 0.100000 -0.000000
vn -0.000000 0.100000 -0.000000
vn 0.100000 0.000000 0.000000
vn 0.100000 0.000000 0.000000
vn 0.100000 0.000000 0.000000
vn 0.100000 0.000000 0.000000
vn 0.100000 0.000000 0.000000
vn 0.100000 0.000000 0.000000
vn 0.100000 0.000000 0.000000
vn 0.100000 0.000000 0.000000
vn 0.100000 0.000000 0.000000
vn 0.100000 0.000000 0.000000
vn 0.100000 0.000000 0.000000
vn 0.100000 0.000000 0.000000
vn 0.100000 0.000000 0.000000
vn 0.100000 0.000000 0.000000
vn 0.100000 0.000000 0.000000
vn 0.100000 0.000000 0.000000
vn 0.100000 0.000000 0.000000
vn 0.100000 0.000000 0.000000
vn 0.100000 0.000000 0.000000
vn 0.100000 0.000000 0.000000
vn 0.100000 0.000000 0.000000
vn 0.100000 0.000000 0.000000
vn 0.100000 0.000000 0.000000
vn 0.100000 0.000000 0.000000
vn 0.100000 0.000000 0.000000
vn 0.100000 0.000000 0.000000
vn 0.100000 0.000000 0.000000
vn 0.100000 0.000000 0.000000
vn 0.100000 0.000000 0.000000
vn 0.100000 0.000000 0.000000
vn 0.100000 0.000000 0.000000
vn 0.100000 0.000000 0.000000
vn 0.070711 -0.000000 0.070711
vn 0.070711 -0.000000 0.070711
vn 0.050000 -0.000000 0.086603
vn 0.050000 -0.000000 0.086603
vn 0.025882 -0.000000 0.096593
vn 0.025882 -0.000000 0.096593
vn 0.000000 0.000000 0.100000
vn 0.000000 0.000000 0.100000
vn 0.000000 0.100000 0.000000
vn 0.000000 0.100000 0.000000
vn 0.000000 0.100000 0.000000
vn 0.000000 0.100000 0.000000
vn 0.000000 0.100000 0.000000
vn 0.000000 0.100000 0.000000
vn 0.000000 0.100000 0.000000
vn 0.000000 0.100000 0.000000
vn 0.000000 0.100000 0.000000
vn 0.000000 0.100000 0.000000
vn 0.000000 0.100000 0.000000
vn 0.000000 0.100000 0.000000
vn 0.000000 0.100000 0.000000
vn 0.000000 0.100000 0.000000
vn 0.000000 0.100000 0.000000
vn 0.000000 0.100000 0.000000
vn 0.000000 0.100000 0.000000
vn 0.000000 0.100000 0.000000
vn 0.000000 0.100000 0.000000
vn 0.070711 -0.000000 0.070711
vn 0.070711 -0.000000 0.070711
vn 0.070711 -0.000000 0.070711
vn -0.100000 0.000000 -0.000000
vn -0.100000 0.000000 -0.000000
vn -0.096593 0.000000 0.025882
vn -0.096593 0.000000 0.025882
vn -0.086603 0.000000 0.050000
vn -0.086603 0.000000 0.050000
vn -0.070711 0.000000 0.070711
vn -0.070711 0.000000 0.070711
vn -0.050000 0.000000 0.086603
vn -0.050000 0.000000 0.086603
vn -0.025882 0.000000 0.096593
vn -0.025882 0.000000 0.096593
vn -0.000000 0.000000 0.100000
vn -0.000000 0.000000 0.100000
vn 0.000000 -0.100000 0.000000
vn 0.000000 -0.100000 0.000000
vn 0.000000 -0.100000 0.000000
vn 0.000000 -0.100000 0.000000
vn 0.000000 -0.100000 0.000000
vn 0.000000 -0.100000 0.000000
vn 0.000000 -0.100000 0.000000
vn 0.000000 -0.100000 0.000000
vn 0.000000 -0.100000 0.000000
vn 0.000000 -0.100000 0.000000
vn 0.000000 -0.100000 0.000000
vn 0.000000 -0.100000 0.000000
vn 0.000000 -0.100000 0.000000
vn 0.000000 -0.100000 0.000000
vn 0.000000 -0.100000 0.000000
vn 0.000000 -0.100000 0.000000
vn 0.000000 -0.100000 0.000000
vn 0.000000 -0.100000 0.000000
vn 0.000000 -0.100000 0.000000
vn 0.000000 -0.100000 0.000000
vn 0.000000 -0.100000 0.000000
vn 0.000000 -0.100000 0.000000
vn 0.000000 -0.100000 0.000000
vn 0.000000 -0.100000 0.000000
vn 0.000000 -0.100000 0.000000
vn 0.000000 -0.100000 0.000000
vn 0.000000 -0.100000 0.000000
vn 0.000000 -0.100000 0.000000
vn 0.000000 -0.100000 0.000000
vn 0.000000 -0.100000 0.000000
vn 0.000000 -0.100000 0.000000
vn 0.000000 -0.100000 0.000000
vn 0.000000 -0.100000 0.000000
vn 0.000000 -0.100000 0.000000
vn 0.000000 -0.100000 0.000000
vn 0.000000 -0.100000 0.000000
vn -0.100000 0.000000 0.000000
vn -0.100000 0.000000 0.000000
vn -0.000000 0.100000 0.000000
vn -0.000000 0.100000 0.000000
vn -0.000000 0.100000 0.000000
vn -0.000000 0.100000 0.000000
vn -0.000000 0.100000 0.000000
vn -0.000000 0.100000 0.000000
vn -0.000000 0.100000 0.000000
vn -0.000000 0.100000 0.000000
vn -0.000000 0.100000 0.000000
vn -0.000000 0.100000 0.000000
vn -0.000000 0.100000 0.000000
vn -0.000000 0.100000 0.000000
vn -0.100000 0.000000 0.000000
vn -0.100000 0.000000 0.000000
vn -0.100000 0.000000 0.000000
vn -0.100000 0.000000 0.000000
vn -0.100000 0.000000 0.000000
vn -0.100000 0.000000 0.000000
vn -0.100000 0.000000 0.000000
vn -0.100000 0.000000 0.000000
vn -0.100000 0.000000 0.000000
vn -0.100000 0.000000 0.000000
vn -0.100000 0.000000 0.000000
vn -0.100000 0.000000 0.000000
vn -0.100000 0.000000 0.000000
vn -0.100000 0.000000 0.000000
vn -0.100000 0.000000 0.000000
vn -0.100000 0.000000 0.000000
vn -0.100000 0.000000 0.000000
vn -0.100000 0.000000 0.000000
vn -0.100000 0.000000 0.000000
vn -0.100000 0.000000 0.000000
vn -0.100000 0.000000 0.000000
vn -0.100000 0.000000 0.000000
vn -0.100000 0.000000 0.000000
vn -0.100000 0.000000 0.000000
vn -0.100000 0.000000 0.000000
vn -0.100000 0.000000 0.000000
vn -0.100000 0.000000 0.000000
vn -0.100000 0.000000 0.000000
vn -0.100000 0.000000 0.000000
vn -0.100000 0.000000 0.000000
vn -0.100000 0.000000 0.000000
vn -0.100000 0.000000 0.000000
vn -0.100000 0.000000 0.000000
vn -0.100000 0.000000 0.000000
vn -0.100000 0.000000 0.000000
vn -0.100000 0.000000 0.000000
vn -0.100000 0.000000 0.000000
vn 0.000000 0.070711 0.070711
vn 0.000000 0.070711 0.070711
vn 0.000000 0.070711 0.070711
vn 0.000000 0.070711 0.070711
vn 0.070711 0.070711 0.000000
vn 0.070711 0.070711 0.000000
vn 0.070711 0.070711 0.000000
vn 0.070711 0.070711 0.000000
vn 0.000000 0.000000 0.100000
vn 0.000000 0.000000 0.100000
vn 0.000000 0.000000 0.100000
vn 0.000000 0.000000 0.100000
vn 0.000000 0.000000 0.100000
vn 0.000000 0.000000 0.100000
vn 0.000000 0.000000 0.100000
vn 0.000000 0.000000 0.100000
vn 0.000000 0.000000 0.100000
vn 0.000000 0.000000 0.100000
vn 0.000000 0.000000 0.100000
vn 0.000000 0.000000 0.100000
vn 0.000000 0.000000 0.100000
vn 0.000000 0.000000 0.100000
vn 0.000000 0.000000 0.100000
vn 0.000000 0.000000 0.100000
vn 0.000000 0.000000 0.100000
vn 0.000000 0.000000 0.100000
vn 0.000000 0.000000 0.100000
vn 0.000000 0.000000 0.100000
vn 0.000000 0.000000 0.100000
vn 0.000000 0.000000 0.100000
vn 0.000000 0.000000 0.100000
vn 0.000000 0.000000 0.100000
vn 0.000000 0.000000 0.100000
vn 0.000000 0.000000 0.100000
vn 0.000000 0.000000 0.100000
vn 0.000000 0.000000 0.100000
vn 0.000000 0.000000 0.100000
vn 0.000000 0.000000 0.100000
vn 0.000000 0.000000 0.100000
vn 0.000000 0.000000 0.100000
vn 0.000000 0.000000 0.100000
vn 0.000000 0.000000 0.100000
vn 0.000000 0.000000 0.100000
vn 0.000000 0.000000 0.100000
vn 0.000000 0.000000 0.100000
vn 0.000000 0.000000 0.100000
vn 0.000000 0.000000 0.100000
vn 0.000000 0.000000 0.100000
vn 0.000000 0.000000 0.100000
vn 0.000000 0.000000 0.100000
vn 0.000000 0.000000 0.100000
vn 0.000000 0.000000 0.100000
vn 0.000000 0.000000 0.100000
vn 0.000000 0.000000 0.100000
vn 0.000000 0.000000 0.100000
vn 0.000000 0.000000 0.100000
vn 0.000000 0.000000 0.100000
vn 0.000000 0.000000 0.100000
vn 0.000000 0.000000 0.100000
vn 0.000000 0.000000 0.100000
vn 0.000000 0.000000 0.100000
vn 0.000000 0.000000 0.100000
vn 0.000000 0.000000 0.100000
vn 0.000000 0.000000 0.100000
vn 0.000000 0.000000 0.100000
vn 0.000000 0.000000 0.100000
vn 0.000000 0.000000 0.100000
vn 0.000000 0.000000 0.100000
vn 0.000000 0.000000 0.100000
vn 0.000000 0.000000 0.100000
vn 0.000000 0.000000 0.100000
vn 0.000000 0.000000 0.100000
vn 0.000000 0.000000 0.100000
vn 0.000000 0.000000 0.100000
vn 0.000000 0.000000 0.100000
vn 0.000000 0.000000 0.100000
vn 0.000000 0.000000 0.100000
vn 0.000000 0.000000 0.100000
vn 0.000000 0.000000 0.100000
vn 0.000000 0.000000 0.100000
vn 0.000000 0.000000 0.100000
vn 0.000000 0.000000 0.100000
vn 0.000000 0.000000 0.100000
vn 0.000000 0.000000 0.100000
vn 0.000000 0.000000 0.100000
vn 0.000000 0.000000 0.100000
vn 0.000000 0.000000 0.100000
vn 0.000000 0.000000 0.100000
vn 0.000000 0.000000 0.100000
vn 0.000000 0.000000 0.100000
vn 0.000000 0.000000 0.100000
vn 0.000000 0.000000 0.100000
vn 0.000000 0.000000 0.100000
vn 0.000000 0.000000 0.100000
vn 0.000000 0.000000 0.100000
vn 0.000000 0.000000 0.100000
vn 0.000000 0.000000 0.100000
vn 0.000000 0.000000 0.100000
vn 0.000000 0.000000 0.100000
vn 0.000000 0.000000 0.100000
vn 0.000000 0.000000 0.100000
vn 0.000000 0.000000 0.100000
vn 0.000000 0.000000 0.100000
vn 0.000000 0.000000 0.100000
vn 0.000000 0.000000 0.100000
vn 0.000000 0.000000 0.100000
vn 0.000000 0.000000 0.100000
vn 0.000000 0.000000 0.100000
vn 0.000000 0.000000 0.100000
vn 0.000000 0.000000 0.100000
vn 0.000000 0.000000 0.100000
vn 0.000000 0.000000 0.100000
vn 0.000000 0.000000 0.100000
vn 0.000000 0.000000 0.100000
vn 0.000000 0.000000 0.100000
vn 0.000000 0.000000 0.100000
vn 0.000000 0.000000 0.100000
vn 0.000000 0.000000 0.100000
vn 0.000000 0.000000 0.100000
vn 0.000000 0.000000 0.100000
vn 0.000000 0.000000 0.100000
vn 0.000000 0.000000 0.100000
vn 0.000000 0.000000 0.100000
vn 0.000000 0.000000 0.100000
vn 0.000000 0.000000 0.100000
vn 0.000000 0.000000 0.100000
vn 0.000000 0.000000 0.100000
vn 0.000000 0.000000 0.100000
vn 0.000000 0.000000 0.100000
vn 0.000000 0.000000 0.100000
vn 0.000000 0.025882 0.096593
vn 0.000000 0.025882 0.096593
vn 0.000000 0.050000 0.086603
vn 0.000000 0.050000 0.086603
vn 0.000000 0.070711 0.070711
vn 0.000000 0.070711 0.070711
vn 0.000000 0.086603 0.050000
vn 0.000000 0.086603 0.050000
vn 0.000000 0.096593 0.025882
vn 0.000000 0.096593 0.025882
vn 0.000000 0.100000 0.000000
vn 0.000000 0.100000 0.000000
vn -0.100000 0.000000 0.000000
vn -0.100000 0.000000 0.000000
vn -0.100000 0.000000 0.000000
vn -0.100000 0.000000 0.000000
vn -0.100000 0.000000 0.000000
vn -0.100000 0.000000 0.000000
vn -0.100000 0.000000 0.000000
vn -0.100000 0.000000 0.000000
vn -0.100000 0.000000 0.000000
vn -0.100000 0.000000 0.000000
vn -0.100000 0.000000 0.000000
vn -0.100000 0.000000 0.000000
vn -0.100000 0.000000 0.000000
vn -0.100000 0.000000 0.000000
vn -0.100000 0.000000 0.000000
vn -0.100000 0.000000 0.000000
vn -0.100000 0.000000 0.000000
vn -0.100000 0.000000 0.000000
vn -0.100000 0.000000 0.000000
vn -0.100000 0.000000 0.000000
vn -0.100000 0.000000 0.000000
vn -0.100000 0.000000 0.000000
vn -0.100000 0.000000 0.000000
vn -0.100000 0.000000 0.000000
vn -0.100000 0.000000 0.000000
vn -0.100000 0.000000 0.000000
vn -0.100000 0.000000 0.000000
vn -0.100000 0.000000 0.000000
vn -0.100000 0.000000 0.000000
vn -0.100000 0.000000 0.000000
vn -0.100000 0.000000 0.000000
vn -0.100000 0.000000 0.000000
vn -0.100000 0.000000 0.000000
vn -0.100000 0.000000 0.000000
vn -0.100000 0.000000 0.000000
vn -0.100000 0.000000 0.000000
vn 0.000000 -0.100000 0.000000
vn 0.000000 -0.100000 0.000000
vn 0.000000 -0.096593 0.025882
vn 0.000000 -0.096593 0.025882
vn 0.000000 -0.086603 0.050000
vn 0.000000 -0.086603 0.050000
vn 0.000000 -0.070711 0.070711
vn 0.000000 -0.070711 0.070711
vn 0.000000 -0.050000 0.086603
vn 0.000000 -0.050000 0.086603
vn 0.000000 -0.025882 0.096593
vn 0.000000 -0.025882 0.096593
vn 0.000000 -0.100000 0.000000
vn 0.000000 -0.100000 0.000000
vn 0.100000 -0.000000 0.000000
vn 0.100000 -0.000000 0.000000
vn 0.100000 -0.000000 0.000000
vn 0.100000 -0.000000 0.000000
vn 0.100000 -0.000000 0.000000
vn 0.100000 -0.000000 0.000000
vn 0.100000 -0.000000 0.000000
vn 0.100000 -0.000000 0.000000
vn 0.100000 -0.000000 0.000000
vn 0.100000 -0.000000 0.000000
vn 0.100000 -0.000000 0.000000
vn 0.100000 -0.000000 0.000000
vn 0.100000 -0.000000 0.000000
vn 0.100000 -0.000000 0.000000
vn 0.100000 -0.000000 0.000000
vn 0.100000 -0.000000 0.000000
vn 0.100000 -0.000000 0.000000
vn 0.100000 -0.000000 0.000000
vn 0.100000 -0.000000 0.000000
vn 0.100000 -0.000000 0.000000
vn 0.100000 -0.000000 0.000000
vn 0.100000 -0.000000 0.000000
vn 0.100000 -0.000000 0.000000
vn 0.100000 -0.000000 0.000000
vn 0.100000 -0.000000 0.000000
vn 0.100000 -0.000000 0.000000
vn 0.100000 -0.000000 0.000000
vn 0.100000 -0.000000 0.000000
vn 0.100000 -0.000000 0.000000
vn 0.100000 -0.000000 0.000000
vn 0.100000 -0.000000 0.000000
vn 0.100000 -0.000000 0.000000
vn 0.100000 -0.000000 0.000000
vn 0.100000 -0.000000 0.000000
vn 0.100000 -0.000000 0.000000
vn 0.100000 -0.000000 0.000000
vn 0.100000 -0.000000 0.000000
vn 0.000000 0.100000 0.000000
vn 0.000000 0.100000 0.000000
vn -0.100000 0.000000 0.000000
vn -0.096593 -0.025882 0.000000
vn -0.096593 0.000000 -0.025882
vn -0.093301 -0.025882 -0.025000
vn -0.086603 0.000000 -0.050000
vn -0.083652 -0.025882 -0.048296
vn -0.070711 0.000000 -0.070711
vn -0.068301 -0.025882 -0.068301
vn -0.050000 0.000000 -0.086603
vn -0.048296 -0.025882 -0.083652
vn -0.025882 0.000000 -0.096593
vn -0.025000 -0.025882 -0.093301
vn -0.000000 0.000000 -0.100000
vn -0.000000 -0.025882 -0.096593
vn -0.022414 -0.050000 -0.083652
vn -0.000000 -0.050000 -0.086603
vn -0.018301 -0.070711 -0.068301
vn -0.000000 -0.070711 -0.070711
vn -0.012941 -0.086603 -0.048296
vn -0.000000 -0.086603 -0.050000
vn -0.006699 -0.096593 -0.025000
vn -0.000000 -0.096593 -0.025882
vn 0.000000 -0.100000 0.000000
vn -0.000000 -0.100000 -0.000000
vn -0.086603 -0.050000 0.000000
vn -0.083652 -0.050000 -0.022414
vn -0.075000 -0.050000 -0.043301
vn -0.061237 -0.050000 -0.061237
vn -0.043301 -0.050000 -0.075000
vn -0.070711 -0.070711 0.000000
vn -0.068301 -0.070711 -0.018301
vn -0.061237 -0.070711 -0.035355
vn -0.050000 -0.070711 -0.050000
vn -0.035355 -0.070711 -0.061237
vn -0.050000 -0.086603 0.000000
vn -0.048296 -0.086603 -0.012941
vn -0.043301 -0.086603 -0.025000
vn -0.035355 -0.086603 -0.035355
vn -0.025000 -0.086603 -0.043301
vn -0.025882 -0.096593 0.000000
vn -0.025000 -0.096593 -0.006699
vn -0.022414 -0.096593 -0.012941
vn -0.018301 -0.096593 -0.018301
vn -0.012941 -0.096593 -0.022414
vn 0.000000 -0.100000 -0.000000
vn 0.000000 -0.100000 0.000000
vn 0.000000 -0.100000 0.000000
vn -0.000000 -0.100000 -0.000000
vn -0.000000 -0.100000 -0.000000
vn -0.000000 -0.096593 -0.025882
vn -0.000000 -0.096593 -0.025882
vn -0.000000 -0.100000 0.000000
vn -0.000000 -0.096593 -0.025882
vn -0.000000 -0.096593 -0.025882
vn -0.000000 -0.086603 -0.050000
vn -0.000000 -0.086603 -0.050000
vn -0.000000 -0.070711 -0.070711
vn -0.000000 -0.070711 -0.070711
vn -0.000000 -0.050000 -0.086603
vn -0.000000 -0.025882 -0.096593
vn -0.000000 -0.025882 -0.096593
vn -0.000000 -0.025882 -0.096593
vn -0.000000 -0.050000 -0.086603
vn -0.000000 -0.050000 -0.086603
vn -0.000000 -0.070711 -0.070711
vn -0.000000 -0.070711 -0.070711
vn -0.000000 -0.086603 -0.050000
vn -0.000000 -0.086603 -0.050000
vn -0.000000 -0.070711 -0.070711
vn -0.000000 -0.050000 -0.086603
vn -0.000000 -0.025882 -0.096593
vn -0.000000 -0.000000 -0.100000
vn -0.000000 -0.050000 -0.086603
vn -0.000000 -0.025882 -0.096593
vn -0.000000 -0.025882 -0.096593
vn -0.000000 -0.086603 -0.050000
vn -0.000000 -0.096593 -0.025882
vn -0.000000 -0.096593 -0.025882
vn -0.000000 -0.086603 -0.050000
vn -0.000000 -0.070711 -0.070711
vn -0.000000 -0.050000 -0.086603
vn 0.000000 -0.100000 -0.000000
vn 0.025882 -0.096593 -0.000000
vn 0.000000 -0.100000 -0.000000
vn 0.025000 -0.096593 -0.006699
vn -0.000000 -0.100000 0.000000
vn 0.022414 -0.096593 -0.012941
vn 0.000000 -0.100000 -0.000000
vn 0.018301 -0.096593 -0.018301
vn -0.000000 -0.100000 0.000000
vn 0.012941 -0.096593 -0.022414
vn -0.000000 -0.100000 0.000000
vn 0.006699 -0.096593 -0.025000
vn 0.012941 -0.086603 -0.048296
vn 0.018301 -0.070711 -0.068301
vn 0.022414 -0.050000 -0.083652
vn 0.025000 -0.025882 -0.093301
vn 0.025882 -0.000000 -0.096593
vn 0.050000 -0.086603 -0.000000
vn 0.048296 -0.086603 -0.012941
vn 0.043301 -0.086603 -0.025000
vn 0.035355 -0.086603 -0.035355
vn 0.025000 -0.086603 -0.043301
vn 0.070711 -0.070711 -0.000000
vn 0.068301 -0.070711 -0.018301
vn 0.061237 -0.070711 -0.035355
vn 0.050000 -0.070711 -0.050000
vn 0.035355 -0.070711 -0.061237
vn 0.086603 -0.050000 -0.000000
vn 0.083652 -0.050000 -0.022414
vn 0.075000 -0.050000 -0.043301
vn 0.061237 -0.050000 -0.061237
vn 0.043301 -0.050000 -0.075000
vn 0.096593 -0.025882 -0.000000
vn 0.093301 -0.025882 -0.025000
vn 0.083652 -0.025882 -0.048296
vn 0.068301 -0.025882 -0.068301
vn 0.048296 -0.025882 -0.083652
vn 0.100000 -0.000000 -0.000000
vn 0.096593 -0.000000 -0.025882
vn 0.086603 -0.000000 -0.050000
vn 0.070711 -0.000000 -0.070711
vn 0.050000 -0.000000 -0.086603
vn 0.000000 -0.100000 -0.000000
vn 0.025882 -0.096593 -0.000000
vn 0.050000 -0.086603 -0.000000
vn 0.070711 -0.070711 -0.000000
vn 0.086603 -0.050000 -0.000000
vn 0.096593 -0.025882 -0.000000
vn 0.100000 0.000000 -0.000000
vn -0.000000 -0.100000 -0.000000
vn 0.015469 -0.096593 0.020751
vn -0.000000 -0.100000 -0.000000
vn 0.019835 -0.096593 0.016627
vn 0.000000 -0.100000 0.000000
vn 0.023133 -0.096593 0.011609
vn 0.000000 -0.100000 0.000000
vn 0.025185 -0.096593 0.005965
vn 0.048654 -0.086603 0.011523
vn 0.068807 -0.070711 0.016296
vn 0.084271 -0.050000 0.019959
vn 0.093992 -0.025882 0.022261
vn 0.097308 -0.000000 0.023046
vn 0.029883 -0.086603 0.040087
vn 0.038317 -0.086603 0.032121
vn 0.044689 -0.086603 0.022426
vn 0.042261 -0.070711 0.056692
vn 0.054189 -0.070711 0.045426
vn 0.063199 -0.070711 0.031715
vn 0.051759 -0.050000 0.069433
vn 0.066368 -0.050000 0.055636
vn 0.077403 -0.050000 0.038843
vn 0.057730 -0.025882 0.077443
vn 0.074023 -0.025882 0.062054
vn 0.086332 -0.025882 0.043324
vn 0.059766 -0.000000 0.080175
vn 0.076635 -0.000000 0.064243
vn 0.089377 -0.000000 0.044852
vn 0.057681 -0.026207 0.077370
vn 0.046221 -0.000002 0.088677
vn 0.044481 -0.023015 0.086555
vn 0.031464 -0.000003 0.094921
vn 0.029126 -0.023482 0.092738
vn 0.015955 -0.000022 0.098719
vn 0.014818 -0.023760 0.095999
vn 0.000000 0.000000 0.100000
vn 0.014337 -0.037552 0.091566
vn 0.000000 -0.024022 0.097072
vn 0.013559 -0.050480 0.085252
vn 0.000000 -0.045625 0.088985
vn 0.012476 -0.062574 0.076999
vn 0.011062 -0.073734 0.066641
vn 0.021580 -0.073113 0.064721
vn 0.016252 -0.087053 0.046450
vn 0.024564 -0.086027 0.044676
vn 0.018980 -0.092326 0.033401
vn 0.015673 -0.096505 0.021004
vn 0.013044 -0.096783 0.021515
vn 0.006726 -0.099369 0.008971
vn 0.008630 -0.097394 0.020972
vn 0.004435 -0.099641 0.007214
vn 0.004462 -0.097727 0.020725
vn 0.002314 -0.099774 0.006312
vn 0.000000 -0.098899 0.014800
vn 0.000000 -0.099558 -0.009391
vn 0.000011 -0.099614 -0.008773
vn -0.000028 -0.099757 -0.006971
vn 0.000003 -0.099919 -0.004029
vn 0.051866 -0.049710 0.069562
vn 0.042813 -0.036458 0.082692
vn 0.028119 -0.037149 0.088483
vn 0.040311 -0.049107 0.077224
vn 0.036949 -0.060993 0.070105
vn 0.032658 -0.072025 0.061203
vn 0.024380 -0.061998 0.074578
vn 0.029710 -0.086769 0.039855
vn 0.000000 -0.092876 0.037067
vn 0.006471 -0.093669 0.034414
vn 0.012561 -0.093188 0.034032
vn 0.000000 -0.081690 0.057678
vn 0.008353 -0.087632 0.047443
vn 0.000000 -0.065095 0.075912
vn 0.026543 -0.049977 0.082448
vn 0.000000 -0.098968 0.014329
vn 0.000000 -0.098968 0.014329
vn -0.000000 -0.099558 -0.009391
vn 0.000000 -0.098968 0.014329
vn 0.000000 -0.098968 0.014329
vn 0.000000 -0.092806 0.037243
vn 0.000000 -0.092806 0.037243
vn 0.000000 -0.081419 0.058059
vn 0.000000 -0.081419 0.058059
vn 0.000000 -0.065449 0.075607
vn 0.000000 -0.065449 0.075607
vn 0.000000 -0.045793 0.088899
vn 0.000000 -0.045793 0.088899
vn 0.000000 -0.023560 0.097185
vn 0.000000 -0.023560 0.097185
vn 0.000000 -0.023560 0.097185
vn 0.000000 -0.023560 0.097185
vn 0.000000 -0.045793 0.088899
vn 0.000000 -0.045793 0.088899
vn 0.000000 -0.065449 0.075607
vn 0.000000 -0.065449 0.075607
vn 0.000000 -0.081419 0.058059
vn 0.000000 -0.081419 0.058059
vn 0.000000 -0.092806 0.037243
vn 0.000000 -0.092806 0.037243
vn 0.000000 -0.081419 0.058059
vn 0.000000 -0.065449 0.075607
vn 0.000000 -0.045793 0.088899
vn 0.000000 -0.023560 0.097185
vn 0.000000 -0.065449 0.075607
vn 0.000000 -0.045793 0.088899
vn 0.000000 -0.023560 0.097185
vn 0.000000 -0.000000 0.100000
vn 0.000000 -0.045793 0.088899
vn 0.000000 -0.023560 0.097185
vn 0.000000 -0.023560 0.097185
vn 0.000000 -0.065449 0.075607
vn 0.000000 -0.081419 0.058059
vn 0.000000 -0.092806 0.037243
vn 0.000000 -0.098968 0.014329
vn 0.000000 -0.081419 0.058059
vn 0.000000 -0.092806 0.037243
vn 0.000000 -0.098968 0.014329
vn 0.000000 -0.092806 0.037243
vn 0.000000 -0.098968 0.014329
vn 0.000000 -0.098968 0.014329
vn 0.000000 -0.092806 0.037243
vn 0.000000 -0.081419 0.058059
vn 0.000000 -0.065449 0.075607
vn 0.000000 -0.045793 0.088899
vn 0.000000 -0.024022 0.097072
vn -0.015942 -0.000010 0.098721
vn -0.016843 -0.023718 0.095675
vn -0.031511 -0.000000 0.094906
vn -0.033088 -0.023370 0.091428
vn -0.046208 -0.000008 0.088684
vn -0.046243 -0.022948 0.085644
vn -0.059766 0.000000 0.080175
vn -0.044488 -0.036359 0.081847
vn -0.057681 -0.026207 0.077370
vn -0.041869 -0.048984 0.076469
vn -0.038363 -0.060850 0.069466
vn -0.027672 -0.061775 0.073607
vn -0.024497 -0.072875 0.063947
vn -0.012550 -0.073671 0.066446
vn -0.009465 -0.087572 0.047345
vn 0.000000 -0.092876 0.037067
vn 0.000000 -0.098899 0.014800
vn 0.000000 -0.045625 0.088985
vn -0.016289 -0.037502 0.091259
vn -0.031930 -0.036990 0.087248
vn 0.000000 -0.065095 0.075912
vn -0.015399 -0.050423 0.084973
vn -0.030132 -0.049782 0.081325
vn -0.014163 -0.062514 0.076756
vn 0.000000 -0.081690 0.057678
vn -0.002596 -0.099761 0.006401
vn -0.005039 -0.097694 0.020749
vn -0.007324 -0.093620 0.034376
vn -0.014287 -0.093000 0.033866
vn -0.018465 -0.086827 0.046045
vn -0.025486 -0.085877 0.044448
vn -0.033897 -0.071871 0.060709
vn -0.042261 -0.070711 0.056692
vn -0.051866 -0.049710 0.069562
vn 0.000008 -0.099614 -0.008777
vn -0.000022 -0.099756 -0.006988
vn -0.005089 -0.099585 0.007551
vn 0.000007 -0.099919 -0.004021
vn -0.006963 -0.099327 0.009259
vn 0.000000 -0.100000 0.000000
vn -0.015673 -0.096505 0.021004
vn -0.013521 -0.096693 0.021627
vn -0.029710 -0.086769 0.039855
vn -0.019685 -0.092200 0.033341
vn -0.009837 -0.097263 0.021053
vn -0.000000 -0.100000 0.000000
vn -0.025882 -0.096593 0.000000
vn 0.000000 -0.100000 -0.000000
vn -0.025185 -0.096593 0.005965
vn 0.000000 -0.100000 -0.000000
vn -0.023133 -0.096593 0.011609
vn 0.000000 -0.100000 -0.000000
vn -0.019835 -0.096593 0.016627
vn 0.000000 -0.100000 -0.000000
vn -0.015469 -0.096593 0.020751
vn -0.038317 -0.086603 0.032121
vn -0.029883 -0.086603 0.040087
vn -0.054189 -0.070711 0.045426
vn -0.042261 -0.070711 0.056692
vn -0.066368 -0.050000 0.055636
vn -0.051759 -0.050000 0.069433
vn -0.074023 -0.025882 0.062054
vn -0.057730 -0.025882 0.077443
vn -0.076635 -0.000000 0.064243
vn -0.050000 -0.086603 0.000000
vn -0.048654 -0.086603 0.011523
vn -0.044689 -0.086603 0.022426
vn -0.070711 -0.070711 0.000000
vn -0.068807 -0.070711 0.016296
vn -0.063199 -0.070711 0.031715
vn -0.086603 -0.050000 0.000000
vn -0.084271 -0.050000 0.019959
vn -0.077403 -0.050000 0.038843
vn -0.096593 -0.025882 0.000000
vn -0.093992 -0.025882 0.022261
vn -0.086332 -0.025882 0.043324
vn -0.100000 -0.000000 0.000000
vn -0.097308 -0.000000 0.023046
vn -0.089377 -0.000000 0.044852
vn -0.000000 -0.100000 0.000000
vn -0.000000 -0.100000 0.000000
vn -0.000000 -0.100000 0.000000
vn -0.000000 -0.100000 0.000000
vn -0.000000 -0.100000 0.000000
vn 0.000000 0.000000 0.100000
vn 0.000000 0.000000 0.100000
vn -0.015948 0.000000 0.098720
vn -0.025882 0.000000 0.096593
vn -0.031485 0.000000 0.094914
vn -0.050000 0.000000 0.086603
vn -0.046216 0.000000 0.088679
vn -0.070711 0.000000 0.070711
vn -0.086603 0.000000 0.050000
vn -0.096593 0.000000 0.025882
vn -0.100000 0.000000 0.000000
vn -0.100000 0.000000 0.000000
vn -0.096593 0.000000 -0.025882
vn -0.086603 0.000000 -0.050000
vn -0.070711 0.000000 -0.070711
vn -0.050000 0.000000 -0.086603
vn -0.025882 0.000000 -0.096593
vn -0.000000 0.000000 -0.100000
vn 0.000000 0.000000 -0.100000
vn 0.000000 0.000000 -0.100000
vn 0.000000 -0.025882 -0.096593
vn 0.000000 -0.025882 -0.096593
vn 0.000000 -0.050000 -0.086603
vn 0.000000 -0.050000 -0.086603
vn 0.000000 -0.070711 -0.070711
vn 0.000000 -0.070711 -0.070711
vn 0.000000 -0.086603 -0.050000
vn 0.000000 -0.086603 -0.050000
vn 0.000000 -0.096593 -0.025882
vn 0.000000 -0.096593 -0.025882
vn 0.000000 -0.100000 -0.000000
vn 0.000000 -0.100000 0.000000
vn -0.000000 -0.000000 -0.100000
vn -0.002944 -0.019359 -0.098064
vn -0.000000 -0.000000 -0.100000
vn -0.000000 -0.000000 -0.100000
vn -0.005773 -0.037844 -0.092382
vn -0.008398 -0.054904 -0.083157
vn -0.010707 -0.069884 -0.070722
vn -0.012591 -0.082181 -0.055567
vn -0.013962 -0.091312 -0.038303
vn -0.014759 -0.096944 -0.019595
vn -0.005017 -0.099874 -0.000000
vn -0.010021 -0.099497 -0.000000
vn -0.015000 -0.098869 -0.000000
vn 0.000000 -0.100000 0.000000
vn 0.000000 -0.100000 0.000000
vn -0.009802 -0.099518 0.000000
vn -0.019509 -0.098079 0.000000
vn -0.023107 -0.097294 0.000000
vn -0.029028 -0.095694 0.000000
vn -0.031021 -0.095067 0.000000
vn -0.038268 -0.092388 0.000000
vn -0.038655 -0.092227 0.000000
vn -0.045926 -0.088830 0.000000
vn -0.055557 -0.083147 0.000000
vn -0.059206 -0.080589 0.000000
vn -0.070711 -0.070711 0.000000
vn -0.070711 -0.070711 0.000000
vn -0.070711 -0.070711 0.000000
vn -0.070711 -0.070711 0.000000
vn -0.075434 -0.064777 -0.010657
vn -0.078868 -0.057735 -0.021132
vn -0.078868 -0.057735 -0.021132
vn -0.080951 -0.049705 -0.031246
vn -0.081650 -0.040825 -0.040825
vn -0.081650 -0.040825 -0.040825
vn -0.080951 -0.031246 -0.049705
vn -0.078868 -0.021132 -0.057735
vn -0.078868 -0.021132 -0.057735
vn -0.075434 -0.010657 -0.064777
vn -0.070711 -0.000000 -0.070711
vn -0.070711 0.000000 -0.070711
vn -0.074505 -0.065422 -0.012995
vn -0.075801 -0.061801 -0.020853
vn -0.076716 -0.058803 -0.025630
vn -0.077294 -0.053792 -0.033645
vn -0.078863 -0.057752 -0.021103
vn -0.081652 -0.040822 -0.040822
vn -0.076841 -0.045170 -0.045334
vn -0.074790 -0.035658 -0.055991
vn -0.073637 -0.034616 -0.058132
vn -0.071113 -0.025305 -0.065595
vn -0.066455 -0.017757 -0.072584
vn -0.065995 -0.014488 -0.073721
vn -0.055712 0.000001 -0.083043
vn -0.076783 -0.049504 -0.040665
vn -0.078857 -0.021109 -0.057758
vn -0.015205 -0.098835 -0.000716
vn -0.014718 -0.096830 -0.020182
vn -0.022978 -0.097321 -0.000732
vn -0.027547 -0.092708 -0.025426
vn -0.030650 -0.095185 -0.000548
vn -0.039430 -0.088710 -0.023995
vn -0.038300 -0.092375 -0.000236
vn -0.045924 -0.088831 0.000000
vn -0.059197 -0.077882 -0.020739
vn -0.059187 -0.080603 0.000032
vn -0.075803 -0.061799 -0.020851
vn -0.061014 -0.070601 -0.035954
vn -0.061089 -0.061148 -0.050290
vn -0.041018 -0.071226 -0.056960
vn -0.039272 -0.058880 -0.070646
vn -0.025804 -0.062682 -0.073519
vn -0.022689 -0.047577 -0.084980
vn -0.008187 -0.055231 -0.082961
vn -0.005744 -0.038136 -0.092264
vn -0.013695 -0.091234 -0.038586
vn -0.028138 -0.085690 -0.043191
vn -0.041014 -0.081430 -0.041073
vn -0.012147 -0.082060 -0.055844
vn -0.027592 -0.075416 -0.059591
vn -0.010308 -0.069952 -0.070713
vn -0.003181 -0.019896 -0.097949
vn -0.015601 -0.019158 -0.096900
vn -0.020083 -0.036669 -0.090841
vn -0.035731 -0.044484 -0.082125
vn -0.059381 -0.050090 -0.062968
vn -0.076790 -0.049498 -0.040661
vn -0.000348 -0.000621 -0.099997
vn -0.008145 -0.000673 -0.099665
vn -0.015788 -0.000541 -0.098744
vn -0.026997 -0.017710 -0.094644
vn -0.032604 -0.034181 -0.088140
vn -0.052697 -0.028625 -0.080023
vn -0.055882 -0.037502 -0.073965
vn -0.073636 -0.034617 -0.058132
vn -0.030928 0.000002 -0.095097
vn -0.046679 -0.014557 -0.087231
vn -0.066457 -0.017754 -0.072583
vn -0.044172 0.000031 -0.089715
vn -0.055711 -0.000000 -0.083044
vn -0.070711 0.000000 -0.070711
vn -0.070711 0.000000 -0.070711
vn -0.070711 0.000000 -0.070711
vn -0.070711 0.000000 -0.070711
vn -0.050000 0.000000 -0.086603
vn -0.050000 0.000000 -0.086603
vn -0.055711 0.000000 -0.083044
vn -0.044207 0.000000 -0.089698
vn -0.025882 0.000000 -0.096593
vn -0.030926 0.000000 -0.095098
vn -0.016024 0.000000 -0.098708
vn -0.008114 0.000000 -0.099670
vn -0.025882 0.000000 -0.096593
vn -0.016023 0.000000 -0.098708
vn -0.030926 0.000000 -0.095098
vn -0.044207 0.000000 -0.089698
vn -0.008110 0.000000 -0.099671
vn 0.000000 -0.000000 -0.100000
vn 0.000000 -0.000000 -0.100000
vn -0.091832 0.035297 -0.017916
vn -0.087626 0.044974 -0.017292
vn -0.085267 0.051886 -0.006122
vn -0.083552 0.053586 -0.012147
vn -0.078525 0.061533 -0.006887
vn -0.077717 0.062055 -0.010453
vn -0.070711 0.070711 -0.000000
vn -0.070711 0.070711 0.000000
vn -0.076602 0.062784 -0.013793
vn -0.070711 0.070711 0.000000
vn -0.075801 0.061801 -0.020853
vn -0.079655 0.055385 -0.024239
vn -0.076783 0.049504 -0.040665
vn -0.081332 0.046965 -0.034342
vn -0.081590 0.037798 -0.043754
vn -0.086807 0.036676 -0.033459
vn -0.087428 0.026999 -0.040340
vn -0.091549 0.020918 -0.034369
vn -0.087176 0.020592 -0.044456
vn -0.075490 0.010787 -0.064691
vn -0.078921 0.021338 -0.057586
vn -0.073637 0.034616 -0.058132
vn -0.080416 0.027930 -0.052470
vn -0.090659 0.035889 -0.022200
vn -0.070702 0.000003 -0.070719
vn -0.055712 -0.000001 -0.083043
vn -0.066455 0.017757 -0.072584
vn -0.070711 0.070711 -0.000000
vn -0.084964 0.045798 -0.026148
vn -0.081909 0.054333 -0.018406
vn -0.059190 0.080601 0.000028
vn -0.064827 0.074650 -0.014993
vn -0.075803 0.061799 -0.020851
vn -0.067146 0.067973 -0.029515
vn -0.067727 0.062655 -0.038566
vn -0.061425 0.072454 -0.031263
vn -0.062020 0.066996 -0.040805
vn -0.047703 0.080767 -0.034656
vn -0.048098 0.075171 -0.045121
vn -0.031066 0.087418 -0.037321
vn -0.030906 0.081807 -0.048503
vn -0.012989 0.085619 -0.050007
vn -0.029747 0.070623 -0.064246
vn -0.010621 0.069908 -0.070711
vn -0.027509 0.056985 -0.077433
vn -0.007502 0.049441 -0.086598
vn -0.024137 0.040946 -0.087982
vn -0.003891 0.025586 -0.096593
vn -0.020001 0.023608 -0.095093
vn -0.008204 0.000005 -0.099663
vn -0.016053 0.000041 -0.098703
vn -0.035849 0.021307 -0.090890
vn -0.049347 0.018521 -0.084982
vn -0.044178 -0.000027 -0.089712
vn -0.055117 0.017135 -0.081661
vn -0.066457 0.017754 -0.072583
vn -0.060735 0.029986 -0.073567
vn -0.073636 0.034617 -0.058132
vn -0.064840 0.042148 -0.063397
vn -0.067167 0.053050 -0.051713
vn -0.061469 0.056952 -0.054572
vn -0.076790 0.049498 -0.040661
vn 0.000000 0.000000 -0.100000
vn -0.014499 0.095499 -0.025880
vn -0.030379 0.093329 -0.019151
vn -0.045806 0.087107 -0.017726
vn -0.059079 0.079098 -0.015911
vn -0.015000 0.098869 0.000000
vn -0.023206 0.097270 -0.000024
vn -0.031044 0.095059 -0.000057
vn -0.038590 0.092254 -0.000051
vn -0.045926 0.088830 0.000000
vn -0.054985 0.032359 -0.077004
vn -0.041077 0.037047 -0.083308
vn -0.059128 0.045393 -0.066659
vn -0.045047 0.051720 -0.072772
vn -0.047381 0.064443 -0.060018
vn 0.000000 0.000000 -0.100000
vn 0.000000 0.025882 -0.096593
vn 0.000000 -0.000000 -0.100000
vn -0.003882 0.025589 -0.096593
vn 0.000000 -0.000000 -0.100000
vn 0.000000 -0.000000 -0.100000
vn -0.000000 0.050000 -0.086603
vn -0.007500 0.049434 -0.086603
vn -0.000000 0.070711 -0.070711
vn -0.010607 0.069911 -0.070711
vn -0.000000 0.086603 -0.050000
vn -0.012990 0.085623 -0.050000
vn -0.000000 0.096593 -0.025882
vn -0.014489 0.095500 -0.025882
vn -0.000000 0.100000 -0.000000
vn -0.005017 0.099874 -0.000000
vn -0.010021 0.099497 -0.000000
vn -0.000000 0.000000 -0.100000
vn -0.000000 0.025882 -0.096593
vn -0.000000 0.050000 -0.086603
vn -0.000000 0.070711 -0.070711
vn -0.000000 0.086603 -0.050000
vn -0.000000 0.096593 -0.025882
vn 0.000000 0.100000 0.000000
vn -0.000000 0.100000 -0.000000
vn -0.000000 0.100000 -0.000000
vn 0.000000 0.000000 -0.100000
vn 0.000000 0.096593 0.025882
vn 0.000000 0.096593 0.025882
vn 0.000000 0.086603 0.050000
vn 0.000000 0.086603 0.050000
vn 0.000000 0.070711 0.070711
vn 0.000000 0.070711 0.070711
vn 0.000000 0.050000 0.086603
vn 0.000000 0.050000 0.086603
vn 0.000000 0.025882 0.096593
vn 0.000000 0.025882 0.096593
vn 0.000000 0.000000 0.100000
vn 0.000000 0.000000 0.100000
vn -0.070711 -0.000000 0.070711
vn -0.075434 0.010657 0.064777
vn -0.070711 -0.000000 0.070711
vn -0.078868 0.021132 0.057735
vn -0.078868 0.021132 0.057735
vn -0.080951 0.031246 0.049705
vn -0.081650 0.040825 0.040825
vn -0.081650 0.040825 0.040825
vn -0.080951 0.049705 0.031246
vn -0.078868 0.057735 0.021132
vn -0.078868 0.057735 0.021132
vn -0.075434 0.064777 0.010657
vn -0.070711 0.070711 -0.000000
vn -0.070711 0.070711 -0.000000
vn -0.009900 0.099509 0.000096
vn -0.011345 0.097397 0.019627
vn -0.000000 0.096593 0.025880
vn -0.012238 0.091615 0.038169
vn 0.000000 0.086598 0.050007
vn -0.012596 0.085912 0.049602
vn -0.012859 0.074409 0.065559
vn -0.027219 0.083436 0.047933
vn -0.028068 0.072056 0.063404
vn -0.040844 0.079380 0.045062
vn -0.042171 0.068161 0.059797
vn -0.052771 0.074140 0.041455
vn -0.054248 0.063252 0.055284
vn -0.064220 0.067168 0.036935
vn -0.065678 0.056880 0.049509
vn -0.073782 0.059385 0.032088
vn -0.075121 0.049883 0.043226
vn -0.076252 0.056985 0.030633
vn -0.077536 0.047752 0.041326
vn -0.081657 0.040818 0.040818
vn -0.077261 0.037634 0.051131
vn -0.078860 0.021106 0.057755
vn -0.075421 0.026653 0.060010
vn -0.072111 0.015208 0.067592
vn -0.069477 0.015946 0.070134
vn -0.055548 -0.000021 0.083153
vn -0.059575 0.018429 0.078174
vn -0.048146 0.020811 0.085140
vn -0.063280 0.032182 0.070427
vn -0.051825 0.036169 0.077499
vn -0.065366 0.045209 0.060692
vn -0.053932 0.050586 0.067323
vn -0.012805 0.060215 0.078805
vn -0.027887 0.058207 0.076383
vn -0.041886 0.054820 0.072390
vn 0.000000 0.050007 0.086598
vn -0.012416 0.043367 0.089248
vn -0.026675 0.041914 0.086785
vn -0.040001 0.039377 0.082761
vn 0.000000 0.025880 0.096593
vn -0.011655 0.025108 0.096093
vn -0.024567 0.024306 0.093838
vn -0.036771 0.022794 0.090157
vn -0.009900 0.000096 0.099509
vn -0.019618 0.000220 0.098056
vn -0.029092 0.000219 0.095675
vn -0.038258 0.000090 0.092392
vn -0.078860 0.057755 0.021106
vn -0.074608 0.062352 0.023365
vn -0.072071 0.064855 0.024487
vn -0.062365 0.072890 0.028243
vn -0.050910 0.079989 0.031779
vn -0.039193 0.085226 0.034648
vn -0.026153 0.089188 0.036899
vn -0.070881 0.069541 0.011829
vn -0.068200 0.072076 0.012405
vn -0.055548 0.083153 -0.000021
vn -0.058205 0.080039 0.014347
vn -0.038258 0.092392 0.000090
vn -0.046797 0.086870 0.016233
vn -0.035597 0.091733 0.017832
vn -0.029092 0.095675 0.000219
vn -0.023786 0.095248 0.019025
vn -0.019618 0.098056 0.000220
vn -0.072917 0.027927 0.062475
vn -0.074834 0.039389 0.053370
vn 0.000000 0.000000 0.100000
vn 0.000000 0.000000 0.100000
vn 0.000000 -0.025882 0.096593
vn 0.000000 -0.025882 0.096593
vn 0.000000 -0.050000 0.086603
vn 0.000000 -0.050000 0.086603
vn 0.000000 -0.070711 0.070711
vn 0.000000 -0.070711 0.070711
vn 0.000000 -0.086603 0.050000
vn 0.000000 -0.086603 0.050000
vn 0.000000 -0.096593 0.025882
vn 0.000000 -0.096593 0.025882
vn -0.070711 -0.070711 0.000000
vn -0.075434 -0.064777 0.010657
vn -0.078868 -0.057735 0.021132
vn -0.078868 -0.057735 0.021132
vn -0.080951 -0.049705 0.031246
vn -0.081650 -0.040825 0.040825
vn -0.081650 -0.040825 0.040825
vn -0.080951 -0.031246 0.049705
vn -0.078868 -0.021132 0.057735
vn -0.078868 -0.021132 0.057735
vn -0.075434 -0.010657 0.064777
vn -0.070711 -0.000000 0.070711
vn -0.070711 -0.000000 0.070711
vn -0.009900 -0.000096 0.099509
vn -0.011345 -0.019627 0.097397
vn 0.000000 -0.025880 0.096593
vn -0.012238 -0.038169 0.091615
vn 0.000000 -0.050007 0.086598
vn -0.012596 -0.049602 0.085912
vn -0.012859 -0.065559 0.074409
vn -0.027219 -0.047933 0.083436
vn -0.028068 -0.063404 0.072056
vn -0.040844 -0.045062 0.079380
vn -0.042171 -0.059797 0.068161
vn -0.052771 -0.041455 0.074140
vn -0.054248 -0.055284 0.063252
vn -0.064220 -0.036935 0.067168
vn -0.065678 -0.049509 0.056880
vn -0.073782 -0.032088 0.059385
vn -0.075121 -0.043226 0.049883
vn -0.076252 -0.030633 0.056985
vn -0.077536 -0.041326 0.047752
vn -0.081657 -0.040818 0.040818
vn -0.077261 -0.051131 0.037634
vn -0.078860 -0.057755 0.021106
vn -0.075421 -0.060010 0.026653
vn -0.072111 -0.067592 0.015208
vn -0.069477 -0.070134 0.015946
vn -0.055548 -0.083153 -0.000021
vn -0.059575 -0.078174 0.018429
vn -0.048146 -0.085140 0.020811
vn -0.063280 -0.070427 0.032182
vn -0.051825 -0.077499 0.036169
vn -0.065366 -0.060692 0.045209
vn -0.053932 -0.067323 0.050586
vn -0.012805 -0.078805 0.060215
vn -0.027887 -0.076383 0.058207
vn -0.041886 -0.072390 0.054820
vn 0.000000 -0.086598 0.050007
vn -0.012416 -0.089248 0.043367
vn -0.026675 -0.086785 0.041914
vn -0.040001 -0.082761 0.039377
vn 0.000000 -0.096593 0.025880
vn -0.011655 -0.096093 0.025108
vn -0.024567 -0.093838 0.024306
vn -0.036771 -0.090157 0.022794
vn -0.009900 -0.099509 0.000096
vn -0.019618 -0.098056 0.000220
vn -0.029092 -0.095675 0.000219
vn -0.038258 -0.092392 0.000090
vn -0.078860 -0.021106 0.057755
vn -0.074608 -0.023365 0.062352
vn -0.072071 -0.024487 0.064855
vn -0.062365 -0.028243 0.072890
vn -0.050910 -0.031779 0.079989
vn -0.039193 -0.034648 0.085226
vn -0.026153 -0.036899 0.089188
vn -0.070881 -0.011829 0.069541
vn -0.068200 -0.012405 0.072076
vn -0.055548 0.000021 0.083153
vn -0.058205 -0.014347 0.080039
vn -0.038258 -0.000090 0.092392
vn -0.046797 -0.016233 0.086870
vn -0.035597 -0.017832 0.091733
vn -0.029092 -0.000219 0.095675
vn -0.023786 -0.019025 0.095248
vn -0.019618 -0.000220 0.098056
vn -0.072917 -0.062475 0.027927
vn -0.074834 -0.053370 0.039389
vn -0.055557 0.000000 0.083147
vn -0.050000 0.000000 0.086603
vn -0.050000 0.000000 0.086603
vn -0.055557 0.000000 0.083147
vn -0.038268 0.000000 0.092388
vn -0.025882 0.000000 0.096593
vn -0.029028 0.000000 0.095694
vn -0.019509 0.000000 0.098079
vn -0.009802 0.000000 0.099518
vn -0.025882 0.000000 0.096593
vn -0.019509 0.000000 0.098079
vn -0.029028 0.000000 0.095694
vn -0.038268 0.000000 0.092388
vn -0.009802 0.000000 0.099518
vn -0.009802 0.099518 -0.000000
vn -0.019509 0.098079 -0.000000
vn -0.023115 0.097292 -0.000000
vn -0.029028 0.095694 -0.000000
vn -0.031026 0.095065 -0.000000
vn -0.038268 0.092388 -0.000000
vn -0.038655 0.092227 -0.000000
vn -0.055557 0.083147 -0.000000
vn -0.059207 0.080589 -0.000000
vn -0.070711 0.000000 0.070711
vn -0.070711 0.000000 0.070711
vn -0.070711 0.000000 0.070711
vn -0.070711 0.000000 0.070711
vn -0.000000 -0.070711 0.070711
vn -0.000000 -0.070711 0.070711
vn -0.000000 -0.070711 0.070711
vn -0.000000 -0.070711 0.070711
vn 0.000000 0.070711 0.070711
vn 0.000000 0.070711 0.070711
vn 0.000000 0.070711 0.070711
vn 0.000000 0.070711 0.070711
vn 0.000000 0.100000 0.000000
vn 0.000000 0.100000 0.000000
vn 0.000000 0.100000 0.000000
vn 0.000000 0.100000 0.000000
vn 0.000000 0.100000 0.000000
vn -0.100000 0.000000 0.000000
vn -0.100000 0.000000 0.000000
vn -0.100000 0.000000 0.000000
vn -0.100000 0.000000 0.000000
vn -0.100000 0.000000 0.000000
vn -0.100000 0.000000 0.000000
vn -0.100000 0.000000 0.000000
vn -0.100000 0.000000 0.000000
vn -0.100000 0.000000 0.000000
vn -0.100000 0.000000 0.000000
vn -0.100000 0.000000 0.000000
vn -0.100000 0.000000 0.000000
vn -0.100000 0.000000 0.000000
vn -0.100000 0.000000 0.000000
vn -0.100000 0.000000 0.000000
vn -0.100000 0.000000 0.000000
vn -0.100000 0.000000 0.000000
vn -0.100000 0.000000 0.000000
vn -0.100000 0.000000 0.000000
vn -0.100000 0.000000 0.000000
vn -0.100000 0.000000 0.000000
vn -0.100000 0.000000 0.000000
vn -0.100000 0.000000 0.000000
vn -0.100000 0.000000 0.000000
vn -0.100000 0.000000 0.000000
vn -0.100000 0.000000 0.000000
vn -0.100000 0.000000 0.000000
vn -0.100000 0.000000 0.000000
vn -0.100000 0.000000 0.000000
vn -0.100000 0.000000 0.000000
vn 0.000000 0.100000 0.000000
vn 0.000000 0.100000 0.000000
vn 0.000000 0.100000 0.000000
vn 0.000000 0.100000 0.000000
vn 0.000000 0.100000 0.000000
vn 0.000000 0.100000 0.000000
vn 0.000000 0.100000 0.000000
vn 0.000000 0.100000 0.000000
vn 0.000000 0.100000 0.000000
vn 0.000000 0.100000 0.000000
vn 0.000000 0.100000 0.000000
vn 0.000000 0.100000 0.000000
vn 0.000000 0.100000 0.000000
vn 0.000000 0.100000 0.000000
vn 0.000000 0.100000 0.000000
vn 0.000000 0.100000 0.000000
vn 0.000000 0.100000 0.000000
vn 0.000000 0.100000 0.000000
vn 0.000000 0.100000 0.000000
vn 0.000000 0.100000 0.000000
vn 0.000000 0.100000 0.000000
vn 0.000000 0.100000 0.000000
vn 0.000000 0.100000 0.000000
vn 0.000000 0.100000 0.000000
vn 0.000000 0.100000 0.000000
vn 0.000000 0.100000 0.000000
vn 0.000000 0.100000 0.000000
vn 0.000000 0.100000 0.000000
vn 0.000000 0.100000 0.000000
vn 0.000000 0.100000 0.000000
vn 0.000000 0.100000 0.000000
vn 0.000000 0.100000 0.000000
vn 0.000000 0.100000 0.000000
vn 0.000000 0.100000 0.000000
vn 0.000000 0.100000 0.000000
vn 0.000000 0.100000 0.000000
vn 0.100000 0.000000 0.000000
vn 0.100000 0.000000 0.000000
vn 0.100000 0.000000 0.000000
vn 0.100000 0.000000 0.000000
vn 0.100000 0.000000 0.000000
vn 0.100000 0.000000 0.000000
vn 0.100000 0.000000 0.000000
vn 0.000000 0.000000 0.100000
vn 0.000000 0.000000 0.100000
vn 0.000000 0.000000 0.100000
vn 0.000000 0.000000 0.100000
vn 0.000000 0.000000 0.100000
vn 0.000000 0.000000 0.100000
vn 0.000000 0.000000 0.100000
vn 0.000000 0.000000 0.100000
vn 0.000000 0.000000 0.100000
vn 0.000000 0.000000 0.100000
vn 0.000000 0.000000 0.100000
vn 0.000000 0.000000 0.100000
vn 0.000000 0.000000 0.100000
vn 0.000000 0.000000 0.100000
vn 0.000000 0.000000 0.100000
vn 0.000000 0.000000 0.100000
vn 0.000000 0.000000 0.100000
vn 0.000000 0.000000 0.100000
vn 0.000000 0.000000 0.100000
vn 0.070711 -0.000000 0.070711
vn 0.070711 -0.000000 0.070711
vn 0.070711 -0.000000 0.070711
vn 0.070711 -0.000000 0.070711
vn 0.070711 -0.000000 0.070711
vn 0.070711 -0.000000 0.070711
vn 0.070711 -0.000000 0.070711
vn 0.070711 -0.000000 0.070711
vn 0.070711 -0.000000 0.070711
vn 0.070711 -0.000000 0.070711
vn 0.070711 -0.000000 0.070711
vn 0.070711 -0.000000 0.070711
vn 0.070711 -0.000000 0.070711
vn 0.070711 -0.000000 0.070711
vn 0.070711 -0.000000 0.070711
vn 0.070711 -0.000000 0.070711
vn 0.070711 -0.000000 0.070711
vn 0.070711 -0.000000 0.070711
vn 0.070711 -0.000000 0.070711
vn 0.070711 -0.000000 0.070711
vn 0.070711 -0.000000 0.070711
vn 0.070711 -0.000000 0.070711
vn 0.070711 -0.000000 0.070711
vn 0.070711 -0.000000 0.070711
vn 0.070711 -0.000000 0.070711
vn -0.025882 -0.096593 0.000000
vn -0.025882 -0.096593 0.000000
vn -0.050000 -0.086603 0.000000
vn -0.050000 -0.086603 0.000000
vn -0.070711 -0.070711 0.000000
vn -0.070711 -0.070711 0.000000
vn -0.086603 -0.050000 0.000000
vn -0.086603 -0.050000 0.000000
vn -0.096593 -0.025882 0.000000
vn -0.096593 -0.025882 0.000000
vn -0.100000 -0.000000 0.000000
vn -0.096593 0.025882 -0.000000
vn -0.096593 0.025882 -0.000000
vn -0.100000 0.000000 -0.000000
vn -0.096593 -0.025882 0.000000
vn -0.086603 -0.050000 0.000000
vn -0.070711 -0.070711 0.000000
vn -0.050000 -0.086603 0.000000
vn -0.025882 -0.096593 0.000000
vn -0.086603 0.050000 -0.000000
vn -0.086603 0.050000 -0.000000
vn -0.070711 0.070711 -0.000000
vn -0.070711 0.070711 -0.000000
vn -0.050000 0.086603 -0.000000
vn -0.050000 0.086603 -0.000000
vn -0.025882 0.096593 -0.000000
vn -0.025882 0.096593 -0.000000
vn -0.025882 0.096593 -0.000000
vn -0.050000 0.086603 -0.000000
vn -0.070711 0.070711 -0.000000
vn -0.086603 0.050000 -0.000000
vn -0.096593 0.025882 -0.000000
vn -0.100000 -0.000000 0.000000
vn 0.000000 -0.070711 0.070711
vn 0.000000 -0.070711 0.070711
vn 0.000000 -0.070711 0.070711
vn 0.000000 -0.070711 0.070711
vn 0.100000 0.000000 0.000000
vn 0.100000 0.000000 0.000000
vn 0.100000 0.000000 0.000000
vn 0.100000 0.000000 0.000000
vn 0.000000 0.070711 0.070711
vn 0.000000 0.070711 0.070711
vn 0.000000 0.070711 0.070711
vn 0.000000 0.070711 0.070711
vn 0.000000 0.000000 0.100000
vn 0.000000 0.000000 0.100000
vn 0.000000 0.000000 0.100000
vn 0.000000 0.000000 0.100000
vn 0.000000 0.000000 0.100000
vn 0.000000 0.000000 0.100000
vn 0.000000 0.000000 0.100000
vn 0.000000 0.000000 0.100000
vn 0.000000 0.000000 0.100000
vn 0.000000 0.000000 0.100000
vn 0.000000 0.000000 0.100000
vn 0.000000 0.000000 0.100000
vn 0.098988 0.000000 0.014188
vn 0.096593 0.000000 0.025882
vn 0.095974 0.000000 0.028089
vn 0.091018 0.000000 0.041421
vn 0.086603 0.000000 0.050000
vn 0.091018 0.000000 0.041421
vn 0.086603 0.000000 0.050000
vn 0.096593 0.000000 0.025882
vn 0.096593 0.000000 0.025882
vn 0.098988 0.000000 0.014188
vn 0.100000 0.000000 0.000000
vn 0.100000 0.000000 0.000000
vn 0.095974 0.000000 0.028089
vn 0.096593 0.000000 0.025882
vn 0.086603 0.000000 0.050000
vn 0.070711 0.000000 0.070711
vn 0.086603 0.000000 0.050000
vn 0.070711 0.000000 0.070711
vn 0.100000 0.000000 0.000000
vn 0.100000 0.000000 0.000000
vn 0.100000 0.000000 0.000000
vn 0.000000 0.000000 0.100000
vn 0.000000 0.000000 0.100000
vn 0.000000 0.000000 0.100000
vn 0.000000 0.000000 0.100000
vn 0.000000 0.000000 0.100000
vn 0.000000 -0.070711 0.070711
vn 0.000000 -0.070711 0.070711
vn 0.000000 -0.070711 0.070711
vn 0.000000 -0.070711 0.070711
vn 0.000000 -0.100000 0.000000
vn 0.000000 -0.100000 0.000000
vn 0.000000 -0.100000 0.000000
vn 0.000000 -0.100000 0.000000
vn 0.000000 -0.100000 0.000000
vn 0.000000 -0.100000 0.000000
vn -0.053758 0.000000 0.084322
vn -0.070000 0.000000 0.071414
vn -0.070711 0.000000 0.070711
vn -0.082728 0.000000 0.056179
vn -0.086603 0.000000 0.050000
vn -0.092195 0.000000 0.038730
vn -0.096593 0.000000 0.025882
vn -0.098029 0.000000 0.019754
vn -0.050000 0.000000 0.086603
vn -0.044443 0.000000 0.089581
vn -0.034712 0.000000 0.093782
vn -0.025882 0.000000 0.096593
vn -0.025097 0.000000 0.096800
vn -0.016119 0.000000 0.098692
vn 0.000000 0.025882 0.096593
vn 0.000000 0.025882 0.096593
vn 0.000000 0.050000 0.086603
vn 0.000000 0.050000 0.086603
vn 0.000000 0.070711 0.070711
vn 0.000000 0.070711 0.070711
vn 0.000000 0.086603 0.050000
vn 0.000000 0.086603 0.050000
vn 0.000000 0.096593 0.025882
vn 0.000000 0.096593 0.025882
vn 0.000000 -0.100000 0.000000
vn 0.000000 -0.100000 0.000000
vn 0.000000 -0.100000 0.000000
vn 0.000000 -0.100000 0.000000
vn 0.000000 -0.100000 0.000000
vn 0.000000 -0.100000 0.000000
vn 0.000000 -0.100000 0.000000
vn 0.000000 -0.100000 0.000000
vn 0.053881 -0.084243 0.000000
vn 0.070000 -0.071414 0.000000
vn 0.070711 -0.070711 0.000000
vn 0.082728 -0.056179 0.000000
vn 0.086603 -0.050000 0.000000
vn 0.092195 -0.038730 0.000000
vn 0.096593 -0.025882 0.000000
vn 0.098029 -0.019754 0.000000
vn 0.050000 -0.086603 0.000000
vn 0.044911 -0.089348 0.000000
vn 0.035291 -0.093566 0.000000
vn 0.025882 -0.096593 0.000000
vn 0.025562 -0.096678 0.000000
vn 0.016248 -0.098671 0.000000
vn 0.000000 -0.070711 0.070711
vn 0.000000 -0.070711 0.070711
vn 0.000000 -0.070711 0.070711
vn 0.000000 -0.070711 0.070711
vn 0.000000 0.000000 0.100000
vn 0.000000 0.000000 0.100000
vn 0.000000 0.000000 0.100000
vn 0.000000 0.000000 0.100000
vn -0.097407 0.022626 0.000000
vn -0.096593 0.025882 0.000000
vn -0.089761 0.044079 0.000000
vn -0.086603 0.050000 0.000000
vn -0.077460 0.063246 0.000000
vn -0.070711 0.070711 0.000000
vn -0.061141 0.079132 0.000000
vn -0.050000 0.086603 0.000000
vn -0.041651 0.090913 0.000000
vn -0.025882 0.096593 0.000000
vn -0.020000 0.097980 0.000000
vn -0.020000 0.097980 0.000000
vn 0.000000 0.100000 0.000000
vn 0.000000 0.100000 0.000000
vn 0.000000 0.100000 0.000000
vn -0.100000 0.000000 0.000000
vn -0.100000 0.000000 0.000000
vn -0.100000 0.000000 0.000000
vn -0.100000 0.000000 0.000000
vn -0.100000 0.000000 0.000000
vn -0.100000 0.000000 0.000000
vn -0.100000 0.000000 0.000000
vn -0.100000 0.000000 0.000000
vn -0.100000 0.000000 0.000000
vn -0.100000 0.000000 0.000000
vn -0.100000 0.000000 0.000000
vn -0.100000 0.000000 0.000000
vn -0.100000 0.000000 0.000000
vn -0.100000 0.000000 0.000000
vn -0.100000 0.000000 0.000000
vn -0.100000 0.000000 0.000000
vn -0.100000 0.000000 0.000000
vn -0.100000 0.000000 0.000000
vn -0.100000 0.000000 0.000000
vn -0.100000 0.000000 0.000000
vn -0.100000 0.000000 0.000000
vn -0.100000 0.000000 0.000000
vn 0.000000 -0.000000 0.100000
vn 0.000000 0.000000 0.100000
vn 0.000000 0.025882 0.096593
vn 0.000000 0.025882 0.096593
vn 0.000000 0.050000 0.086603
vn 0.000000 0.050000 0.086603
vn 0.000000 0.070711 0.070711
vn 0.000000 0.070711 0.070711
vn 0.000000 0.086603 0.050000
vn 0.000000 0.086603 0.050000
vn 0.000000 0.096593 0.025882
vn 0.000000 0.096593 0.025882
vn 0.000000 0.100000 0.000000
vn 0.000000 0.100000 0.000000
vn -0.000000 0.100000 -0.000000
vn -0.000000 0.100000 -0.000000
vn -0.000000 0.070711 -0.070711
vn -0.000000 0.070711 -0.070711
vn 0.000000 0.000000 0.100000
vn 0.000000 0.000000 0.100000
vn -0.096593 0.000000 0.025882
vn -0.096593 0.000000 0.025882
vn -0.100000 0.000000 -0.000000
vn -0.096593 0.000000 0.025882
vn -0.096593 0.000000 0.025882
vn -0.086603 0.000000 0.050000
vn -0.086603 0.000000 0.050000
vn -0.070711 0.000000 0.070711
vn -0.070711 0.000000 0.070711
vn -0.050000 0.000000 0.086603
vn -0.050000 0.000000 0.086603
vn -0.025882 0.000000 0.096593
vn -0.025882 0.000000 0.096593
vn -0.000000 0.000000 0.100000
vn -0.025882 0.000000 0.096593
vn -0.025882 0.000000 0.096593
vn -0.050000 0.000000 0.086603
vn -0.050000 0.000000 0.086603
vn -0.070711 0.000000 0.070711
vn -0.070711 0.000000 0.070711
vn -0.086603 0.000000 0.050000
vn -0.086603 0.000000 0.050000
vn -0.096593 0.000000 0.025882
vn -0.096593 0.000000 0.025882
vn -0.100000 0.000000 -0.000000
vn -0.096593 0.000000 0.025882
vn -0.096593 0.000000 0.025882
vn -0.086603 0.000000 0.050000
vn -0.086603 0.000000 0.050000
vn -0.070711 0.000000 0.070711
vn -0.070711 0.000000 0.070711
vn -0.050000 0.000000 0.086603
vn -0.050000 0.000000 0.086603
vn -0.025882 0.000000 0.096593
vn -0.025882 0.000000 0.096593
vn -0.025882 0.000000 0.096593
vn -0.086603 0.000000 0.050000
vn -0.086603 0.000000 0.050000
vn -0.070711 0.000000 0.070711
vn -0.070711 0.000000 0.070711
vn -0.050000 0.000000 0.086603
vn -0.050000 0.000000 0.086603
vn -0.025882 0.000000 0.096593
vn -0.025882 0.000000 0.096593
vn -0.000000 0.000000 0.100000
vn -0.025882 0.000000 0.096593
vn -0.025882 0.000000 0.096593
vn -0.050000 0.000000 0.086603
vn -0.050000 0.000000 0.086603
vn -0.070711 0.000000 0.070711
vn -0.070711 0.000000 0.070711
vn -0.086603 0.000000 0.050000
vn -0.096593 0.000000 0.025882
vn -0.096593 0.000000 0.025882
vn -0.096593 0.000000 0.025882
vn -0.096593 0.000000 0.025882
vn -0.096593 0.000000 0.025882
vn -0.086603 0.000000 0.050000
vn -0.086603 0.000000 0.050000
vn -0.070711 0.000000 0.070711
vn -0.086603 0.000000 0.050000
vn -0.086603 0.000000 0.050000
vn -0.070711 0.000000 0.070711
vn -0.050000 0.000000 0.086603
vn -0.070711 0.000000 0.070711
vn -0.050000 0.000000 0.086603
vn -0.025882 0.000000 0.096593
vn -0.050000 0.000000 0.086603
vn -0.025882 0.000000 0.096593
vn -0.100000 0.000000 0.000000
vn -0.100000 0.000000 0.000000
vn 0.025882 -0.000000 0.096593
vn 0.025882 -0.000000 0.096593
vn 0.000000 0.000000 0.100000
vn 0.025882 -0.000000 0.096593
vn 0.025882 -0.000000 0.096593
vn 0.050000 -0.000000 0.086603
vn 0.050000 -0.000000 0.086603
vn 0.070711 -0.000000 0.070711
vn 0.070711 -0.000000 0.070711
vn 0.086603 -0.000000 0.050000
vn 0.086603 -0.000000 0.050000
vn 0.096593 -0.000000 0.025882
vn 0.096593 -0.000000 0.025882
vn 0.100000 0.000000 0.000000
vn 0.096593 -0.000000 0.025882
vn 0.096593 -0.000000 0.025882
vn 0.086603 -0.000000 0.050000
vn 0.086603 -0.000000 0.050000
vn 0.070711 -0.000000 0.070711
vn 0.070711 -0.000000 0.070711
vn 0.050000 -0.000000 0.086603
vn 0.050000 -0.000000 0.086603
vn 0.025882 -0.000000 0.096593
vn 0.025882 -0.000000 0.096593
vn 0.000000 0.000000 0.100000
vn 0.025882 -0.000000 0.096593
vn 0.025882 -0.000000 0.096593
vn 0.050000 -0.000000 0.086603
vn 0.050000 -0.000000 0.086603
vn 0.070711 -0.000000 0.070711
vn 0.070711 -0.000000 0.070711
vn 0.086603 -0.000000 0.050000
vn 0.086603 -0.000000 0.050000
vn 0.096593 -0.000000 0.025882
vn 0.096593 -0.000000 0.025882
vn 0.096593 -0.000000 0.025882
vn 0.050000 -0.000000 0.086603
vn 0.050000 -0.000000 0.086603
vn 0.070711 -0.000000 0.070711
vn 0.070711 -0.000000 0.070711
vn 0.086603 -0.000000 0.050000
vn 0.086603 -0.000000 0.050000
vn 0.096593 -0.000000 0.025882
vn 0.096593 -0.000000 0.025882
vn 0.100000 0.000000 0.000000
vn 0.096593 -0.000000 0.025882
vn 0.096593 -0.000000 0.025882
vn 0.086603 -0.000000 0.050000
vn 0.086603 -0.000000 0.050000
vn 0.070711 -0.000000 0.070711
vn 0.070711 -0.000000 0.070711
vn 0.050000 -0.000000 0.086603
vn 0.025882 -0.000000 0.096593
vn 0.025882 -0.000000 0.096593
vn 0.025882 -0.000000 0.096593
vn 0.025882 -0.000000 0.096593
vn 0.025882 -0.000000 0.096593
vn 0.050000 -0.000000 0.086603
vn 0.050000 -0.000000 0.086603
vn 0.070711 -0.000000 0.070711
vn 0.050000 -0.000000 0.086603
vn 0.050000 -0.000000 0.086603
vn 0.070711 -0.000000 0.070711
vn 0.086603 -0.000000 0.050000
vn 0.070711 -0.000000 0.070711
vn 0.086603 -0.000000 0.050000
vn 0.096593 -0.000000 0.025882
vn 0.086603 -0.000000 0.050000
vn 0.096593 -0.000000 0.025882
vn 0.100000 0.000000 0.000000
vn 0.100000 0.000000 0.000000
vn 0.000000 -0.100000 0.000000
vn 0.000000 -0.100000 0.000000
vn 0.000000 -0.100000 0.000000
vn 0.000000 -0.100000 0.000000
vn 0.000000 -0.100000 0.000000
vn 0.000000 -0.100000 0.000000
vn 0.000000 -0.100000 0.000000
vn 0.000000 -0.100000 0.000000
vn 0.000000 -0.100000 0.000000
vn 0.000000 -0.100000 0.000000
vn 0.000000 -0.100000 0.000000
vn 0.000000 -0.100000 0.000000
vn 0.000000 -0.100000 0.000000
vn 0.000000 -0.100000 0.000000
vn 0.000000 -0.100000 0.000000
vn 0.000000 -0.100000 0.000000
vn 0.000000 -0.100000 0.000000
vn 0.000000 -0.100000 0.000000
vn 0.000000 -0.100000 0.000000
vn 0.000000 -0.100000 0.000000
vn 0.000000 -0.100000 0.000000
vn 0.000000 -0.100000 0.000000
vn 0.000000 0.000000 0.100000
vn 0.000000 0.000000 0.100000
vn 0.000000 0.000000 0.100000
vn 0.000000 0.000000 0.100000
vn 0.000000 0.000000 0.100000
vn 0.000000 0.000000 0.100000
vn 0.000000 0.000000 0.100000
vn 0.000000 0.000000 0.100000
vn 0.000000 0.000000 0.100000
vn 0.000000 0.000000 0.100000
vn 0.000000 0.000000 0.100000
vn 0.000000 0.000000 0.100000
vn 0.000000 0.000000 0.100000
vn 0.000000 0.000000 0.100000
vn 0.000000 0.000000 0.100000
vn 0.000000 0.000000 0.100000
vn 0.000000 0.000000 0.100000
vn 0.000000 0.000000 0.100000
vn 0.000000 0.000000 0.100000
vn 0.000000 0.000000 0.100000
vn 0.000000 0.000000 0.100000
vn 0.000000 0.000000 0.100000
vn 0.000000 0.000000 0.100000
vn 0.000000 0.000000 0.100000
vn 0.000000 0.000000 0.100000
vn 0.000000 0.000000 0.100000
vn 0.000000 0.000000 0.100000
vn 0.000000 0.000000 0.100000
vn 0.000000 0.000000 0.100000
vn 0.000000 0.000000 0.100000
vn 0.000000 0.000000 0.100000
vn 0.000000 0.000000 0.100000
vn 0.000000 0.000000 0.100000
vn 0.000000 0.000000 0.100000
vn 0.017332 0.098487 0.000000
vn 0.024590 0.096929 0.000000
vn 0.017332 0.098487 0.000000
vn 0.024590 0.096929 0.000000
vn 0.031359 0.094956 0.000000
vn 0.031359 0.094956 0.000000
vn 0.037326 0.092772 0.000000
vn 0.037326 0.092772 0.000000
vn 0.041938 0.090781 0.000000
vn 0.041938 0.090781 0.000000
vn 0.046386 0.088591 0.000000
vn 0.046386 0.088591 0.000000
vn 0.051813 0.085530 0.000000
vn 0.051813 0.085530 0.000000
vn 0.057525 0.081798 0.000000
vn 0.057525 0.081798 0.000000
vn 0.063166 0.077524 0.000000
vn 0.063166 0.077524 0.000000
vn -0.000000 0.100000 -0.000000
vn -0.000000 0.100000 -0.000000
vn -0.000000 0.100000 -0.000000
vn -0.000000 0.100000 -0.000000
vn -0.075037 -0.007404 -0.065685
vn -0.075399 -0.000016 -0.065688
vn -0.063081 -0.005431 -0.077403
vn -0.059766 -0.000013 -0.080175
vn -0.049240 -0.004240 -0.086934
vn -0.041418 -0.000009 -0.091020
vn -0.041269 -0.003553 -0.091018
vn -0.027111 -0.002334 -0.096227
vn -0.040810 -0.007096 -0.091018
vn -0.026809 -0.004661 -0.096226
vn -0.040055 -0.010559 -0.091017
vn -0.026313 -0.006936 -0.096226
vn -0.039010 -0.013932 -0.091017
vn -0.025627 -0.009152 -0.096226
vn -0.037677 -0.017211 -0.091018
vn -0.024751 -0.011306 -0.096227
vn -0.036058 -0.020386 -0.091018
vn -0.023687 -0.013392 -0.096227
vn -0.034187 -0.023390 -0.091018
vn -0.022458 -0.015365 -0.096226
vn -0.032076 -0.026210 -0.091018
vn -0.021072 -0.017218 -0.096226
vn -0.029809 -0.028760 -0.091018
vn -0.019582 -0.018894 -0.096227
vn -0.027331 -0.031125 -0.091018
vn -0.017955 -0.020447 -0.096227
vn -0.024618 -0.033312 -0.091018
vn -0.016172 -0.021884 -0.096227
vn -0.021713 -0.035274 -0.091018
vn -0.014264 -0.023173 -0.096227
vn -0.018663 -0.036978 -0.091018
vn -0.012261 -0.024292 -0.096227
vn -0.015481 -0.038419 -0.091018
vn -0.010170 -0.025239 -0.096227
vn -0.011742 -0.039722 -0.091018
vn -0.007714 -0.026095 -0.096227
vn -0.007866 -0.040669 -0.091017
vn -0.005167 -0.026717 -0.096226
vn -0.003965 -0.041232 -0.091017
vn -0.002605 -0.027087 -0.096226
vn 0.000010 -0.041422 -0.091018
vn 0.000005 -0.021192 -0.097729
vn -0.001183 -0.012304 -0.099233
vn 0.000000 -0.000000 -0.100000
vn 0.000000 0.000000 -0.100000
vn -0.002347 -0.012136 -0.099233
vn 0.000000 0.000000 -0.100000
vn -0.003504 -0.011853 -0.099233
vn 0.000000 0.000000 -0.100000
vn -0.004620 -0.011464 -0.099233
vn 0.000000 0.000000 -0.100000
vn -0.005569 -0.011034 -0.099233
vn 0.000000 0.000000 -0.100000
vn -0.006479 -0.010526 -0.099233
vn 0.000000 0.000000 -0.100000
vn -0.007346 -0.009941 -0.099233
vn 0.000000 0.000000 -0.100000
vn -0.008156 -0.009288 -0.099233
vn 0.000000 0.000000 -0.100000
vn -0.008895 -0.008582 -0.099233
vn 0.000000 0.000000 -0.100000
vn -0.009572 -0.007821 -0.099233
vn -0.010202 -0.006980 -0.099233
vn -0.021188 -0.000005 -0.097730
vn -0.012315 -0.001060 -0.099233
vn -0.012178 -0.002117 -0.099233
vn -0.011953 -0.003151 -0.099233
vn -0.011641 -0.004157 -0.099233
vn -0.011243 -0.005136 -0.099233
vn -0.010760 -0.006083 -0.099233
vn 0.000000 0.000000 -0.100000
vn 0.000000 0.000000 -0.100000
vn 0.000000 0.000000 -0.100000
vn 0.000000 0.000000 -0.100000
vn 0.000000 0.000000 -0.100000
vn 0.000000 0.000000 -0.100000
vn 0.000000 0.000000 -0.100000
vn -0.004731 -0.049197 -0.086933
vn 0.000014 -0.059769 -0.080173
vn -0.006061 -0.063025 -0.077402
vn 0.000018 -0.075402 -0.065685
vn -0.007406 -0.075038 -0.065684
vn -0.012024 -0.062164 -0.077402
vn -0.014692 -0.073958 -0.065684
vn -0.017949 -0.060717 -0.077403
vn -0.021921 -0.072145 -0.065685
vn -0.023664 -0.058726 -0.077404
vn -0.028886 -0.069649 -0.065686
vn -0.028528 -0.056523 -0.077404
vn -0.035581 -0.066479 -0.065686
vn -0.033189 -0.053918 -0.077403
vn -0.041930 -0.062669 -0.065685
vn -0.037630 -0.050919 -0.077403
vn -0.047890 -0.058241 -0.065685
vn -0.041777 -0.047576 -0.077403
vn -0.053362 -0.053273 -0.065685
vn -0.045564 -0.043962 -0.077403
vn -0.058317 -0.047799 -0.065685
vn -0.049029 -0.040063 -0.077403
vn -0.052256 -0.035752 -0.077402
vn -0.040790 -0.027907 -0.086933
vn -0.043022 -0.024324 -0.086933
vn -0.062691 -0.041898 -0.065685
vn -0.055116 -0.031161 -0.077403
vn -0.044954 -0.020535 -0.086933
vn -0.066491 -0.035557 -0.065685
vn -0.057591 -0.026308 -0.077403
vn -0.046545 -0.016623 -0.086933
vn -0.069664 -0.028853 -0.065684
vn -0.059628 -0.021295 -0.077402
vn -0.047791 -0.012598 -0.086933
vn -0.072147 -0.021919 -0.065684
vn -0.061225 -0.016139 -0.077402
vn -0.048692 -0.008466 -0.086933
vn -0.073943 -0.014766 -0.065684
vn -0.062379 -0.010846 -0.077403
vn -0.038271 -0.031272 -0.086933
vn -0.035567 -0.034316 -0.086934
vn -0.032610 -0.037137 -0.086933
vn -0.029373 -0.039747 -0.086933
vn -0.025907 -0.042088 -0.086934
vn -0.022268 -0.044121 -0.086934
vn -0.018471 -0.045840 -0.086934
vn -0.014010 -0.047395 -0.086934
vn -0.009385 -0.048524 -0.086933
vn -0.045618 0.000000 -0.088989
vn -0.041533 0.000000 -0.090967
vn -0.041519 0.000000 -0.090974
vn -0.031573 0.000000 -0.094885
vn -0.021244 0.000000 -0.097717
vn -0.021252 0.000000 -0.097716
vn -0.010687 0.000000 -0.099427
vn -0.000000 0.000000 -0.100000
vn -0.021229 0.000000 -0.097721
vn -0.021237 0.000000 -0.097719
vn -0.041491 0.000000 -0.090986
vn -0.041505 0.000000 -0.090980
vn -0.059769 0.000000 -0.080173
vn -0.059769 0.000000 -0.080173
vn -0.075402 0.000000 -0.065685
vn -0.059769 0.000000 -0.080173
vn -0.068995 0.000000 -0.072386
vn -0.056703 0.000000 -0.082369
vn -0.021192 0.000000 -0.097729
vn -0.021200 0.000000 -0.097727
vn -0.021207 0.000000 -0.097725
vn -0.021214 0.000000 -0.097724
vn -0.041449 0.000000 -0.091005
vn -0.041463 0.000000 -0.090999
vn -0.059769 0.000000 -0.080173
vn -0.059769 0.000000 -0.080173
vn -0.075402 0.000000 -0.065685
vn -0.059769 0.000000 -0.080173
vn -0.041421 0.000000 -0.091018
vn -0.041435 0.000000 -0.091012
vn -0.059769 0.000000 -0.080173
vn -0.059769 0.000000 -0.080173
vn -0.049475 0.000000 -0.086904
vn -0.041477 0.000000 -0.090993
vn -0.021222 0.000000 -0.097722
vn 0.000000 -0.021192 -0.097729
vn 0.000000 -0.021192 -0.097729
vn 0.000000 -0.000000 -0.100000
vn 0.000000 -0.021192 -0.097729
vn 0.000000 -0.021192 -0.097729
vn 0.000000 -0.041421 -0.091018
vn 0.000000 -0.041421 -0.091018
vn 0.000000 -0.059769 -0.080173
vn 0.000000 -0.059769 -0.080173
vn 0.000000 -0.075402 -0.065685
vn 0.000000 -0.059769 -0.080173
vn 0.000000 -0.059769 -0.080173
vn 0.000000 -0.041421 -0.091018
vn 0.000000 -0.041421 -0.091018
vn 0.000000 -0.021192 -0.097729
vn 0.000000 -0.021192 -0.097729
vn 0.000000 -0.000000 -0.100000
vn 0.000000 -0.041421 -0.091018
vn 0.000000 -0.041421 -0.091018
vn 0.000000 -0.059769 -0.080173
vn 0.000000 -0.059769 -0.080173
vn 0.000000 -0.075402 -0.065685
vn 0.000000 -0.059769 -0.080173
vn 0.000000 -0.059769 -0.080173
vn 0.000000 -0.021192 -0.097729
vn 0.000000 -0.021192 -0.097729
vn 0.000000 -0.041421 -0.091018
vn 0.000000 -0.041421 -0.091018
vn 0.000000 0.000000 -0.100000
vn 0.000001 0.000000 -0.100000
vn 0.016753 -0.001335 -0.098578
vn 0.021193 0.000009 -0.097729
vn 0.033042 -0.002633 -0.094347
vn 0.041422 0.000019 -0.091018
vn 0.041292 -0.003290 -0.091017
vn 0.054533 -0.004345 -0.083709
vn 0.040913 -0.006502 -0.091016
vn 0.054032 -0.008586 -0.083707
vn 0.040290 -0.009642 -0.091015
vn 0.053208 -0.012733 -0.083706
vn 0.039417 -0.012740 -0.091017
vn 0.052056 -0.016825 -0.083708
vn 0.038274 -0.015838 -0.091018
vn 0.050547 -0.020917 -0.083711
vn 0.036893 -0.018836 -0.091017
vn 0.048724 -0.024876 -0.083709
vn 0.035314 -0.021659 -0.091016
vn 0.046637 -0.028604 -0.083707
vn 0.033534 -0.024325 -0.091015
vn 0.044286 -0.032125 -0.083706
vn 0.031538 -0.026858 -0.091017
vn 0.041651 -0.035470 -0.083709
vn 0.029296 -0.029283 -0.091018
vn 0.038691 -0.038673 -0.083711
vn 0.026901 -0.031498 -0.091018
vn 0.035527 -0.041599 -0.083710
vn 0.024363 -0.033501 -0.091017
vn 0.032175 -0.044243 -0.083710
vn 0.021661 -0.035307 -0.091018
vn 0.028607 -0.046629 -0.083710
vn 0.018805 -0.036906 -0.091018
vn 0.024836 -0.048741 -0.083711
vn 0.015850 -0.038269 -0.091018
vn 0.020932 -0.050540 -0.083711
vn 0.012802 -0.039393 -0.091018
vn 0.016907 -0.052025 -0.083711
vn 0.009671 -0.040276 -0.091018
vn 0.012772 -0.053192 -0.083711
vn 0.006470 -0.040913 -0.091018
vn 0.008545 -0.054033 -0.083711
vn 0.003245 -0.041294 -0.091018
vn 0.004285 -0.054536 -0.083710
vn 0.000000 -0.059769 -0.080173
vn 0.005228 -0.066538 -0.074468
vn 0.007373 -0.075041 -0.065685
vn 0.010425 -0.065923 -0.074468
vn 0.014711 -0.073953 -0.065685
vn 0.015583 -0.064898 -0.074468
vn 0.021886 -0.072155 -0.065686
vn 0.020628 -0.063474 -0.074468
vn 0.028853 -0.069663 -0.065686
vn 0.025539 -0.061662 -0.074468
vn 0.030301 -0.059467 -0.074468
vn 0.059770 0.000027 -0.080172
vn 0.066533 -0.005302 -0.074466
vn 0.065921 -0.010476 -0.074463
vn 0.064916 -0.015535 -0.074462
vn 0.063511 -0.020527 -0.074465
vn 0.061671 -0.025520 -0.074468
vn 0.059445 -0.030350 -0.074466
vn 0.056898 -0.034898 -0.074463
vn 0.054030 -0.039193 -0.074462
vn 0.050816 -0.043275 -0.074465
vn 0.047205 -0.047183 -0.074468
vn 0.043345 -0.050753 -0.074467
vn 0.039255 -0.053979 -0.074466
vn 0.034902 -0.056890 -0.074467
vn 0.075402 0.000034 -0.065685
vn 0.075033 -0.007473 -0.065682
vn 0.073957 -0.014720 -0.065679
vn 0.072184 -0.021806 -0.065681
vn 0.069672 -0.028831 -0.065685
vn 0.066461 -0.035620 -0.065682
vn 0.062696 -0.041899 -0.065679
vn 0.058344 -0.047770 -0.065681
vn 0.053330 -0.053305 -0.065685
vn 0.047829 -0.058292 -0.065684
vn 0.041920 -0.062676 -0.065684
vn 0.035534 -0.066504 -0.065685
vn 0.002596 -0.033043 -0.094347
vn 0.000000 -0.021192 -0.097729
vn 0.001316 -0.016754 -0.098578
vn -0.000000 0.000000 -0.100000
vn 0.002625 -0.016599 -0.098578
vn 0.000000 0.000000 -0.100000
vn 0.003924 -0.016341 -0.098578
vn 0.000000 0.000000 -0.100000
vn 0.005194 -0.015983 -0.098578
vn 0.000000 0.000000 -0.100000
vn 0.006431 -0.015526 -0.098578
vn 0.007630 -0.014974 -0.098578
vn 0.015048 -0.029532 -0.094347
vn 0.017333 -0.028252 -0.094347
vn 0.000000 0.000000 -0.100000
vn 0.008788 -0.014325 -0.098578
vn 0.019495 -0.026807 -0.094347
vn 0.000000 -0.000000 -0.100000
vn 0.009885 -0.013592 -0.098578
vn 0.021526 -0.025204 -0.094347
vn 0.000000 -0.000000 -0.100000
vn 0.010914 -0.012780 -0.098578
vn 0.023442 -0.023431 -0.094347
vn -0.000000 -0.000000 -0.100000
vn 0.011886 -0.011881 -0.098578
vn 0.025236 -0.021491 -0.094347
vn 0.012796 -0.010897 -0.098578
vn -0.000000 -0.000000 -0.100000
vn 0.013606 -0.009869 -0.098577
vn -0.000000 -0.000000 -0.100000
vn 0.014328 -0.008788 -0.098577
vn -0.000000 -0.000000 -0.100000
vn 0.014969 -0.007642 -0.098578
vn 0.000000 0.000000 -0.100000
vn 0.015529 -0.006426 -0.098578
vn 0.015992 -0.005169 -0.098578
vn 0.031541 -0.010194 -0.094346
vn 0.032239 -0.007715 -0.094346
vn 0.000000 0.000000 -0.100000
vn 0.016347 -0.003912 -0.098577
vn 0.032738 -0.005202 -0.094346
vn 0.000000 0.000000 -0.100000
vn 0.016600 -0.002638 -0.098577
vn 0.030626 -0.012673 -0.094347
vn 0.029522 -0.015072 -0.094347
vn 0.028258 -0.017332 -0.094346
vn 0.026833 -0.019465 -0.094346
vn 0.012683 -0.030622 -0.094348
vn 0.010244 -0.031522 -0.094348
vn 0.007739 -0.032229 -0.094347
vn 0.005177 -0.032738 -0.094347
vn 0.075402 0.000000 -0.065685
vn 0.075402 0.000000 -0.065685
vn 0.068995 0.000000 -0.072386
vn 0.059769 0.000000 -0.080173
vn 0.059769 0.000000 -0.080173
vn 0.041505 0.000000 -0.090980
vn 0.041519 0.000000 -0.090974
vn 0.021244 0.000000 -0.097717
vn 0.031573 0.000000 -0.094885
vn 0.021252 0.000000 -0.097716
vn 0.010687 0.000000 -0.099427
vn 0.000000 0.000000 -0.100000
vn 0.021237 0.000000 -0.097719
vn 0.021229 0.000000 -0.097721
vn 0.041491 0.000000 -0.090986
vn 0.041477 0.000000 -0.090993
vn 0.059769 0.000000 -0.080173
vn 0.059769 0.000000 -0.080173
vn 0.059769 0.000000 -0.080173
vn 0.059769 0.000000 -0.080173
vn 0.041449 0.000000 -0.091005
vn 0.041435 0.000000 -0.091012
vn 0.021207 0.000000 -0.097725
vn 0.021200 0.000000 -0.097727
vn 0.021192 0.000000 -0.097729
vn 0.000000 0.000000 -0.100000
vn 0.059769 0.000000 -0.080173
vn 0.041421 0.000000 -0.091018
vn 0.041533 0.000000 -0.090967
vn 0.045618 0.000000 -0.088989
vn 0.049475 0.000000 -0.086904
vn 0.059769 0.000000 -0.080173
vn 0.056703 0.000000 -0.082369
vn 0.041463 0.000000 -0.090999
vn 0.021214 0.000000 -0.097724
vn 0.021222 0.000000 -0.097722
vn -0.085900 0.000000 -0.051197
vn -0.085900 0.000000 -0.051197
vn -0.085900 0.000000 -0.051197
vn -0.093649 0.000000 -0.035070
vn -0.093649 0.000000 -0.035070
vn -0.098399 0.000000 -0.017820
vn -0.098399 0.000000 -0.017820
vn -0.100000 0.000000 0.000000
vn -0.098399 0.000000 -0.017820
vn -0.098399 0.000000 -0.017820
vn -0.093649 0.000000 -0.035070
vn -0.093649 0.000000 -0.035070
vn -0.085900 0.000000 -0.051197
vn -0.085900 0.000000 -0.051197
vn -0.085900 0.000000 -0.051197
vn -0.085900 0.000000 -0.051197
vn -0.093649 0.000000 -0.035070
vn -0.093649 0.000000 -0.035070
vn -0.098399 0.000000 -0.017820
vn -0.098399 0.000000 -0.017820
vn -0.100000 0.000000 0.000000
vn -0.098399 0.000000 -0.017820
vn -0.098399 0.000000 -0.017820
vn -0.085900 0.000000 -0.051197
vn -0.093649 0.000000 -0.035070
vn -0.093649 0.000000 -0.035070
vn -0.075038 -0.007402 -0.065685
vn -0.085023 -0.012224 -0.051202
vn -0.092694 -0.013327 -0.035073
vn -0.089854 -0.026384 -0.035073
vn -0.094413 -0.027722 -0.017822
vn -0.089507 -0.040876 -0.017822
vn -0.090963 -0.041542 0.000000
vn -0.084125 -0.054064 0.000000
vn -0.082779 -0.053199 -0.017822
vn -0.075575 -0.065486 0.000000
vn -0.074365 -0.064438 -0.017822
vn -0.065486 -0.075575 0.000000
vn -0.064438 -0.074365 -0.017822
vn -0.054064 -0.084125 0.000000
vn -0.053199 -0.082779 -0.017822
vn -0.041542 -0.090963 0.000000
vn -0.040876 -0.089507 -0.017822
vn -0.028173 -0.095949 0.000000
vn -0.027722 -0.094413 -0.017822
vn -0.014231 -0.098982 0.000000
vn -0.014004 -0.097398 -0.017822
vn -0.000000 -0.098399 -0.017820
vn -0.000000 -0.093649 -0.035070
vn -0.013327 -0.092694 -0.035073
vn -0.000000 -0.085900 -0.051197
vn -0.012224 -0.085023 -0.051202
vn -0.007378 -0.075037 -0.065689
vn -0.014722 -0.073948 -0.065689
vn -0.024200 -0.082418 -0.051202
vn -0.021925 -0.072144 -0.065685
vn -0.028893 -0.069648 -0.065684
vn -0.035683 -0.078135 -0.051202
vn -0.035574 -0.066484 -0.065684
vn -0.046440 -0.072262 -0.051202
vn -0.041929 -0.062669 -0.065685
vn -0.047889 -0.058240 -0.065687
vn -0.056251 -0.064917 -0.051202
vn -0.053361 -0.053273 -0.065685
vn -0.064917 -0.056251 -0.051202
vn -0.058304 -0.047810 -0.065688
vn -0.072262 -0.046440 -0.051202
vn -0.062697 -0.041883 -0.065688
vn -0.066493 -0.035554 -0.065685
vn -0.078135 -0.035683 -0.051202
vn -0.069650 -0.028878 -0.065688
vn -0.082418 -0.024200 -0.051202
vn -0.072141 -0.021918 -0.065691
vn -0.073945 -0.014738 -0.065689
vn -0.095949 -0.028173 0.000000
vn -0.097398 -0.014004 -0.017822
vn -0.098982 -0.014231 0.000000
vn -0.085185 -0.038903 -0.035073
vn -0.078781 -0.050630 -0.035073
vn -0.070774 -0.061326 -0.035073
vn -0.061326 -0.070774 -0.035073
vn -0.050630 -0.078781 -0.035073
vn -0.038903 -0.085185 -0.035073
vn -0.026384 -0.089854 -0.035073
vn -0.000000 -0.099614 -0.008783
vn -0.000000 -0.098399 -0.017820
vn -0.000000 -0.098399 -0.017820
vn -0.000000 -0.098399 -0.017820
vn -0.000000 -0.099613 -0.008784
vn -0.000000 -0.099756 -0.006982
vn -0.000000 -0.099919 -0.004027
vn -0.000000 -0.100000 0.000000
vn -0.000000 -0.098399 -0.017820
vn -0.000000 -0.098399 -0.017820
vn -0.000000 -0.098399 -0.017820
vn -0.000000 -0.093649 -0.035070
vn -0.000000 -0.093649 -0.035070
vn -0.000000 -0.085900 -0.051197
vn -0.000000 -0.085900 -0.051197
vn -0.000000 -0.085900 -0.051197
vn -0.000000 -0.085900 -0.051197
vn -0.000000 -0.093649 -0.035070
vn -0.000000 -0.093649 -0.035070
vn -0.000000 -0.099756 -0.006982
vn -0.000000 -0.099919 -0.004028
vn -0.000000 -0.098399 -0.017820
vn -0.000000 -0.093649 -0.035070
vn -0.000000 -0.085900 -0.051197
vn -0.000000 -0.085900 -0.051197
vn -0.000000 -0.085900 -0.051197
vn -0.000000 -0.093649 -0.035070
vn -0.000000 -0.093649 -0.035070
vn 0.007374 -0.075039 -0.065687
vn 0.012223 -0.085016 -0.051214
vn 0.013327 -0.092691 -0.035082
vn 0.026383 -0.089851 -0.035082
vn 0.027722 -0.094412 -0.017827
vn 0.040876 -0.089506 -0.017827
vn 0.041542 -0.090963 0.000000
vn 0.054064 -0.084125 0.000000
vn 0.053198 -0.082778 -0.017827
vn 0.065486 -0.075575 0.000000
vn 0.064437 -0.074364 -0.017827
vn 0.075575 -0.065486 0.000000
vn 0.074364 -0.064437 -0.017827
vn 0.084125 -0.054064 0.000000
vn 0.082778 -0.053198 -0.017827
vn 0.090963 -0.041542 0.000000
vn 0.089506 -0.040876 -0.017827
vn 0.095949 -0.028173 0.000000
vn 0.094412 -0.027722 -0.017827
vn 0.098982 -0.014231 0.000000
vn 0.097397 -0.014004 -0.017827
vn 0.098399 -0.000000 -0.017820
vn 0.093649 -0.000000 -0.035070
vn 0.092691 -0.013327 -0.035082
vn 0.085900 -0.000000 -0.051197
vn 0.085016 -0.012223 -0.051214
vn 0.075033 -0.007366 -0.065695
vn 0.073938 -0.014699 -0.065705
vn 0.082411 -0.024198 -0.051214
vn 0.072141 -0.021897 -0.065698
vn 0.069662 -0.028855 -0.065686
vn 0.078128 -0.035680 -0.051214
vn 0.066501 -0.035521 -0.065695
vn 0.072255 -0.046436 -0.051214
vn 0.062683 -0.041877 -0.065705
vn 0.058269 -0.047838 -0.065698
vn 0.064911 -0.056246 -0.051214
vn 0.053317 -0.053317 -0.065686
vn 0.056246 -0.064911 -0.051214
vn 0.047848 -0.058271 -0.065689
vn 0.046436 -0.072255 -0.051214
vn 0.041892 -0.062690 -0.065689
vn 0.035530 -0.066506 -0.065685
vn 0.035680 -0.078128 -0.051214
vn 0.028847 -0.069667 -0.065684
vn 0.024198 -0.082411 -0.051214
vn 0.021894 -0.072154 -0.065684
vn 0.014711 -0.073953 -0.065685
vn 0.100000 -0.000000 -0.000000
vn 0.028173 -0.095949 0.000000
vn 0.014004 -0.097397 -0.017827
vn 0.014231 -0.098982 0.000000
vn 0.038901 -0.085182 -0.035082
vn 0.050628 -0.078778 -0.035082
vn 0.061324 -0.070772 -0.035082
vn 0.070772 -0.061324 -0.035082
vn 0.078778 -0.050628 -0.035082
vn 0.085182 -0.038901 -0.035082
vn 0.089851 -0.026383 -0.035082
vn 0.085900 0.000000 -0.051197
vn 0.085900 0.000000 -0.051197
vn 0.085900 0.000000 -0.051197
vn 0.093649 0.000000 -0.035070
vn 0.098399 0.000000 -0.017820
vn 0.098399 0.000000 -0.017820
vn 0.098399 0.000000 -0.017820
vn 0.093649 0.000000 -0.035070
vn 0.093649 0.000000 -0.035070
vn 0.085900 0.000000 -0.051197
vn 0.085900 0.000000 -0.051197
vn 0.085900 0.000000 -0.051197
vn 0.085900 0.000000 -0.051197
vn 0.093649 0.000000 -0.035070
vn 0.093649 0.000000 -0.035070
vn 0.098399 0.000000 -0.017820
vn 0.098399 0.000000 -0.017820
vn 0.100000 0.000000 -0.000000
vn 0.098399 0.000000 -0.017820
vn 0.098399 0.000000 -0.017820
vn 0.093649 0.000000 -0.035070
vn 0.093649 0.000000 -0.035070
vn 0.080314 0.021520 -0.055557
vn 0.070321 0.007410 -0.070711
vn 0.066441 0.024199 -0.070711
vn 0.072007 0.041573 -0.055557
vn 0.058615 0.039551 -0.070711
vn 0.058794 0.058794 -0.055557
vn 0.047308 0.052555 -0.070711
vn 0.041573 0.072007 -0.055557
vn 0.033191 0.062437 -0.070711
vn 0.021520 0.080314 -0.055557
vn 0.017103 0.068611 -0.070711
vn 0.000000 0.083147 -0.055557
vn 0.000000 0.070711 -0.070711
vn 0.000000 0.092388 -0.038268
vn 0.023912 0.089240 -0.038268
vn 0.046194 0.080010 -0.038268
vn 0.065328 0.065328 -0.038268
vn 0.080010 0.046194 -0.038268
vn 0.089240 0.023912 -0.038268
vn 0.094737 0.025385 -0.019509
vn 0.096593 0.025882 0.000000
vn 0.000000 0.098079 -0.019509
vn 0.025385 0.094737 -0.019509
vn 0.049039 0.084938 -0.019509
vn 0.069352 0.069352 -0.019509
vn 0.084938 0.049039 -0.019509
vn 0.000000 0.100000 0.000000
vn 0.025882 0.096593 0.000000
vn 0.050000 0.086603 0.000000
vn 0.070711 0.070711 0.000000
vn 0.086603 0.050000 0.000000
vn 0.060830 0.036052 -0.070711
vn 0.042858 0.056242 -0.070711
vn 0.026242 0.065661 -0.070711
vn 0.000000 0.070711 -0.070711
vn -0.097407 -0.022626 0.000000
vn -0.096593 -0.025882 0.000000
vn -0.089761 -0.044079 0.000000
vn -0.086603 -0.050000 0.000000
vn -0.077460 -0.063246 0.000000
vn -0.070711 -0.070711 0.000000
vn -0.061141 -0.079132 0.000000
vn -0.050000 -0.086603 0.000000
vn -0.041651 -0.090913 0.000000
vn -0.025882 -0.096593 0.000000
vn -0.020000 -0.097980 0.000000
vn -0.020000 -0.097980 0.000000
vn 0.000000 -0.100000 0.000000
vn 0.000000 -0.100000 0.000000
vn -0.100000 0.000000 0.000000
vn -0.100000 0.000000 0.000000
vn -0.100000 0.000000 0.000000
vn -0.100000 0.000000 0.000000
vn -0.099144 0.013053 -0.000000
vn -0.096593 0.025882 -0.000000
vn -0.096593 0.025882 -0.000000
vn -0.092388 0.038268 -0.000000
vn -0.086603 0.050000 -0.000000
vn -0.086603 0.050000 -0.000000
vn -0.079335 0.060876 -0.000000
vn -0.070711 0.070711 -0.000000
vn -0.070711 0.070711 -0.000000
vn -0.060876 0.079335 -0.000000
vn -0.050000 0.086603 -0.000000
vn -0.050000 0.086603 -0.000000
vn -0.038268 0.092388 -0.000000
vn -0.025882 0.096593 -0.000000
vn -0.025882 0.096593 -0.000000
vn -0.013053 0.099144 -0.000000
vn 0.000000 0.000000 0.100000
vn 0.000000 0.000000 0.100000
vn -0.100000 0.000000 0.000000
vn -0.100000 0.000000 0.000000
vn -0.100000 0.000000 0.000000
vn -0.100000 0.000000 0.000000
vn 0.000000 -0.100000 0.000000
vn 0.000000 -0.100000 0.000000
vn 0.000000 -0.100000 0.000000
vn 0.000000 -0.100000 0.000000
vn -0.096593 0.025882 -0.000000
vn -0.096593 0.025882 -0.000000
vn -0.086603 0.050000 -0.000000
vn -0.086603 0.050000 -0.000000
vn -0.070711 0.070711 -0.000000
vn -0.070711 0.070711 -0.000000
vn -0.050000 0.086603 -0.000000
vn -0.050000 0.086603 -0.000000
vn -0.025882 0.096593 -0.000000
vn -0.025882 0.096593 -0.000000
vn 0.000000 0.100000 0.000000
vn 0.000000 0.100000 0.000000
vn 0.000000 0.100000 0.000000
vn 0.000000 0.100000 0.000000
vn 0.000000 0.100000 0.000000
vn 0.000000 0.100000 0.000000
vn 0.000000 0.100000 0.000000
vn 0.000000 0.100000 0.000000
vn 0.000000 0.100000 0.000000
vn 0.000000 0.100000 0.000000
vn 0.000000 0.100000 0.000000
vn 0.000000 0.100000 0.000000
vn 0.000000 0.100000 0.000000
vn 0.000000 0.100000 0.000000
vn 0.000000 0.100000 0.000000
vn 0.000000 0.100000 0.000000
vn 0.000000 0.100000 0.000000
vn 0.000000 0.100000 0.000000
vn 0.000000 0.100000 0.000000
vn 0.000000 0.100000 0.000000
vn 0.000000 0.100000 0.000000
vn 0.000000 0.100000 0.000000
vn 0.000000 0.100000 0.000000
vn 0.000000 0.000000 0.100000
vn 0.000000 0.000000 0.100000
vn 0.000000 0.000000 0.100000
vn 0.000000 0.000000 0.100000
vn 0.000000 0.000000 0.100000
vn 0.000000 0.000000 0.100000
vn 0.000000 0.000000 0.100000
vn 0.000000 0.000000 0.100000
vn 0.000000 0.000000 0.100000
vn 0.000000 0.000000 0.100000
vn -0.025882 -0.096593 0.000000
vn -0.025882 -0.096593 0.000000
vn 0.000000 -0.100000 0.000000
vn -0.050000 -0.086603 0.000000
vn -0.050000 -0.086603 0.000000
vn -0.070711 -0.070711 0.000000
vn -0.070711 -0.070711 0.000000
vn -0.086603 -0.050000 0.000000
vn -0.086603 -0.050000 0.000000
vn -0.096593 -0.025882 0.000000
vn -0.096593 -0.025882 0.000000
vn -0.100000 0.000000 0.000000
vn -0.100000 0.000000 0.000000
vn 0.000000 -0.100000 0.000000
vn 0.000000 -0.100000 0.000000
vn 0.000000 -0.096593 0.025882
vn 0.000000 -0.096593 0.025882
vn 0.000000 -0.086603 0.050000
vn 0.000000 -0.086603 0.050000
vn 0.000000 -0.070711 0.070711
vn 0.000000 -0.070711 0.070711
vn 0.000000 -0.050000 0.086603
vn 0.000000 -0.050000 0.086603
vn 0.000000 -0.025882 0.096593
vn 0.000000 -0.025882 0.096593
vn 0.000000 -0.100000 0.000000
vn 0.000000 -0.100000 0.000000
vn 0.000000 -0.096593 0.025882
vn 0.000000 -0.096593 0.025882
vn 0.000000 -0.086603 0.050000
vn 0.000000 -0.086603 0.050000
vn 0.000000 -0.070711 0.070711
vn 0.000000 -0.070711 0.070711
vn 0.000000 -0.050000 0.086603
vn 0.000000 -0.050000 0.086603
vn 0.000000 -0.025882 0.096593
vn 0.000000 -0.025882 0.096593
vn 0.000000 0.000000 0.100000
vn 0.000000 0.000000 0.100000
vn 0.000000 0.000000 0.100000
vn 0.000000 0.000000 0.100000
vn 0.000000 0.025882 0.096593
vn 0.000000 0.025882 0.096593
vn 0.000000 0.050000 0.086603
vn 0.000000 0.050000 0.086603
vn 0.000000 0.070711 0.070711
vn 0.000000 0.070711 0.070711
vn 0.000000 0.086603 0.050000
vn 0.000000 0.086603 0.050000
vn 0.000000 0.096593 0.025882
vn 0.000000 0.096593 0.025882
vn 0.000000 0.100000 0.000000
vn 0.000000 0.100000 0.000000
vn -0.000000 0.100000 -0.000000
vn -0.000000 0.100000 -0.000000
vn 0.000000 -0.070711 -0.070711
vn 0.000000 -0.070711 -0.070711
vn 0.000000 -0.100000 0.000000
vn 0.000000 -0.100000 0.000000
vn 0.000000 0.070711 -0.070711
vn 0.000000 0.070711 -0.070711
vn 0.000000 -0.070711 -0.070711
vn 0.000000 -0.070711 -0.070711
vn 0.000000 -0.100000 0.000000
vn 0.000000 -0.100000 0.000000
vn 0.000000 0.070711 0.070711
vn 0.000000 0.070711 0.070711
vn 0.000000 0.070711 0.070711
vn 0.000000 0.070711 0.070711
vn 0.000000 0.000000 0.100000
vn 0.000000 0.000000 0.100000
vn 0.000000 0.025882 0.096593
vn 0.000000 0.025882 0.096593
vn 0.000000 0.050000 0.086603
vn 0.000000 0.050000 0.086603
vn 0.000000 0.070711 0.070711
vn 0.000000 0.070711 0.070711
vn 0.000000 0.086603 0.050000
vn 0.000000 0.086603 0.050000
vn 0.000000 0.096593 0.025882
vn 0.000000 0.096593 0.025882
vn 0.000000 0.100000 0.000000
vn 0.000000 0.100000 0.000000
vn 0.000000 0.100000 0.000000
vn 0.000000 0.100000 0.000000
vn 0.000000 0.000000 0.100000
vn 0.000000 0.000000 0.100000
vn 0.000000 -0.025882 0.096593
vn 0.000000 -0.025882 0.096593
vn 0.000000 -0.050000 0.086603
vn 0.000000 -0.050000 0.086603
vn 0.000000 -0.070711 0.070711
vn 0.000000 -0.070711 0.070711
vn 0.000000 -0.086603 0.050000
vn 0.000000 -0.086603 0.050000
vn 0.000000 -0.096593 0.025882
vn 0.000000 -0.096593 0.025882
vn 0.000000 0.000000 0.100000
vn 0.000000 0.000000 0.100000
vn 0.000000 0.000000 0.100000
vn 0.000000 0.000000 0.100000
vn 0.000000 0.000000 0.100000
vn 0.000000 0.000000 0.100000
vn 0.000000 0.000000 0.100000
vn 0.000000 0.100000 0.000000
vn 0.000000 0.100000 0.000000
vn 0.000000 0.096593 0.025882
vn 0.000000 0.096593 0.025882
vn 0.000000 0.086603 0.050000
vn 0.000000 0.086603 0.050000
vn 0.000000 0.070711 0.070711
vn 0.000000 0.070711 0.070711
vn 0.000000 0.050000 0.086603
vn 0.000000 0.050000 0.086603
vn 0.000000 0.025882 0.096593
vn 0.000000 0.025882 0.096593
vn 0.000000 0.000000 0.100000
vn 0.000000 0.000000 0.100000
vn 0.000000 0.000000 0.100000
vn 0.000000 0.000000 0.100000
vn 0.000000 -0.025882 0.096593
vn 0.000000 -0.025882 0.096593
vn 0.000000 -0.050000 0.086603
vn 0.000000 -0.050000 0.086603
vn 0.000000 -0.070711 0.070711
vn 0.000000 -0.070711 0.070711
vn 0.000000 -0.086603 0.050000
vn 0.000000 -0.086603 0.050000
vn 0.000000 -0.096593 0.025882
vn 0.000000 -0.096593 0.025882
vn 0.000000 -0.100000 0.000000
vn 0.000000 -0.100000 0.000000
vn 0.000000 -0.100000 0.000000
vn 0.000000 -0.100000 0.000000
vn 0.000000 -0.096593 -0.025882
vn 0.000000 -0.096593 -0.025882
vn 0.000000 -0.086603 -0.050000
vn 0.000000 -0.086603 -0.050000
vn 0.000000 -0.070711 -0.070711
vn 0.000000 -0.070711 -0.070711
vn 0.000000 -0.050000 -0.086603
vn 0.000000 -0.050000 -0.086603
vn 0.000000 -0.025882 -0.096593
vn 0.000000 -0.025882 -0.096593
vn 0.000000 0.000000 -0.100000
vn 0.000000 0.000000 -0.100000
vn 0.000000 0.000000 -0.100000
vn 0.000000 0.000000 -0.100000
vn 0.000000 0.025882 -0.096593
vn 0.000000 0.025882 -0.096593
vn 0.000000 0.050000 -0.086603
vn 0.000000 0.050000 -0.086603
vn 0.000000 0.070711 -0.070711
vn 0.000000 0.070711 -0.070711
vn 0.000000 0.086603 -0.050000
vn 0.000000 0.086603 -0.050000
vn 0.000000 0.096593 -0.025882
vn 0.000000 0.096593 -0.025882
vn 0.000000 0.100000 0.000000
vn 0.000000 0.100000 0.000000
vn 0.000000 -0.100000 0.000000
vn -0.070711 0.000000 0.070711
vn -0.070711 0.000000 0.070711
vn -0.070711 0.000000 0.070711
vn -0.070711 0.000000 0.070711
vn -0.070711 0.000000 0.070711
vn -0.070711 0.000000 0.070711
vn -0.070711 0.000000 0.070711
vn -0.070711 0.000000 0.070711
vn -0.070711 0.000000 0.070711
vn -0.070711 0.000000 0.070711
vn -0.070711 0.000000 0.070711
vn -0.070711 0.000000 0.070711
vn -0.100000 0.000000 0.000000
vn -0.100000 0.000000 0.000000
vn -0.100000 0.000000 0.000000
vn 0.070711 0.000000 0.070711
vn 0.070711 0.000000 0.070711
vn 0.100000 0.000000 0.000000
vn 0.100000 0.000000 0.000000
vn 0.100000 0.000000 0.000000
vn 0.100000 0.000000 0.000000
vn 0.100000 0.000000 0.000000
vn 0.100000 0.000000 0.000000
vn 0.100000 0.000000 0.000000
vn 0.100000 0.000000 0.000000
vn 0.100000 0.000000 0.000000
vn 0.100000 0.000000 0.000000
vn 0.100000 0.000000 0.000000
vn 0.100000 0.000000 0.000000
vn 0.100000 0.000000 0.000000
vn 0.100000 0.000000 0.000000
vn 0.100000 0.000000 0.000000
vn 0.100000 0.000000 0.000000
vn 0.100000 0.000000 0.000000
vn 0.100000 0.000000 0.000000
vn 0.100000 0.000000 0.000000
vn 0.100000 0.000000 0.000000
vn 0.100000 0.000000 0.000000
vn 0.100000 0.000000 0.000000
vn 0.100000 0.000000 0.000000
vn 0.100000 0.000000 0.000000
vn 0.100000 0.000000 0.000000
vn 0.100000 0.000000 0.000000
vn 0.100000 0.000000 0.000000
vn 0.100000 0.000000 0.000000
vn 0.100000 0.000000 0.000000
vn 0.100000 0.000000 0.000000
vn 0.100000 0.000000 0.000000
vn 0.100000 0.000000 0.000000
vn 0.100000 0.000000 0.000000
vn 0.100000 0.000000 0.000000
vn 0.100000 0.000000 0.000000
vn 0.100000 0.000000 0.000000
vn 0.100000 0.000000 0.000000
vn 0.100000 0.000000 0.000000
vn 0.100000 0.000000 0.000000
vn 0.100000 0.000000 0.000000
vn 0.100000 0.000000 0.000000
vn 0.100000 0.000000 0.000000
vn 0.100000 0.000000 0.000000
vn 0.100000 0.000000 0.000000
vn 0.100000 0.000000 0.000000
vn 0.100000 0.000000 0.000000
vn 0.100000 0.000000 0.000000
vn 0.100000 0.000000 0.000000
vn 0.100000 0.000000 0.000000
vn 0.100000 0.000000 0.000000
vn 0.100000 0.000000 0.000000
vn 0.100000 0.000000 0.000000
vn 0.100000 0.000000 0.000000
vn 0.100000 0.000000 0.000000
vn 0.100000 0.000000 0.000000
vn 0.100000 0.000000 0.000000
vn 0.086603 0.000000 0.050000
vn 0.086603 0.000000 0.050000
vn 0.070711 0.000000 0.070711
vn 0.078633 0.000000 0.061781
vn 0.070711 0.000000 0.070711
vn 0.096593 0.000000 0.025882
vn 0.096593 0.000000 0.025882
vn 0.099489 0.000000 0.010100
vn 0.100000 0.000000 0.000000
vn 0.097840 0.000000 0.020673
vn 0.094987 0.000000 0.031266
vn 0.091018 0.000000 0.041421
vn 0.085434 0.000000 0.051972
vn 0.070711 0.000000 0.070711
vn 0.070711 0.000000 0.070711
vn 0.070711 0.000000 0.070711
vn 0.070711 0.000000 0.070711
vn 0.100000 0.000000 0.000000
vn 0.100000 0.000000 0.000000
vn 0.100000 0.000000 0.000000
vn 0.100000 0.000000 0.000000
vn 0.000000 0.000000 0.100000
vn 0.000000 0.000000 0.100000
vn 0.000000 0.025882 0.096593
vn 0.000000 0.025882 0.096593
vn 0.000000 0.050000 0.086603
vn 0.000000 0.050000 0.086603
vn 0.000000 0.070711 0.070711
vn 0.000000 0.070711 0.070711
vn 0.000000 0.086603 0.050000
vn 0.000000 0.086603 0.050000
vn 0.000000 0.096593 0.025882
vn 0.000000 0.096593 0.025882
vn 0.000000 -0.096593 0.025882
vn 0.000000 -0.096593 0.025882
vn 0.000000 -0.086603 0.050000
vn 0.000000 -0.086603 0.050000
vn 0.000000 -0.070711 0.070711
vn 0.000000 -0.070711 0.070711
vn 0.000000 -0.050000 0.086603
vn 0.000000 -0.050000 0.086603
vn 0.000000 -0.025882 0.096593
vn 0.000000 -0.025882 0.096593
vn 0.000000 0.000000 0.100000
vn 0.000000 0.000000 0.100000
vn 0.000000 0.000000 0.100000
vn 0.000000 0.000000 0.100000
vn 0.000000 0.000000 0.100000
vn 0.000000 0.000000 0.100000
vn 0.000000 0.000000 0.100000
vn 0.000000 0.000000 0.100000
vn 0.000000 0.000000 0.100000
vn 0.000000 0.000000 0.100000
vn 0.000000 0.000000 0.100000
vn 0.000000 0.000000 0.100000
vn -0.096593 -0.000000 -0.025882
vn -0.096593 -0.000000 -0.025882
vn -0.096593 -0.000000 -0.025882
vn -0.096593 -0.000000 -0.025882
vn -0.086603 -0.000000 -0.050000
vn -0.086603 -0.000000 -0.050000
vn -0.070711 -0.000000 -0.070711
vn -0.070711 -0.000000 -0.070711
vn -0.050000 -0.000000 -0.086603
vn -0.050000 -0.000000 -0.086603
vn -0.025882 -0.000000 -0.096593
vn -0.025882 -0.000000 -0.096593
vn -0.000000 -0.000000 -0.100000
vn -0.025882 -0.000000 -0.096593
vn -0.025882 -0.000000 -0.096593
vn -0.050000 -0.000000 -0.086603
vn -0.050000 -0.000000 -0.086603
vn -0.070711 -0.000000 -0.070711
vn -0.070711 -0.000000 -0.070711
vn -0.086603 -0.000000 -0.050000
vn -0.086603 -0.000000 -0.050000
vn -0.070711 -0.000000 -0.070711
vn -0.050000 -0.000000 -0.086603
vn -0.025882 -0.000000 -0.096593
vn -0.000000 -0.000000 -0.100000
vn -0.050000 -0.000000 -0.086603
vn -0.025882 -0.000000 -0.096593
vn -0.025882 -0.000000 -0.096593
vn -0.070711 -0.000000 -0.070711
vn -0.086603 -0.000000 -0.050000
vn -0.096593 -0.000000 -0.025882
vn -0.086603 -0.000000 -0.050000
vn -0.096593 -0.000000 -0.025882
vn -0.096593 -0.000000 -0.025882
vn -0.086603 -0.000000 -0.050000
vn -0.070711 -0.000000 -0.070711
vn -0.050000 -0.000000 -0.086603
vn 0.000000 -0.000000 -0.100000
vn 0.000000 -0.000000 -0.100000
vn 0.000000 0.100000 0.000000
vn 0.000000 0.100000 -0.000000
vn 0.000000 0.096593 0.025882
vn 0.000000 0.096593 0.025882
vn 0.000000 0.086603 0.050000
vn 0.000000 0.086603 0.050000
vn 0.000000 0.070711 0.070711
vn 0.000000 0.070711 0.070711
vn 0.000000 0.050000 0.086603
vn 0.000000 0.050000 0.086603
vn 0.000000 0.025882 0.096593
vn 0.000000 0.025882 0.096593
vn 0.000000 0.000000 0.100000
vn -0.000000 -0.000000 0.100000
vn -0.000000 -0.025882 0.096593
vn -0.000000 -0.025882 0.096593
vn -0.000000 -0.050000 0.086603
vn -0.000000 -0.050000 0.086603
vn -0.000000 -0.070711 0.070711
vn -0.000000 -0.070711 0.070711
vn -0.000000 -0.086603 0.050000
vn -0.000000 -0.086603 0.050000
vn -0.000000 -0.096593 0.025882
vn -0.000000 -0.096593 0.025882
vn -0.000000 -0.100000 0.000000
vn -0.000000 -0.100000 -0.000000
vn 0.000000 0.100000 0.000000
vn 0.000000 0.100000 0.000000
vn 0.000000 0.100000 0.000000
vn 0.000000 0.100000 0.000000
vn 0.000000 0.100000 0.000000
vn 0.000000 0.100000 0.000000
vn 0.000000 0.100000 0.000000
vn 0.000000 0.100000 0.000000
vn 0.100000 0.000000 0.000000
vn 0.100000 0.000000 0.000000
vn 0.100000 0.000000 0.000000
vn 0.100000 0.000000 0.000000
vn 0.100000 0.000000 0.000000
vn 0.100000 0.000000 0.000000
vn 0.100000 0.000000 0.000000
vn 0.100000 0.000000 0.000000
vn 0.100000 0.000000 0.000000
vn 0.100000 0.000000 0.000000
vn 0.100000 0.000000 0.000000
vn 0.100000 0.000000 0.000000
vn 0.100000 0.000000 0.000000
vn 0.100000 0.000000 0.000000
vn 0.100000 0.000000 0.000000
vn 0.100000 0.000000 0.000000
vn 0.100000 0.000000 0.000000
vn 0.100000 0.000000 0.000000
vn 0.100000 0.000000 0.000000
vn 0.100000 0.000000 0.000000
vn 0.100000 0.000000 0.000000
vn 0.100000 0.000000 0.000000
vn 0.100000 0.000000 0.000000
vn 0.100000 0.000000 0.000000
vn 0.100000 0.000000 0.000000
vn 0.100000 0.000000 0.000000
vn 0.100000 0.000000 0.000000
vn 0.100000 0.000000 0.000000
vn 0.100000 0.000000 0.000000
vn 0.100000 0.000000 0.000000
vn 0.000000 -0.100000 0.000000
vn 0.000000 -0.100000 0.000000
vn 0.000000 -0.096593 0.025882
vn 0.000000 -0.096593 0.025882
vn 0.000000 -0.086603 0.050000
vn 0.000000 -0.086603 0.050000
vn 0.000000 -0.070711 0.070711
vn 0.000000 -0.070711 0.070711
vn 0.000000 -0.050000 0.086603
vn 0.000000 -0.050000 0.086603
vn 0.000000 -0.025882 0.096593
vn 0.000000 -0.025882 0.096593
vn 0.000000 0.000000 0.100000
vn 0.000000 0.000000 0.100000
vn 0.000000 0.025882 0.096593
vn 0.000000 0.025882 0.096593
vn 0.000000 0.050000 0.086603
vn 0.000000 0.050000 0.086603
vn 0.000000 0.070711 0.070711
vn 0.000000 0.070711 0.070711
vn 0.000000 0.086603 0.050000
vn 0.000000 0.086603 0.050000
vn 0.000000 0.096593 0.025882
vn 0.000000 0.096593 0.025882
vn 0.091807 0.000000 0.039643
vn 0.091807 0.000000 0.039643
vn 0.098473 0.000000 0.017410
vn 0.091807 0.000000 0.039643
vn 0.091807 0.000000 0.039643
vn 0.080194 0.000000 0.059740
vn 0.080194 0.000000 0.059740
vn 0.064261 0.000000 0.076619
vn 0.064261 0.000000 0.076619
vn 0.044866 0.000000 0.089370
vn 0.044866 0.000000 0.089370
vn 0.023054 0.000000 0.097306
vn 0.023054 0.000000 0.097306
vn -0.000000 0.000000 0.100000
vn 0.023054 0.000000 0.097306
vn 0.023054 0.000000 0.097306
vn 0.044866 0.000000 0.089370
vn 0.044866 0.000000 0.089370
vn 0.064261 0.000000 0.076619
vn 0.064261 0.000000 0.076619
vn 0.080194 0.000000 0.059740
vn 0.080194 0.000000 0.059740
vn 0.044866 0.000000 0.089370
vn 0.023054 0.000000 0.097306
vn -0.000000 0.000000 0.100000
vn 0.023054 0.000000 0.097306
vn 0.080194 0.000000 0.059740
vn 0.091807 0.000000 0.039643
vn 0.098473 0.000000 0.017410
vn 0.091807 0.000000 0.039643
vn 0.080194 0.000000 0.059740
vn 0.064261 0.000000 0.076619
vn 0.064261 0.000000 0.076619
vn 0.044866 0.000000 0.089370
vn -0.000000 -0.100000 0.000000
vn -0.000000 -0.100000 0.000000
vn -0.000000 -0.100000 0.000000
vn 0.000000 -0.100000 0.000000
vn 0.000000 -0.100000 0.000000
vn 0.000000 -0.100000 0.000000
vn 0.000000 -0.100000 0.000000
vn 0.000000 -0.100000 0.000000
vn 0.000000 -0.100000 0.000000
vn 0.000000 -0.100000 0.000000
vn 0.000000 -0.100000 0.000000
vn 0.000000 0.000000 0.100000
vn 0.000000 0.000000 0.100000
vn 0.000000 0.000000 0.100000
vn 0.000000 0.000000 0.100000
vn 0.000000 0.000000 0.100000
vn 0.000000 0.000000 0.100000
vn 0.000000 -0.100000 0.000000
vn 0.000000 -0.100000 0.000000
vn 0.000000 -0.100000 0.000000
vn 0.000000 -0.100000 0.000000
vn 0.000000 -0.100000 0.000000
vn 0.000000 -0.100000 0.000000
vn 0.000000 -0.100000 0.000000
vn 0.000000 -0.100000 0.000000
vn 0.000000 -0.100000 0.000000
vn 0.000000 -0.100000 0.000000
vn 0.000000 -0.100000 0.000000
vn 0.000000 -0.100000 0.000000
vn 0.000000 -0.100000 0.000000
vn 0.000000 0.000000 0.100000
vn 0.000000 0.000000 0.100000
vn 0.000000 0.000000 0.100000
vn 0.000000 0.000000 0.100000
vn 0.000000 0.000000 0.100000
vn 0.000000 0.000000 0.100000
vn 0.000000 0.000000 0.100000
vn 0.000000 0.000000 0.100000
vn -0.000000 0.100000 -0.000000
vn -0.000000 0.100000 -0.000000
vn -0.000000 0.100000 -0.000000
vn -0.000000 0.100000 -0.000000
vn -0.000000 0.100000 -0.000000
vn -0.000000 0.100000 -0.000000
vn -0.000000 0.100000 -0.000000
vn -0.000000 0.100000 -0.000000
vn -0.000000 0.100000 -0.000000
vn -0.000000 0.100000 -0.000000
vn -0.000000 0.100000 -0.000000
vn -0.000000 0.100000 -0.000000
vn -0.000000 0.100000 -0.000000
vn -0.100000 0.000000 0.000000
vn -0.100000 0.000000 0.000000
vn -0.100000 0.000000 0.000000
vn -0.100000 0.000000 0.000000
vn -0.100000 0.000000 0.000000
vn -0.100000 0.000000 0.000000
vn -0.100000 0.000000 0.000000
vn -0.100000 0.000000 0.000000
vn -0.100000 0.000000 0.000000
vn -0.100000 0.000000 0.000000
vn -0.100000 0.000000 0.000000
vn -0.100000 0.000000 0.000000
vn -0.100000 0.000000 0.000000
vn -0.100000 0.000000 0.000000
vn -0.100000 0.000000 0.000000
vn -0.100000 0.000000 0.000000
vn -0.100000 0.000000 0.000000
vn -0.100000 0.000000 0.000000
vn -0.100000 0.000000 0.000000
vn -0.100000 0.000000 0.000000
vn -0.100000 0.000000 0.000000
vn -0.100000 0.000000 0.000000
vn -0.100000 0.000000 0.000000
vn -0.100000 0.000000 0.000000
vn -0.100000 0.000000 0.000000
vn -0.100000 0.000000 0.000000
vn -0.100000 0.000000 0.000000
vn -0.100000 0.000000 0.000000
vn -0.100000 0.000000 0.000000
vn -0.100000 0.000000 0.000000
vn -0.100000 0.000000 0.000000
vn -0.100000 0.000000 0.000000
vn -0.100000 0.000000 0.000000
vn -0.100000 0.000000 0.000000
vn -0.100000 0.000000 0.000000
vn -0.100000 0.000000 0.000000
vn -0.100000 0.000000 0.000000
vn -0.100000 0.000000 0.000000
vn -0.100000 0.000000 0.000000
vn -0.100000 0.000000 0.000000
vn -0.100000 0.000000 0.000000
vn -0.100000 0.000000 0.000000
vn -0.100000 0.000000 0.000000
vn -0.000000 0.100000 0.000000
vn -0.000000 0.100000 0.000000
vn -0.000000 0.100000 0.000000
vn -0.000000 0.100000 0.000000
vn -0.000000 0.100000 0.000000
vn -0.000000 0.100000 0.000000
vn -0.000000 0.100000 0.000000
vn -0.000000 0.100000 0.000000
vn -0.000000 0.100000 0.000000
vn -0.000000 0.100000 0.000000
vn -0.000000 0.100000 0.000000
vn -0.000000 0.100000 0.000000
vn -0.000000 0.100000 0.000000
vn -0.000000 0.100000 0.000000
vn -0.000000 0.100000 0.000000
vn -0.000000 0.100000 0.000000
vn -0.000000 0.100000 0.000000
vn -0.000000 0.100000 0.000000
vn -0.000000 0.100000 0.000000
vn -0.000000 0.100000 0.000000
vn -0.000000 0.100000 0.000000
vn -0.000000 0.100000 0.000000
vn -0.000000 0.100000 0.000000
vn -0.000000 0.100000 0.000000
vn -0.000000 0.100000 0.000000
vn -0.000000 0.100000 0.000000
vn -0.000000 0.100000 0.000000
vn -0.000000 0.100000 0.000000
vn -0.000000 0.100000 0.000000
vn -0.000000 0.100000 0.000000
vn -0.000000 0.100000 0.000000
vn -0.000000 0.100000 0.000000
vn -0.000000 0.100000 0.000000
vn -0.000000 0.100000 0.000000
vn -0.000000 0.100000 0.000000
vn -0.000000 0.100000 0.000000
vn -0.000000 0.097381 0.022735
vn -0.000000 0.096593 0.025882
vn -0.000000 0.096593 0.025882
vn -0.000000 0.096593 0.025882
vn -0.000000 0.086603 0.050000
vn -0.000000 0.086603 0.050000
vn -0.000000 0.070711 0.070711
vn -0.000000 0.070711 0.070711
vn -0.000000 0.050000 0.086603
vn -0.000000 0.050000 0.086603
vn -0.000000 0.041144 0.091144
vn -0.000000 0.050000 0.086603
vn -0.000000 0.050000 0.086603
vn -0.000000 0.070711 0.070711
vn -0.000000 0.070711 0.070711
vn -0.000000 0.086603 0.050000
vn -0.000000 0.086603 0.050000
vn -0.000000 0.096593 0.025882
vn -0.000000 0.096593 0.025882
vn -0.000000 0.096593 0.025882
vn -0.000000 0.096593 0.025882
vn -0.000000 0.096593 0.025882
vn -0.000000 0.086603 0.050000
vn -0.000000 0.086603 0.050000
vn -0.000000 0.070711 0.070711
vn -0.000000 0.070711 0.070711
vn -0.000000 0.050000 0.086603
vn -0.000000 0.050000 0.086603
vn -0.000000 0.025882 0.096593
vn -0.000000 0.025882 0.096593
vn -0.000000 0.025882 0.096593
vn -0.000000 0.025882 0.096593
vn -0.000000 0.050000 0.086603
vn -0.000000 0.050000 0.086603
vn -0.000000 0.070711 0.070711
vn -0.000000 0.070711 0.070711
vn -0.000000 0.086603 0.050000
vn -0.000000 0.086603 0.050000
vn -0.000000 0.096593 0.025882
vn -0.000000 0.096593 0.025882
vn -0.000000 0.089663 0.044279
vn -0.000000 0.086603 0.050000
vn -0.000000 0.086603 0.050000
vn -0.000000 0.070711 0.070711
vn -0.000000 0.070711 0.070711
vn -0.000000 0.050000 0.086603
vn -0.000000 0.050000 0.086603
vn -0.000000 0.077248 0.063504
vn -0.000000 0.070711 0.070711
vn -0.000000 0.050000 0.086603
vn -0.000000 0.041144 0.091144
vn -0.000000 0.060788 0.079403
vn -0.000000 0.050000 0.086603
vn -0.000000 0.027894 0.096031
vn -0.000000 0.025882 0.096593
vn -0.000000 0.025882 0.096593
vn -0.000000 0.025882 0.096593
vn -0.000000 0.050000 0.086603
vn -0.000000 0.025882 0.096593
vn -0.000000 0.050000 0.086603
vn -0.000000 0.025882 0.096593
vn -0.000000 0.050000 0.086603
vn -0.000000 0.025882 0.096593
vn -0.000000 0.050000 0.086603
vn -0.000000 0.025882 0.096593
vn -0.000000 0.014087 0.099003
vn -0.000000 0.096593 0.025882
vn -0.000000 0.096593 0.025882
vn -0.000000 0.096593 0.025882
vn -0.000000 0.086603 0.050000
vn -0.000000 0.086603 0.050000
vn -0.000000 0.086603 0.050000
vn -0.000000 0.070711 0.070711
vn -0.000000 0.086603 0.050000
vn -0.000000 0.070711 0.070711
vn -0.000000 0.096593 0.025882
vn -0.000000 0.096593 0.025882
vn -0.000000 0.096593 0.025882
vn -0.000000 0.086603 0.050000
vn -0.000000 0.086603 0.050000
vn -0.000000 0.070711 0.070711
vn -0.000000 0.086603 0.050000
vn -0.000000 0.096593 0.025882
vn -0.000000 0.070711 0.070711
vn -0.000000 0.070711 0.070711
vn -0.000000 0.070711 0.070711
vn -0.000000 0.050000 0.086603
vn 0.000000 -0.070711 0.070711
vn 0.000000 -0.070711 0.070711
vn 0.000000 -0.070711 0.070711
vn 0.000000 -0.070711 0.070711
vn 0.000000 -0.070711 0.070711
vn 0.000000 -0.070711 0.070711
vn 0.000000 -0.070711 0.070711
vn -0.000000 0.100000 0.000000
vn -0.000000 0.100000 0.000000
vn -0.000000 0.100000 0.000000
vn -0.000000 0.100000 0.000000
vn -0.000000 -0.100000 0.000000
vn -0.000000 -0.100000 0.000000
vn 0.022252 -0.097493 0.000000
vn 0.022252 -0.097493 0.000000
vn 0.043388 -0.090097 0.000000
vn 0.043388 -0.090097 0.000000
vn 0.062349 -0.078183 0.000000
vn 0.062349 -0.078183 0.000000
vn 0.078183 -0.062349 0.000000
vn 0.078183 -0.062349 0.000000
vn 0.090097 -0.043388 0.000000
vn 0.090097 -0.043388 0.000000
vn 0.097493 -0.022252 0.000000
vn 0.097493 -0.022252 0.000000
vn 0.100000 -0.000000 0.000000
vn 0.100000 -0.000000 0.000000
vn 0.000000 0.000000 0.100000
vn 0.000000 0.000000 0.100000
vn 0.000000 0.000000 0.100000
vn 0.000000 0.000000 0.100000
vn 0.000000 0.000000 0.100000
vn 0.000000 0.000000 0.100000
vn 0.000000 0.000000 0.100000
vn 0.000000 0.000000 0.100000
vn 0.000000 0.000000 0.100000
vn 0.000000 -0.100000 0.000000
vn 0.000000 -0.100000 0.000000
vn 0.000000 -0.100000 0.000000
vn 0.000000 -0.100000 0.000000
vn 0.000000 -0.100000 0.000000
vn 0.000000 -0.100000 0.000000
vn 0.000000 -0.100000 0.000000
vn 0.000000 -0.100000 0.000000
vn -0.000000 0.100000 -0.000000
vn -0.000000 0.100000 -0.000000
vn -0.022252 0.097493 -0.000000
vn -0.022252 0.097493 -0.000000
vn -0.043388 0.090097 -0.000000
vn -0.043388 0.090097 -0.000000
vn -0.062349 0.078183 -0.000000
vn -0.062349 0.078183 -0.000000
vn -0.078183 0.062349 -0.000000
vn -0.078183 0.062349 -0.000000
vn -0.090097 0.043388 -0.000000
vn -0.090097 0.043388 -0.000000
vn -0.097493 0.022252 -0.000000
vn -0.097493 0.022252 -0.000000
vn -0.100000 0.000000 0.000000
vn -0.100000 0.000000 0.000000
vn 0.000000 0.000000 0.100000
vn 0.000000 0.000000 0.100000
vn 0.000000 0.000000 0.100000
vn 0.000000 0.000000 0.100000
vn 0.000000 0.000000 0.100000
vn 0.000000 0.000000 0.100000
vn 0.000000 0.000000 0.100000
vn 0.000000 0.000000 0.100000
vn 0.000000 0.000000 0.100000
vn 0.000000 0.000000 0.100000
vn 0.000000 0.000000 0.100000
vn 0.000000 0.000000 0.100000
vn 0.000000 0.000000 0.100000
vn 0.000000 0.000000 0.100000
vn 0.000000 0.000000 0.100000
vn 0.000000 0.000000 0.100000
vn 0.000000 0.000000 0.100000
vn 0.000000 0.000000 0.100000
vn 0.000000 0.000000 0.100000
vn 0.000000 0.000000 0.100000
vn 0.000000 0.000000 0.100000
vn 0.000000 0.000000 0.100000
vn 0.000000 0.000000 0.100000
vn 0.000000 0.000000 0.100000
vn 0.000000 0.000000 0.100000
vn 0.000000 0.000000 0.100000
vn 0.000000 0.000000 0.100000
vn 0.000000 0.000000 0.100000
vn 0.000000 0.000000 0.100000
vn 0.000000 0.000000 0.100000
vn 0.000000 0.000000 0.100000
vn 0.000000 0.000000 0.100000
vn 0.000000 0.000000 0.100000
vn 0.000000 0.000000 0.100000
vn 0.000000 0.000000 0.100000
vn 0.000000 0.000000 0.100000
vn 0.000000 0.000000 0.100000
vn 0.000000 0.000000 0.100000
vn 0.000000 0.000000 0.100000
vn 0.000000 0.000000 0.100000
vn 0.000000 0.000000 0.100000
vn 0.000000 0.000000 0.100000
vn 0.000000 0.000000 0.100000
vn 0.000000 0.000000 0.100000
vn 0.000000 0.000000 0.100000
vn -0.100000 0.000000 0.000000
vn -0.100000 0.000000 0.000000
vn -0.097493 -0.022252 0.000000
vn -0.097493 -0.022252 0.000000
vn -0.090097 -0.043388 0.000000
vn -0.090097 -0.043388 0.000000
vn -0.078183 -0.062349 0.000000
vn -0.078183 -0.062349 0.000000
vn -0.062349 -0.078183 0.000000
vn -0.062349 -0.078183 0.000000
vn -0.043388 -0.090097 0.000000
vn -0.043388 -0.090097 0.000000
vn -0.022252 -0.097493 0.000000
vn -0.022252 -0.097493 0.000000
vn -0.000000 -0.100000 0.000000
vn -0.000000 -0.100000 0.000000
vn 0.000000 0.000000 0.100000
vn 0.000000 0.000000 0.100000
vn 0.000000 0.000000 0.100000
vn 0.000000 0.000000 0.100000
vn 0.000000 0.000000 0.100000
vn 0.000000 0.000000 0.100000
vn 0.000000 0.000000 0.100000
vn 0.000000 0.000000 0.100000
vn 0.000000 0.000000 0.100000
vn 0.100000 0.000000 0.000000
vn 0.100000 0.000000 0.000000
vn 0.097493 0.022252 0.000000
vn 0.097493 0.022252 0.000000
vn 0.090097 0.043388 0.000000
vn 0.090097 0.043388 0.000000
vn 0.078183 0.062349 0.000000
vn 0.078183 0.062349 0.000000
vn 0.062349 0.078183 0.000000
vn 0.062349 0.078183 0.000000
vn 0.043388 0.090097 0.000000
vn 0.043388 0.090097 0.000000
vn 0.022252 0.097493 0.000000
vn 0.022252 0.097493 0.000000
vn -0.000000 0.100000 -0.000000
vn -0.000000 0.100000 -0.000000
vn 0.000000 0.000000 0.100000
vn 0.000000 0.000000 0.100000
vn 0.000000 0.000000 0.100000
vn 0.000000 0.000000 0.100000
vn 0.000000 0.000000 0.100000
vn 0.000000 0.000000 0.100000
vn 0.000000 0.000000 0.100000
vn 0.000000 0.000000 0.100000
vn 0.000000 0.000000 0.100000
vn -0.000000 0.083147 -0.055557
vn -0.000000 0.083147 -0.055557
vn -0.000000 0.070711 -0.070711
vn -0.000000 0.083147 -0.055557
vn -0.000000 0.083147 -0.055557
vn -0.000000 0.092388 -0.038268
vn -0.000000 0.092388 -0.038268
vn -0.000000 0.098079 -0.019509
vn -0.000000 0.098079 -0.019509
vn -0.000000 0.098079 -0.019509
vn -0.000000 0.092388 -0.038268
vn -0.000000 0.083147 -0.055557
vn -0.000000 0.092388 -0.038268
vn -0.000000 0.092388 -0.038268
vn -0.000000 0.098079 -0.019509
vn -0.000000 0.098079 -0.019509
vn 0.000000 0.100000 0.000000
vn -0.000000 0.098079 -0.019509
vn -0.000000 0.098079 -0.019509
vn -0.000000 0.083147 -0.055557
vn -0.000000 0.083147 -0.055557
vn -0.000000 0.092388 -0.038268
vn -0.000000 0.092388 -0.038268
vn -0.066441 0.024199 -0.070711
vn -0.070321 0.007410 -0.070711
vn -0.080314 0.021520 -0.055557
vn -0.089240 0.023912 -0.038268
vn -0.094737 0.025385 -0.019509
vn -0.096593 0.025882 -0.000000
vn -0.084938 0.049039 -0.019509
vn -0.086603 0.050000 -0.000000
vn -0.069352 0.069352 -0.019509
vn -0.070711 0.070711 -0.000000
vn -0.049039 0.084938 -0.019509
vn -0.050000 0.086603 -0.000000
vn -0.025385 0.094737 -0.019509
vn -0.025882 0.096593 -0.000000
vn -0.023912 0.089240 -0.038268
vn -0.046194 0.080010 -0.038268
vn -0.065328 0.065328 -0.038268
vn -0.080010 0.046194 -0.038268
vn -0.021520 0.080314 -0.055557
vn -0.041573 0.072007 -0.055557
vn -0.058794 0.058794 -0.055557
vn -0.072007 0.041573 -0.055557
vn -0.017103 0.068611 -0.070711
vn -0.033191 0.062437 -0.070711
vn -0.047308 0.052555 -0.070711
vn -0.058615 0.039551 -0.070711
vn 0.000000 0.070711 -0.070711
vn -0.026242 0.065661 -0.070711
vn -0.042858 0.056242 -0.070711
vn -0.060830 0.036052 -0.070711
vn 0.000000 0.070711 -0.070711
vn 0.000000 0.070711 -0.070711
vn 0.000000 0.070711 -0.070711
vn 0.000000 0.070711 -0.070711
vn 0.000000 0.070711 -0.070711
vn 0.000000 0.070711 -0.070711
vn 0.000000 0.070711 -0.070711
vn 0.000000 0.070711 -0.070711
vn -0.100000 0.000000 0.000000
vn -0.100000 0.000000 0.000000
vn -0.100000 0.000000 0.000000
vn -0.100000 0.000000 0.000000
vn -0.100000 0.000000 0.000000
vn -0.100000 0.000000 0.000000
vn -0.100000 0.000000 0.000000
vn -0.100000 0.000000 0.000000
vn -0.100000 0.000000 0.000000
vn -0.100000 0.000000 0.000000
vn -0.100000 0.000000 0.000000
vn -0.100000 0.000000 0.000000
vn -0.100000 0.000000 0.000000
vn -0.100000 0.000000 0.000000
vn -0.100000 0.000000 0.000000
vn -0.100000 0.000000 0.000000
vn -0.100000 0.000000 0.000000
vn -0.100000 0.000000 0.000000
vn -0.100000 0.000000 0.000000
vn -0.100000 0.000000 0.000000
vn -0.100000 0.000000 0.000000
vn -0.100000 0.000000 0.000000
vn -0.100000 0.000000 0.000000
vn -0.100000 0.000000 0.000000
vn -0.100000 0.000000 0.000000
vn -0.100000 0.000000 0.000000
vn -0.100000 0.000000 0.000000
vn -0.100000 0.000000 0.000000
vn -0.100000 0.000000 0.000000
vn -0.100000 0.000000 0.000000
vn -0.100000 0.000000 0.000000
vn -0.098982 -0.014231 0.000000
vn -0.095949 -0.028173 0.000000
vn -0.090963 -0.041542 0.000000
vn -0.084125 -0.054064 0.000000
vn -0.075575 -0.065486 0.000000
vn -0.065486 -0.075575 0.000000
vn -0.054064 -0.084125 0.000000
vn -0.041542 -0.090963 0.000000
vn -0.028173 -0.095949 0.000000
vn -0.014231 -0.098982 0.000000
vn 0.046216 0.000000 0.088680
vn 0.050000 0.000000 0.086603
vn 0.070711 0.000000 0.070711
vn 0.086603 0.000000 0.050000
vn 0.096593 0.000000 0.025882
vn 0.100000 0.000000 -0.000000
vn 0.031485 0.000000 0.094914
vn 0.025882 0.000000 0.096593
vn 0.015947 0.000000 0.098720
vn 0.000000 -0.100000 0.000000
vn 0.000000 -0.100000 0.000000
vn 0.000000 -0.100000 0.000000
vn 0.000000 -0.100000 0.000000
vn 0.000000 0.078142 0.062400
vn 0.000000 0.086603 0.050000
vn 0.000000 0.091018 0.041421
vn 0.000000 0.096593 0.025882
vn 0.000000 0.094967 0.031324
vn 0.000000 0.097824 0.020749
vn 0.000000 0.099483 0.010158
vn 0.000000 0.100000 0.000000
vn 0.000000 0.096593 0.025882
vn 0.000000 0.096593 0.025882
vn 0.000000 0.086603 0.050000
vn 0.000000 0.088595 0.046378
vn 0.000000 0.074957 0.066193
vn 0.000000 0.070711 0.070711
vn 0.000000 0.056982 0.082177
vn 0.000000 0.050000 0.086603
vn 0.000000 0.035709 0.093407
vn 0.000000 0.025882 0.096593
vn 0.000000 0.012371 0.099232
vn 0.000000 -0.000000 0.100000
vn 0.000000 -0.011683 0.099315
vn 0.000000 -0.025882 0.096593
vn 0.000000 -0.035062 0.093652
vn 0.000000 -0.050000 0.086603
vn 0.000000 -0.056411 0.082570
vn 0.000000 -0.070711 0.070711
vn 0.000000 -0.065947 0.075173
vn 0.000000 -0.074560 0.066639
vn 0.000000 -0.086603 0.050000
vn 0.000000 -0.088425 0.046702
vn 0.000000 -0.096593 0.025882
vn 0.000000 -0.097082 0.023982
vn 0.000000 -0.099273 0.012039
vn 0.000000 -0.096593 0.025882
vn 0.000000 -0.096593 0.025882
vn 0.000000 -0.086603 0.050000
vn 0.000000 -0.088066 0.047375
vn 0.000000 -0.073825 0.067453
vn 0.000000 -0.070711 0.070711
vn 0.000000 -0.055112 0.083443
vn 0.000000 -0.050000 0.086603
vn 0.000000 -0.033059 0.094378
vn 0.000000 -0.025882 0.096593
vn 0.000000 -0.009003 0.099594
vn 0.000000 -0.000000 0.100000
vn 0.000000 0.015598 0.098776
vn 0.000000 0.025882 0.096593
vn 0.000000 0.039254 0.091973
vn 0.000000 0.050000 0.086603
vn 0.000000 0.060532 0.079598
vn 0.000000 0.070711 0.070711
vn 0.000000 -0.096971 0.024428
vn 0.000000 0.097107 0.023880
vn 0.000000 0.100000 0.000000
vn 0.000000 0.086603 0.050000
vn 0.000000 0.070711 0.070711
vn 0.000000 0.050000 0.086603
vn 0.000000 0.025882 0.096593
vn 0.000000 -0.000000 0.100000
vn 0.000000 -0.025882 0.096593
vn 0.000000 -0.050000 0.086603
vn 0.000000 -0.070711 0.070711
vn 0.000000 -0.086603 0.050000
vn 0.000000 0.100000 0.000000
vn 0.000000 0.100000 0.000000
vn 0.000000 0.100000 0.000000
vn 0.000000 0.100000 0.000000
vn 0.000000 0.100000 0.000000
vn -0.098872 -0.014978 0.000000
vn -0.097468 -0.022360 0.000000
vn -0.095513 -0.029617 0.000000
vn -0.090000 -0.043589 0.000000
vn -0.097468 -0.022360 0.000000
vn -0.094737 -0.032013 0.000000
vn -0.098339 -0.018148 0.000000
vn -0.099544 -0.009535 0.000000
vn -0.091356 -0.040670 0.000000
vn -0.090351 -0.042857 0.000000
vn -0.090000 -0.043589 0.000000
vn 0.070711 0.000000 0.070711
vn 0.070711 0.000000 0.070711
vn -0.000000 0.060788 0.079403
vn -0.000000 0.060788 0.079403
vn -0.000000 0.041144 0.091144
vn -0.000000 0.060788 0.079403
vn -0.000000 0.041144 0.091144
vn -0.000000 0.060788 0.079403
vn -0.000000 0.077248 0.063504
vn -0.000000 0.077248 0.063504
vn -0.000000 0.089663 0.044279
vn -0.000000 0.089663 0.044279
vn -0.000000 0.097381 0.022735
vn -0.000000 0.097381 0.022735
vn -0.000000 0.097381 0.022735
vn -0.000000 0.097381 0.022735
vn -0.000000 0.089663 0.044279
vn -0.000000 0.089663 0.044279
vn -0.000000 0.077248 0.063504
vn -0.000000 0.077248 0.063504
vn -0.034117 0.094000 -0.000000
vn -0.028750 0.091058 0.029696
vn -0.023003 0.097318 0.000000
vn -0.022401 0.094770 0.022735
vn -0.011579 0.099327 0.000000
vn -0.011276 0.096726 0.022735
vn -0.010382 0.089059 0.044279
vn -0.008945 0.076728 0.063504
vn -0.007039 0.060379 0.079403
vn -0.004153 0.047334 0.087990
vn -0.022688 0.083622 0.049926
vn -0.020625 0.087258 0.044279
vn -0.011491 0.063934 0.076029
vn -0.000000 0.096593 -0.025882
vn -0.000000 0.096593 -0.025882
vn -0.000000 0.086603 -0.050000
vn -0.000000 0.086603 -0.050000
vn -0.000000 0.070711 -0.070711
vn -0.000000 0.070711 -0.070711
vn -0.000000 0.050000 -0.086603
vn -0.000000 0.050000 -0.086603
vn -0.000000 0.025882 -0.096593
vn -0.000000 0.025882 -0.096593
vn -0.000000 0.000000 -0.100000
vn -0.000000 0.025882 -0.096593
vn -0.000000 0.050000 -0.086603
vn -0.000000 0.070711 -0.070711
vn -0.000000 0.086603 -0.050000
vn -0.000000 0.096593 -0.025882
vn 0.096593 0.000000 -0.025882
vn 0.100000 0.000000 -0.000000
vn 0.094171 0.025882 -0.021494
vn 0.096593 0.025882 -0.000000
vn 0.086603 0.050000 -0.000000
vn 0.084431 0.050000 -0.019271
vn 0.070711 0.070711 -0.000000
vn 0.068938 0.070711 -0.015735
vn 0.050000 0.086603 -0.000000
vn 0.048746 0.086603 -0.011126
vn 0.025882 0.096593 -0.000000
vn 0.025233 0.096593 -0.005759
vn 0.023319 0.096593 -0.011230
vn 0.020235 0.096593 -0.016137
vn 0.016137 0.096593 -0.020235
vn 0.011230 0.096593 -0.023319
vn 0.005759 0.096593 -0.025233
vn 0.011126 0.086603 -0.048746
vn 0.021694 0.086603 -0.045048
vn 0.031174 0.086603 -0.039092
vn 0.039092 0.086603 -0.031174
vn 0.045048 0.086603 -0.021694
vn 0.015735 0.070711 -0.068938
vn 0.030680 0.070711 -0.063708
vn 0.044087 0.070711 -0.055284
vn 0.055284 0.070711 -0.044087
vn 0.063708 0.070711 -0.030680
vn 0.019271 0.050000 -0.084431
vn 0.037575 0.050000 -0.078026
vn 0.053996 0.050000 -0.067709
vn 0.067709 0.050000 -0.053996
vn 0.078026 0.050000 -0.037575
vn 0.021494 0.025882 -0.094171
vn 0.041910 0.025882 -0.087027
vn 0.060224 0.025882 -0.075519
vn 0.075519 0.025882 -0.060224
vn 0.087027 0.025882 -0.041910
vn 0.025882 -0.000000 -0.096593
vn 0.050000 -0.000000 -0.086603
vn 0.070711 0.000000 -0.070711
vn 0.086603 0.000000 -0.050000
vn 0.096593 0.025882 -0.000000
vn 0.086603 0.050000 -0.000000
vn 0.070711 0.070711 -0.000000
vn 0.050000 0.086603 -0.000000
vn 0.025882 0.096593 -0.000000
vn 0.021494 0.025882 0.094171
vn 0.000000 0.025882 0.096593
vn 0.000000 0.050000 0.086603
vn 0.019271 0.050000 0.084431
vn -0.000000 0.070711 0.070711
vn 0.015735 0.070711 0.068938
vn -0.000000 0.086603 0.050000
vn 0.011126 0.086603 0.048746
vn -0.000000 0.096593 0.025882
vn 0.005759 0.096593 0.025233
vn 0.011230 0.096593 0.023319
vn 0.016137 0.096593 0.020235
vn 0.020235 0.096593 0.016137
vn 0.023319 0.096593 0.011230
vn 0.025233 0.096593 0.005759
vn 0.048746 0.086603 0.011126
vn 0.045048 0.086603 0.021694
vn 0.039092 0.086603 0.031174
vn 0.031174 0.086603 0.039092
vn 0.021694 0.086603 0.045048
vn 0.068938 0.070711 0.015735
vn 0.063708 0.070711 0.030680
vn 0.055284 0.070711 0.044087
vn 0.044087 0.070711 0.055284
vn 0.030680 0.070711 0.063708
vn 0.084431 0.050000 0.019271
vn 0.078026 0.050000 0.037575
vn 0.067709 0.050000 0.053996
vn 0.053996 0.050000 0.067709
vn 0.037575 0.050000 0.078026
vn 0.094171 0.025882 0.021494
vn 0.087027 0.025882 0.041910
vn 0.075519 0.025882 0.060224
vn 0.060224 0.025882 0.075519
vn 0.041910 0.025882 0.087027
vn 0.000000 0.025882 0.096593
vn 0.000000 0.025882 0.096593
vn 0.000000 0.050000 0.086603
vn 0.000000 0.050000 0.086603
vn -0.000000 0.070711 0.070711
vn -0.000000 0.070711 0.070711
vn -0.000000 0.086603 0.050000
vn -0.000000 0.086603 0.050000
vn -0.000000 0.096593 0.025882
vn -0.000000 0.096593 0.025882
vn -0.094171 0.025882 0.021494
vn -0.096593 0.025882 -0.000000
vn -0.086603 0.050000 -0.000000
vn -0.084431 0.050000 0.019271
vn -0.070711 0.070711 -0.000000
vn -0.068938 0.070711 0.015735
vn -0.050000 0.086603 -0.000000
vn -0.048746 0.086603 0.011126
vn -0.025882 0.096593 -0.000000
vn -0.025233 0.096593 0.005759
vn -0.023319 0.096593 0.011230
vn -0.020235 0.096593 0.016137
vn -0.016137 0.096593 0.020235
vn -0.011230 0.096593 0.023319
vn -0.005759 0.096593 0.025233
vn -0.011126 0.086603 0.048746
vn -0.021694 0.086603 0.045048
vn -0.031174 0.086603 0.039092
vn -0.039092 0.086603 0.031174
vn -0.045048 0.086603 0.021694
vn -0.015735 0.070711 0.068938
vn -0.030680 0.070711 0.063708
vn -0.044087 0.070711 0.055284
vn -0.055284 0.070711 0.044087
vn -0.063708 0.070711 0.030680
vn -0.019271 0.050000 0.084431
vn -0.037575 0.050000 0.078026
vn -0.053996 0.050000 0.067709
vn -0.067709 0.050000 0.053996
vn -0.078026 0.050000 0.037575
vn -0.021494 0.025882 0.094171
vn -0.041910 0.025882 0.087027
vn -0.060224 0.025882 0.075519
vn -0.075519 0.025882 0.060224
vn -0.087027 0.025882 0.041910
vn -0.096593 0.025882 -0.000000
vn -0.086603 0.050000 -0.000000
vn -0.070711 0.070711 -0.000000
vn -0.050000 0.086603 -0.000000
vn -0.025882 0.096593 -0.000000
vn -0.025233 0.096593 -0.005759
vn -0.048746 0.086603 -0.011126
vn -0.068938 0.070711 -0.015735
vn -0.084431 0.050000 -0.019271
vn -0.094171 0.025882 -0.021494
vn -0.087027 0.025882 -0.041910
vn -0.075519 0.025882 -0.060224
vn -0.060224 0.025882 -0.075519
vn -0.041910 0.025882 -0.087027
vn -0.021494 0.025882 -0.094171
vn -0.019271 0.050000 -0.084431
vn -0.037575 0.050000 -0.078026
vn -0.053996 0.050000 -0.067709
vn -0.067709 0.050000 -0.053996
vn -0.078026 0.050000 -0.037575
vn -0.015735 0.070711 -0.068938
vn -0.030680 0.070711 -0.063708
vn -0.044087 0.070711 -0.055284
vn -0.055284 0.070711 -0.044087
vn -0.063708 0.070711 -0.030680
vn -0.011126 0.086603 -0.048746
vn -0.021694 0.086603 -0.045048
vn -0.031174 0.086603 -0.039092
vn -0.039092 0.086603 -0.031174
vn -0.045048 0.086603 -0.021694
vn -0.005759 0.096593 -0.025233
vn -0.011230 0.096593 -0.023319
vn -0.016137 0.096593 -0.020235
vn -0.020235 0.096593 -0.016137
vn -0.023319 0.096593 -0.011230
vn 0.000000 0.070711 0.070711
vn -0.009802 0.070370 0.070370
vn 0.000000 0.070711 0.070711
vn -0.025882 0.068301 0.068301
vn -0.019509 0.069352 0.069352
vn -0.038268 0.065328 0.065328
vn -0.050000 0.061237 0.061237
vn -0.055557 0.058794 0.058794
vn -0.070711 0.050000 0.050000
vn -0.070711 0.050000 0.050000
vn -0.083147 0.039285 0.039285
vn -0.086603 0.035355 0.035355
vn -0.092388 0.027060 0.027060
vn -0.096593 0.018301 0.018301
vn -0.098079 0.013795 0.013795
vn -0.100000 -0.000000 -0.000000
vn 0.100000 -0.000000 -0.000000
vn 0.098079 0.013795 0.013795
vn 0.100000 0.000000 0.000000
vn 0.096593 0.018301 0.018301
vn 0.092388 0.027060 0.027060
vn 0.086603 0.035355 0.035355
vn 0.083147 0.039285 0.039285
vn 0.070711 0.050000 0.050000
vn 0.070711 0.050000 0.050000
vn 0.055557 0.058794 0.058794
vn 0.050000 0.061237 0.061237
vn 0.038268 0.065328 0.065328
vn 0.025882 0.068301 0.068301
vn 0.019509 0.069352 0.069352
vn 0.009802 0.070370 0.070370
vn -0.000000 0.070711 0.070711
vn 0.000000 0.070711 0.070711
vn 0.100000 0.000000 0.000000
vn 0.019509 0.098079 0.000000
vn 0.025882 0.096593 0.000000
vn 0.038268 0.092388 0.000000
vn 0.050000 0.086603 0.000000
vn 0.055557 0.083147 0.000000
vn 0.070711 0.070711 0.000000
vn 0.070711 0.070711 0.000000
vn 0.083147 0.055557 0.000000
vn 0.086603 0.050000 0.000000
vn 0.092388 0.038268 0.000000
vn 0.096593 0.025882 0.000000
vn 0.098079 0.019509 0.000000
vn 0.099518 0.009802 0.000000
vn 0.100000 0.000000 0.000000
vn 0.099518 -0.009802 0.000000
vn 0.096593 -0.025882 0.000000
vn 0.098079 -0.019509 0.000000
vn 0.092388 -0.038268 0.000000
vn 0.086603 -0.050000 0.000000
vn 0.083147 -0.055557 0.000000
vn 0.070711 -0.070711 0.000000
vn 0.070711 -0.070711 0.000000
vn 0.055557 -0.083147 0.000000
vn 0.050000 -0.086603 0.000000
vn 0.038268 -0.092388 0.000000
vn 0.025882 -0.096593 0.000000
vn 0.019509 -0.098079 0.000000
vn 0.000000 0.070711 0.070711
vn 0.000000 0.070711 0.070711
vn 0.000000 0.070711 0.070711
vn 0.000000 0.070711 0.070711
vn 0.000000 0.070711 0.070711
vn 0.000000 0.070711 0.070711
vn -0.078072 -0.062488 0.000000
vn -0.090000 -0.043589 0.000000
vn -0.078072 -0.062488 0.000000
vn -0.090000 -0.043589 0.000000
vn -0.078072 -0.062488 0.000000
vn -0.078660 -0.061747 0.000000
vn -0.063714 -0.077075 0.000000
vn -0.062245 -0.078266 0.000000
vn -0.045849 -0.088870 0.000000
vn -0.043308 -0.090135 0.000000
vn -0.025882 -0.096593 0.000000
vn -0.022209 -0.097503 0.000000
vn -0.013053 -0.099144 0.000000
vn -0.022209 -0.097503 0.000000
vn -0.022209 -0.097503 0.000000
vn -0.043308 -0.090135 0.000000
vn -0.043308 -0.090135 0.000000
vn -0.062245 -0.078266 0.000000
vn -0.062245 -0.078266 0.000000
vn -0.061770 -0.015358 0.077128
vn -0.048988 -0.032075 0.081064
vn -0.048988 -0.032075 0.081064
vn -0.033962 -0.047322 0.081284
vn -0.033962 -0.047322 0.081284
vn -0.017379 -0.060401 0.077780
vn 0.000000 -0.070711 0.070711
vn 0.000000 -0.070711 0.070711
vn 0.000000 -0.070711 0.070711
vn 0.000000 -0.070711 0.070711
vn 0.000000 -0.070711 0.070711
vn 0.000000 -0.070711 0.070711
vn 0.000000 -0.070711 0.070711
vn 0.000000 -0.070711 0.070711
vn 0.000000 -0.070711 0.070711
vn 0.000000 -0.070711 0.070711
vn 0.000000 -0.070711 0.070711
vn 0.000000 -0.070711 0.070711
vn 0.000000 -0.100000 0.000000
vn 0.000000 -0.100000 0.000000
vn 0.000000 -0.100000 0.000000
vn 0.000000 -0.100000 0.000000
vn 0.000000 -0.100000 0.000000
vn 0.000000 -0.100000 0.000000
vn 0.000000 -0.100000 0.000000
vn 0.000000 -0.100000 0.000000
vn 0.000000 -0.100000 0.000000
vn 0.000000 -0.100000 0.000000
vn 0.062578 0.078000 0.000000
vn 0.062578 0.078000 0.000000
vn 0.072010 0.069387 0.000000
vn 0.072010 0.069387 0.000000
vn 0.080266 0.059643 0.000000
vn 0.080266 0.059643 0.000000
vn 0.087214 0.048926 0.000000
vn 0.087214 0.048926 0.000000
vn 0.092739 0.037410 0.000000
vn 0.092739 0.037410 0.000000
vn 0.096751 0.025284 0.000000
vn 0.096751 0.025284 0.000000
vn 0.099184 0.012746 0.000000
vn 0.099184 0.012746 0.000000
vn 0.100000 -0.000000 0.000000
vn 0.100000 -0.000000 0.000000
vn 0.100000 0.000000 0.000000
vn 0.100000 0.000000 0.000000
vn 0.099871 -0.005076 0.000000
vn 0.099871 -0.005076 0.000000
vn 0.099871 -0.005076 0.000000
vn 0.099871 -0.005076 0.000000
vn -0.025882 -0.096593 0.000000
vn -0.025882 -0.096593 0.000000
vn -0.025882 -0.096593 0.000000
vn -0.024348 -0.096991 0.000000
vn -0.047231 -0.088143 0.000000
vn -0.050000 -0.086603 0.000000
vn -0.067271 -0.073991 0.000000
vn -0.070711 -0.070711 0.000000
vn -0.083262 -0.055385 0.000000
vn -0.086603 -0.050000 0.000000
vn -0.094241 -0.033445 0.000000
vn -0.096593 -0.025882 0.000000
vn -0.099548 -0.009493 0.000000
vn -0.099548 -0.009493 0.000000
vn -0.096593 -0.025882 0.000000
vn -0.096593 -0.025882 0.000000
vn -0.086603 -0.050000 0.000000
vn -0.086603 -0.050000 0.000000
vn -0.070711 -0.070711 0.000000
vn -0.070711 -0.070711 0.000000
vn -0.050000 -0.086603 0.000000
vn -0.050000 -0.086603 0.000000
vn -0.100000 -0.000000 0.000000
vn -0.099799 -0.006334 0.000000
vn -0.099950 -0.003169 0.000000
vn -0.100000 0.000000 0.000000
vn -0.100000 -0.000000 0.000000
vn -0.100000 -0.000000 0.000000
vn -0.096593 0.025882 0.000000
vn -0.096593 0.025882 0.000000
vn -0.086603 0.050000 0.000000
vn -0.086603 0.050000 0.000000
vn -0.070711 0.070711 0.000000
vn -0.070711 0.070711 0.000000
vn -0.050000 0.086603 0.000000
vn -0.050000 0.086603 0.000000
vn -0.025882 0.096593 0.000000
vn -0.025882 0.096593 0.000000
vn 0.000000 -0.100000 0.000000
vn 0.000000 -0.100000 0.000000
vn 0.000000 -0.100000 0.000000
vn 0.000000 -0.100000 0.000000
vn 0.025882 0.096593 0.000000
vn 0.025882 0.096593 0.000000
vn 0.025882 0.096593 0.000000
vn 0.025882 0.096593 0.000000
vn 0.050000 0.086603 0.000000
vn 0.050000 0.086603 0.000000
vn 0.070711 0.070711 0.000000
vn 0.070711 0.070711 0.000000
vn 0.086603 0.050000 0.000000
vn 0.086603 0.050000 0.000000
vn 0.096593 0.025882 0.000000
vn 0.096593 0.025882 0.000000
vn 0.096593 0.025882 0.000000
vn 0.096593 0.025882 0.000000
vn 0.086603 0.050000 0.000000
vn 0.086603 0.050000 0.000000
vn 0.070711 0.070711 0.000000
vn 0.070711 0.070711 0.000000
vn 0.050000 0.086603 0.000000
vn 0.050000 0.086603 0.000000
vn -0.010657 0.064777 0.075434
vn -0.010657 0.064777 0.075434
vn -0.021132 0.057735 0.078868
vn -0.021132 0.057735 0.078868
vn -0.031246 0.049705 0.080951
vn -0.031246 0.049705 0.080951
vn -0.040825 0.040825 0.081650
vn -0.040825 0.040825 0.081650
vn -0.049705 0.031246 0.080951
vn -0.049705 0.031246 0.080951
vn -0.057735 0.021132 0.078868
vn -0.057735 0.021132 0.078868
vn -0.064777 0.010657 0.075434
vn -0.064777 0.010657 0.075434
vn 0.096593 -0.025882 0.000000
vn 0.096593 -0.025882 0.000000
vn 0.096593 -0.025882 0.000000
vn 0.096593 -0.025882 0.000000
vn 0.086603 -0.050000 0.000000
vn 0.086603 -0.050000 0.000000
vn 0.070711 -0.070711 0.000000
vn 0.070711 -0.070711 0.000000
vn 0.050000 -0.086603 0.000000
vn 0.050000 -0.086603 0.000000
vn 0.025882 -0.096593 0.000000
vn 0.025882 -0.096593 0.000000
vn 0.025882 -0.096593 0.000000
vn 0.025882 -0.096593 0.000000
vn 0.050000 -0.086603 0.000000
vn 0.050000 -0.086603 0.000000
vn 0.070711 -0.070711 0.000000
vn 0.070711 -0.070711 0.000000
vn 0.086603 -0.050000 0.000000
vn 0.086603 -0.050000 0.000000
vn 0.100000 0.000000 0.000000
vn 0.100000 0.000000 0.000000
vn 0.100000 0.000000 0.000000
vn 0.100000 0.000000 0.000000
vn 0.100000 0.000000 0.000000
vn 0.100000 0.000000 0.000000
vn 0.100000 0.000000 0.000000
vn 0.100000 0.000000 0.000000
vn 0.100000 0.000000 0.000000
vn 0.100000 0.000000 0.000000
vn 0.100000 0.000000 0.000000
vn -0.100000 0.000000 0.000000
vn -0.100000 0.000000 0.000000
vn -0.100000 0.000000 0.000000
vn -0.100000 0.000000 0.000000
vn 0.000000 -0.100000 0.000000
vn 0.000000 -0.100000 0.000000
vn 0.000000 -0.100000 0.000000
vn 0.000000 -0.100000 0.000000
vn 0.100000 0.000000 0.000000
vn 0.100000 0.000000 0.000000
vn 0.100000 0.000000 0.000000
vn 0.100000 0.000000 0.000000
vn 0.000000 0.100000 0.000000
vn 0.000000 0.100000 0.000000
vn 0.000000 0.100000 0.000000
vn 0.000000 0.100000 0.000000
vn 0.100000 0.000000 0.000000
vn 0.100000 0.000000 0.000000
vn 0.100000 0.000000 0.000000
vn 0.100000 0.000000 0.000000
vn -0.098639 -0.016440 0.000000
vn -0.098639 -0.016440 0.000000
vn -0.097925 -0.020264 0.000000
vn -0.097925 -0.020264 0.000000
vn -0.097063 -0.024057 0.000000
vn -0.097063 -0.024057 0.000000
vn -0.096054 -0.027814 0.000000
vn -0.096054 -0.027814 0.000000
vn -0.096774 -0.025194 0.000000
vn -0.097423 -0.022555 0.000000
vn -0.098240 -0.018680 0.000000
vn -0.098000 -0.019900 0.000000
vn -0.098000 -0.019900 0.000000
vn -0.099109 -0.013316 0.000000
vn -0.099559 -0.009382 0.000000
vn -0.099777 -0.006673 0.000000
vn -0.100000 -0.000000 0.000000
vn -0.100000 -0.000000 0.000000
vn -0.028173 0.095949 0.000000
vn -0.041542 0.090963 0.000000
vn -0.041701 0.090890 0.000000
vn -0.049005 0.087169 0.000000
vn -0.054064 0.084125 0.000000
vn -0.055980 0.082863 0.000000
vn -0.062578 0.078000 0.000000
vn -0.062578 0.078000 0.000000
vn -0.014231 0.098982 0.000000
vn -0.065486 0.075575 0.000000
vn -0.072772 0.068587 0.000000
vn -0.075575 0.065486 0.000000
vn -0.081566 0.057854 0.000000
vn -0.084125 0.054064 0.000000
vn -0.088789 0.046006 0.000000
vn -0.090963 0.041542 0.000000
vn -0.094302 0.033273 0.000000
vn -0.095949 0.028173 0.000000
vn -0.098000 0.019900 0.000000
vn -0.098982 0.014231 0.000000
vn -0.098000 0.019900 0.000000
vn -0.099109 0.013316 0.000000
vn -0.099777 0.006673 0.000000
vn -0.100000 0.000000 0.000000
vn -0.100000 0.000000 0.000000
vn 0.000000 0.000000 0.100000
vn 0.000000 0.000000 0.100000
vn 0.000000 0.000000 0.100000
vn 0.000000 0.000000 0.100000
vn 0.000000 0.000000 0.100000
vn 0.000000 0.000000 0.100000
vn 0.000000 0.000000 0.100000
vn 0.000000 0.000000 0.100000
vn -0.099849 -0.005502 0.000000
vn -0.099849 -0.005502 0.000000
vn -0.099395 -0.010988 0.000000
vn -0.098639 -0.016440 0.000000
vn -0.098639 -0.016440 0.000000
vn -0.099395 -0.010988 0.000000
vn 0.014231 -0.098982 0.000000
vn 0.028173 -0.095949 0.000000
vn 0.041542 -0.090963 0.000000
vn 0.054064 -0.084125 0.000000
vn 0.065486 -0.075575 0.000000
vn 0.075575 -0.065486 0.000000
vn 0.084125 -0.054064 0.000000
vn 0.090963 -0.041542 0.000000
vn 0.095949 -0.028173 0.000000
vn 0.098982 -0.014231 0.000000
vn 0.100000 0.000000 0.000000
vn 0.100000 0.000000 0.000000
vn 0.100000 0.000000 0.000000
vn 0.100000 0.000000 0.000000
vn 0.100000 0.000000 0.000000
vn 0.100000 0.000000 0.000000
vn 0.100000 0.000000 0.000000
vn 0.100000 0.000000 0.000000
vn 0.100000 0.000000 0.000000
vn 0.100000 0.000000 0.000000
vn 0.100000 0.000000 0.000000
vn 0.100000 0.000000 0.000000
vn 0.100000 0.000000 0.000000
vn 0.100000 0.000000 0.000000
vn 0.100000 0.000000 0.000000
vn 0.100000 0.000000 0.000000
vn 0.100000 0.000000 0.000000
vn 0.100000 0.000000 0.000000
vn 0.100000 0.000000 0.000000
vn 0.100000 0.000000 0.000000
vn 0.100000 0.000000 0.000000
vn 0.100000 0.000000 0.000000
vn 0.100000 0.000000 0.000000
vn 0.100000 0.000000 0.000000
vn 0.100000 0.000000 0.000000
vn 0.100000 0.000000 0.000000
vn 0.100000 0.000000 0.000000
vn 0.100000 0.000000 0.000000
vn 0.100000 0.000000 0.000000
vn 0.100000 0.000000 0.000000
vn 0.096593 0.025882 0.000000
vn 0.086603 0.050000 0.000000
vn 0.070711 0.070711 0.000000
vn 0.050000 0.086603 0.000000
vn 0.025882 0.096593 0.000000
vn 0.000000 0.100000 0.000000
vn 0.000000 0.100000 0.000000
vn 0.000000 0.000000 -0.100000
vn 0.000000 0.000000 -0.100000
vn 0.000000 0.000000 -0.100000
vn 0.000000 0.000000 -0.100000
vn 0.000000 0.000000 -0.100000
vn 0.000000 0.000000 -0.100000
vn 0.000000 0.000000 -0.100000
vn 0.000000 0.000000 -0.100000
vn 0.000000 0.000000 -0.100000
vn 0.000000 0.000000 -0.100000
vn 0.000000 0.000000 -0.100000
vn 0.000000 0.000000 -0.100000
vn 0.000000 0.000000 -0.100000
vn 0.000000 0.000000 -0.100000
vn 0.000000 0.000000 -0.100000
vn 0.000000 0.000000 -0.100000
vn 0.000000 0.000000 -0.100000
vn 0.000000 0.000000 -0.100000
vn 0.000000 0.000000 -0.100000
vn 0.000000 0.000000 -0.100000
vn 0.000000 0.000000 -0.100000
vn 0.000000 0.000000 -0.100000
vn 0.000000 0.000000 -0.100000
vn 0.000000 0.000000 -0.100000
vn 0.000000 0.000000 -0.100000
vn 0.000000 0.000000 -0.100000
vn 0.000000 0.000000 -0.100000
vn 0.000000 0.000000 -0.100000
vn 0.000000 0.000000 -0.100000
vn 0.000000 0.000000 -0.100000
vn 0.000000 0.000000 -0.100000
vn 0.000000 0.000000 -0.100000
vn 0.000000 0.000000 -0.100000
vn 0.000000 0.000000 -0.100000
vn 0.000000 0.000000 -0.100000
vn 0.000000 0.000000 -0.100000
vn 0.000000 0.000000 -0.100000
vn 0.000000 0.000000 -0.100000
vn 0.000000 0.000000 -0.100000
vn 0.000000 0.000000 -0.100000
vn 0.000000 0.000000 -0.100000
vn 0.000000 0.000000 -0.100000
vn 0.000000 0.000000 -0.100000
vn 0.000000 0.000000 -0.100000
vn 0.000000 0.000000 -0.100000
vn 0.000000 0.000000 -0.100000
vn 0.000000 0.000000 -0.100000
vn 0.000000 0.000000 -0.100000
vn 0.000000 0.000000 -0.100000
vn 0.000000 0.000000 -0.100000
vn 0.000000 0.000000 -0.100000
vn 0.000000 0.000000 -0.100000
vn 0.000000 0.000000 -0.100000
vn 0.000000 0.000000 -0.100000
vn 0.000000 0.000000 -0.100000
vn 0.000000 0.000000 -0.100000
vn 0.000000 0.000000 -0.100000
vn 0.000000 0.000000 -0.100000
vn 0.000000 0.000000 -0.100000
vn 0.000000 0.000000 -0.100000
vn 0.000000 0.000000 -0.100000
vn 0.000000 0.000000 -0.100000
vn 0.000000 0.000000 -0.100000
vn 0.000000 0.000000 -0.100000
vn 0.000000 0.000000 -0.100000
vn 0.000000 0.000000 -0.100000
vn 0.000000 0.000000 -0.100000
vn 0.000000 0.000000 -0.100000
vn 0.000000 0.000000 -0.100000
vn 0.000000 0.000000 -0.100000
vn 0.000000 0.000000 -0.100000
vn 0.000000 0.000000 -0.100000
vn 0.000000 0.000000 -0.100000
vn 0.000000 0.000000 -0.100000
vn 0.000000 0.000000 -0.100000
vn 0.000000 0.000000 -0.100000
vn 0.000000 0.000000 -0.100000
vn 0.000000 0.000000 -0.100000
vn 0.000000 0.000000 -0.100000
vn 0.000000 0.000000 -0.100000
vn 0.000000 0.000000 -0.100000
vn 0.000000 0.000000 -0.100000
vn 0.000000 0.000000 -0.100000
vn 0.000000 0.000000 -0.100000
vn 0.000000 0.000000 -0.100000
vn 0.000000 0.000000 -0.100000
vn 0.000000 0.000000 -0.100000
vn 0.000000 0.000000 -0.100000
vn 0.000000 0.000000 -0.100000
vn 0.000000 0.000000 -0.100000
vn 0.000000 0.000000 -0.100000
vn 0.000000 0.000000 -0.100000
vn 0.000000 0.000000 -0.100000
vn 0.000000 0.000000 -0.100000
vn 0.000000 0.000000 -0.100000
vn 0.000000 0.000000 -0.100000
vn 0.000000 0.000000 -0.100000
vn 0.000000 0.000000 -0.100000
vn 0.000000 0.000000 -0.100000
vn 0.000000 0.000000 -0.100000
vn 0.000000 0.000000 -0.100000
vn 0.000000 0.000000 -0.100000
vn 0.000000 0.000000 -0.100000
vn 0.000000 0.000000 -0.100000
vn 0.000000 0.000000 -0.100000
vn 0.000000 0.000000 -0.100000
vn 0.000000 0.000000 -0.100000
vn 0.000000 0.000000 -0.100000
vn 0.000000 0.000000 -0.100000
vn 0.000000 0.000000 -0.100000
vn 0.000000 0.000000 -0.100000
vn 0.000000 0.000000 -0.100000
vn 0.000000 0.000000 -0.100000
vn 0.000000 0.000000 -0.100000
vn 0.000000 0.000000 -0.100000
vn 0.000000 0.000000 -0.100000
vn 0.000000 0.000000 -0.100000
vn 0.000000 0.000000 -0.100000
vn 0.000000 0.000000 -0.100000
vn 0.000000 0.000000 -0.100000
vn 0.000000 0.000000 -0.100000
vn 0.000000 0.000000 -0.100000
vn 0.000000 0.000000 -0.100000
vn 0.000000 0.000000 -0.100000
vn 0.000000 0.000000 -0.100000
vn 0.000000 0.000000 -0.100000
vn 0.000000 0.000000 -0.100000
vn 0.000000 0.000000 -0.100000
vn 0.000000 0.000000 -0.100000
vn 0.000000 0.000000 -0.100000
vn 0.000000 0.000000 -0.100000
vn 0.000000 0.000000 -0.100000
vn 0.000000 0.000000 -0.100000
vn 0.000000 0.000000 -0.100000
vn 0.000000 0.000000 -0.100000
vn 0.000000 0.000000 -0.100000
vn 0.000000 0.000000 -0.100000
vn 0.000000 0.000000 -0.100000
vn 0.000000 0.000000 -0.100000
vn 0.000000 0.000000 -0.100000
vn 0.000000 0.000000 -0.100000
vn 0.000000 0.000000 -0.100000
vn 0.000000 0.000000 -0.100000
vn 0.000000 0.000000 -0.100000
vn 0.000000 0.000000 -0.100000
vn 0.000000 0.000000 -0.100000
vn 0.000000 0.000000 -0.100000
vn 0.000000 0.000000 -0.100000
vn 0.000000 0.000000 -0.100000
vn 0.000000 0.000000 -0.100000
vn 0.000000 0.000000 -0.100000
vn 0.000000 0.000000 -0.100000
vn 0.000000 0.000000 -0.100000
vn 0.000000 0.000000 -0.100000
vn 0.000000 0.000000 -0.100000
vn 0.000000 0.000000 -0.100000
vn 0.000000 0.000000 -0.100000
vn 0.000000 0.000000 -0.100000
vn 0.000000 0.000000 -0.100000
vn 0.000000 0.000000 -0.100000
vn 0.000000 0.000000 -0.100000
vn 0.000000 0.000000 -0.100000
vn 0.000000 0.000000 -0.100000
vn 0.000000 0.000000 -0.100000
vn 0.000000 0.000000 -0.100000
vn 0.000000 0.000000 -0.100000
vn 0.000000 0.000000 -0.100000
vn 0.000000 0.000000 -0.100000
vn 0.000000 0.000000 -0.100000
vn 0.000000 0.000000 -0.100000
vn 0.000000 0.000000 -0.100000
vn 0.000000 0.000000 -0.100000
vn 0.000000 0.000000 -0.100000
vn 0.000000 0.000000 -0.100000
vn 0.000000 0.000000 -0.100000
vn 0.000000 0.000000 -0.100000
vn 0.000000 0.000000 -0.100000
vn 0.000000 0.000000 -0.100000
vn 0.000000 0.000000 -0.100000
vn 0.000000 0.000000 -0.100000
vn 0.000000 0.000000 -0.100000
vn 0.000000 0.000000 -0.100000
vn 0.000000 0.000000 -0.100000
vn 0.000000 0.000000 -0.100000
vn 0.000000 0.000000 -0.100000
vn 0.000000 0.000000 -0.100000
vn 0.000000 0.000000 -0.100000
vn 0.000000 0.000000 -0.100000
vn 0.000000 0.000000 -0.100000
vn 0.000000 0.000000 -0.100000
vn 0.000000 0.000000 -0.100000
vn 0.000000 0.000000 -0.100000
vn 0.000000 0.000000 -0.100000
vn 0.000000 0.000000 -0.100000
vn 0.000000 0.000000 -0.100000
vn 0.000000 0.000000 -0.100000
vn 0.000000 0.000000 -0.100000
vn 0.000000 0.000000 -0.100000
vn 0.000000 0.000000 -0.100000
vn 0.000000 0.000000 -0.100000
vn 0.000000 0.000000 -0.100000
vn 0.000000 0.000000 -0.100000
vn 0.000000 0.000000 -0.100000
vn 0.000000 0.000000 -0.100000
vn 0.000000 0.000000 -0.100000
vn 0.000000 0.000000 -0.100000
vn 0.000000 0.000000 -0.100000
vn 0.000000 0.000000 -0.100000
vn 0.000000 0.000000 -0.100000
vn 0.000000 0.000000 -0.100000
vn 0.000000 0.000000 -0.100000
vn 0.000000 0.000000 -0.100000
vn 0.000000 0.000000 -0.100000
vn 0.000000 0.000000 -0.100000
vn 0.000000 0.000000 -0.100000
vn 0.000000 0.000000 -0.100000
vn 0.000000 0.000000 -0.100000
vn 0.000000 0.000000 -0.100000
vn 0.000000 0.000000 -0.100000
vn 0.000000 0.000000 -0.100000
vn 0.000000 0.000000 -0.100000
vn 0.000000 0.000000 -0.100000
vn 0.000000 0.000000 -0.100000
vn 0.000000 0.000000 -0.100000
vn 0.000000 0.000000 -0.100000
vn 0.000000 0.000000 -0.100000
vn 0.000000 0.000000 -0.100000
vn 0.000000 0.000000 -0.100000
vn 0.000000 0.000000 -0.100000
vn 0.000000 0.000000 -0.100000
vn 0.000000 0.000000 -0.100000
vn 0.000000 0.000000 -0.100000
vn 0.000000 0.000000 -0.100000
vn 0.000000 0.000000 -0.100000
vn 0.000000 0.000000 -0.100000
vn 0.000000 0.000000 -0.100000
vn 0.000000 0.000000 -0.100000
vn 0.000000 0.000000 -0.100000
vn 0.000000 0.000000 -0.100000
vn 0.000000 0.000000 -0.100000
vn 0.000000 0.000000 -0.100000
vn 0.000000 0.000000 -0.100000
vn 0.000000 0.000000 -0.100000
vn 0.000000 0.000000 -0.100000
vn 0.000000 0.000000 -0.100000
vn 0.000000 0.000000 -0.100000
vn 0.000000 0.000000 -0.100000
vn 0.000000 0.000000 -0.100000
vn 0.000000 0.000000 -0.100000
vn 0.000000 0.000000 -0.100000
vn 0.000000 0.000000 -0.100000
vn 0.000000 0.000000 -0.100000
vn 0.000000 0.000000 -0.100000
vn 0.000000 0.000000 -0.100000
vn 0.000000 0.000000 -0.100000
vn 0.000000 0.000000 -0.100000
vn 0.000000 0.000000 -0.100000
vn 0.000000 0.000000 -0.100000
vn 0.000000 0.000000 -0.100000
vn 0.000000 0.000000 -0.100000
vn 0.000000 0.000000 -0.100000
vn 0.000000 0.000000 -0.100000
vn 0.000000 0.000000 -0.100000
vn 0.000000 0.000000 -0.100000
vn 0.000000 0.000000 -0.100000
vn 0.000000 0.000000 -0.100000
vn 0.000000 0.000000 -0.100000
vn 0.000000 0.000000 -0.100000
vn 0.000000 0.000000 -0.100000
vn 0.000000 0.000000 -0.100000
vn 0.000000 0.000000 -0.100000
vn 0.000000 0.000000 -0.100000
vn 0.000000 0.000000 -0.100000
vn 0.000000 0.000000 -0.100000
vn 0.000000 0.000000 -0.100000
vn 0.000000 0.000000 -0.100000
vn 0.000000 0.000000 -0.100000
vn 0.000000 0.000000 -0.100000
vn 0.000000 0.000000 -0.100000
vn 0.000000 0.000000 -0.100000
vn 0.000000 0.000000 -0.100000
vn 0.000000 0.000000 -0.100000
vn 0.000000 0.000000 -0.100000
vn 0.000000 0.000000 -0.100000
vn 0.000000 0.000000 -0.100000
vn 0.000000 0.000000 -0.100000
vn 0.000000 0.000000 -0.100000
vn 0.000000 0.000000 -0.100000
vn 0.000000 0.000000 -0.100000
vn 0.000000 0.000000 -0.100000
vn 0.000000 0.000000 -0.100000
vn 0.000000 0.000000 -0.100000
vn 0.000000 0.000000 -0.100000
vn 0.000000 0.000000 -0.100000
vn 0.000000 0.000000 -0.100000
vn 0.000000 0.000000 -0.100000
vn 0.000000 0.000000 -0.100000
vn 0.000000 0.000000 -0.100000
vn 0.000000 0.000000 -0.100000
vn 0.000000 0.000000 -0.100000
vn 0.000000 0.000000 -0.100000
vn 0.000000 0.000000 -0.100000
vn 0.000000 0.000000 -0.100000
vn 0.000000 0.000000 -0.100000
vn 0.000000 0.000000 -0.100000
vn 0.000000 0.000000 -0.100000
vn 0.000000 0.000000 -0.100000
vn 0.000000 0.000000 -0.100000
vn 0.000000 0.000000 -0.100000
vn 0.000000 0.000000 -0.100000
vn 0.000000 0.000000 -0.100000
vn 0.000000 0.000000 -0.100000
vn 0.000000 0.000000 -0.100000
vn 0.000000 0.000000 -0.100000
vn 0.000000 0.000000 -0.100000
vn 0.000000 0.000000 -0.100000
vn 0.000000 0.000000 -0.100000
vn 0.000000 0.000000 -0.100000
vn 0.000000 0.000000 -0.100000
vn 0.000000 0.000000 -0.100000
vn 0.000000 0.000000 -0.100000
vn 0.000000 0.000000 -0.100000
vn 0.000000 0.000000 -0.100000
vn 0.000000 0.000000 -0.100000
vn 0.000000 0.000000 -0.100000
vn 0.000000 0.000000 -0.100000
vn 0.000000 0.000000 -0.100000
vn 0.000000 0.000000 -0.100000
vn 0.000000 0.000000 -0.100000
vn 0.000000 0.000000 -0.100000
vn 0.000000 0.000000 -0.100000
vn 0.000000 0.000000 -0.100000
vn 0.000000 0.000000 -0.100000
vn 0.000000 0.000000 -0.100000
vn 0.000000 0.000000 -0.100000
vn 0.000000 0.000000 -0.100000
vn 0.000000 0.000000 -0.100000
vn 0.000000 0.000000 -0.100000
vn 0.000000 0.000000 -0.100000
vn 0.000000 0.000000 -0.100000
vn 0.000000 0.000000 -0.100000
vn 0.000000 0.000000 -0.100000
vn 0.000000 0.000000 -0.100000
vn 0.000000 0.000000 -0.100000
vn 0.000000 0.000000 -0.100000
vn 0.000000 0.000000 -0.100000
vn 0.000000 0.000000 -0.100000
vn 0.000000 0.000000 -0.100000
vn 0.000000 0.000000 -0.100000
vn 0.000000 0.000000 -0.100000
vn 0.000000 0.000000 -0.100000
vn 0.000000 0.000000 -0.100000
vn 0.000000 0.000000 -0.100000
vn 0.000000 0.000000 -0.100000
vn 0.000000 0.000000 -0.100000
vn 0.000000 0.000000 -0.100000
vn 0.000000 0.000000 -0.100000
vn 0.000000 0.000000 -0.100000
vn 0.000000 0.000000 -0.100000
vn 0.000000 0.000000 -0.100000
vn 0.000000 0.000000 -0.100000
vn 0.000000 0.000000 -0.100000
vn 0.000000 0.000000 -0.100000
vn 0.000000 0.000000 -0.100000
vn 0.000000 0.000000 -0.100000
vn 0.000000 0.000000 -0.100000
vn 0.000000 0.000000 -0.100000
vn 0.000000 0.000000 -0.100000
vn 0.000000 0.000000 -0.100000
vn 0.000000 0.000000 -0.100000
vn 0.000000 0.000000 -0.100000
vn 0.000000 0.000000 -0.100000
vn 0.000000 0.000000 -0.100000
vn 0.000000 0.000000 -0.100000
vn 0.000000 0.000000 -0.100000
vn 0.000000 0.000000 -0.100000
vn 0.000000 0.000000 -0.100000
vn 0.000000 0.000000 -0.100000
vn 0.000000 0.000000 -0.100000
vn 0.000000 0.000000 -0.100000
vn 0.000000 0.000000 -0.100000
vn 0.000000 0.000000 -0.100000
vn 0.000000 0.000000 -0.100000
vn 0.000000 0.000000 -0.100000
vn 0.000000 0.000000 -0.100000
vn 0.000000 0.000000 -0.100000
vn 0.000000 0.000000 -0.100000
vn 0.000000 0.000000 -0.100000
vn -0.025882 0.096593 -0.000000
vn -0.050000 0.086603 -0.000000
vn -0.070711 0.070711 -0.000000
vn -0.086603 0.050000 -0.000000
vn -0.096593 0.025882 -0.000000
usemtl Glass_-_Frosted
f 2/1/1 48/2/2 1/3/3
f 1/3/3 48/2/2 25/4/4
f 1/5/3 25/6/4 24/7/5
f 24/7/5 25/6/4 26/8/6
f 24/7/5 26/8/6 23/9/7
f 23/9/7 26/8/6 27/10/8
f 23/9/7 27/10/8 22/11/9
f 22/11/9 27/10/8 28/12/10
f 22/11/9 28/12/10 21/13/11
f 21/13/11 28/12/10 29/14/12
f 21/13/11 29/14/12 20/15/13
f 20/15/13 29/14/12 30/16/14
f 20/15/13 30/16/14 19/17/15
f 19/17/15 30/16/14 31/18/16
f 19/17/15 31/18/16 18/19/17
f 18/19/17 31/18/16 32/20/18
f 18/19/17 32/20/18 17/21/19
f 17/21/19 32/20/18 33/22/20
f 17/21/19 33/22/20 16/23/21
f 16/23/21 33/22/20 34/24/22
f 16/23/21 34/24/22 15/25/23
f 15/25/23 34/24/22 35/26/24
f 15/25/23 35/26/24 14/27/25
f 14/27/25 35/26/24 36/28/26
f 14/27/25 36/28/26 13/29/27
f 13/29/27 36/28/26 37/30/28
f 13/29/27 37/30/28 12/31/29
f 12/31/29 37/30/28 38/32/30
f 12/31/29 38/32/30 11/33/31
f 11/33/31 38/32/30 39/34/32
f 11/33/31 39/34/32 10/35/33
f 10/35/33 39/34/32 40/36/34
f 10/35/33 40/36/34 9/37/35
f 9/37/35 40/36/34 41/38/36
f 9/37/35 41/38/36 8/39/37
f 8/39/37 41/38/36 42/40/38
f 8/39/37 42/40/38 7/41/39
f 7/41/39 42/40/38 43/42/40
f 7/41/39 43/42/40 6/43/41
f 6/43/41 43/42/40 44/44/42
f 6/43/41 44/44/42 5/45/43
f 5/45/43 44/44/42 45/46/44
f 5/45/43 45/46/44 4/47/45
f 4/47/45 45/46/44 46/48/46
f 4/47/45 46/48/46 3/49/47
f 3/49/47 46/48/46 47/50/48
f 3/49/47 47/50/48 2/1/1
f 2/1/1 47/50/48 48/2/2
f 50/51/49 96/52/50 49/53/51
f 49/53/51 96/52/50 73/54/52
f 49/55/51 73/56/52 72/57/53
f 72/57/53 73/56/52 74/58/54
f 72/57/53 74/58/54 71/59/55
f 71/59/55 74/58/54 75/60/56
f 71/59/55 75/60/56 70/61/57
f 70/61/57 75/60/56 76/62/58
f 70/61/57 76/62/58 69/63/59
f 69/63/59 76/62/58 77/64/60
f 69/63/59 77/64/60 68/65/61
f 68/65/61 77/64/60 78/66/62
f 68/65/61 78/66/62 67/67/63
f 67/67/63 78/66/62 79/68/64
f 67/67/63 79/68/64 66/69/65
f 66/69/65 79/68/64 80/70/66
f 66/69/65 80/70/66 65/71/67
f 65/71/67 80/70/66 81/72/68
f 65/71/67 81/72/68 64/73/69
f 64/73/69 81/72/68 82/74/70
f 64/73/69 82/74/70 63/75/71
f 63/75/71 82/74/70 83/76/72
f 63/75/71 83/76/72 62/77/73
f 62/77/73 83/76/72 84/78/74
f 62/77/73 84/78/74 61/79/75
f 61/79/75 84/78/74 85/80/76
f 61/79/75 85/80/76 60/81/77
f 60/81/77 85/80/76 86/82/78
f 60/81/77 86/82/78 59/83/79
f 59/83/79 86/82/78 87/84/80
f 59/83/79 87/84/80 58/85/81
f 58/85/81 87/84/80 88/86/82
f 58/85/81 88/86/82 57/87/83
f 57/87/83 88/86/82 89/88/84
f 57/87/83 89/88/84 56/89/85
f 56/89/85 89/88/84 90/90/86
f 56/89/85 90/90/86 55/91/87
f 55/91/87 90/90/86 91/92/88
f 55/91/87 91/92/88 54/93/89
f 54/93/89 91/92/88 92/94/90
f 54/93/89 92/94/90 53/95/91
f 53/95/91 92/94/90 93/96/92
f 53/95/91 93/96/92 52/97/93
f 52/97/93 93/96/92 94/98/94
f 52/97/93 94/98/94 51/99/95
f 51/99/95 94/98/94 95/100/96
f 51/99/95 95/100/96 50/51/49
f 50/51/49 95/100/96 96/52/50
f 98/101/97 144/102/98 97/103/99
f 97/103/99 144/102/98 121/104/100
f 97/105/99 121/106/100 120/107/101
f 120/107/101 121/106/100 122/108/102
f 120/107/101 122/108/102 119/109/103
f 119/109/103 122/108/102 123/110/104
f 119/109/103 123/110/104 118/111/105
f 118/111/105 123/110/104 124/112/106
f 118/111/105 124/112/106 117/113/107
f 117/113/107 124/112/106 125/114/108
f 117/113/107 125/114/108 116/115/109
f 116/115/109 125/114/108 126/116/110
f 116/115/109 126/116/110 115/117/111
f 115/117/111 126/116/110 127/118/112
f 115/117/111 127/118/112 114/119/113
f 114/119/113 127/118/112 128/120/114
f 114/119/113 128/120/114 113/121/115
f 113/121/115 128/120/114 129/122/116
f 113/121/115 129/122/116 112/123/117
f 112/123/117 129/122/116 130/124/118
f 112/123/117 130/124/118 111/125/119
f 111/125/119 130/124/118 131/126/120
f 111/125/119 131/126/120 110/127/121
f 110/127/121 131/126/120 132/128/122
f 110/127/121 132/128/122 109/129/123
f 109/129/123 132/128/122 133/130/124
f 109/129/123 133/130/124 108/131/125
f 108/131/125 133/130/124 134/132/126
f 108/131/125 134/132/126 107/133/127
f 107/133/127 134/132/126 135/134/128
f 107/133/127 135/134/128 106/135/129
f 106/135/129 135/134/128 136/136/130
f 106/135/129 136/136/130 105/137/131
f 105/137/131 136/136/130 137/138/132
f 105/137/131 137/138/132 104/139/133
f 104/139/133 137/138/132 138/140/134
f 104/139/133 138/140/134 103/141/135
f 103/141/135 138/140/134 139/142/136
f 103/141/135 139/142/136 102/143/137
f 102/143/137 139/142/136 140/144/138
f 102/143/137 140/144/138 101/145/139
f 101/145/139 140/144/138 141/146/140
f 101/145/139 141/146/140 100/147/141
f 100/147/141 141/146/140 142/148/142
f 100/147/141 142/148/142 99/149/143
f 99/149/143 142/148/142 143/150/144
f 99/149/143 143/150/144 98/101/97
f 98/101/97 143/150/144 144/102/98
f 146/151/145 192/152/146 145/153/147
f 145/153/147 192/152/146 169/154/148
f 145/155/147 169/156/148 168/157/149
f 168/157/149 169/156/148 170/158/150
f 168/157/149 170/158/150 167/159/151
f 167/159/151 170/158/150 171/160/152
f 167/159/151 171/160/152 166/161/153
f 166/161/153 171/160/152 172/162/154
f 166/161/153 172/162/154 165/163/155
f 165/163/155 172/162/154 173/164/156
f 165/163/155 173/164/156 164/165/157
f 164/165/157 173/164/156 174/166/158
f 164/165/157 174/166/158 163/167/159
f 163/167/159 174/166/158 175/168/160
f 163/167/159 175/168/160 162/169/161
f 162/169/161 175/168/160 176/170/162
f 162/169/161 176/170/162 161/171/163
f 161/171/163 176/170/162 177/172/164
f 161/171/163 177/172/164 160/173/165
f 160/173/165 177/172/164 178/174/166
f 160/173/165 178/174/166 159/175/167
f 159/175/167 178/174/166 179/176/168
f 159/175/167 179/176/168 158/177/169
f 158/177/169 179/176/168 180/178/170
f 158/177/169 180/178/170 157/179/171
f 157/179/171 180/178/170 181/180/172
f 157/179/171 181/180/172 156/181/173
f 156/181/173 181/180/172 182/182/174
f 156/181/173 182/182/174 155/183/175
f 155/183/175 182/182/174 183/184/176
f 155/183/175 183/184/176 154/185/177
f 154/185/177 183/184/176 184/186/178
f 154/185/177 184/186/178 153/187/179
f 153/187/179 184/186/178 185/188/180
f 153/187/179 185/188/180 152/189/181
f 152/189/181 185/188/180 186/190/182
f 152/189/181 186/190/182 151/191/183
f 151/191/183 186/190/182 187/192/184
f 151/191/183 187/192/184 150/193/185
f 150/193/185 187/192/184 188/194/186
f 150/193/185 188/194/186 149/195/187
f 149/195/187 188/194/186 189/196/188
f 149/195/187 189/196/188 148/197/189
f 148/197/189 189/196/188 190/198/190
f 148/197/189 190/198/190 147/199/191
f 147/199/191 190/198/190 191/200/192
f 147/199/191 191/200/192 146/151/145
f 146/151/145 191/200/192 192/152/146
f 194/201/193 240/202/194 193/203/195
f 193/203/195 240/202/194 217/204/196
f 193/205/195 217/206/196 216/207/197
f 216/207/197 217/206/196 218/208/198
f 216/207/197 218/208/198 215/209/199
f 215/209/199 218/208/198 219/210/200
f 215/209/199 219/210/200 214/211/201
f 214/211/201 219/210/200 220/212/202
f 214/211/201 220/212/202 213/213/203
f 213/213/203 220/212/202 221/214/204
f 213/213/203 221/214/204 212/215/205
f 212/215/205 221/214/204 222/216/206
f 212/215/205 222/216/206 211/217/207
f 211/217/207 222/216/206 223/218/208
f 211/217/207 223/218/208 210/219/209
f 210/219/209 223/218/208 224/220/210
f 210/219/209 224/220/210 209/221/211
f 209/221/211 224/220/210 225/222/212
f 209/221/211 225/222/212 208/223/213
f 208/223/213 225/222/212 226/224/214
f 208/223/213 226/224/214 207/225/215
f 207/225/215 226/224/214 227/226/216
f 207/225/215 227/226/216 206/227/217
f 206/227/217 227/226/216 228/228/218
f 206/227/217 228/228/218 205/229/219
f 205/229/219 228/228/218 229/230/220
f 205/229/219 229/230/220 204/231/221
f 204/231/221 229/230/220 230/232/222
f 204/231/221 230/232/222 203/233/223
f 203/233/223 230/232/222 231/234/224
f 203/233/223 231/234/224 202/235/225
f 202/235/225 231/234/224 232/236/226
f 202/235/225 232/236/226 201/237/227
f 201/237/227 232/236/226 233/238/228
f 201/237/227 233/238/228 200/239/229
f 200/239/229 233/238/228 234/240/230
f 200/239/229 234/240/230 199/241/231
f 199/241/231 234/240/230 235/242/232
f 199/241/231 235/242/232 198/243/233
f 198/243/233 235/242/232 236/244/234
f 198/243/233 236/244/234 197/245/235
f 197/245/235 236/244/234 237/246/236
f 197/245/235 237/246/236 196/247/237
f 196/247/237 237/246/236 238/248/238
f 196/247/237 238/248/238 195/249/239
f 195/249/239 238/248/238 239/250/240
f 195/249/239 239/250/240 194/201/193
f 194/201/193 239/250/240 240/202/194
f 242/251/241 288/252/242 241/253/243
f 241/253/243 288/252/242 265/254/244
f 241/255/243 265/256/244 264/257/245
f 264/257/245 265/256/244 266/258/246
f 264/257/245 266/258/246 263/259/247
f 263/259/247 266/258/246 267/260/248
f 263/259/247 267/260/248 262/261/249
f 262/261/249 267/260/248 268/262/250
f 262/261/249 268/262/250 261/263/251
f 261/263/251 268/262/250 269/264/252
f 261/263/251 269/264/252 260/265/253
f 260/265/253 269/264/252 270/266/254
f 260/265/253 270/266/254 259/267/255
f 259/267/255 270/266/254 271/268/256
f 259/267/255 271/268/256 258/269/257
f 258/269/257 271/268/256 272/270/258
f 258/269/257 272/270/258 257/271/259
f 257/271/259 272/270/258 273/272/260
f 257/271/259 273/272/260 256/273/261
f 256/273/261 273/272/260 274/274/262
f 256/273/261 274/274/262 255/275/263
f 255/275/263 274/274/262 275/276/264
f 255/275/263 275/276/264 254/277/265
f 254/277/265 275/276/264 276/278/266
f 254/277/265 276/278/266 253/279/267
f 253/279/267 276/278/266 277/280/268
f 253/279/267 277/280/268 252/281/269
f 252/281/269 277/280/268 278/282/270
f 252/281/269 278/282/270 251/283/271
f 251/283/271 278/282/270 279/284/272
f 251/283/271 279/284/272 250/285/273
f 250/285/273 279/284/272 280/286/274
f 250/285/273 280/286/274 249/287/275
f 249/287/275 280/286/274 281/288/276
f 249/287/275 281/288/276 248/289/277
f 248/289/277 281/288/276 282/290/278
f 248/289/277 282/290/278 247/291/279
f 247/291/279 282/290/278 283/292/280
f 247/291/279 283/292/280 246/293/281
f 246/293/281 283/292/280 284/294/282
f 246/293/281 284/294/282 245/295/283
f 245/295/283 284/294/282 285/296/284
f 245/295/283 285/296/284 244/297/285
f 244/297/285 285/296/284 286/298/286
f 244/297/285 286/298/286 243/299/287
f 243/299/287 286/298/286 287/300/288
f 243/299/287 287/300/288 242/251/241
f 242/251/241 287/300/288 288/252/242
f 290/301/289 336/302/290 289/303/291
f 289/303/291 336/302/290 313/304/292
f 289/305/291 313/306/292 312/307/293
f 312/307/293 313/306/292 314/308/294
f 312/307/293 314/308/294 311/309/295
f 311/309/295 314/308/294 315/310/296
f 311/309/295 315/310/296 310/311/297
f 310/311/297 315/310/296 316/312/298
f 310/311/297 316/312/298 309/313/299
f 309/313/299 316/312/298 317/314/300
f 309/313/299 317/314/300 308/315/301
f 308/315/301 317/314/300 318/316/302
f 308/315/301 318/316/302 307/317/303
f 307/317/303 318/316/302 319/318/304
f 307/317/303 319/318/304 306/319/305
f 306/319/305 319/318/304 320/320/306
f 306/319/305 320/320/306 305/321/307
f 305/321/307 320/320/306 321/322/308
f 305/321/307 321/322/308 304/323/309
f 304/323/309 321/322/308 322/324/310
f 304/323/309 322/324/310 303/325/311
f 303/325/311 322/324/310 323/326/312
f 303/325/311 323/326/312 302/327/313
f 302/327/313 323/326/312 324/328/314
f 302/327/313 324/328/314 301/329/315
f 301/329/315 324/328/314 325/330/316
f 301/329/315 325/330/316 300/331/317
f 300/331/317 325/330/316 326/332/318
f 300/331/317 326/332/318 299/333/319
f 299/333/319 326/332/318 327/334/320
f 299/333/319 327/334/320 298/335/321
f 298/335/321 327/334/320 328/336/322
f 298/335/321 328/336/322 297/337/323
f 297/337/323 328/336/322 329/338/324
f 297/337/323 329/338/324 296/339/325
f 296/339/325 329/338/324 330/340/326
f 296/339/325 330/340/326 295/341/327
f 295/341/327 330/340/326 331/342/328
f 295/341/327 331/342/328 294/343/329
f 294/343/329 331/342/328 332/344/330
f 294/343/329 332/344/330 293/345/331
f 293/345/331 332/344/330 333/346/332
f 293/345/331 333/346/332 292/347/333
f 292/347/333 333/346/332 334/348/334
f 292/347/333 334/348/334 291/349/335
f 291/349/335 334/348/334 335/350/336
f 291/349/335 335/350/336 290/301/289
f 290/301/289 335/350/336 336/302/290
f 338/351/337 384/352/338 337/353/339
f 337/353/339 384/352/338 361/354/340
f 337/355/339 361/356/340 360/357/341
f 360/357/341 361/356/340 362/358/342
f 360/357/341 362/358/342 359/359/343
f 359/359/343 362/358/342 363/360/344
f 359/359/343 363/360/344 358/361/345
f 358/361/345 363/360/344 364/362/346
f 358/361/345 364/362/346 357/363/347
f 357/363/347 364/362/346 365/364/348
f 357/363/347 365/364/348 356/365/349
f 356/365/349 365/364/348 366/366/350
f 356/365/349 366/366/350 355/367/351
f 355/367/351 366/366/350 367/368/352
f 355/367/351 367/368/352 354/369/353
f 354/369/353 367/368/352 368/370/354
f 354/369/353 368/370/354 353/371/355
f 353/371/355 368/370/354 369/372/356
f 353/371/355 369/372/356 352/373/357
f 352/373/357 369/372/356 370/374/358
f 352/373/357 370/374/358 351/375/359
f 351/375/359 370/374/358 371/376/360
f 351/375/359 371/376/360 350/377/361
f 350/377/361 371/376/360 372/378/362
f 350/377/361 372/378/362 349/379/363
f 349/379/363 372/378/362 373/380/364
f 349/379/363 373/380/364 348/381/365
f 348/381/365 373/380/364 374/382/366
f 348/381/365 374/382/366 347/383/367
f 347/383/367 374/382/366 375/384/368
f 347/383/367 375/384/368 346/385/369
f 346/385/369 375/384/368 376/386/370
f 346/385/369 376/386/370 345/387/371
f 345/387/371 376/386/370 377/388/372
f 345/387/371 377/388/372 344/389/373
f 344/389/373 377/388/372 378/390/374
f 344/389/373 378/390/374 343/391/375
f 343/391/375 378/390/374 379/392/376
f 343/391/375 379/392/376 342/393/377
f 342/393/377 379/392/376 380/394/378
f 342/393/377 380/394/378 341/395/379
f 341/395/379 380/394/378 381/396/380
f 341/395/379 381/396/380 340/397/381
f 340/397/381 381/396/380 382/398/382
f 340/397/381 382/398/382 339/399/383
f 339/399/383 382/398/382 383/400/384
f 339/399/383 383/400/384 338/351/337
f 338/351/337 383/400/384 384/352/338
f 386/401/385 432/402/386 385/403/387
f 385/403/387 432/402/386 409/404/388
f 385/405/387 409/406/388 408/407/389
f 408/407/389 409/406/388 410/408/390
f 408/407/389 410/408/390 407/409/391
f 407/409/391 410/408/390 411/410/392
f 407/409/391 411/410/392 406/411/393
f 406/411/393 411/410/392 412/412/394
f 406/411/393 412/412/394 405/413/395
f 405/413/395 412/412/394 413/414/396
f 405/413/395 413/414/396 404/415/397
f 404/415/397 413/414/396 414/416/398
f 404/415/397 414/416/398 403/417/399
f 403/417/399 414/416/398 415/418/400
f 403/417/399 415/418/400 402/419/401
f 402/419/401 415/418/400 416/420/402
f 402/419/401 416/420/402 401/421/403
f 401/421/403 416/420/402 417/422/404
f 401/421/403 417/422/404 400/423/405
f 400/423/405 417/422/404 418/424/406
f 400/423/405 418/424/406 399/425/407
f 399/425/407 418/424/406 419/426/408
f 399/425/407 419/426/408 398/427/409
f 398/427/409 419/426/408 420/428/410
f 398/427/409 420/428/410 397/429/411
f 397/429/411 420/428/410 421/430/412
f 397/429/411 421/430/412 396/431/413
f 396/431/413 421/430/412 422/432/414
f 396/431/413 422/432/414 395/433/415
f 395/433/415 422/432/414 423/434/416
f 395/433/415 423/434/416 394/435/417
f 394/435/417 423/434/416 424/436/418
f 394/435/417 424/436/418 393/437/419
f 393/437/419 424/436/418 425/438/420
f 393/437/419 425/438/420 392/439/421
f 392/439/421 425/438/420 426/440/422
f 392/439/421 426/440/422 391/441/423
f 391/441/423 426/440/422 427/442/424
f 391/441/423 427/442/424 390/443/425
f 390/443/425 427/442/424 428/444/426
f 390/443/425 428/444/426 389/445/427
f 389/445/427 428/444/426 429/446/428
f 389/445/427 429/446/428 388/447/429
f 388/447/429 429/446/428 430/448/430
f 388/447/429 430/448/430 387/449/431
f 387/449/431 430/448/430 431/450/432
f 387/449/431 431/450/432 386/401/385
f 386/401/385 431/450/432 432/402/386
f 434/451/433 480/452/434 433/453/435
f 433/453/435 480/452/434 457/454/436
f 433/455/435 457/456/436 456/457/437
f 456/457/437 457/456/436 458/458/438
f 456/457/437 458/458/438 455/459/439
f 455/459/439 458/458/438 459/460/440
f 455/459/439 459/460/440 454/461/441
f 454/461/441 459/460/440 460/462/442
f 454/461/441 460/462/442 453/463/443
f 453/463/443 460/462/442 461/464/444
f 453/463/443 461/464/444 452/465/445
f 452/465/445 461/464/444 462/466/446
f 452/465/445 462/466/446 451/467/447
f 451/467/447 462/466/446 463/468/448
f 451/467/447 463/468/448 450/469/449
f 450/469/449 463/468/448 464/470/450
f 450/469/449 464/470/450 449/471/451
f 449/471/451 464/470/450 465/472/452
f 449/471/451 465/472/452 448/473/453
f 448/473/453 465/472/452 466/474/454
f 448/473/453 466/474/454 447/475/455
f 447/475/455 466/474/454 467/476/456
f 447/475/455 467/476/456 446/477/457
f 446/477/457 467/476/456 468/478/458
f 446/477/457 468/478/458 445/479/459
f 445/479/459 468/478/458 469/480/460
f 445/479/459 469/480/460 444/481/461
f 444/481/461 469/480/460 470/482/462
f 444/481/461 470/482/462 443/483/463
f 443/483/463 470/482/462 471/484/464
f 443/483/463 471/484/464 442/485/465
f 442/485/465 471/484/464 472/486/466
f 442/485/465 472/486/466 441/487/467
f 441/487/467 472/486/466 473/488/468
f 441/487/467 473/488/468 440/489/469
f 440/489/469 473/488/468 474/490/470
f 440/489/469 474/490/470 439/491/471
f 439/491/471 474/490/470 475/492/472
f 439/491/471 475/492/472 438/493/473
f 438/493/473 475/492/472 476/494/474
f 438/493/473 476/494/474 437/495/475
f 437/495/475 476/494/474 477/496/476
f 437/495/475 477/496/476 436/497/477
f 436/497/477 477/496/476 478/498/478
f 436/497/477 478/498/478 435/499/479
f 435/499/479 478/498/478 479/500/480
f 435/499/479 479/500/480 434/451/433
f 434/451/433 479/500/480 480/452/434
f 482/501/481 528/502/482 481/503/483
f 481/503/483 528/502/482 505/504/484
f 481/505/483 505/506/484 504/507/485
f 504/507/485 505/506/484 506/508/486
f 504/507/485 506/508/486 503/509/487
f 503/509/487 506/508/486 507/510/488
f 503/509/487 507/510/488 502/511/489
f 502/511/489 507/510/488 508/512/490
f 502/511/489 508/512/490 501/513/491
f 501/513/491 508/512/490 509/514/492
f 501/513/491 509/514/492 500/515/493
f 500/515/493 509/514/492 510/516/494
f 500/515/493 510/516/494 499/517/495
f 499/517/495 510/516/494 511/518/496
f 499/517/495 511/518/496 498/519/497
f 498/519/497 511/518/496 512/520/498
f 498/519/497 512/520/498 497/521/499
f 497/521/499 512/520/498 513/522/500
f 497/521/499 513/522/500 496/523/501
f 496/523/501 513/522/500 514/524/502
f 496/523/501 514/524/502 495/525/503
f 495/525/503 514/524/502 515/526/504
f 495/525/503 515/526/504 494/527/505
f 494/527/505 515/526/504 516/528/506
f 494/527/505 516/528/506 493/529/507
f 493/529/507 516/528/506 517/530/508
f 493/529/507 517/530/508 492/531/509
f 492/531/509 517/530/508 518/532/510
f 492/531/509 518/532/510 491/533/511
f 491/533/511 518/532/510 519/534/512
f 491/533/511 519/534/512 490/535/513
f 490/535/513 519/534/512 520/536/514
f 490/535/513 520/536/514 489/537/515
f 489/537/515 520/536/514 521/538/516
f 489/537/515 521/538/516 488/539/517
f 488/539/517 521/538/516 522/540/518
f 488/539/517 522/540/518 487/541/519
f 487/541/519 522/540/518 523/542/520
f 487/541/519 523/542/520 486/543/521
f 486/543/521 523/542/520 524/544/522
f 486/543/521 524/544/522 485/545/523
f 485/545/523 524/544/522 525/546/524
f 485/545/523 525/546/524 484/547/525
f 484/547/525 525/546/524 526/548/526
f 484/547/525 526/548/526 483/549/527
f 483/549/527 526/548/526 527/550/528
f 483/549/527 527/550/528 482/501/481
f 482/501/481 527/550/528 528/502/482
f 530/551/529 576/552/530 529/553/531
f 529/553/531 576/552/530 553/554/532
f 529/555/531 553/556/532 552/557/533
f 552/557/533 553/556/532 554/558/534
f 552/557/533 554/558/534 551/559/535
f 551/559/535 554/558/534 555/560/536
f 551/559/535 555/560/536 550/561/537
f 550/561/537 555/560/536 556/562/538
f 550/561/537 556/562/538 549/563/539
f 549/563/539 556/562/538 557/564/540
f 549/563/539 557/564/540 548/565/541
f 548/565/541 557/564/540 558/566/542
f 548/565/541 558/566/542 547/567/543
f 547/567/543 558/566/542 559/568/544
f 547/567/543 559/568/544 546/569/545
f 546/569/545 559/568/544 560/570/546
f 546/569/545 560/570/546 545/571/547
f 545/571/547 560/570/546 561/572/548
f 545/571/547 561/572/548 544/573/549
f 544/573/549 561/572/548 562/574/550
f 544/573/549 562/574/550 543/575/551
f 543/575/551 562/574/550 563/576/552
f 543/575/551 563/576/552 542/577/553
f 542/577/553 563/576/552 564/578/554
f 542/577/553 564/578/554 541/579/555
f 541/579/555 564/578/554 565/580/556
f 541/579/555 565/580/556 540/581/557
f 540/581/557 565/580/556 566/582/558
f 540/581/557 566/582/558 539/583/559
f 539/583/559 566/582/558 567/584/560
f 539/583/559 567/584/560 538/585/561
f 538/585/561 567/584/560 568/586/562
f 538/585/561 568/586/562 537/587/563
f 537/587/563 568/586/562 569/588/564
f 537/587/563 569/588/564 536/589/565
f 536/589/565 569/588/564 570/590/566
f 536/589/565 570/590/566 535/591/567
f 535/591/567 570/590/566 571/592/568
f 535/591/567 571/592/568 534/593/569
f 534/593/569 571/592/568 572/594/570
f 534/593/569 572/594/570 533/595/571
f 533/595/571 572/594/570 573/596/572
f 533/595/571 573/596/572 532/597/573
f 532/597/573 573/596/572 574/598/574
f 532/597/573 574/598/574 531/599/575
f 531/599/575 574/598/574 575/600/576
f 531/599/575 575/600/576 530/551/529
f 530/551/529 575/600/576 576/552/530
f 578/601/577 624/602/578 577/603/579
f 577/603/579 624/602/578 601/604/580
f 577/605/579 601/606/580 600/607/581
f 600/607/581 601/606/580 602/608/582
f 600/607/581 602/608/582 599/609/583
f 599/609/583 602/608/582 603/610/584
f 599/609/583 603/610/584 598/611/585
f 598/611/585 603/610/584 604/612/586
f 598/611/585 604/612/586 597/613/587
f 597/613/587 604/612/586 605/614/588
f 597/613/587 605/614/588 596/615/589
f 596/615/589 605/614/588 606/616/590
f 596/615/589 606/616/590 595/617/591
f 595/617/591 606/616/590 607/618/592
f 595/617/591 607/618/592 594/619/593
f 594/619/593 607/618/592 608/620/594
f 594/619/593 608/620/594 593/621/595
f 593/621/595 608/620/594 609/622/596
f 593/621/595 609/622/596 592/623/597
f 592/623/597 609/622/596 610/624/598
f 592/623/597 610/624/598 591/625/599
f 591/625/599 610/624/598 611/626/600
f 591/625/599 611/626/600 590/627/601
f 590/627/601 611/626/600 612/628/602
f 590/627/601 612/628/602 589/629/603
f 589/629/603 612/628/602 613/630/604
f 589/629/603 613/630/604 588/631/605
f 588/631/605 613/630/604 614/632/606
f 588/631/605 614/632/606 587/633/607
f 587/633/607 614/632/606 615/634/608
f 587/633/607 615/634/608 586/635/609
f 586/635/609 615/634/608 616/636/610
f 586/635/609 616/636/610 585/637/611
f 585/637/611 616/636/610 617/638/612
f 585/637/611 617/638/612 584/639/613
f 584/639/613 617/638/612 618/640/614
f 584/639/613 618/640/614 583/641/615
f 583/641/615 618/640/614 619/642/616
f 583/641/615 619/642/616 582/643/617
f 582/643/617 619/642/616 620/644/618
f 582/643/617 620/644/618 581/645/619
f 581/645/619 620/644/618 621/646/620
f 581/645/619 621/646/620 580/647/621
f 580/647/621 621/646/620 622/648/622
f 580/647/621 622/648/622 579/649/623
f 579/649/623 622/648/622 623/650/624
f 579/649/623 623/650/624 578/601/577
f 578/601/577 623/650/624 624/602/578
f 626/651/625 672/652/626 625/653/627
f 625/653/627 672/652/626 649/654/628
f 625/655/627 649/656/628 648/657/629
f 648/657/629 649/656/628 650/658/630
f 648/657/629 650/658/630 647/659/631
f 647/659/631 650/658/630 651/660/632
f 647/659/631 651/660/632 646/661/633
f 646/661/633 651/660/632 652/662/634
f 646/661/633 652/662/634 645/663/635
f 645/663/635 652/662/634 653/664/636
f 645/663/635 653/664/636 644/665/637
f 644/665/637 653/664/636 654/666/638
f 644/665/637 654/666/638 643/667/639
f 643/667/639 654/666/638 655/668/640
f 643/667/639 655/668/640 642/669/641
f 642/669/641 655/668/640 656/670/642
f 642/669/641 656/670/642 641/671/643
f 641/671/643 656/670/642 657/672/644
f 641/671/643 657/672/644 640/673/645
f 640/673/645 657/672/644 658/674/646
f 640/673/645 658/674/646 639/675/647
f 639/675/647 658/674/646 659/676/648
f 639/675/647 659/676/648 638/677/649
f 638/677/649 659/676/648 660/678/650
f 638/677/649 660/678/650 637/679/651
f 637/679/651 660/678/650 661/680/652
f 637/679/651 661/680/652 636/681/653
f 636/681/653 661/680/652 662/682/654
f 636/681/653 662/682/654 635/683/655
f 635/683/655 662/682/654 663/684/656
f 635/683/655 663/684/656 634/685/657
f 634/685/657 663/684/656 664/686/658
f 634/685/657 664/686/658 633/687/659
f 633/687/659 664/686/658 665/688/660
f 633/687/659 665/688/660 632/689/661
f 632/689/661 665/688/660 666/690/662
f 632/689/661 666/690/662 631/691/663
f 631/691/663 666/690/662 667/692/664
f 631/691/663 667/692/664 630/693/665
f 630/693/665 667/692/664 668/694/666
f 630/693/665 668/694/666 629/695/667
f 629/695/667 668/694/666 669/696/668
f 629/695/667 669/696/668 628/697/669
f 628/697/669 669/696/668 670/698/670
f 628/697/669 670/698/670 627/699/671
f 627/699/671 670/698/670 671/700/672
f 627/699/671 671/700/672 626/651/625
f 626/651/625 671/700/672 672/652/626
f 674/701/673 720/702/674 673/703/675
f 673/703/675 720/702/674 697/704/676
f 673/705/675 697/706/676 696/707/677
f 696/707/677 697/706/676 698/708/678
f 696/707/677 698/708/678 695/709/679
f 695/709/679 698/708/678 699/710/680
f 695/709/679 699/710/680 694/711/681
f 694/711/681 699/710/680 700/712/682
f 694/711/681 700/712/682 693/713/683
f 693/713/683 700/712/682 701/714/684
f 693/713/683 701/714/684 692/715/685
f 692/715/685 701/714/684 702/716/686
f 692/715/685 702/716/686 691/717/687
f 691/717/687 702/716/686 703/718/688
f 691/717/687 703/718/688 690/719/689
f 690/719/689 703/718/688 704/720/690
f 690/719/689 704/720/690 689/721/691
f 689/721/691 704/720/690 705/722/692
f 689/721/691 705/722/692 688/723/693
f 688/723/693 705/722/692 706/724/694
f 688/723/693 706/724/694 687/725/695
f 687/725/695 706/724/694 707/726/696
f 687/725/695 707/726/696 686/727/697
f 686/727/697 707/726/696 708/728/698
f 686/727/697 708/728/698 685/729/699
f 685/729/699 708/728/698 709/730/700
f 685/729/699 709/730/700 684/731/701
f 684/731/701 709/730/700 710/732/702
f 684/731/701 710/732/702 683/733/703
f 683/733/703 710/732/702 711/734/704
f 683/733/703 711/734/704 682/735/705
f 682/735/705 711/734/704 712/736/706
f 682/735/705 712/736/706 681/737/707
f 681/737/707 712/736/706 713/738/708
f 681/737/707 713/738/708 680/739/709
f 680/739/709 713/738/708 714/740/710
f 680/739/709 714/740/710 679/741/711
f 679/741/711 714/740/710 715/742/712
f 679/741/711 715/742/712 678/743/713
f 678/743/713 715/742/712 716/744/714
f 678/743/713 716/744/714 677/745/715
f 677/745/715 716/744/714 717/746/716
f 677/745/715 717/746/716 676/747/717
f 676/747/717 717/746/716 718/748/718
f 676/747/717 718/748/718 675/749/719
f 675/749/719 718/748/718 719/750/720
f 675/749/719 719/750/720 674/701/673
f 674/701/673 719/750/720 720/702/674
f 722/751/721 768/752/722 721/753/723
f 721/753/723 768/752/722 745/754/724
f 721/755/723 745/756/724 744/757/725
f 744/757/725 745/756/724 746/758/726
f 744/757/725 746/758/726 743/759/727
f 743/759/727 746/758/726 747/760/728
f 743/759/727 747/760/728 742/761/729
f 742/761/729 747/760/728 748/762/730
f 742/761/729 748/762/730 741/763/731
f 741/763/731 748/762/730 749/764/732
f 741/763/731 749/764/732 740/765/733
f 740/765/733 749/764/732 750/766/734
f 740/765/733 750/766/734 739/767/735
f 739/767/735 750/766/734 751/768/736
f 739/767/735 751/768/736 738/769/737
f 738/769/737 751/768/736 752/770/738
f 738/769/737 752/770/738 737/771/739
f 737/771/739 752/770/738 753/772/740
f 737/771/739 753/772/740 736/773/741
f 736/773/741 753/772/740 754/774/742
f 736/773/741 754/774/742 735/775/743
f 735/775/743 754/774/742 755/776/744
f 735/775/743 755/776/744 734/777/745
f 734/777/745 755/776/744 756/778/746
f 734/777/745 756/778/746 733/779/747
f 733/779/747 756/778/746 757/780/748
f 733/779/747 757/780/748 732/781/749
f 732/781/749 757/780/748 758/782/750
f 732/781/749 758/782/750 731/783/751
f 731/783/751 758/782/750 759/784/752
f 731/783/751 759/784/752 730/785/753
f 730/785/753 759/784/752 760/786/754
f 730/785/753 760/786/754 729/787/755
f 729/787/755 760/786/754 761/788/756
f 729/787/755 761/788/756 728/789/757
f 728/789/757 761/788/756 762/790/758
f 728/789/757 762/790/758 727/791/759
f 727/791/759 762/790/758 763/792/760
f 727/791/759 763/792/760 726/793/761
f 726/793/761 763/792/760 764/794/762
f 726/793/761 764/794/762 725/795/763
f 725/795/763 764/794/762 765/796/764
f 725/795/763 765/796/764 724/797/765
f 724/797/765 765/796/764 766/798/766
f 724/797/765 766/798/766 723/799/767
f 723/799/767 766/798/766 767/800/768
f 723/799/767 767/800/768 722/751/721
f 722/751/721 767/800/768 768/752/722
f 770/801/769 771/802/770 769/803/771
f 769/803/771 771/802/770 772/804/772
f 770/805/773 773/806/774 771/807/775
f 771/807/775 773/806/774 774/808/776
f 770/809/777 769/810/778 773/811/779
f 773/811/779 769/810/778 779/812/780
f 779/812/780 769/810/778 775/813/781
f 779/812/780 775/813/781 778/814/782
f 778/814/782 775/813/781 776/815/783
f 778/814/782 776/815/783 777/816/784
f 775/817/785 780/818/786 776/819/787
f 776/819/787 780/818/786 781/820/788
f 781/821/789 782/822/790 776/823/791
f 776/823/791 782/822/790 777/824/792
f 777/825/793 782/826/794 778/827/795
f 778/827/795 782/826/794 783/828/796
f 779/829/797 784/830/798 773/831/799
f 773/831/799 784/830/798 774/832/800
f 783/833/801 784/834/802 778/835/803
f 778/835/803 784/834/802 779/836/804
f 772/837/805 780/838/806 769/839/807
f 769/839/807 780/838/806 775/840/808
f 791/841/809 785/842/810 790/843/811
f 790/843/811 785/842/810 786/844/812
f 790/843/811 786/844/812 789/845/813
f 789/845/813 786/844/812 788/846/814
f 788/846/814 786/844/812 787/847/815
f 792/848/816 793/849/817 786/850/818
f 786/850/818 793/849/817 787/851/819
f 794/852/820 796/853/821 792/854/822
f 792/854/822 796/853/821 797/855/823
f 792/854/822 797/855/823 798/856/824
f 794/852/820 795/857/825 796/853/821
f 798/856/824 793/858/826 792/854/822
f 806/859/827 799/860/828 805/861/829
f 805/861/829 799/860/828 800/862/830
f 805/861/829 800/862/830 804/863/831
f 804/863/831 800/862/830 801/864/832
f 804/863/831 801/864/832 803/865/833
f 803/865/833 801/864/832 802/866/834
f 802/867/834 807/868/835 803/869/833
f 803/869/833 807/868/835 808/870/836
f 814/871/837 809/872/838 813/873/839
f 813/873/839 809/872/838 810/874/840
f 813/873/839 810/874/840 812/875/841
f 812/875/841 810/874/840 811/876/842
f 812/875/841 811/876/842 807/877/835
f 807/877/835 811/876/842 808/878/836
f 822/879/843 815/880/844 821/881/845
f 821/881/845 815/880/844 816/882/846
f 821/881/845 816/882/846 820/883/847
f 820/883/847 816/882/846 817/884/848
f 820/883/847 817/884/848 819/885/849
f 819/885/849 817/884/848 818/886/850
f 818/887/850 823/888/851 819/889/849
f 819/889/849 823/888/851 824/890/852
f 830/891/853 825/892/854 829/893/855
f 829/893/855 825/892/854 826/894/856
f 829/893/855 826/894/856 828/895/857
f 828/895/857 826/894/856 827/896/858
f 828/895/857 827/896/858 823/897/851
f 823/897/851 827/896/858 824/898/852
f 838/899/859 831/900/860 837/901/861
f 837/901/861 831/900/860 832/902/862
f 837/901/861 832/902/862 836/903/863
f 836/903/863 832/902/862 833/904/864
f 836/903/863 833/904/864 835/905/865
f 835/905/865 833/904/864 834/906/866
f 834/907/866 839/908/867 835/909/865
f 835/909/865 839/908/867 840/910/868
f 846/911/869 841/912/870 845/913/871
f 845/913/871 841/912/870 842/914/872
f 845/913/871 842/914/872 844/915/873
f 844/915/873 842/914/872 843/916/874
f 844/915/873 843/916/874 839/917/867
f 839/917/867 843/916/874 840/918/868
f 847/919/875 848/920/876 854/921/877
f 854/921/877 848/920/876 853/922/878
f 853/922/878 848/920/876 849/923/879
f 853/922/878 849/923/879 852/924/880
f 852/924/880 849/923/879 850/925/881
f 852/924/880 850/925/881 851/926/882
f 850/927/881 855/928/883 851/929/882
f 851/929/882 855/928/883 856/930/884
f 857/931/885 858/932/886 864/933/887
f 864/933/887 858/932/886 863/934/888
f 863/934/888 858/932/886 859/935/889
f 863/934/888 859/935/889 862/936/890
f 862/936/890 859/935/889 860/937/891
f 862/936/890 860/937/891 861/938/892
f 861/938/892 860/937/891 856/939/884
f 861/938/892 856/939/884 855/940/883
f 880/941/893 865/942/894 879/943/895
f 879/943/895 865/942/894 866/944/896
f 879/943/895 866/944/896 878/945/897
f 878/945/897 866/944/896 867/946/898
f 878/945/897 867/946/898 877/947/899
f 877/947/899 867/946/898 868/948/900
f 877/947/899 868/948/900 876/949/901
f 876/949/901 868/948/900 869/950/902
f 876/949/901 869/950/902 870/951/903
f 876/949/901 870/951/903 875/952/904
f 875/952/904 870/951/903 871/953/905
f 875/952/904 871/953/905 874/954/906
f 874/954/906 871/953/905 872/955/907
f 874/954/906 872/955/907 873/956/908
f 873/957/909 872/958/910 886/959/911
f 886/959/911 872/958/910 881/960/912
f 886/959/911 881/960/912 885/961/913
f 885/961/913 881/960/912 882/962/914
f 885/961/913 882/962/914 884/963/915
f 884/963/915 882/962/914 883/964/916
f 900/965/917 887/966/918 899/967/919
f 899/967/919 887/966/918 888/968/920
f 899/967/919 888/968/920 898/969/921
f 898/969/921 888/968/920 889/970/922
f 898/969/921 889/970/922 897/971/923
f 897/971/923 889/970/922 890/972/924
f 897/971/923 890/972/924 896/973/925
f 896/973/925 890/972/924 891/974/926
f 896/973/925 891/974/926 895/975/927
f 895/975/927 891/974/926 892/976/928
f 895/975/927 892/976/928 894/977/929
f 894/977/929 892/976/928 893/978/930
f 894/977/929 893/978/930 884/979/931
f 884/979/931 883/980/932 894/977/929
f 865/981/933 901/982/934 866/983/935
f 866/983/935 901/982/934 902/984/936
f 866/983/935 902/984/936 867/985/937
f 867/985/937 902/984/936 868/986/938
f 868/986/938 902/984/936 903/987/939
f 868/986/938 903/987/939 869/988/940
f 869/988/940 903/987/939 904/989/941
f 869/988/940 904/989/941 870/990/942
f 870/990/942 904/989/941 871/991/943
f 871/991/943 904/989/941 905/992/944
f 871/991/943 905/992/944 872/993/945
f 872/993/945 905/992/944 906/994/946
f 872/993/945 906/994/946 881/995/947
f 881/995/947 906/994/946 907/996/948
f 881/995/947 907/996/948 882/997/949
f 882/997/949 907/996/948 908/998/950
f 882/997/949 908/998/950 883/999/951
f 883/999/951 908/998/950 909/1000/952
f 883/999/951 909/1000/952 894/1001/953
f 894/1001/953 909/1000/952 910/1002/954
f 894/1001/953 910/1002/954 895/1003/955
f 895/1003/955 910/1002/954 896/1004/956
f 896/1004/956 910/1002/954 911/1005/957
f 896/1004/956 911/1005/957 897/1006/958
f 897/1006/958 911/1005/957 912/1007/959
f 897/1006/958 912/1007/959 898/1008/960
f 898/1008/960 912/1007/959 899/1009/961
f 899/1009/961 912/1007/959 913/1010/962
f 899/1009/961 913/1010/962 900/1011/963
f 887/1012/964 914/1013/965 888/1014/966
f 888/1014/966 914/1013/965 915/1015/967
f 888/1014/966 915/1015/967 889/1016/968
f 889/1016/968 915/1015/967 890/1017/969
f 890/1017/969 915/1015/967 916/1018/970
f 890/1017/969 916/1018/970 891/1019/971
f 891/1019/971 916/1018/970 917/1020/972
f 891/1019/971 917/1020/972 892/1021/973
f 892/1021/973 917/1020/972 893/1022/974
f 893/1022/974 917/1020/972 918/1023/975
f 893/1022/974 918/1023/975 884/1024/976
f 884/1024/976 918/1023/975 919/1025/977
f 884/1024/976 919/1025/977 885/1026/978
f 885/1026/978 919/1025/977 920/1027/979
f 885/1026/978 920/1027/979 886/1028/980
f 886/1028/980 920/1027/979 921/1029/981
f 886/1028/980 921/1029/981 873/1030/982
f 873/1030/982 921/1029/981 922/1031/983
f 873/1030/982 922/1031/983 874/1032/984
f 874/1032/984 922/1031/983 923/1033/985
f 874/1032/984 923/1033/985 875/1034/986
f 875/1034/986 923/1033/985 876/1035/987
f 876/1035/987 923/1033/985 924/1036/988
f 876/1035/987 924/1036/988 877/1037/989
f 877/1037/989 924/1036/988 925/1038/990
f 877/1037/989 925/1038/990 878/1039/991
f 878/1039/991 925/1038/990 879/1040/992
f 879/1040/992 925/1038/990 926/1041/993
f 879/1040/992 926/1041/993 880/1042/994
f 925/1043/995 924/1044/996 926/1045/997
f 926/1045/997 924/1044/996 946/1046/998
f 946/1046/998 924/1044/996 923/1047/999
f 946/1046/998 923/1047/999 922/1048/1000
f 922/1048/1000 921/1049/1001 946/1046/998
f 946/1046/998 921/1049/1001 920/1050/1002
f 946/1046/998 920/1050/1002 919/1051/1003
f 919/1051/1003 918/1052/1004 946/1046/998
f 946/1046/998 918/1052/1004 914/1053/1005
f 946/1046/998 914/1053/1005 927/1054/1006
f 918/1052/1004 917/1055/1007 914/1053/1005
f 914/1053/1005 917/1055/1007 916/1056/1008
f 914/1053/1005 916/1056/1008 915/1057/1009
f 928/1058/1010 933/1059/1011 927/1054/1006
f 927/1054/1006 933/1059/1011 945/1060/1012
f 927/1054/1006 945/1060/1012 946/1046/998
f 933/1059/1011 928/1058/1010 932/1061/1013
f 932/1061/1013 928/1058/1010 929/1062/1014
f 932/1061/1013 929/1062/1014 930/1063/1015
f 930/1063/1015 931/1064/1016 932/1061/1013
f 945/1060/1012 933/1059/1011 944/1065/1017
f 944/1065/1017 933/1059/1011 934/1066/1018
f 944/1065/1017 934/1066/1018 943/1067/1019
f 943/1067/1019 934/1066/1018 935/1068/1020
f 943/1067/1019 935/1068/1020 942/1069/1021
f 942/1069/1021 935/1068/1020 936/1070/1022
f 942/1069/1021 936/1070/1022 939/1071/1023
f 939/1071/1023 936/1070/1022 937/1072/1024
f 939/1071/1023 937/1072/1024 938/1073/1025
f 940/1074/1026 941/1075/1027 939/1071/1023
f 939/1071/1023 941/1075/1027 942/1069/1021
f 912/1076/1028 911/1077/1029 913/1078/1030
f 913/1078/1030 911/1077/1029 910/1079/1031
f 913/1078/1030 910/1079/1031 909/1080/1032
f 913/1078/1030 909/1080/1032 948/1081/1033
f 948/1081/1033 909/1080/1032 908/1082/1034
f 948/1081/1033 908/1082/1034 907/1083/1035
f 948/1081/1033 907/1083/1035 947/1084/1036
f 947/1084/1036 907/1083/1035 906/1085/1037
f 947/1084/1036 906/1085/1037 905/1086/1038
f 947/1084/1036 905/1086/1038 901/1087/1039
f 901/1087/1039 905/1086/1038 904/1088/1040
f 901/1087/1039 904/1088/1040 903/1089/1041
f 903/1089/1041 902/1090/1042 901/1087/1039
f 926/1091/993 946/1092/1043 880/1093/994
f 880/1093/994 946/1092/1043 949/1094/1044
f 880/1093/994 949/1094/1044 865/1095/1045
f 865/1095/1045 949/1094/1044 950/1096/1046
f 865/1095/1045 950/1096/1046 974/1097/1047
f 974/1097/1047 950/1096/1046 952/1098/1048
f 974/1097/1047 952/1098/1048 953/1099/1049
f 950/1096/1046 951/1100/1050 952/1098/1048
f 974/1097/1047 953/1099/1049 973/1101/1051
f 973/1101/1051 953/1099/1049 954/1102/1052
f 973/1101/1051 954/1102/1052 972/1103/1053
f 972/1103/1053 954/1102/1052 971/1104/1054
f 971/1104/1054 954/1102/1052 955/1105/1055
f 971/1104/1054 955/1105/1055 970/1106/1056
f 970/1106/1056 955/1105/1055 956/1107/1057
f 970/1106/1056 956/1107/1057 969/1108/1058
f 969/1108/1058 956/1107/1057 957/1109/1059
f 969/1108/1058 957/1109/1059 958/1110/1060
f 958/1110/1060 959/1111/1061 969/1108/1058
f 969/1108/1058 959/1111/1061 968/1112/1062
f 968/1112/1062 959/1111/1061 965/1113/1063
f 968/1112/1062 965/1113/1063 967/1114/1064
f 967/1114/1064 965/1113/1063 966/1115/1065
f 959/1111/1061 960/1116/1066 965/1113/1063
f 965/1113/1063 960/1116/1066 964/1117/1067
f 964/1117/1067 960/1116/1066 961/1118/1068
f 964/1117/1067 961/1118/1068 963/1119/1069
f 963/1119/1069 961/1118/1068 962/1120/1070
f 974/1097/1047 947/1121/1071 865/1095/1045
f 865/1095/1045 947/1121/1071 901/1122/1072
f 976/1123/1073 977/1124/1074 975/1125/1075
f 975/1125/1075 977/1124/1074 978/1126/1076
f 976/1127/1077 979/1128/1078 977/1129/1079
f 977/1129/1079 979/1128/1078 980/1130/1080
f 976/1131/1081 975/1132/1082 979/1133/1083
f 979/1133/1083 975/1132/1082 981/1134/1084
f 979/1133/1083 981/1134/1084 985/1135/1085
f 985/1135/1085 981/1134/1084 982/1136/1086
f 985/1135/1085 982/1136/1086 984/1137/1087
f 984/1137/1087 982/1136/1086 983/1138/1088
f 981/1139/1089 986/1140/1090 982/1141/1091
f 982/1141/1091 986/1140/1090 987/1142/1092
f 987/1143/1093 988/1144/1094 982/1145/1095
f 982/1145/1095 988/1144/1094 983/1146/1096
f 983/1147/1097 988/1148/1098 984/1149/1099
f 984/1149/1099 988/1148/1098 989/1150/1100
f 985/1151/1101 990/1152/1102 979/1153/1103
f 979/1153/1103 990/1152/1102 980/1154/1104
f 989/1155/1105 990/1156/1106 984/1157/1107
f 984/1157/1107 990/1156/1106 985/1158/1108
f 978/1159/1109 986/1160/1110 975/1161/1111
f 975/1161/1111 986/1160/1110 981/1162/1112
f 992/1163/1113 993/1164/1114 991/1165/1115
f 991/1165/1115 993/1164/1114 994/1166/1116
f 992/1167/1117 995/1168/1118 993/1169/1119
f 993/1169/1119 995/1168/1118 996/1170/1120
f 998/1171/1121 999/1172/1122 997/1173/1123
f 997/1173/1123 999/1172/1122 1000/1174/1124
f 48/1175/1125 470/1176/1126 25/1177/1127
f 25/1177/1127 470/1176/1126 469/1178/1128
f 25/1177/1127 469/1178/1128 26/1179/1129
f 26/1179/1129 469/1178/1128 468/1180/1130
f 26/1179/1129 468/1180/1130 27/1181/1131
f 27/1181/1131 468/1180/1130 467/1182/1132
f 27/1181/1131 467/1182/1132 239/1183/1133
f 239/1183/1133 467/1182/1132 663/1184/1134
f 239/1183/1133 663/1184/1134 240/1185/1135
f 240/1185/1135 663/1184/1134 662/1186/1136
f 240/1185/1135 662/1186/1136 217/1187/1137
f 217/1187/1137 662/1186/1136 661/1188/1138
f 217/1187/1137 661/1188/1138 218/1189/1139
f 218/1189/1139 661/1188/1138 660/1190/1140
f 218/1189/1139 660/1190/1140 219/1191/1141
f 219/1191/1141 660/1190/1140 659/1192/1142
f 219/1191/1141 659/1192/1142 623/1193/1143
f 623/1193/1143 659/1192/1142 519/1194/1144
f 623/1193/1143 519/1194/1144 624/1195/1145
f 624/1195/1145 519/1194/1144 518/1196/1146
f 624/1195/1145 518/1196/1146 601/1197/1147
f 601/1197/1147 518/1196/1146 517/1198/1148
f 601/1197/1147 517/1198/1148 602/1199/1149
f 602/1199/1149 517/1198/1148 516/1200/1150
f 602/1199/1149 516/1200/1150 603/1201/1151
f 603/1201/1151 516/1200/1150 515/1202/1152
f 603/1201/1151 515/1202/1152 604/1203/1153
f 604/1203/1153 515/1202/1152 514/1204/1154
f 604/1203/1153 514/1204/1154 605/1205/1155
f 605/1205/1155 514/1204/1154 513/1206/1156
f 605/1205/1155 513/1206/1156 606/1207/1157
f 606/1207/1157 513/1206/1156 512/1208/1158
f 606/1207/1157 512/1208/1158 1029/1209/1159
f 1029/1209/1159 512/1208/1158 511/1210/1160
f 1029/1209/1159 511/1210/1160 510/1211/1161
f 470/1176/1126 48/1175/1125 471/1212/1162
f 471/1212/1162 48/1175/1125 47/1213/1163
f 471/1212/1162 47/1213/1163 707/1214/1164
f 707/1214/1164 47/1213/1163 411/1215/1165
f 707/1214/1164 411/1215/1165 708/1216/1166
f 708/1216/1166 411/1215/1165 410/1217/1167
f 708/1216/1166 410/1217/1167 709/1218/1168
f 709/1218/1168 410/1217/1167 409/1219/1169
f 709/1218/1168 409/1219/1169 710/1220/1170
f 710/1220/1170 409/1219/1169 432/1221/1171
f 710/1220/1170 432/1221/1171 711/1222/1172
f 711/1222/1172 432/1221/1171 431/1223/1173
f 711/1222/1172 431/1223/1173 712/1224/1174
f 712/1224/1174 431/1223/1173 430/1225/1175
f 712/1224/1174 430/1225/1175 713/1226/1176
f 713/1226/1176 430/1225/1175 429/1227/1177
f 713/1226/1176 429/1227/1177 1016/1228/1178
f 1016/1228/1178 429/1227/1177 428/1229/1179
f 1016/1228/1178 428/1229/1179 1013/1230/1180
f 1013/1230/1180 428/1229/1179 427/1231/1181
f 1013/1230/1180 427/1231/1181 426/1232/1182
f 411/1215/1165 47/1213/1163 412/1233/1183
f 412/1233/1183 47/1213/1163 46/1234/1184
f 412/1233/1183 46/1234/1184 413/1235/1185
f 413/1235/1185 46/1234/1184 45/1236/1186
f 413/1235/1185 45/1236/1186 414/1237/1187
f 414/1237/1187 45/1236/1186 44/1238/1188
f 414/1237/1187 44/1238/1188 415/1239/1189
f 415/1239/1189 44/1238/1188 43/1240/1190
f 415/1239/1189 43/1240/1190 42/1241/1191
f 415/1239/1189 42/1241/1191 416/1242/1192
f 416/1242/1192 42/1241/1191 41/1243/1193
f 416/1242/1192 41/1243/1193 417/1244/1194
f 417/1244/1194 41/1243/1193 40/1245/1195
f 417/1244/1194 40/1245/1195 418/1246/1196
f 418/1246/1196 40/1245/1195 39/1247/1197
f 418/1246/1196 39/1247/1197 419/1248/1198
f 419/1248/1198 39/1247/1197 383/1249/1199
f 419/1248/1198 383/1249/1199 747/1250/1200
f 747/1250/1200 383/1249/1199 748/1251/1201
f 748/1251/1201 383/1249/1199 382/1252/1202
f 748/1251/1201 382/1252/1202 749/1253/1203
f 749/1253/1203 382/1252/1202 381/1254/1204
f 749/1253/1203 381/1254/1204 750/1255/1205
f 750/1255/1205 381/1254/1204 380/1256/1206
f 750/1255/1205 380/1256/1206 751/1257/1207
f 751/1257/1207 380/1256/1206 379/1258/1208
f 751/1257/1207 379/1258/1208 378/1259/1209
f 383/1249/1199 39/1247/1197 384/1260/1210
f 384/1260/1210 39/1247/1197 38/1261/1211
f 384/1260/1210 38/1261/1211 361/1262/1212
f 361/1262/1212 38/1261/1211 37/1263/1213
f 361/1262/1212 37/1263/1213 362/1264/1214
f 362/1264/1214 37/1263/1213 36/1265/1215
f 362/1264/1214 36/1265/1215 363/1266/1216
f 363/1266/1216 36/1265/1215 35/1267/1217
f 363/1266/1216 35/1267/1217 191/1268/1218
f 191/1268/1218 35/1267/1217 231/1269/1219
f 191/1268/1218 231/1269/1219 192/1270/1220
f 192/1270/1220 231/1269/1219 230/1271/1221
f 192/1270/1220 230/1271/1221 169/1272/1222
f 169/1272/1222 230/1271/1221 229/1273/1223
f 169/1272/1222 229/1273/1223 170/1274/1224
f 170/1274/1224 229/1273/1223 228/1275/1225
f 170/1274/1224 228/1275/1225 171/1276/1226
f 171/1276/1226 228/1275/1225 227/1277/1227
f 171/1276/1226 227/1277/1227 575/1278/1228
f 575/1278/1228 227/1277/1227 615/1279/1229
f 575/1278/1228 615/1279/1229 576/1280/1230
f 576/1280/1230 615/1279/1229 614/1281/1231
f 576/1280/1230 614/1281/1231 553/1282/1232
f 553/1282/1232 614/1281/1231 613/1283/1233
f 553/1282/1232 613/1283/1233 554/1284/1234
f 554/1284/1234 613/1283/1233 612/1285/1235
f 554/1284/1234 612/1285/1235 555/1286/1236
f 555/1286/1236 612/1285/1235 611/1287/1237
f 555/1286/1236 611/1287/1237 556/1288/1238
f 556/1288/1238 611/1287/1237 610/1289/1239
f 556/1288/1238 610/1289/1239 1010/1290/1240
f 1010/1290/1240 610/1289/1239 609/1291/1241
f 1010/1290/1240 609/1291/1241 608/1292/1242
f 35/1267/1217 34/1293/1243 231/1269/1219
f 231/1269/1219 34/1293/1243 232/1294/1244
f 232/1294/1244 34/1293/1243 33/1295/1245
f 232/1294/1244 33/1295/1245 233/1296/1246
f 233/1296/1246 33/1295/1245 32/1297/1247
f 233/1296/1246 32/1297/1247 234/1298/1248
f 234/1298/1248 32/1297/1247 31/1299/1249
f 234/1298/1248 31/1299/1249 235/1300/1250
f 235/1300/1250 31/1299/1249 236/1301/1251
f 236/1301/1251 31/1299/1249 30/1302/1252
f 236/1301/1251 30/1302/1252 237/1303/1253
f 237/1303/1253 30/1302/1252 29/1304/1254
f 237/1303/1253 29/1304/1254 238/1305/1255
f 238/1305/1255 29/1304/1254 28/1306/1256
f 238/1305/1255 28/1306/1256 239/1183/1133
f 239/1183/1133 28/1306/1256 27/1181/1131
f 96/1307/1257 313/1308/1258 73/1309/1259
f 73/1309/1259 313/1308/1258 950/1310/1260
f 73/1309/1259 950/1310/1260 949/1311/1261
f 95/1312/1262 315/1313/1263 96/1307/1257
f 96/1307/1257 315/1313/1263 314/1314/1264
f 96/1307/1257 314/1314/1264 313/1308/1258
f 315/1313/1263 95/1312/1262 316/1315/1265
f 316/1315/1265 95/1312/1262 94/1316/1266
f 316/1315/1265 94/1316/1266 317/1317/1267
f 317/1317/1267 94/1316/1266 93/1318/1268
f 317/1317/1267 93/1318/1268 318/1319/1269
f 318/1319/1269 93/1318/1268 92/1320/1270
f 318/1319/1269 92/1320/1270 319/1321/1271
f 319/1321/1271 92/1320/1270 91/1322/1272
f 319/1321/1271 91/1322/1272 90/1323/1273
f 319/1321/1271 90/1323/1273 320/1324/1274
f 320/1324/1274 90/1323/1273 89/1325/1275
f 320/1324/1274 89/1325/1275 321/1326/1276
f 321/1326/1276 89/1325/1275 88/1327/1277
f 321/1326/1276 88/1327/1277 322/1328/1278
f 322/1328/1278 88/1327/1277 87/1329/1279
f 322/1328/1278 87/1329/1279 323/1330/1280
f 323/1330/1280 87/1329/1279 479/1331/1281
f 323/1330/1280 479/1331/1281 699/1332/1282
f 699/1332/1282 479/1331/1281 700/1333/1283
f 700/1333/1283 479/1331/1281 478/1334/1284
f 700/1333/1283 478/1334/1284 701/1335/1285
f 701/1335/1285 478/1334/1284 477/1336/1286
f 701/1335/1285 477/1336/1286 702/1337/1287
f 702/1337/1287 477/1336/1286 476/1338/1288
f 702/1337/1287 476/1338/1288 703/1339/1289
f 703/1339/1289 476/1338/1288 475/1340/1290
f 703/1339/1289 475/1340/1290 474/1341/1291
f 479/1331/1281 87/1329/1279 480/1342/1292
f 480/1342/1292 87/1329/1279 86/1343/1293
f 480/1342/1292 86/1343/1293 457/1344/1294
f 457/1344/1294 86/1343/1293 85/1345/1295
f 457/1344/1294 85/1345/1295 458/1346/1296
f 458/1346/1296 85/1345/1295 84/1347/1297
f 458/1346/1296 84/1347/1297 459/1348/1298
f 459/1348/1298 84/1347/1297 83/1349/1299
f 459/1348/1298 83/1349/1299 671/1350/1300
f 671/1350/1300 83/1349/1299 279/1351/1301
f 671/1350/1300 279/1351/1301 672/1352/1302
f 672/1352/1302 279/1351/1301 278/1353/1303
f 672/1352/1302 278/1353/1303 649/1354/1304
f 649/1354/1304 278/1353/1303 277/1355/1305
f 649/1354/1304 277/1355/1305 650/1356/1306
f 650/1356/1306 277/1355/1305 276/1357/1307
f 650/1356/1306 276/1357/1307 651/1358/1308
f 651/1358/1308 276/1357/1307 275/1359/1309
f 651/1358/1308 275/1359/1309 527/1360/1310
f 527/1360/1310 275/1359/1309 135/1361/1311
f 527/1360/1310 135/1361/1311 528/1362/1312
f 528/1362/1312 135/1361/1311 134/1363/1313
f 528/1362/1312 134/1363/1313 505/1364/1314
f 505/1364/1314 134/1363/1313 133/1365/1315
f 505/1364/1314 133/1365/1315 506/1366/1316
f 506/1366/1316 133/1365/1315 132/1367/1317
f 506/1366/1316 132/1367/1317 507/1368/1318
f 507/1368/1318 132/1367/1317 131/1369/1319
f 507/1368/1318 131/1369/1319 508/1370/1320
f 508/1370/1320 131/1369/1319 130/1371/1321
f 508/1370/1320 130/1371/1321 1029/1209/1159
f 1029/1209/1159 130/1371/1321 129/1372/1322
f 1029/1209/1159 129/1372/1322 128/1373/1323
f 83/1349/1299 82/1374/1324 279/1351/1301
f 279/1351/1301 82/1374/1324 280/1375/1325
f 280/1375/1325 82/1374/1324 81/1376/1326
f 280/1375/1325 81/1376/1326 281/1377/1327
f 281/1377/1327 81/1376/1326 80/1378/1328
f 281/1377/1327 80/1378/1328 282/1379/1329
f 282/1379/1329 80/1378/1328 79/1380/1330
f 282/1379/1329 79/1380/1330 283/1381/1331
f 283/1381/1331 79/1380/1330 284/1382/1332
f 284/1382/1332 79/1380/1330 78/1383/1333
f 284/1382/1332 78/1383/1333 285/1384/1334
f 285/1384/1334 78/1383/1333 77/1385/1335
f 285/1384/1334 77/1385/1335 286/1386/1336
f 286/1386/1336 77/1385/1335 76/1387/1337
f 286/1386/1336 76/1387/1337 287/1388/1338
f 287/1388/1338 76/1387/1337 75/1389/1339
f 287/1388/1338 75/1389/1339 288/1390/1340
f 288/1390/1340 75/1389/1339 74/1391/1341
f 288/1390/1340 74/1391/1341 73/1309/1259
f 144/1392/1342 265/1393/1343 121/1394/1344
f 121/1394/1344 265/1393/1343 949/1311/1261
f 121/1394/1344 949/1311/1261 122/1395/1345
f 122/1395/1345 949/1311/1261 123/1396/1346
f 123/1396/1346 949/1311/1261 124/1397/1347
f 124/1397/1347 949/1311/1261 125/1398/1348
f 125/1398/1348 949/1311/1261 126/1399/1349
f 126/1399/1349 949/1311/1261 1028/1400/1350
f 126/1399/1349 1028/1400/1350 1029/1209/1159
f 143/1401/1351 267/1402/1352 144/1392/1342
f 144/1392/1342 267/1402/1352 266/1403/1353
f 144/1392/1342 266/1403/1353 265/1393/1343
f 267/1402/1352 143/1401/1351 268/1404/1354
f 268/1404/1354 143/1401/1351 142/1405/1355
f 268/1404/1354 142/1405/1355 269/1406/1356
f 269/1406/1356 142/1405/1355 141/1407/1357
f 269/1406/1356 141/1407/1357 270/1408/1358
f 270/1408/1358 141/1407/1357 140/1409/1359
f 270/1408/1358 140/1409/1359 271/1410/1360
f 271/1410/1360 140/1409/1359 139/1411/1361
f 271/1410/1360 139/1411/1361 138/1412/1362
f 271/1410/1360 138/1412/1362 272/1413/1363
f 272/1413/1363 138/1412/1362 137/1414/1364
f 272/1413/1363 137/1414/1364 273/1415/1365
f 273/1415/1365 137/1414/1364 136/1416/1366
f 273/1415/1365 136/1416/1366 274/1417/1367
f 274/1417/1367 136/1416/1366 135/1361/1311
f 274/1417/1367 135/1361/1311 275/1359/1309
f 128/1373/1323 127/1418/1368 1029/1209/1159
f 1029/1209/1159 127/1418/1368 126/1399/1349
f 363/1266/1216 191/1268/1218 364/1419/1369
f 364/1419/1369 191/1268/1218 190/1420/1370
f 364/1419/1369 190/1420/1370 365/1421/1371
f 365/1421/1371 190/1420/1370 189/1422/1372
f 365/1421/1371 189/1422/1372 366/1423/1373
f 366/1423/1373 189/1422/1372 188/1424/1374
f 366/1423/1373 188/1424/1374 367/1425/1375
f 367/1425/1375 188/1424/1374 187/1426/1376
f 367/1425/1375 187/1426/1376 186/1427/1377
f 367/1425/1375 186/1427/1377 368/1428/1378
f 368/1428/1378 186/1427/1377 185/1429/1379
f 368/1428/1378 185/1429/1379 369/1430/1380
f 369/1430/1380 185/1429/1379 184/1431/1381
f 369/1430/1380 184/1431/1381 370/1432/1382
f 370/1432/1382 184/1431/1381 183/1433/1383
f 370/1432/1382 183/1433/1383 371/1434/1384
f 371/1434/1384 183/1433/1383 182/1435/1385
f 371/1434/1384 182/1435/1385 372/1436/1386
f 372/1436/1386 182/1435/1385 373/1437/1387
f 373/1437/1387 182/1435/1385 181/1438/1388
f 373/1437/1387 181/1438/1388 1011/1439/1389
f 1011/1439/1389 181/1438/1388 565/1440/1390
f 1011/1439/1389 565/1440/1390 564/1441/1391
f 565/1440/1390 181/1438/1388 566/1442/1392
f 566/1442/1392 181/1438/1388 180/1443/1393
f 566/1442/1392 180/1443/1393 179/1444/1394
f 566/1442/1392 179/1444/1394 567/1445/1395
f 567/1445/1395 179/1444/1394 178/1446/1396
f 567/1445/1395 178/1446/1396 568/1447/1397
f 568/1447/1397 178/1446/1396 177/1448/1398
f 568/1447/1397 177/1448/1398 569/1449/1399
f 569/1449/1399 177/1448/1398 176/1450/1400
f 569/1449/1399 176/1450/1400 570/1451/1401
f 570/1451/1401 176/1450/1400 175/1452/1402
f 570/1451/1401 175/1452/1402 571/1453/1403
f 571/1453/1403 175/1452/1402 572/1454/1404
f 572/1454/1404 175/1452/1402 174/1455/1405
f 572/1454/1404 174/1455/1405 573/1456/1406
f 573/1456/1406 174/1455/1405 173/1457/1407
f 573/1456/1406 173/1457/1407 574/1458/1408
f 574/1458/1408 173/1457/1407 172/1459/1409
f 574/1458/1408 172/1459/1409 575/1278/1228
f 575/1278/1228 172/1459/1409 171/1276/1226
f 227/1277/1227 226/1460/1410 615/1279/1229
f 615/1279/1229 226/1460/1410 616/1461/1411
f 616/1461/1411 226/1460/1410 225/1462/1412
f 616/1461/1411 225/1462/1412 617/1463/1413
f 617/1463/1413 225/1462/1412 224/1464/1414
f 617/1463/1413 224/1464/1414 618/1465/1415
f 618/1465/1415 224/1464/1414 223/1466/1416
f 618/1465/1415 223/1466/1416 619/1467/1417
f 619/1467/1417 223/1466/1416 620/1468/1418
f 620/1468/1418 223/1466/1416 222/1469/1419
f 620/1468/1418 222/1469/1419 621/1470/1420
f 621/1470/1420 222/1469/1419 221/1471/1421
f 621/1470/1420 221/1471/1421 622/1472/1422
f 622/1472/1422 221/1471/1421 220/1473/1423
f 622/1472/1422 220/1473/1423 623/1193/1143
f 623/1193/1143 220/1473/1423 219/1191/1141
f 949/1311/1261 265/1393/1343 73/1309/1259
f 73/1309/1259 265/1393/1343 288/1390/1340
f 313/1308/1258 336/1474/1424 950/1310/1260
f 950/1310/1260 336/1474/1424 335/1475/1425
f 950/1310/1260 335/1475/1425 334/1476/1426
f 334/1476/1426 333/1477/1427 950/1310/1260
f 950/1310/1260 333/1477/1427 332/1478/1428
f 950/1310/1260 332/1478/1428 1016/1228/1178
f 1016/1228/1178 332/1478/1428 331/1479/1429
f 1016/1228/1178 331/1479/1429 330/1480/1430
f 330/1480/1430 329/1481/1431 1016/1228/1178
f 1016/1228/1178 329/1481/1431 717/1482/1432
f 1016/1228/1178 717/1482/1432 716/1483/1433
f 717/1482/1432 329/1481/1431 718/1484/1434
f 718/1484/1434 329/1481/1431 328/1485/1435
f 718/1484/1434 328/1485/1435 719/1486/1436
f 719/1486/1436 328/1485/1435 327/1487/1437
f 719/1486/1436 327/1487/1437 720/1488/1438
f 720/1488/1438 327/1487/1437 326/1489/1439
f 720/1488/1438 326/1489/1439 697/1490/1440
f 697/1490/1440 326/1489/1439 325/1491/1441
f 697/1490/1440 325/1491/1441 698/1492/1442
f 698/1492/1442 325/1491/1441 324/1493/1443
f 698/1492/1442 324/1493/1443 699/1332/1282
f 699/1332/1282 324/1493/1443 323/1330/1280
f 751/1257/1207 378/1259/1209 752/1494/1444
f 752/1494/1444 378/1259/1209 377/1495/1445
f 752/1494/1444 377/1495/1445 753/1496/1446
f 753/1496/1446 377/1495/1445 376/1497/1447
f 753/1496/1446 376/1497/1447 754/1498/1448
f 754/1498/1448 376/1497/1447 375/1499/1449
f 754/1498/1448 375/1499/1449 755/1500/1450
f 755/1500/1450 375/1499/1449 374/1501/1451
f 755/1500/1450 374/1501/1451 756/1502/1452
f 756/1502/1452 374/1501/1451 373/1437/1387
f 756/1502/1452 373/1437/1387 757/1503/1453
f 757/1503/1453 373/1437/1387 1012/1504/1454
f 757/1503/1453 1012/1504/1454 758/1505/1455
f 758/1505/1455 1012/1504/1454 759/1506/1456
f 759/1506/1456 1012/1504/1454 760/1507/1457
f 760/1507/1457 1012/1504/1454 761/1508/1458
f 761/1508/1458 1012/1504/1454 1013/1230/1180
f 761/1508/1458 1013/1230/1180 762/1509/1459
f 762/1509/1459 1013/1230/1180 763/1510/1460
f 763/1510/1460 1013/1230/1180 764/1511/1461
f 764/1511/1461 1013/1230/1180 765/1512/1462
f 765/1512/1462 1013/1230/1180 425/1513/1463
f 765/1512/1462 425/1513/1463 766/1514/1464
f 766/1514/1464 425/1513/1463 424/1515/1465
f 766/1514/1464 424/1515/1465 767/1516/1466
f 767/1516/1466 424/1515/1465 423/1517/1467
f 767/1516/1466 423/1517/1467 768/1518/1468
f 768/1518/1468 423/1517/1467 422/1519/1469
f 768/1518/1468 422/1519/1469 745/1520/1470
f 745/1520/1470 422/1519/1469 421/1521/1471
f 745/1520/1470 421/1521/1471 746/1522/1472
f 746/1522/1472 421/1521/1471 420/1523/1473
f 746/1522/1472 420/1523/1473 747/1250/1200
f 747/1250/1200 420/1523/1473 419/1248/1198
f 426/1232/1182 425/1513/1463 1013/1230/1180
f 703/1339/1289 474/1341/1291 704/1524/1474
f 704/1524/1474 474/1341/1291 473/1525/1475
f 704/1524/1474 473/1525/1475 705/1526/1476
f 705/1526/1476 473/1525/1475 472/1527/1477
f 705/1526/1476 472/1527/1477 706/1528/1478
f 706/1528/1478 472/1527/1477 471/1212/1162
f 706/1528/1478 471/1212/1162 707/1214/1164
f 467/1182/1132 466/1529/1479 663/1184/1134
f 663/1184/1134 466/1529/1479 664/1530/1480
f 664/1530/1480 466/1529/1479 465/1531/1481
f 664/1530/1480 465/1531/1481 665/1532/1482
f 665/1532/1482 465/1531/1481 464/1533/1483
f 665/1532/1482 464/1533/1483 666/1534/1484
f 666/1534/1484 464/1533/1483 463/1535/1485
f 666/1534/1484 463/1535/1485 667/1536/1486
f 667/1536/1486 463/1535/1485 668/1537/1487
f 668/1537/1487 463/1535/1485 462/1538/1488
f 668/1537/1487 462/1538/1488 669/1539/1489
f 669/1539/1489 462/1538/1488 461/1540/1490
f 669/1539/1489 461/1540/1490 670/1541/1491
f 670/1541/1491 461/1540/1490 460/1542/1492
f 670/1541/1491 460/1542/1492 671/1350/1300
f 671/1350/1300 460/1542/1492 459/1348/1298
f 651/1358/1308 527/1360/1310 652/1543/1493
f 652/1543/1493 527/1360/1310 526/1544/1494
f 652/1543/1493 526/1544/1494 653/1545/1495
f 653/1545/1495 526/1544/1494 525/1546/1496
f 653/1545/1495 525/1546/1496 654/1547/1497
f 654/1547/1497 525/1546/1496 524/1548/1498
f 654/1547/1497 524/1548/1498 655/1549/1499
f 655/1549/1499 524/1548/1498 523/1550/1500
f 655/1549/1499 523/1550/1500 522/1551/1501
f 655/1549/1499 522/1551/1501 656/1552/1502
f 656/1552/1502 522/1551/1501 521/1553/1503
f 656/1552/1502 521/1553/1503 657/1554/1504
f 657/1554/1504 521/1553/1503 520/1555/1505
f 657/1554/1504 520/1555/1505 658/1556/1506
f 658/1556/1506 520/1555/1505 519/1194/1144
f 658/1556/1506 519/1194/1144 659/1192/1142
f 510/1211/1161 509/1557/1507 1029/1209/1159
f 1029/1209/1159 509/1557/1507 508/1370/1320
f 564/1441/1391 563/1558/1508 1011/1439/1389
f 1011/1439/1389 563/1558/1508 562/1559/1509
f 1011/1439/1389 562/1559/1509 1010/1290/1240
f 1010/1290/1240 562/1559/1509 561/1560/1510
f 1010/1290/1240 561/1560/1510 560/1561/1511
f 560/1561/1511 559/1562/1512 1010/1290/1240
f 1010/1290/1240 559/1562/1512 558/1563/1513
f 1010/1290/1240 558/1563/1513 557/1564/1514
f 557/1564/1514 556/1288/1238 1010/1290/1240
f 608/1292/1242 607/1565/1515 1010/1290/1240
f 1010/1290/1240 607/1565/1515 606/1207/1157
f 1010/1290/1240 606/1207/1157 1029/1209/1159
f 716/1483/1433 715/1566/1516 1016/1228/1178
f 1016/1228/1178 715/1566/1516 714/1567/1517
f 1016/1228/1178 714/1567/1517 713/1226/1176
f 992/1568/1518 991/1569/1519 995/1570/1520
f 995/1570/1520 991/1569/1519 1001/1571/1521
f 995/1570/1520 1001/1571/1521 1100/1572/1522
f 1100/1572/1522 1001/1571/1521 1043/1573/1523
f 1100/1572/1522 1043/1573/1523 1099/1574/1524
f 1099/1574/1524 1043/1573/1523 1044/1575/1525
f 1099/1574/1524 1044/1575/1525 1098/1576/1526
f 1098/1576/1526 1044/1575/1525 1045/1577/1527
f 1098/1576/1526 1045/1577/1527 1097/1578/1528
f 1097/1578/1528 1045/1577/1527 1046/1579/1529
f 1097/1578/1528 1046/1579/1529 1096/1580/1530
f 1096/1580/1530 1046/1579/1529 1047/1581/1531
f 1096/1580/1530 1047/1581/1531 1095/1582/1532
f 1095/1582/1532 1047/1581/1531 1048/1583/1533
f 1095/1582/1532 1048/1583/1533 1094/1584/1534
f 1094/1584/1534 1048/1583/1533 1049/1585/1535
f 1094/1584/1534 1049/1585/1535 1093/1586/1536
f 1093/1586/1536 1049/1585/1535 1050/1587/1537
f 1093/1586/1536 1050/1587/1537 1092/1588/1538
f 1092/1588/1538 1050/1587/1537 1051/1589/1539
f 1092/1588/1538 1051/1589/1539 1091/1590/1540
f 1091/1590/1540 1051/1589/1539 1052/1591/1541
f 1091/1590/1540 1052/1591/1541 1090/1592/1542
f 1090/1592/1542 1052/1591/1541 1053/1593/1543
f 1090/1592/1542 1053/1593/1543 1073/1594/1544
f 1073/1594/1544 1053/1593/1543 1070/1595/1545
f 1073/1594/1544 1070/1595/1545 1072/1596/1546
f 1072/1596/1546 1070/1595/1545 1071/1597/1547
f 1002/1598/1548 1041/1599/1549 1001/1571/1521
f 1001/1571/1521 1041/1599/1549 1042/1600/1550
f 1001/1571/1521 1042/1600/1550 1043/1573/1523
f 1003/1601/1551 1039/1602/1552 1002/1598/1548
f 1002/1598/1548 1039/1602/1552 1040/1603/1553
f 1002/1598/1548 1040/1603/1553 1041/1599/1549
f 1003/1601/1551 1004/1604/1554 1039/1602/1552
f 1039/1602/1552 1004/1604/1554 1005/1605/1555
f 1039/1602/1552 1005/1605/1555 1006/1606/1556
f 1006/1606/1556 1007/1607/1557 1039/1602/1552
f 1039/1602/1552 1007/1607/1557 1008/1608/1558
f 1039/1602/1552 1008/1608/1558 1038/1609/1559
f 1038/1609/1559 1008/1608/1558 1037/1610/1560
f 1037/1610/1560 1008/1608/1558 1009/1611/1561
f 1037/1610/1560 1009/1611/1561 1036/1612/1562
f 1036/1612/1562 1009/1611/1561 1035/1613/1563
f 1035/1613/1563 1009/1611/1561 1034/1614/1564
f 1034/1614/1564 1009/1611/1561 1033/1615/1565
f 1033/1615/1565 1009/1611/1561 1032/1616/1566
f 1032/1616/1566 1009/1611/1561 1031/1617/1567
f 1031/1617/1567 1009/1611/1561 1030/1618/1568
f 1030/1618/1568 1009/1611/1561 1010/1290/1240
f 1030/1618/1568 1010/1290/1240 1029/1209/1159
f 1011/1439/1389 1012/1504/1454 373/1437/1387
f 1014/1619/1569 1015/1620/1570 1013/1230/1180
f 1013/1230/1180 1015/1620/1570 1016/1228/1178
f 1016/1228/1178 1017/1621/1571 950/1310/1260
f 950/1310/1260 1017/1621/1571 1018/1622/1572
f 950/1310/1260 1018/1622/1572 1019/1623/1573
f 1019/1623/1573 1020/1624/1574 950/1310/1260
f 950/1310/1260 1020/1624/1574 1021/1625/1575
f 950/1310/1260 1021/1625/1575 1022/1626/1576
f 1023/1627/1577 1024/1628/1578 949/1311/1261
f 949/1311/1261 1024/1628/1578 1025/1629/1579
f 949/1311/1261 1025/1629/1579 1026/1630/1580
f 1026/1630/1580 1027/1631/1581 949/1311/1261
f 949/1311/1261 1027/1631/1581 1028/1400/1350
f 1053/1593/1543 1054/1632/1582 1070/1595/1545
f 1070/1595/1545 1054/1632/1582 1055/1633/1583
f 1070/1595/1545 1055/1633/1583 1062/1634/1584
f 1062/1634/1584 1055/1633/1583 1056/1635/1585
f 1062/1634/1584 1056/1635/1585 1057/1636/1586
f 1057/1636/1586 1058/1637/1587 1062/1634/1584
f 1062/1634/1584 1058/1637/1587 1059/1638/1588
f 1062/1634/1584 1059/1638/1588 1060/1639/1589
f 1060/1639/1589 1061/1640/1590 1062/1634/1584
f 1062/1634/1584 1063/1641/1591 1070/1595/1545
f 1070/1595/1545 1063/1641/1591 1069/1642/1592
f 1069/1642/1592 1063/1641/1591 1068/1643/1593
f 1068/1643/1593 1063/1641/1591 1067/1644/1594
f 1067/1644/1594 1063/1641/1591 1066/1645/1595
f 1066/1645/1595 1063/1641/1591 1065/1646/1596
f 1065/1646/1596 1063/1641/1591 1064/1647/1597
f 1074/1648/1598 1080/1649/1599 1073/1594/1544
f 1073/1594/1544 1080/1649/1599 1081/1650/1600
f 1073/1594/1544 1081/1650/1600 1088/1651/1601
f 1088/1651/1601 1081/1650/1600 1087/1652/1602
f 1087/1652/1602 1081/1650/1600 1086/1653/1603
f 1086/1653/1603 1081/1650/1600 1085/1654/1604
f 1085/1654/1604 1081/1650/1600 1084/1655/1605
f 1084/1655/1605 1081/1650/1600 1083/1656/1606
f 1083/1656/1606 1081/1650/1600 1082/1657/1607
f 1074/1648/1598 1075/1658/1608 1080/1649/1599
f 1080/1649/1599 1075/1658/1608 1076/1659/1609
f 1080/1649/1599 1076/1659/1609 1077/1660/1610
f 1077/1660/1610 1078/1661/1611 1080/1649/1599
f 1080/1649/1599 1078/1661/1611 1079/1662/1612
f 1088/1651/1601 1089/1663/1613 1073/1594/1544
f 1073/1594/1544 1089/1663/1613 1090/1592/1542
f 1100/1572/1522 1101/1664/1614 995/1570/1520
f 995/1570/1520 1101/1664/1614 1102/1665/1615
f 995/1570/1520 1102/1665/1615 1108/1666/1616
f 1108/1666/1616 1102/1665/1615 1103/1667/1617
f 1108/1666/1616 1103/1667/1617 1107/1668/1618
f 1107/1668/1618 1103/1667/1617 1104/1669/1619
f 1107/1668/1618 1104/1669/1619 1105/1670/1620
f 1105/1670/1620 1106/1671/1621 1107/1668/1618
f 1109/1672/1622 997/1673/1623 1108/1666/1616
f 1108/1666/1616 997/1673/1623 1110/1674/1624
f 1108/1666/1616 1110/1674/1624 995/1570/1520
f 1109/1672/1622 998/1675/1625 997/1673/1623
f 1000/1676/1626 1111/1677/1627 997/1678/1628
f 997/1678/1628 1111/1677/1627 1110/1679/1629
f 996/1680/1630 995/1681/1631 1111/1682/1632
f 1111/1682/1632 995/1681/1631 1110/1683/1633
f 961/1684/1634 1112/1685/1635 962/1686/1636
f 962/1686/1636 1112/1685/1635 1113/1687/1637
f 962/1686/1636 1113/1687/1637 963/1688/1638
f 963/1688/1638 1113/1687/1637 1114/1689/1639
f 963/1688/1638 1114/1689/1639 964/1690/1640
f 964/1690/1640 1114/1689/1639 1115/1691/1641
f 964/1692/1640 1115/1693/1641 965/1694/1642
f 965/1694/1642 1115/1693/1641 1116/1695/1643
f 913/1696/962 948/1697/1644 900/1698/963
f 900/1698/963 948/1697/1644 1117/1699/1645
f 900/1698/963 1117/1699/1645 1137/1700/1646
f 1137/1700/1646 1117/1699/1645 1136/1701/1647
f 1136/1701/1647 1117/1699/1645 1118/1702/1648
f 1136/1701/1647 1118/1702/1648 1119/1703/1649
f 1136/1701/1647 1119/1703/1649 1135/1704/1650
f 1135/1704/1650 1119/1703/1649 1120/1705/1651
f 1135/1704/1650 1120/1705/1651 1134/1706/1652
f 1134/1706/1652 1120/1705/1651 1121/1707/1653
f 1134/1706/1652 1121/1707/1653 1133/1708/1654
f 1133/1708/1654 1121/1707/1653 1122/1709/1655
f 1133/1708/1654 1122/1709/1655 1132/1710/1656
f 1132/1710/1656 1122/1709/1655 1131/1711/1657
f 1131/1711/1657 1122/1709/1655 1130/1712/1658
f 1130/1712/1658 1122/1709/1655 1123/1713/1659
f 1130/1712/1658 1123/1713/1659 857/1714/1660
f 857/1714/1660 1123/1713/1659 1124/1715/1661
f 857/1714/1660 1124/1715/1661 1125/1716/1662
f 1125/1716/1662 1116/1717/1663 857/1714/1660
f 857/1714/1660 1116/1717/1663 858/1718/1664
f 858/1718/1664 1116/1717/1663 859/1719/1665
f 859/1719/1665 1116/1717/1663 1115/1720/1666
f 859/1719/1665 1115/1720/1666 860/1721/1667
f 860/1721/1667 1115/1720/1666 1112/1722/1668
f 860/1721/1667 1112/1722/1668 856/1723/1669
f 856/1723/1669 1112/1722/1668 851/1724/1670
f 851/1724/1670 1112/1722/1668 1126/1725/1671
f 851/1724/1670 1126/1725/1671 852/1726/1672
f 852/1726/1672 1126/1725/1671 840/1727/1673
f 852/1726/1672 840/1727/1673 843/1728/1674
f 1115/1720/1666 1114/1729/1675 1112/1722/1668
f 1112/1722/1668 1114/1729/1675 1113/1730/1676
f 1127/1731/1677 1129/1732/1678 1126/1725/1671
f 1126/1725/1671 1129/1732/1678 1161/1733/1679
f 1126/1725/1671 1161/1733/1679 838/1734/1680
f 1127/1731/1677 1128/1735/1681 1129/1732/1678
f 1129/1732/1678 1063/1736/1682 1161/1733/1679
f 1161/1733/1679 1063/1736/1682 1160/1737/1683
f 1160/1737/1683 1063/1736/1682 1159/1738/1684
f 1159/1738/1684 1063/1736/1682 1158/1739/1685
f 1158/1739/1685 1063/1736/1682 1157/1740/1686
f 1157/1740/1686 1063/1736/1682 1156/1741/1687
f 1156/1741/1687 1063/1736/1682 1155/1742/1688
f 1155/1742/1688 1063/1736/1682 1154/1743/1689
f 1154/1743/1689 1063/1736/1682 1153/1744/1690
f 1153/1744/1690 1063/1736/1682 1138/1745/1691
f 1153/1744/1690 1138/1745/1691 1152/1746/1692
f 1152/1746/1692 1138/1745/1691 1139/1747/1693
f 1152/1746/1692 1139/1747/1693 1151/1748/1694
f 1151/1748/1694 1139/1747/1693 1140/1749/1695
f 1151/1748/1694 1140/1749/1695 1150/1750/1696
f 1150/1750/1696 1140/1749/1695 1141/1751/1697
f 1150/1750/1696 1141/1751/1697 1149/1752/1698
f 1149/1752/1698 1141/1751/1697 1142/1753/1699
f 1149/1752/1698 1142/1753/1699 1148/1754/1700
f 1148/1754/1700 1142/1753/1699 1143/1755/1701
f 1148/1754/1700 1143/1755/1701 1147/1756/1702
f 1147/1756/1702 1143/1755/1701 1144/1757/1703
f 1147/1756/1702 1144/1757/1703 1145/1758/1704
f 1062/1759/1705 900/1698/963 1063/1736/1682
f 1063/1736/1682 900/1698/963 1137/1700/1646
f 1063/1736/1682 1137/1700/1646 1138/1745/1691
f 900/1698/963 1062/1759/1705 887/1760/964
f 887/1760/964 1062/1759/1705 927/1761/1706
f 887/1760/964 927/1761/1706 914/1762/1707
f 1147/1756/1702 1145/1758/1704 1146/1763/1708
f 1146/1763/1708 1145/1758/1704 854/1764/1709
f 1146/1763/1708 854/1764/1709 841/1765/1710
f 841/1765/1710 854/1764/1709 842/1766/1711
f 842/1766/1711 854/1764/1709 843/1728/1674
f 843/1728/1674 854/1764/1709 853/1767/1712
f 843/1728/1674 853/1767/1712 852/1726/1672
f 838/1734/1680 837/1768/1713 1126/1725/1671
f 1126/1725/1671 837/1768/1713 836/1769/1714
f 1126/1725/1671 836/1769/1714 835/1770/1715
f 835/1770/1715 840/1727/1673 1126/1725/1671
f 1123/1771/1716 968/1772/1717 1124/1773/1718
f 1124/1773/1718 968/1772/1717 967/1774/1719
f 1124/1773/1718 967/1774/1719 1125/1775/1720
f 1125/1775/1720 967/1774/1719 966/1776/1721
f 1125/1775/1720 966/1776/1721 1116/1777/1643
f 1116/1777/1643 966/1776/1721 965/1778/1642
f 1175/1779/1722 1162/1780/1723 1174/1781/1724
f 1174/1781/1724 1162/1780/1723 1163/1782/1725
f 1174/1781/1724 1163/1782/1725 1173/1783/1726
f 1173/1783/1726 1163/1782/1725 1164/1784/1727
f 1173/1783/1726 1164/1784/1727 1172/1785/1728
f 1172/1785/1728 1164/1784/1727 1165/1786/1729
f 1172/1785/1728 1165/1786/1729 1171/1787/1730
f 1171/1787/1730 1165/1786/1729 1166/1788/1731
f 1171/1787/1730 1166/1788/1731 1170/1789/1732
f 1170/1789/1732 1166/1788/1731 1167/1790/1733
f 1170/1789/1732 1167/1790/1733 1169/1791/1734
f 1169/1791/1734 1167/1790/1733 1168/1792/1735
f 1168/1793/1735 1176/1794/1736 1169/1795/1734
f 1169/1795/1734 1176/1794/1736 1177/1796/1737
f 1191/1797/1738 1178/1798/1739 1190/1799/1740
f 1190/1799/1740 1178/1798/1739 1179/1800/1741
f 1190/1799/1740 1179/1800/1741 1189/1801/1742
f 1189/1801/1742 1179/1800/1741 1180/1802/1743
f 1189/1801/1742 1180/1802/1743 1188/1803/1744
f 1188/1803/1744 1180/1802/1743 1181/1804/1745
f 1188/1803/1744 1181/1804/1745 1187/1805/1746
f 1187/1805/1746 1181/1804/1745 1182/1806/1747
f 1187/1805/1746 1182/1806/1747 1186/1807/1748
f 1186/1807/1748 1182/1806/1747 1183/1808/1749
f 1186/1807/1748 1183/1808/1749 1185/1809/1750
f 1185/1809/1750 1183/1808/1749 1184/1810/1751
f 1175/1811/1722 1185/1812/1750 1162/1813/1723
f 1162/1813/1723 1185/1812/1750 1184/1814/1751
f 806/1815/827 1177/1816/1752 799/1817/828
f 799/1817/828 1177/1816/1752 1176/1818/1753
f 814/1819/837 1192/1820/1754 809/1821/838
f 809/1821/838 1192/1820/1754 1193/1822/1755
f 1191/1823/1738 1193/1824/1756 1178/1825/1739
f 1178/1825/1739 1193/1824/1756 1192/1826/1757
f 1194/1827/1758 1195/1828/1759 1197/1829/1760
f 1197/1829/1760 1195/1828/1759 1196/1830/1761
f 998/1831/1762 1200/1832/1763 999/1833/1764
f 999/1833/1764 1200/1832/1763 1201/1834/1765
f 999/1833/1764 1201/1834/1765 1202/1835/1766
f 1109/1836/1767 1198/1837/1768 998/1831/1762
f 998/1831/1762 1198/1837/1768 1200/1832/1763
f 1198/1837/1768 1199/1838/1769 1200/1832/1763
f 999/1833/1764 1202/1835/1766 1207/1839/1770
f 1207/1839/1770 1202/1835/1766 1203/1840/1771
f 1207/1839/1770 1203/1840/1771 1206/1841/1772
f 1206/1841/1772 1203/1840/1771 1205/1842/1773
f 1206/1841/1772 1205/1842/1773 1105/1843/1774
f 1105/1843/1774 1205/1842/1773 1106/1844/1775
f 1203/1840/1771 1204/1845/1776 1205/1842/1773
f 1197/1846/1777 1208/1847/1778 1194/1848/1779
f 1194/1848/1779 1208/1847/1778 1209/1849/1780
f 1196/1850/1781 1210/1851/1782 1197/1852/1783
f 1197/1852/1783 1210/1851/1782 1211/1853/1784
f 1197/1852/1783 1211/1853/1784 1212/1854/1785
f 1213/1855/1786 1237/1856/1787 1212/1854/1785
f 1212/1854/1785 1237/1856/1787 1208/1857/1788
f 1212/1854/1785 1208/1857/1788 1197/1852/1783
f 1214/1858/1789 1224/1859/1790 1213/1855/1786
f 1213/1855/1786 1224/1859/1790 1225/1860/1791
f 1213/1855/1786 1225/1860/1791 1226/1861/1792
f 1214/1858/1789 1215/1862/1793 1224/1859/1790
f 1224/1859/1790 1215/1862/1793 1223/1863/1794
f 1223/1863/1794 1215/1862/1793 1216/1864/1795
f 1223/1863/1794 1216/1864/1795 1217/1865/1796
f 1217/1865/1796 1218/1866/1797 1223/1863/1794
f 1223/1863/1794 1218/1866/1797 1219/1867/1798
f 1223/1863/1794 1219/1867/1798 1222/1868/1799
f 1222/1868/1799 1219/1867/1798 1220/1869/1800
f 1222/1868/1799 1220/1869/1800 1221/1870/1801
f 1226/1861/1792 1227/1871/1802 1213/1855/1786
f 1213/1855/1786 1227/1871/1802 1228/1872/1803
f 1213/1855/1786 1228/1872/1803 1232/1873/1804
f 1232/1873/1804 1228/1872/1803 1231/1874/1805
f 1231/1874/1805 1228/1872/1803 1230/1875/1806
f 1230/1875/1806 1228/1872/1803 1229/1876/1807
f 1232/1873/1804 1233/1877/1808 1213/1855/1786
f 1213/1855/1786 1233/1877/1808 1234/1878/1809
f 1213/1855/1786 1234/1878/1809 1235/1879/1810
f 1235/1879/1810 1236/1880/1811 1213/1855/1786
f 1213/1855/1786 1236/1880/1811 1237/1856/1787
f 1251/1881/1812 1238/1882/1813 1244/1883/1814
f 1244/1883/1814 1238/1882/1813 1239/1884/1815
f 1244/1883/1814 1239/1884/1815 1243/1885/1816
f 1243/1885/1816 1239/1884/1815 1240/1886/1817
f 1243/1885/1816 1240/1886/1817 1242/1887/1818
f 1242/1887/1818 1240/1886/1817 1241/1888/1819
f 1251/1881/1812 1244/1883/1814 1250/1889/1820
f 1250/1889/1820 1244/1883/1814 1245/1890/1821
f 1250/1889/1820 1245/1890/1821 1249/1891/1822
f 1249/1891/1822 1245/1890/1821 1248/1892/1823
f 1248/1892/1823 1245/1890/1821 1246/1893/1824
f 1248/1892/1823 1246/1893/1824 1247/1894/1825
f 1241/1895/1819 1252/1896/1826 1242/1897/1818
f 1242/1897/1818 1252/1896/1826 1254/1898/1827
f 1254/1898/1827 1252/1896/1826 1253/1899/1828
f 1254/1900/1829 1255/1901/1830 1242/1902/1831
f 1242/1902/1831 1255/1901/1830 1256/1903/1832
f 1242/1902/1831 1256/1903/1832 1243/1904/1833
f 1243/1904/1833 1256/1903/1832 1244/1905/1834
f 1244/1905/1834 1256/1903/1832 1245/1906/1835
f 1245/1906/1835 1256/1903/1832 1257/1907/1836
f 1245/1906/1835 1257/1907/1836 1246/1908/1837
f 1246/1908/1837 1257/1907/1836 1258/1909/1838
f 1253/1910/1839 1259/1911/1840 1254/1912/1841
f 1254/1912/1841 1259/1911/1840 1255/1913/1842
f 1255/1913/1842 1259/1911/1840 1262/1914/1843
f 1262/1914/1843 1259/1911/1840 1260/1915/1844
f 1262/1914/1843 1260/1915/1844 1261/1916/1845
f 1264/1917/1846 1128/1918/1847 1263/1919/1848
f 1263/1919/1848 1128/1918/1847 1127/1920/1849
f 1280/1921/1850 1265/1922/1851 1283/1923/1852
f 1283/1923/1852 1265/1922/1851 1266/1924/1853
f 1283/1923/1852 1266/1924/1853 1282/1925/1854
f 1282/1925/1854 1266/1924/1853 846/1926/1855
f 1282/1925/1854 846/1926/1855 845/1927/1856
f 845/1927/1856 844/1928/1857 1282/1925/1854
f 1282/1925/1854 844/1928/1857 839/1929/1858
f 1282/1925/1854 839/1929/1858 1281/1930/1859
f 1281/1930/1859 839/1929/1858 834/1931/1860
f 1281/1930/1859 834/1931/1860 833/1932/1861
f 833/1932/1861 832/1933/1862 1281/1930/1859
f 1281/1930/1859 832/1933/1862 831/1934/1863
f 1281/1930/1859 831/1934/1863 1267/1935/1864
f 1268/1936/1865 1293/1937/1866 1267/1935/1864
f 1267/1935/1864 1293/1937/1866 1294/1938/1867
f 1267/1935/1864 1294/1938/1867 1281/1930/1859
f 1281/1930/1859 1294/1938/1867 1264/1939/1868
f 1281/1930/1859 1264/1939/1868 1263/1940/1869
f 1268/1936/1865 1269/1941/1870 1293/1937/1866
f 1293/1937/1866 1269/1941/1870 1270/1942/1871
f 1293/1937/1866 1270/1942/1871 1271/1943/1872
f 1271/1943/1872 1272/1944/1873 1293/1937/1866
f 1293/1937/1866 1272/1944/1873 1273/1945/1874
f 1293/1937/1866 1273/1945/1874 1274/1946/1875
f 1293/1937/1866 1274/1946/1875 1285/1947/1876
f 1285/1947/1876 1274/1946/1875 1275/1948/1877
f 1285/1947/1876 1275/1948/1877 1283/1923/1852
f 1283/1923/1852 1275/1948/1877 1276/1949/1878
f 1283/1923/1852 1276/1949/1878 1277/1950/1879
f 1277/1950/1879 1278/1951/1880 1283/1923/1852
f 1283/1923/1852 1278/1951/1880 1279/1952/1881
f 1283/1923/1852 1279/1952/1881 1280/1921/1850
f 1283/1923/1852 1284/1953/1882 1285/1947/1876
f 1285/1947/1876 1286/1954/1883 1293/1937/1866
f 1293/1937/1866 1286/1954/1883 1290/1955/1884
f 1293/1937/1866 1290/1955/1884 1292/1956/1885
f 1292/1956/1885 1290/1955/1884 1291/1957/1886
f 1290/1955/1884 1286/1954/1883 1289/1958/1887
f 1289/1958/1887 1286/1954/1883 1287/1959/1888
f 1289/1958/1887 1287/1959/1888 1288/1960/1889
f 1263/1961/1890 1127/1962/1891 1281/1963/1892
f 1281/1963/1892 1127/1962/1891 1126/1964/1893
f 1295/1965/1894 1296/1966/1895 1298/1967/1896
f 1298/1967/1896 1296/1966/1895 1297/1968/1897
f 1298/1969/1898 1297/1970/1899 1308/1971/1900
f 1308/1971/1900 1297/1970/1899 1299/1972/1901
f 1308/1971/1900 1299/1972/1901 1300/1973/1902
f 1301/1974/1903 1302/1975/1904 1300/1973/1902
f 1300/1973/1902 1302/1975/1904 1308/1971/1900
f 1302/1975/1904 1303/1976/1905 1308/1971/1900
f 1308/1971/1900 1303/1976/1905 1304/1977/1906
f 1308/1971/1900 1304/1977/1906 1305/1978/1907
f 1305/1978/1907 1306/1979/1908 1308/1971/1900
f 1308/1971/1900 1306/1979/1908 1307/1980/1909
f 1128/1981/1910 1264/1982/1911 1129/1983/1912
f 1129/1983/1912 1264/1982/1911 1318/1984/1913
f 1318/1984/1913 1264/1982/1911 1317/1985/1914
f 1317/1985/1914 1264/1982/1911 1294/1986/1915
f 1317/1985/1914 1294/1986/1915 1316/1987/1916
f 1316/1987/1916 1294/1986/1915 1315/1988/1917
f 1315/1988/1917 1294/1986/1915 1314/1989/1918
f 1314/1989/1918 1294/1986/1915 1313/1990/1919
f 1313/1990/1919 1294/1986/1915 1299/1991/1920
f 1313/1990/1919 1299/1991/1920 1297/1992/1921
f 1294/1986/1915 1309/1993/1922 1299/1991/1920
f 1299/1991/1920 1309/1993/1922 1310/1994/1923
f 1299/1991/1920 1310/1994/1923 1311/1995/1924
f 1311/1995/1924 1312/1996/1925 1299/1991/1920
f 1297/1992/1921 1296/1997/1926 1313/1990/1919
f 1295/1998/1927 1298/1999/1928 1319/2000/1929
f 1319/2000/1929 1298/1999/1928 1308/2001/1930
f 961/2002/1634 960/2003/1931 1112/2004/1635
f 1112/2004/1635 960/2003/1931 1126/2005/1932
f 1126/2005/1932 960/2003/1931 1282/2006/1933
f 1126/2005/1932 1282/2006/1933 1281/2007/1934
f 960/2003/1931 1320/2008/1935 1282/2006/1933
f 1282/2006/1933 1320/2008/1935 1323/2009/1936
f 1323/2009/1936 1320/2008/1935 1321/2010/1937
f 1323/2009/1936 1321/2010/1937 1322/2011/1938
f 968/2012/1717 1123/2013/1716 969/2014/1939
f 969/2014/1939 1123/2013/1716 1122/2015/1940
f 864/2016/887 959/2017/1941 857/2018/885
f 857/2018/885 959/2017/1941 1130/2019/1942
f 854/2020/877 1145/2021/1943 847/2022/875
f 847/2022/875 1145/2021/1943 1324/2023/1944
f 959/2024/1945 864/2025/1946 960/2026/1947
f 960/2026/1947 864/2025/1946 863/2027/1948
f 960/2026/1947 863/2027/1948 862/2028/1949
f 862/2028/1949 861/2029/1950 960/2026/1947
f 960/2026/1947 861/2029/1950 855/2030/1951
f 960/2026/1947 855/2030/1951 1320/2031/1952
f 1320/2031/1952 855/2030/1951 850/2032/1953
f 1320/2031/1952 850/2032/1953 849/2033/1954
f 849/2033/1954 848/2034/1955 1320/2031/1952
f 1320/2031/1952 848/2034/1955 847/2035/1956
f 1320/2031/1952 847/2035/1956 1324/2036/1957
f 1130/2037/1958 959/2038/1959 1131/2039/1960
f 1131/2039/1960 959/2038/1959 958/2040/1961
f 1302/2041/1962 1325/2042/1963 1303/2043/1964
f 1303/2043/1964 1325/2042/1963 1326/2044/1965
f 1303/2043/1964 1326/2044/1965 1304/2045/1966
f 1304/2045/1966 1326/2044/1965 1327/2046/1967
f 1304/2045/1966 1327/2046/1967 1305/2047/1968
f 1305/2047/1968 1327/2046/1967 1328/2048/1969
f 1305/2047/1968 1328/2048/1969 1306/2049/1970
f 1306/2049/1970 1328/2048/1969 1329/2050/1971
f 1306/2049/1970 1329/2050/1971 1307/2051/1972
f 1307/2051/1972 1329/2050/1971 1330/2052/1973
f 1307/2051/1972 1330/2052/1973 1308/2053/1974
f 1308/2053/1974 1330/2052/1973 1319/2054/1975
f 1302/2055/1962 1301/2056/1976 1325/2057/1963
f 1325/2057/1963 1301/2056/1976 1070/2058/1977
f 1070/2058/1977 1301/2056/1976 1331/2059/1978
f 1070/2058/1977 1331/2059/1978 1071/2060/1979
f 1071/2060/1979 1331/2059/1978 1332/2061/1980
f 1071/2060/1979 1332/2061/1980 1333/2062/1981
f 1333/2062/1981 1334/2063/1982 1071/2060/1979
f 1071/2060/1979 1334/2063/1982 1335/2064/1983
f 1071/2060/1979 1335/2064/1983 1336/2065/1984
f 1338/2066/1985 1339/2067/1986 1337/2068/1987
f 1337/2068/1987 1339/2067/1986 1340/2069/1988
f 1338/2070/1989 1337/2071/1990 1342/2072/1991
f 1342/2072/1991 1337/2071/1990 1341/2073/1992
f 1341/2074/1993 1337/2075/1994 1344/2076/1995
f 1344/2076/1995 1337/2075/1994 1340/2077/1996
f 1344/2076/1995 1340/2077/1996 1343/2078/1997
f 1344/2076/1995 1345/2079/1998 1341/2074/1993
f 1341/2074/1993 1345/2079/1998 1351/2080/1999
f 1351/2080/1999 1345/2079/1998 1346/2081/2000
f 1351/2080/1999 1346/2081/2000 1347/2082/2001
f 1348/2083/2002 1349/2084/2003 1347/2082/2001
f 1347/2082/2001 1349/2084/2003 1350/2085/2004
f 1347/2082/2001 1350/2085/2004 1351/2080/1999
f 1365/2086/2005 1352/2087/2006 1364/2088/2007
f 1364/2088/2007 1352/2087/2006 1353/2089/2008
f 1364/2088/2007 1353/2089/2008 1363/2090/2009
f 1363/2090/2009 1353/2089/2008 1354/2091/2010
f 1363/2090/2009 1354/2091/2010 1362/2092/2011
f 1362/2092/2011 1354/2091/2010 1355/2093/2012
f 1362/2092/2011 1355/2093/2012 1361/2094/2013
f 1361/2094/2013 1355/2093/2012 1356/2095/2014
f 1361/2094/2013 1356/2095/2014 1360/2096/2015
f 1360/2096/2015 1356/2095/2014 1357/2097/2016
f 1360/2096/2015 1357/2097/2016 1359/2098/2017
f 1359/2098/2017 1357/2097/2016 1358/2099/2018
f 1365/2100/2005 1366/2101/2019 1352/2102/2006
f 1352/2102/2006 1366/2101/2019 1367/2103/2020
f 1364/2104/2021 1359/2105/2022 1365/2106/2023
f 1365/2106/2023 1359/2105/2022 1368/2107/2024
f 1365/2106/2023 1368/2107/2024 1366/2108/2025
f 1366/2108/2025 1368/2107/2024 1002/2109/2026
f 1366/2108/2025 1002/2109/2026 1389/2110/2027
f 1389/2110/2027 1002/2109/2026 1388/2111/2028
f 1388/2111/2028 1002/2109/2026 1387/2112/2029
f 1387/2112/2029 1002/2109/2026 1386/2113/2030
f 1386/2113/2030 1002/2109/2026 1385/2114/2031
f 1385/2114/2031 1002/2109/2026 1384/2115/2032
f 1384/2115/2032 1002/2109/2026 1001/2116/2033
f 1384/2115/2032 1001/2116/2033 1383/2117/2034
f 1383/2117/2034 1001/2116/2033 1382/2118/2035
f 1382/2118/2035 1001/2116/2033 1381/2119/2036
f 1381/2119/2036 1001/2116/2033 1380/2120/2037
f 1380/2120/2037 1001/2116/2033 1379/2121/2038
f 1379/2121/2038 1001/2116/2033 1378/2122/2039
f 1378/2122/2039 1001/2116/2033 1377/2123/2040
f 1377/2123/2040 1001/2116/2033 1369/2124/2041
f 1377/2123/2040 1369/2124/2041 1376/2125/2042
f 1376/2125/2042 1369/2124/2041 1375/2126/2043
f 1375/2126/2043 1369/2124/2041 1370/2127/2044
f 1375/2126/2043 1370/2127/2044 1374/2128/2045
f 1374/2128/2045 1370/2127/2044 1373/2129/2046
f 1373/2129/2046 1370/2127/2044 1372/2130/2047
f 1372/2130/2047 1370/2127/2044 1371/2131/2048
f 1364/2104/2021 1363/2132/2049 1359/2105/2022
f 1359/2105/2022 1363/2132/2049 1362/2133/2050
f 1359/2105/2022 1362/2133/2050 1361/2134/2051
f 1361/2134/2051 1360/2135/2052 1359/2105/2022
f 1259/2136/2053 1390/2137/2054 1260/2138/2055
f 1260/2138/2055 1390/2137/2054 1391/2139/2056
f 1260/2138/2055 1391/2139/2056 1261/2140/2057
f 1261/2140/2057 1391/2139/2056 1392/2141/2058
f 1261/2140/2057 1392/2141/2058 1262/2142/2059
f 1262/2142/2059 1392/2141/2058 1393/2143/2060
f 1392/2144/2061 1391/2145/2062 1393/2146/2063
f 1393/2146/2063 1391/2145/2062 1390/2147/2064
f 1393/2146/2063 1390/2147/2064 1394/2148/2065
f 1393/2146/2063 1394/2148/2065 1256/2149/2066
f 1256/2149/2066 1394/2148/2065 1395/2150/2067
f 1256/2149/2066 1395/2150/2067 1257/2151/2068
f 1257/2151/2068 1395/2150/2067 1397/2152/2069
f 1257/2151/2068 1397/2152/2069 1398/2153/2070
f 1395/2150/2067 1396/2154/2071 1397/2152/2069
f 1399/2155/2072 1401/2156/2073 1398/2153/2070
f 1398/2153/2070 1401/2156/2073 1402/2157/2074
f 1398/2153/2070 1402/2157/2074 1403/2158/2075
f 933/2159/2076 932/2160/2077 1399/2155/2072
f 1399/2155/2072 932/2160/2077 1400/2161/2078
f 1399/2155/2072 1400/2161/2078 1401/2156/2073
f 1403/2158/2075 1404/2162/2079 1398/2153/2070
f 1398/2153/2070 1404/2162/2079 1257/2151/2068
f 1252/2163/2080 1394/2164/2081 1253/2165/2082
f 1253/2165/2082 1394/2164/2081 1390/2166/2054
f 1253/2165/2082 1390/2166/2054 1259/2167/2053
f 1418/2168/2083 1405/2169/2084 1417/2170/2085
f 1417/2170/2085 1405/2169/2084 1406/2171/2086
f 1417/2170/2085 1406/2171/2086 1416/2172/2087
f 1416/2172/2087 1406/2171/2086 1407/2173/2088
f 1416/2172/2087 1407/2173/2088 1415/2174/2089
f 1415/2174/2089 1407/2173/2088 1408/2175/2090
f 1415/2174/2089 1408/2175/2090 1414/2176/2091
f 1414/2176/2091 1408/2175/2090 1409/2177/2092
f 1414/2176/2091 1409/2177/2092 1413/2178/2093
f 1413/2178/2093 1409/2177/2092 1410/2179/2094
f 1413/2178/2093 1410/2179/2094 1412/2180/2095
f 1412/2180/2095 1410/2179/2094 1411/2181/2096
f 809/2182/2097 1193/2183/2098 1421/2184/2099
f 1421/2184/2099 1193/2183/2098 1191/2185/2100
f 1421/2184/2099 1191/2185/2100 1087/2186/2101
f 1087/2186/2101 1191/2185/2100 1190/2187/2102
f 1087/2186/2101 1190/2187/2102 1189/2188/2103
f 1189/2188/2103 1188/2189/2104 1087/2186/2101
f 1087/2186/2101 1188/2189/2104 1187/2190/2105
f 1087/2186/2101 1187/2190/2105 1186/2191/2106
f 1186/2191/2106 1185/2192/2107 1087/2186/2101
f 1087/2186/2101 1185/2192/2107 1175/2193/2108
f 1087/2186/2101 1175/2193/2108 1174/2194/2109
f 1087/2186/2101 1174/2194/2109 1088/2195/2110
f 1088/2195/2110 1174/2194/2109 1173/2196/2111
f 1088/2195/2110 1173/2196/2111 1172/2197/2112
f 1088/2195/2110 1172/2197/2112 1419/2198/2113
f 1419/2198/2113 1172/2197/2112 1171/2199/2114
f 1419/2198/2113 1171/2199/2114 1170/2200/2115
f 1170/2200/2115 1169/2201/2116 1419/2198/2113
f 1419/2198/2113 1169/2201/2116 1177/2202/2117
f 1419/2198/2113 1177/2202/2117 1405/2203/2118
f 1405/2203/2118 1177/2202/2117 806/2204/2119
f 1405/2203/2118 806/2204/2119 1411/2205/2120
f 1411/2205/2120 806/2204/2119 805/2206/2121
f 1411/2205/2120 805/2206/2121 804/2207/2122
f 804/2207/2122 803/2208/2123 1411/2205/2120
f 1411/2205/2120 803/2208/2123 1421/2184/2099
f 1421/2184/2099 803/2208/2123 808/2209/2124
f 1421/2184/2099 808/2209/2124 811/2210/2125
f 811/2210/2125 810/2211/2126 1421/2184/2099
f 1421/2184/2099 810/2211/2126 809/2182/2097
f 1410/2212/2127 1409/2213/2128 1411/2205/2120
f 1411/2205/2120 1409/2213/2128 1408/2214/2129
f 1411/2205/2120 1408/2214/2129 1407/2215/2130
f 1407/2215/2130 1406/2216/2131 1411/2205/2120
f 1411/2205/2120 1406/2216/2131 1405/2203/2118
f 1419/2198/2113 1420/2217/2132 1088/2195/2110
f 1418/2218/2083 1422/2219/2133 1405/2220/2084
f 1405/2220/2084 1422/2219/2133 1419/2221/2134
f 1295/2222/2135 1319/2223/2136 1296/2224/2137
f 1296/2224/2137 1319/2223/2136 1313/2225/2138
f 1313/2225/2138 1319/2223/2136 1069/2226/2139
f 1069/2226/2139 1319/2223/2136 1070/2227/2140
f 1070/2227/2140 1319/2223/2136 1325/2228/2141
f 1325/2228/2141 1319/2223/2136 1330/2229/2142
f 1325/2228/2141 1330/2229/2142 1329/2230/2143
f 1329/2230/2143 1328/2231/2144 1325/2228/2141
f 1325/2228/2141 1328/2231/2144 1327/2232/2145
f 1325/2228/2141 1327/2232/2145 1326/2233/2146
f 1357/2234/2147 1356/2235/2148 1358/2236/2149
f 1358/2236/2149 1356/2235/2148 1355/2237/2150
f 1358/2236/2149 1355/2237/2150 1354/2238/2151
f 1354/2238/2151 1353/2239/2152 1358/2236/2149
f 1358/2236/2149 1353/2239/2152 1340/2240/2153
f 1358/2236/2149 1340/2240/2153 1339/2241/2154
f 1353/2239/2152 1352/2242/2155 1340/2240/2153
f 1340/2240/2153 1352/2242/2155 1367/2243/2156
f 1340/2240/2153 1367/2243/2156 1343/2244/2157
f 1343/2244/2157 1367/2243/2156 1448/2245/2158
f 1448/2245/2158 1367/2243/2156 1423/2246/2159
f 1448/2245/2158 1423/2246/2159 1424/2247/2160
f 1424/2247/2160 1425/2248/2161 1448/2245/2158
f 1448/2245/2158 1425/2248/2161 1426/2249/2162
f 1448/2245/2158 1426/2249/2162 1427/2250/2163
f 1427/2250/2163 1428/2251/2164 1448/2245/2158
f 1448/2245/2158 1428/2251/2164 1447/2252/2165
f 1447/2252/2165 1428/2251/2164 1429/2253/2166
f 1447/2252/2165 1429/2253/2166 1446/2254/2167
f 1446/2254/2167 1429/2253/2166 1445/2255/2168
f 1445/2255/2168 1429/2253/2166 1430/2256/2169
f 1445/2255/2168 1430/2256/2169 1431/2257/2170
f 1431/2257/2170 1432/2258/2171 1445/2255/2168
f 1445/2255/2168 1432/2258/2171 1433/2259/2172
f 1445/2255/2168 1433/2259/2172 1434/2260/2173
f 1434/2260/2173 1435/2261/2174 1445/2255/2168
f 1445/2255/2168 1435/2261/2174 1444/2262/2175
f 1444/2262/2175 1435/2261/2174 1436/2263/2176
f 1444/2262/2175 1436/2263/2176 1443/2264/2177
f 1443/2264/2177 1436/2263/2176 1437/2265/2178
f 1443/2264/2177 1437/2265/2178 1442/2266/2179
f 1442/2266/2179 1437/2265/2178 1438/2267/2180
f 1442/2266/2179 1438/2267/2180 1439/2268/2181
f 1439/2268/2181 1440/2269/2182 1442/2266/2179
f 1442/2266/2179 1440/2269/2182 1441/2270/2183
f 1449/2271/2184 1350/2272/2185 1450/2273/2186
f 1450/2273/2186 1350/2272/2185 1349/2274/2187
f 1449/2275/2188 1451/2276/2189 1350/2277/2190
f 1350/2277/2190 1451/2276/2189 1351/2278/2191
f 774/2279/2192 1450/2280/2193 771/2281/2194
f 771/2281/2194 1450/2280/2193 1500/2282/2195
f 771/2281/2194 1500/2282/2195 772/2283/2196
f 772/2283/2196 1500/2282/2195 780/2284/2197
f 780/2284/2197 1500/2282/2195 1501/2285/2198
f 780/2284/2197 1501/2285/2198 781/2286/2199
f 781/2286/2199 1501/2285/2198 1449/2287/2200
f 781/2286/2199 1449/2287/2200 782/2288/2201
f 782/2288/2201 1449/2287/2200 783/2289/2202
f 783/2289/2202 1449/2287/2200 1450/2280/2193
f 783/2289/2202 1450/2280/2193 784/2290/2203
f 784/2290/2203 1450/2280/2193 774/2279/2192
f 978/2291/2204 977/2292/2205 1528/2293/2206
f 1528/2293/2206 977/2292/2205 980/2294/2207
f 1528/2293/2206 980/2294/2207 999/2295/2208
f 999/2295/2208 980/2294/2207 990/2296/2209
f 999/2295/2208 990/2296/2209 1000/2297/2210
f 1000/2297/2210 990/2296/2209 989/2298/2211
f 1000/2297/2210 989/2298/2211 1111/2299/2212
f 1111/2299/2212 989/2298/2211 996/2300/2213
f 996/2300/2213 989/2298/2211 988/2301/2214
f 996/2300/2213 988/2301/2214 993/2302/2215
f 993/2302/2215 988/2301/2214 987/2303/2216
f 993/2302/2215 987/2303/2216 994/2304/2217
f 994/2304/2217 987/2303/2216 986/2305/2218
f 994/2304/2217 986/2305/2218 1534/2306/2219
f 1534/2306/2219 986/2305/2218 978/2291/2204
f 1534/2306/2219 978/2291/2204 1533/2307/2220
f 1533/2307/2220 978/2291/2204 1532/2308/2221
f 1532/2308/2221 978/2291/2204 1531/2309/2222
f 1531/2309/2222 978/2291/2204 1530/2310/2223
f 1530/2310/2223 978/2291/2204 1529/2311/2224
f 1529/2311/2224 978/2291/2204 1528/2293/2206
f 999/2295/2208 1207/2312/2225 1528/2293/2206
f 1528/2293/2206 1207/2312/2225 1464/2313/2226
f 1528/2293/2206 1464/2313/2226 1465/2314/2227
f 1412/2315/2095 1421/2316/2228 1207/2312/2225
f 1207/2312/2225 1421/2316/2228 1452/2317/2229
f 1207/2312/2225 1452/2317/2229 1453/2318/2230
f 1412/2315/2095 1411/2319/2096 1421/2316/2228
f 1453/2318/2230 1454/2320/2231 1207/2312/2225
f 1207/2312/2225 1454/2320/2231 1455/2321/2232
f 1207/2312/2225 1455/2321/2232 1456/2322/2233
f 1456/2322/2233 1195/2323/2234 1207/2312/2225
f 1207/2312/2225 1195/2323/2234 1194/2324/2235
f 1207/2312/2225 1194/2324/2235 1464/2313/2226
f 1464/2313/2226 1194/2324/2235 1463/2325/2236
f 1463/2325/2236 1194/2324/2235 1460/2326/2237
f 1463/2325/2236 1460/2326/2237 1461/2327/2238
f 1460/2326/2237 1194/2324/2235 1459/2328/2239
f 1459/2328/2239 1194/2324/2235 1209/2329/2240
f 1459/2328/2239 1209/2329/2240 1457/2330/2241
f 1457/2330/2241 1458/2331/2242 1459/2328/2239
f 1461/2327/2238 1462/2332/2243 1463/2325/2236
f 1465/2314/2227 1466/2333/2244 1528/2293/2206
f 1528/2293/2206 1466/2333/2244 1527/2334/2245
f 1527/2334/2245 1466/2333/2244 1467/2335/2246
f 1527/2334/2245 1467/2335/2246 1468/2336/2247
f 1468/2336/2247 1469/2337/2248 1527/2334/2245
f 1527/2334/2245 1469/2337/2248 1526/2338/2249
f 1526/2338/2249 1469/2337/2248 1525/2339/2250
f 1525/2339/2250 1469/2337/2248 1470/2340/2251
f 1525/2339/2250 1470/2340/2251 1524/2341/2252
f 1524/2341/2252 1470/2340/2251 1471/2342/2253
f 1524/2341/2252 1471/2342/2253 1523/2343/2254
f 1523/2343/2254 1471/2342/2253 1472/2344/2255
f 1523/2343/2254 1472/2344/2255 1522/2345/2256
f 1522/2345/2256 1472/2344/2255 1473/2346/2257
f 1522/2345/2256 1473/2346/2257 1521/2347/2258
f 1521/2347/2258 1473/2346/2257 1520/2348/2259
f 1520/2348/2259 1473/2346/2257 1474/2349/2260
f 1520/2348/2259 1474/2349/2260 1519/2350/2261
f 1519/2350/2261 1474/2349/2260 1475/2351/2262
f 1519/2350/2261 1475/2351/2262 1518/2352/2263
f 1518/2352/2263 1475/2351/2262 1476/2353/2264
f 1518/2352/2263 1476/2353/2264 1517/2354/2265
f 1517/2354/2265 1476/2353/2264 1516/2355/2266
f 1516/2355/2266 1476/2353/2264 1477/2356/2267
f 1516/2355/2266 1477/2356/2267 1478/2357/2268
f 1478/2357/2268 1479/2358/2269 1516/2355/2266
f 1516/2355/2266 1479/2358/2269 1515/2359/2270
f 1515/2359/2270 1479/2358/2269 1482/2360/2271
f 1515/2359/2270 1482/2360/2271 1483/2361/2272
f 1480/2362/2273 1481/2363/2274 1479/2358/2269
f 1479/2358/2269 1481/2363/2274 1482/2360/2271
f 1483/2361/2272 1484/2364/2275 1515/2359/2270
f 1515/2359/2270 1484/2364/2275 1514/2365/2276
f 1514/2365/2276 1484/2364/2275 1485/2366/2277
f 1514/2365/2276 1485/2366/2277 1513/2367/2278
f 1513/2367/2278 1485/2366/2277 1486/2368/2279
f 1513/2367/2278 1486/2368/2279 1487/2369/2280
f 1487/2369/2280 1488/2370/2281 1513/2367/2278
f 1513/2367/2278 1488/2370/2281 1512/2371/2282
f 1512/2371/2282 1488/2370/2281 1489/2372/2283
f 1512/2371/2282 1489/2372/2283 1490/2373/2284
f 1512/2371/2282 1490/2373/2284 1511/2374/2285
f 1511/2374/2285 1490/2373/2284 1491/2375/2286
f 1511/2374/2285 1491/2375/2286 1510/2376/2287
f 1510/2376/2287 1491/2375/2286 1492/2377/2288
f 1510/2376/2287 1492/2377/2288 1509/2378/2289
f 1509/2378/2289 1492/2377/2288 1493/2379/2290
f 1509/2378/2289 1493/2379/2290 1508/2380/2291
f 1508/2380/2291 1493/2379/2290 1494/2381/2292
f 1508/2380/2291 1494/2381/2292 1507/2382/2293
f 1507/2382/2293 1494/2381/2292 1506/2383/2294
f 1506/2383/2294 1494/2381/2292 1495/2384/2295
f 1506/2383/2294 1495/2384/2295 1505/2385/2296
f 1505/2385/2296 1495/2384/2295 1496/2386/2297
f 1505/2385/2296 1496/2386/2297 1504/2387/2298
f 1504/2387/2298 1496/2386/2297 1497/2388/2299
f 1504/2387/2298 1497/2388/2299 1498/2389/2300
f 1498/2389/2300 1499/2390/2301 1504/2387/2298
f 1504/2387/2298 1499/2390/2301 1503/2391/2302
f 1503/2391/2302 1499/2390/2301 1450/2280/2193
f 1503/2391/2302 1450/2280/2193 1502/2392/2303
f 1499/2390/2301 1500/2282/2195 1450/2280/2193
f 1443/2393/2304 1535/2394/2305 1502/2392/2303
f 1502/2392/2303 1535/2394/2305 1536/2395/2306
f 1502/2392/2303 1536/2395/2306 1537/2396/2307
f 1442/2397/2308 1369/2398/2309 1443/2393/2304
f 1443/2393/2304 1369/2398/2309 1534/2306/2219
f 1443/2393/2304 1534/2306/2219 1535/2394/2305
f 1442/2397/2308 1370/2399/2310 1369/2398/2309
f 1369/2398/2309 994/2304/2217 1534/2306/2219
f 1537/2396/2307 1538/2400/2311 1502/2392/2303
f 1502/2392/2303 1538/2400/2311 1539/2401/2312
f 1502/2392/2303 1539/2401/2312 1540/2402/2313
f 1540/2402/2313 1503/2391/2302 1502/2392/2303
f 1481/2403/2274 1480/2404/2273 1552/2405/2314
f 1552/2405/2314 1480/2404/2273 1541/2406/2315
f 1552/2405/2314 1541/2406/2315 1551/2407/2316
f 1551/2407/2316 1541/2406/2315 1542/2408/2317
f 1551/2407/2316 1542/2408/2317 1550/2409/2318
f 1550/2409/2318 1542/2408/2317 1543/2410/2319
f 1550/2409/2318 1543/2410/2319 1549/2411/2320
f 1549/2411/2320 1543/2410/2319 1544/2412/2321
f 1549/2411/2320 1544/2412/2321 1548/2413/2322
f 1548/2413/2322 1544/2412/2321 1545/2414/2323
f 1548/2413/2322 1545/2414/2323 1546/2415/2324
f 1546/2415/2324 1547/2416/2325 1548/2413/2322
f 1554/2417/2326 1572/2418/2327 1553/2419/2328
f 1553/2419/2328 1572/2418/2327 1482/2420/2329
f 1553/2419/2328 1482/2420/2329 815/2421/2330
f 815/2421/2330 1482/2420/2329 816/2422/2331
f 816/2422/2331 1482/2420/2329 817/2423/2332
f 817/2423/2332 1482/2420/2329 818/2424/2333
f 818/2424/2333 1482/2420/2329 1481/2425/2334
f 818/2424/2333 1481/2425/2334 823/2426/2335
f 823/2426/2335 1481/2425/2334 828/2427/2336
f 828/2427/2336 1481/2425/2334 1547/2428/2337
f 828/2427/2336 1547/2428/2337 829/2429/2338
f 829/2429/2338 1547/2428/2337 830/2430/2339
f 830/2430/2339 1547/2428/2337 1568/2431/2340
f 1568/2431/2340 1547/2428/2337 1569/2432/2341
f 1568/2431/2340 1569/2432/2341 1567/2433/2342
f 1567/2433/2342 1569/2432/2341 1566/2434/2343
f 1566/2434/2343 1569/2432/2341 1565/2435/2344
f 1565/2435/2344 1569/2432/2341 1564/2436/2345
f 1564/2436/2345 1569/2432/2341 1563/2437/2346
f 1563/2437/2346 1569/2432/2341 1562/2438/2347
f 1562/2438/2347 1569/2432/2341 1571/2439/2348
f 1562/2438/2347 1571/2439/2348 1561/2440/2349
f 1561/2440/2349 1571/2439/2348 1572/2418/2327
f 1561/2440/2349 1572/2418/2327 1560/2441/2350
f 1560/2441/2350 1572/2418/2327 1559/2442/2351
f 1559/2442/2351 1572/2418/2327 1558/2443/2352
f 1558/2443/2352 1572/2418/2327 1557/2444/2353
f 1557/2444/2353 1572/2418/2327 1556/2445/2354
f 1556/2445/2354 1572/2418/2327 1555/2446/2355
f 1555/2446/2355 1572/2418/2327 1554/2417/2326
f 1552/2447/2356 1551/2448/2357 1481/2425/2334
f 1481/2425/2334 1551/2448/2357 1550/2449/2358
f 1481/2425/2334 1550/2449/2358 1549/2450/2359
f 1549/2450/2359 1548/2451/2360 1481/2425/2334
f 1481/2425/2334 1548/2451/2360 1547/2428/2337
f 1569/2432/2341 1570/2452/2361 1571/2439/2348
f 1436/2453/2362 1376/2454/2363 1437/2455/2364
f 1437/2455/2364 1376/2454/2363 1375/2456/2365
f 1437/2455/2364 1375/2456/2365 1438/2457/2366
f 1438/2457/2366 1375/2456/2365 1374/2458/2367
f 1438/2457/2366 1374/2458/2367 1439/2459/2368
f 1439/2459/2368 1374/2458/2367 1373/2460/2369
f 1439/2459/2368 1373/2460/2369 1440/2461/2370
f 1440/2461/2370 1373/2460/2369 1372/2462/2371
f 1440/2461/2370 1372/2462/2371 1441/2463/2372
f 1441/2463/2372 1372/2462/2371 1371/2464/2373
f 1441/2463/2372 1371/2464/2373 1442/2465/2308
f 1442/2465/2308 1371/2464/2373 1370/2466/2310
f 1436/2467/2362 1435/2468/2374 1376/2469/2363
f 1376/2469/2363 1435/2468/2374 1377/2470/2375
f 1348/2471/2376 1586/2472/2377 1349/2473/2378
f 1349/2473/2378 1586/2472/2377 1587/2474/2379
f 1349/2473/2378 1587/2474/2379 1588/2475/2380
f 1573/2476/2381 1583/2477/2382 1348/2471/2376
f 1348/2471/2376 1583/2477/2382 1584/2478/2383
f 1348/2471/2376 1584/2478/2383 1585/2479/2384
f 1574/2480/2385 1578/2481/2386 1573/2476/2381
f 1573/2476/2381 1578/2481/2386 1579/2482/2387
f 1573/2476/2381 1579/2482/2387 1580/2483/2388
f 1574/2480/2385 1575/2484/2389 1578/2481/2386
f 1578/2481/2386 1575/2484/2389 1576/2485/2390
f 1578/2481/2386 1576/2485/2390 1605/2486/2391
f 1605/2486/2391 1576/2485/2390 1604/2487/2392
f 1604/2487/2392 1576/2485/2390 1603/2488/2393
f 1603/2488/2393 1576/2485/2390 1602/2489/2394
f 1602/2489/2394 1576/2485/2390 1601/2490/2395
f 1601/2490/2395 1576/2485/2390 1600/2491/2396
f 1600/2491/2396 1576/2485/2390 1577/2492/2397
f 1600/2491/2396 1577/2492/2397 1599/2493/2398
f 1599/2493/2398 1577/2492/2397 1502/2494/2399
f 1599/2493/2398 1502/2494/2399 1598/2495/2400
f 1598/2495/2400 1502/2494/2399 1597/2496/2401
f 1597/2496/2401 1502/2494/2399 1596/2497/2402
f 1596/2497/2402 1502/2494/2399 1595/2498/2403
f 1595/2498/2403 1502/2494/2399 1594/2499/2404
f 1594/2499/2404 1502/2494/2399 1593/2500/2405
f 1593/2500/2405 1502/2494/2399 1450/2501/2406
f 1593/2500/2405 1450/2501/2406 1592/2502/2407
f 1592/2502/2407 1450/2501/2406 1349/2473/2378
f 1592/2502/2407 1349/2473/2378 1591/2503/2408
f 1591/2503/2408 1349/2473/2378 1590/2504/2409
f 1590/2504/2409 1349/2473/2378 1589/2505/2410
f 1589/2505/2410 1349/2473/2378 1588/2475/2380
f 1580/2483/2388 1581/2506/2411 1573/2476/2381
f 1573/2476/2381 1581/2506/2411 1582/2507/2412
f 1573/2476/2381 1582/2507/2412 1583/2477/2382
f 1585/2479/2384 1586/2472/2377 1348/2471/2376
f 1547/2508/2325 1546/2509/2324 1569/2510/2413
f 1569/2510/2413 1546/2509/2324 1606/2511/2414
f 1607/2512/2415 1608/2513/2416 1630/2514/2417
f 1630/2514/2417 1608/2513/2416 1635/2515/2418
f 1630/2514/2417 1635/2515/2418 1629/2516/2419
f 1629/2516/2419 1635/2515/2418 1640/2517/2420
f 1629/2516/2419 1640/2517/2420 1628/2518/2421
f 1628/2518/2421 1640/2517/2420 1645/2519/2422
f 1628/2518/2421 1645/2519/2422 1627/2520/2423
f 1627/2520/2423 1645/2519/2422 1650/2521/2424
f 1627/2520/2423 1650/2521/2424 1626/2522/2425
f 1626/2522/2425 1650/2521/2424 1655/2523/2426
f 1626/2522/2425 1655/2523/2426 1625/2524/2427
f 1625/2524/2427 1655/2523/2426 1624/2525/2428
f 1624/2525/2428 1655/2523/2426 1654/2526/2429
f 1624/2525/2428 1654/2526/2429 1623/2527/2430
f 1623/2527/2430 1654/2526/2429 1653/2528/2431
f 1623/2527/2430 1653/2528/2431 1622/2529/2432
f 1622/2529/2432 1653/2528/2431 1652/2530/2433
f 1622/2529/2432 1652/2530/2433 1621/2531/2434
f 1621/2531/2434 1652/2530/2433 1651/2532/2435
f 1621/2531/2434 1651/2532/2435 1620/2533/2436
f 1620/2533/2436 1651/2532/2435 1618/2534/2437
f 1620/2533/2436 1618/2534/2437 1619/2535/2438
f 1608/2513/2416 1609/2536/2439 1635/2515/2418
f 1635/2515/2418 1609/2536/2439 1634/2537/2440
f 1635/2515/2418 1634/2537/2440 1640/2517/2420
f 1640/2517/2420 1634/2537/2440 1639/2538/2441
f 1640/2517/2420 1639/2538/2441 1645/2519/2422
f 1645/2519/2422 1639/2538/2441 1644/2539/2442
f 1645/2519/2422 1644/2539/2442 1650/2521/2424
f 1650/2521/2424 1644/2539/2442 1649/2540/2443
f 1650/2521/2424 1649/2540/2443 1655/2523/2426
f 1655/2523/2426 1649/2540/2443 1654/2526/2429
f 1609/2536/2439 1610/2541/2444 1634/2537/2440
f 1634/2537/2440 1610/2541/2444 1633/2542/2445
f 1634/2537/2440 1633/2542/2445 1639/2538/2441
f 1639/2538/2441 1633/2542/2445 1638/2543/2446
f 1639/2538/2441 1638/2543/2446 1644/2539/2442
f 1644/2539/2442 1638/2543/2446 1643/2544/2447
f 1644/2539/2442 1643/2544/2447 1649/2540/2443
f 1649/2540/2443 1643/2544/2447 1648/2545/2448
f 1649/2540/2443 1648/2545/2448 1654/2526/2429
f 1654/2526/2429 1648/2545/2448 1653/2528/2431
f 1610/2541/2444 1611/2546/2449 1633/2542/2445
f 1633/2542/2445 1611/2546/2449 1632/2547/2450
f 1633/2542/2445 1632/2547/2450 1638/2543/2446
f 1638/2543/2446 1632/2547/2450 1637/2548/2451
f 1638/2543/2446 1637/2548/2451 1643/2544/2447
f 1643/2544/2447 1637/2548/2451 1642/2549/2452
f 1643/2544/2447 1642/2549/2452 1648/2545/2448
f 1648/2545/2448 1642/2549/2452 1647/2550/2453
f 1648/2545/2448 1647/2550/2453 1653/2528/2431
f 1653/2528/2431 1647/2550/2453 1652/2530/2433
f 1611/2546/2449 1612/2551/2454 1632/2547/2450
f 1632/2547/2450 1612/2551/2454 1631/2552/2455
f 1632/2547/2450 1631/2552/2455 1637/2548/2451
f 1637/2548/2451 1631/2552/2455 1636/2553/2456
f 1637/2548/2451 1636/2553/2456 1642/2549/2452
f 1642/2549/2452 1636/2553/2456 1641/2554/2457
f 1642/2549/2452 1641/2554/2457 1647/2550/2453
f 1647/2550/2453 1641/2554/2457 1646/2555/2458
f 1647/2550/2453 1646/2555/2458 1652/2530/2433
f 1652/2530/2433 1646/2555/2458 1651/2532/2435
f 1612/2551/2454 1613/2556/2459 1631/2552/2455
f 1631/2552/2455 1613/2556/2459 1614/2557/2460
f 1631/2552/2455 1614/2557/2460 1636/2553/2456
f 1636/2553/2456 1614/2557/2460 1615/2558/2461
f 1636/2553/2456 1615/2558/2461 1641/2554/2457
f 1641/2554/2457 1615/2558/2461 1616/2559/2462
f 1641/2554/2457 1616/2559/2462 1646/2555/2458
f 1646/2555/2458 1616/2559/2462 1617/2560/2463
f 1646/2555/2458 1617/2560/2463 1651/2532/2435
f 1651/2532/2435 1617/2560/2463 1618/2534/2437
f 1657/2561/2464 1663/2562/2465 1656/2563/2466
f 1656/2563/2466 1663/2562/2465 1664/2564/2467
f 1656/2563/2466 1664/2564/2467 1665/2565/2468
f 1665/2565/2468 1664/2564/2467 1670/2566/2469
f 1665/2565/2468 1670/2566/2469 1671/2567/2470
f 1671/2567/2470 1670/2566/2469 1676/2568/2471
f 1671/2567/2470 1676/2568/2471 1677/2569/2472
f 1677/2569/2472 1676/2568/2471 1682/2570/2473
f 1677/2569/2472 1682/2570/2473 1623/2571/2430
f 1623/2571/2430 1682/2570/2473 1624/2572/2428
f 1624/2572/2428 1682/2570/2473 1687/2573/2474
f 1624/2572/2428 1687/2573/2474 1625/2574/2427
f 1625/2574/2427 1687/2573/2474 1686/2575/2475
f 1625/2574/2427 1686/2575/2475 1685/2576/2476
f 1685/2576/2476 1686/2575/2475 1680/2577/2477
f 1685/2576/2476 1680/2577/2477 1679/2578/2478
f 1679/2578/2478 1680/2577/2477 1674/2579/2479
f 1679/2578/2478 1674/2579/2479 1673/2580/2480
f 1673/2580/2480 1674/2579/2479 1668/2581/2481
f 1673/2580/2480 1668/2581/2481 1658/2582/2482
f 1658/2582/2482 1668/2581/2481 1657/2561/2464
f 1657/2561/2464 1668/2581/2481 1663/2562/2465
f 1658/2582/2482 1659/2583/2483 1673/2580/2480
f 1673/2580/2480 1659/2583/2483 1678/2584/2484
f 1673/2580/2480 1678/2584/2484 1679/2578/2478
f 1679/2578/2478 1678/2584/2484 1684/2585/2485
f 1679/2578/2478 1684/2585/2485 1685/2576/2476
f 1685/2576/2476 1684/2585/2485 1662/2586/2486
f 1685/2576/2476 1662/2586/2486 1625/2574/2427
f 1659/2583/2483 1660/2587/2487 1678/2584/2484
f 1678/2584/2484 1660/2587/2487 1683/2588/2488
f 1678/2584/2484 1683/2588/2488 1684/2585/2485
f 1684/2585/2485 1683/2588/2488 1662/2586/2486
f 1660/2587/2487 1661/2589/2489 1683/2588/2488
f 1683/2588/2488 1661/2589/2489 1662/2586/2486
f 1623/2571/2430 1622/2590/2432 1677/2569/2472
f 1677/2569/2472 1622/2590/2432 1672/2591/2490
f 1677/2569/2472 1672/2591/2490 1671/2567/2470
f 1671/2567/2470 1672/2591/2490 1666/2592/2491
f 1671/2567/2470 1666/2592/2491 1665/2565/2468
f 1665/2565/2468 1666/2592/2491 1619/2593/2438
f 1665/2565/2468 1619/2593/2438 1656/2563/2466
f 1622/2590/2432 1621/2594/2434 1672/2591/2490
f 1672/2591/2490 1621/2594/2434 1667/2595/2492
f 1672/2591/2490 1667/2595/2492 1666/2592/2491
f 1666/2592/2491 1667/2595/2492 1619/2593/2438
f 1621/2594/2434 1620/2596/2436 1667/2595/2492
f 1667/2595/2492 1620/2596/2436 1619/2593/2438
f 1664/2564/2467 1663/2562/2465 1669/2597/2493
f 1669/2597/2493 1663/2562/2465 1668/2581/2481
f 1669/2597/2493 1668/2581/2481 1674/2579/2479
f 1664/2564/2467 1669/2597/2493 1670/2566/2469
f 1670/2566/2469 1669/2597/2493 1675/2598/2494
f 1670/2566/2469 1675/2598/2494 1676/2568/2471
f 1676/2568/2471 1675/2598/2494 1681/2599/2495
f 1676/2568/2471 1681/2599/2495 1682/2570/2473
f 1682/2570/2473 1681/2599/2495 1687/2573/2474
f 1675/2598/2494 1669/2597/2493 1674/2579/2479
f 1681/2599/2495 1675/2598/2494 1680/2577/2477
f 1680/2577/2477 1675/2598/2494 1674/2579/2479
f 1687/2573/2474 1681/2599/2495 1686/2575/2475
f 1686/2575/2475 1681/2599/2495 1680/2577/2477
f 1688/2600/2496 1689/2601/2497 1704/2602/2498
f 1704/2602/2498 1689/2601/2497 1709/2603/2499
f 1704/2602/2498 1709/2603/2499 1703/2604/2500
f 1703/2604/2500 1709/2603/2499 1714/2605/2501
f 1703/2604/2500 1714/2605/2501 1702/2606/2502
f 1702/2606/2502 1714/2605/2501 1719/2607/2503
f 1702/2606/2502 1719/2607/2503 1701/2608/2504
f 1701/2608/2504 1719/2607/2503 1724/2609/2505
f 1701/2608/2504 1724/2609/2505 1700/2610/2506
f 1700/2610/2506 1724/2609/2505 1729/2611/2507
f 1700/2610/2506 1729/2611/2507 1656/2612/2466
f 1656/2612/2466 1729/2611/2507 1657/2613/2464
f 1657/2613/2464 1729/2611/2507 1728/2614/2508
f 1657/2613/2464 1728/2614/2508 1658/2615/2482
f 1658/2615/2482 1728/2614/2508 1727/2616/2509
f 1658/2615/2482 1727/2616/2509 1659/2617/2483
f 1659/2617/2483 1727/2616/2509 1726/2618/2510
f 1659/2617/2483 1726/2618/2510 1660/2619/2487
f 1660/2619/2487 1726/2618/2510 1725/2620/2511
f 1660/2619/2487 1725/2620/2511 1661/2621/2489
f 1661/2621/2489 1725/2620/2511 1699/2622/2512
f 1661/2621/2489 1699/2622/2512 1662/2623/2486
f 1689/2601/2497 1690/2624/2513 1709/2603/2499
f 1709/2603/2499 1690/2624/2513 1708/2625/2514
f 1709/2603/2499 1708/2625/2514 1714/2605/2501
f 1714/2605/2501 1708/2625/2514 1713/2626/2515
f 1714/2605/2501 1713/2626/2515 1719/2607/2503
f 1719/2607/2503 1713/2626/2515 1718/2627/2516
f 1719/2607/2503 1718/2627/2516 1724/2609/2505
f 1724/2609/2505 1718/2627/2516 1723/2628/2517
f 1724/2609/2505 1723/2628/2517 1729/2611/2507
f 1729/2611/2507 1723/2628/2517 1728/2614/2508
f 1690/2624/2513 1691/2629/2518 1708/2625/2514
f 1708/2625/2514 1691/2629/2518 1707/2630/2519
f 1708/2625/2514 1707/2630/2519 1713/2626/2515
f 1713/2626/2515 1707/2630/2519 1712/2631/2520
f 1713/2626/2515 1712/2631/2520 1718/2627/2516
f 1718/2627/2516 1712/2631/2520 1717/2632/2521
f 1718/2627/2516 1717/2632/2521 1723/2628/2517
f 1723/2628/2517 1717/2632/2521 1722/2633/2522
f 1723/2628/2517 1722/2633/2522 1728/2614/2508
f 1728/2614/2508 1722/2633/2522 1727/2616/2509
f 1691/2629/2518 1692/2634/2523 1707/2630/2519
f 1707/2630/2519 1692/2634/2523 1706/2635/2524
f 1707/2630/2519 1706/2635/2524 1712/2631/2520
f 1712/2631/2520 1706/2635/2524 1711/2636/2525
f 1712/2631/2520 1711/2636/2525 1717/2632/2521
f 1717/2632/2521 1711/2636/2525 1716/2637/2526
f 1717/2632/2521 1716/2637/2526 1722/2633/2522
f 1722/2633/2522 1716/2637/2526 1721/2638/2527
f 1722/2633/2522 1721/2638/2527 1727/2616/2509
f 1727/2616/2509 1721/2638/2527 1726/2618/2510
f 1692/2634/2523 1693/2639/2528 1706/2635/2524
f 1706/2635/2524 1693/2639/2528 1705/2640/2529
f 1706/2635/2524 1705/2640/2529 1711/2636/2525
f 1711/2636/2525 1705/2640/2529 1710/2641/2530
f 1711/2636/2525 1710/2641/2530 1716/2637/2526
f 1716/2637/2526 1710/2641/2530 1715/2642/2531
f 1716/2637/2526 1715/2642/2531 1721/2638/2527
f 1721/2638/2527 1715/2642/2531 1720/2643/2532
f 1721/2638/2527 1720/2643/2532 1726/2618/2510
f 1726/2618/2510 1720/2643/2532 1725/2620/2511
f 1693/2639/2528 1694/2644/2533 1705/2640/2529
f 1705/2640/2529 1694/2644/2533 1695/2645/2534
f 1705/2640/2529 1695/2645/2534 1710/2641/2530
f 1710/2641/2530 1695/2645/2534 1696/2646/2535
f 1710/2641/2530 1696/2646/2535 1715/2642/2531
f 1715/2642/2531 1696/2646/2535 1697/2647/2536
f 1715/2642/2531 1697/2647/2536 1720/2643/2532
f 1720/2643/2532 1697/2647/2536 1698/2648/2537
f 1720/2643/2532 1698/2648/2537 1725/2620/2511
f 1725/2620/2511 1698/2648/2537 1699/2622/2512
f 1688/2649/2496 1730/2650/2538 1689/2651/2497
f 1689/2651/2497 1730/2650/2538 1731/2652/2539
f 1689/2651/2497 1731/2652/2539 1690/2653/2513
f 1690/2653/2513 1731/2652/2539 1732/2654/2540
f 1690/2653/2513 1732/2654/2540 1691/2655/2518
f 1691/2655/2518 1732/2654/2540 1733/2656/2541
f 1691/2655/2518 1733/2656/2541 1692/2657/2523
f 1692/2657/2523 1733/2656/2541 1734/2658/2542
f 1692/2657/2523 1734/2658/2542 1693/2659/2528
f 1693/2659/2528 1734/2658/2542 1735/2660/2543
f 1693/2659/2528 1735/2660/2543 1694/2661/2533
f 1694/2661/2533 1735/2660/2543 1736/2662/2544
f 1737/2663/2545 1738/2664/2546 1749/2665/2547
f 1749/2665/2547 1738/2664/2546 1754/2666/2548
f 1749/2665/2547 1754/2666/2548 1748/2667/2549
f 1748/2667/2549 1754/2666/2548 1759/2668/2550
f 1748/2667/2549 1759/2668/2550 1747/2669/2551
f 1747/2669/2551 1759/2668/2550 1764/2670/2552
f 1747/2669/2551 1764/2670/2552 1730/2671/2538
f 1730/2671/2538 1764/2670/2552 1731/2672/2539
f 1731/2672/2539 1764/2670/2552 1763/2673/2553
f 1731/2672/2539 1763/2673/2553 1732/2674/2540
f 1732/2674/2540 1763/2673/2553 1762/2675/2554
f 1732/2674/2540 1762/2675/2554 1733/2676/2541
f 1733/2676/2541 1762/2675/2554 1761/2677/2555
f 1733/2676/2541 1761/2677/2555 1734/2678/2542
f 1734/2678/2542 1761/2677/2555 1760/2679/2556
f 1734/2678/2542 1760/2679/2556 1735/2680/2543
f 1735/2680/2543 1760/2679/2556 1746/2681/2557
f 1735/2680/2543 1746/2681/2557 1736/2682/2544
f 1738/2664/2546 1739/2683/2558 1754/2666/2548
f 1754/2666/2548 1739/2683/2558 1753/2684/2559
f 1754/2666/2548 1753/2684/2559 1759/2668/2550
f 1759/2668/2550 1753/2684/2559 1758/2685/2560
f 1759/2668/2550 1758/2685/2560 1764/2670/2552
f 1764/2670/2552 1758/2685/2560 1763/2673/2553
f 1739/2683/2558 1740/2686/2561 1753/2684/2559
f 1753/2684/2559 1740/2686/2561 1752/2687/2562
f 1753/2684/2559 1752/2687/2562 1758/2685/2560
f 1758/2685/2560 1752/2687/2562 1757/2688/2563
f 1758/2685/2560 1757/2688/2563 1763/2673/2553
f 1763/2673/2553 1757/2688/2563 1762/2675/2554
f 1740/2686/2561 1741/2689/2564 1752/2687/2562
f 1752/2687/2562 1741/2689/2564 1751/2690/2565
f 1752/2687/2562 1751/2690/2565 1757/2688/2563
f 1757/2688/2563 1751/2690/2565 1756/2691/2566
f 1757/2688/2563 1756/2691/2566 1762/2675/2554
f 1762/2675/2554 1756/2691/2566 1761/2677/2555
f 1741/2689/2564 1742/2692/2567 1751/2690/2565
f 1751/2690/2565 1742/2692/2567 1750/2693/2568
f 1751/2690/2565 1750/2693/2568 1756/2691/2566
f 1756/2691/2566 1750/2693/2568 1755/2694/2569
f 1756/2691/2566 1755/2694/2569 1761/2677/2555
f 1761/2677/2555 1755/2694/2569 1760/2679/2556
f 1742/2692/2567 1743/2695/2570 1750/2693/2568
f 1750/2693/2568 1743/2695/2570 1744/2696/2571
f 1750/2693/2568 1744/2696/2571 1755/2694/2569
f 1755/2694/2569 1744/2696/2571 1745/2697/2572
f 1755/2694/2569 1745/2697/2572 1760/2679/2556
f 1760/2679/2556 1745/2697/2572 1746/2681/2557
f 1743/2698/2570 1742/2699/2573 1778/2700/2574
f 1778/2700/2574 1742/2699/2573 1787/2701/2575
f 1778/2700/2574 1787/2701/2575 1777/2702/2576
f 1777/2702/2576 1787/2701/2575 1796/2703/2577
f 1777/2702/2576 1796/2703/2577 1776/2704/2578
f 1776/2704/2578 1796/2703/2577 1805/2705/2579
f 1776/2704/2578 1805/2705/2579 1775/2706/2580
f 1775/2706/2580 1805/2705/2579 1804/2707/2581
f 1775/2706/2580 1804/2707/2581 1774/2708/2582
f 1774/2708/2582 1804/2707/2581 1803/2709/2583
f 1774/2708/2582 1803/2709/2583 1773/2710/2584
f 1773/2710/2584 1803/2709/2583 1802/2711/2585
f 1773/2710/2584 1802/2711/2585 1801/2712/2586
f 1801/2712/2586 1802/2711/2585 1792/2713/2587
f 1801/2712/2586 1792/2713/2587 1791/2714/2588
f 1791/2714/2588 1792/2713/2587 1782/2715/2589
f 1791/2714/2588 1782/2715/2589 1781/2716/2590
f 1781/2716/2590 1782/2715/2589 1738/2717/2591
f 1781/2716/2590 1738/2717/2591 1780/2718/2592
f 1780/2718/2592 1738/2717/2591 1779/2719/2593
f 1780/2718/2592 1779/2719/2593 1789/2720/2594
f 1789/2720/2594 1779/2719/2593 1788/2721/2595
f 1789/2720/2594 1788/2721/2595 1798/2722/2596
f 1798/2722/2596 1788/2721/2595 1797/2723/2597
f 1798/2722/2596 1797/2723/2597 1769/2724/2598
f 1769/2724/2598 1797/2723/2597 1768/2725/2599
f 1768/2725/2599 1797/2723/2597 1767/2726/2600
f 1767/2726/2600 1797/2723/2597 1788/2721/2595
f 1767/2726/2600 1788/2721/2595 1766/2727/2601
f 1766/2727/2601 1788/2721/2595 1779/2719/2593
f 1766/2727/2601 1779/2719/2593 1765/2728/2602
f 1765/2728/2602 1779/2719/2593 1737/2729/2545
f 1737/2729/2545 1779/2719/2593 1738/2717/2591
f 1742/2699/2573 1741/2730/2603 1787/2701/2575
f 1787/2701/2575 1741/2730/2603 1786/2731/2604
f 1787/2701/2575 1786/2731/2604 1796/2703/2577
f 1796/2703/2577 1786/2731/2604 1795/2732/2605
f 1796/2703/2577 1795/2732/2605 1805/2705/2579
f 1805/2705/2579 1795/2732/2605 1804/2707/2581
f 1786/2731/2604 1741/2730/2603 1785/2733/2606
f 1785/2733/2606 1741/2730/2603 1740/2734/2561
f 1785/2733/2606 1740/2734/2561 1784/2735/2607
f 1784/2735/2607 1740/2734/2561 1783/2736/2608
f 1784/2735/2607 1783/2736/2608 1793/2737/2609
f 1793/2737/2609 1783/2736/2608 1792/2713/2587
f 1793/2737/2609 1792/2713/2587 1802/2711/2585
f 1783/2736/2608 1740/2734/2561 1782/2715/2589
f 1782/2715/2589 1740/2734/2561 1739/2738/2610
f 1782/2715/2589 1739/2738/2610 1738/2717/2591
f 1769/2724/2598 1770/2739/2611 1798/2722/2596
f 1798/2722/2596 1770/2739/2611 1799/2740/2612
f 1798/2722/2596 1799/2740/2612 1789/2720/2594
f 1789/2720/2594 1799/2740/2612 1790/2741/2613
f 1789/2720/2594 1790/2741/2613 1780/2718/2592
f 1780/2718/2592 1790/2741/2613 1781/2716/2590
f 1770/2739/2611 1771/2742/2614 1799/2740/2612
f 1799/2740/2612 1771/2742/2614 1800/2743/2615
f 1799/2740/2612 1800/2743/2615 1790/2741/2613
f 1790/2741/2613 1800/2743/2615 1791/2714/2588
f 1790/2741/2613 1791/2714/2588 1781/2716/2590
f 1771/2742/2614 1772/2744/2616 1800/2743/2615
f 1800/2743/2615 1772/2744/2616 1801/2712/2586
f 1800/2743/2615 1801/2712/2586 1791/2714/2588
f 1772/2744/2616 1773/2710/2584 1801/2712/2586
f 1792/2713/2587 1783/2736/2608 1782/2715/2589
f 1795/2732/2605 1786/2731/2604 1785/2733/2606
f 1785/2733/2606 1784/2735/2607 1794/2745/2617
f 1794/2745/2617 1784/2735/2607 1793/2737/2609
f 1794/2745/2617 1793/2737/2609 1803/2709/2583
f 1803/2709/2583 1793/2737/2609 1802/2711/2585
f 1804/2707/2581 1795/2732/2605 1794/2745/2617
f 1794/2745/2617 1795/2732/2605 1785/2733/2606
f 1804/2707/2581 1794/2745/2617 1803/2709/2583
f 1807/2746/2618 1814/2747/2619 1806/2748/2620
f 1806/2748/2620 1814/2747/2619 1815/2749/2621
f 1806/2748/2620 1815/2749/2621 1816/2750/2622
f 1816/2750/2622 1815/2749/2621 1822/2751/2623
f 1816/2750/2622 1822/2751/2623 1823/2752/2624
f 1823/2752/2624 1822/2751/2623 1829/2753/2625
f 1823/2752/2624 1829/2753/2625 1830/2754/2626
f 1830/2754/2626 1829/2753/2625 1836/2755/2627
f 1830/2754/2626 1836/2755/2627 1837/2756/2628
f 1837/2756/2628 1836/2755/2627 1843/2757/2629
f 1837/2756/2628 1843/2757/2629 1773/2758/2630
f 1773/2758/2630 1843/2757/2629 1774/2759/2631
f 1774/2759/2631 1843/2757/2629 1849/2760/2632
f 1774/2759/2631 1849/2760/2632 1775/2761/2580
f 1775/2761/2580 1849/2760/2632 1848/2762/2633
f 1775/2761/2580 1848/2762/2633 1847/2763/2634
f 1847/2763/2634 1848/2762/2633 1841/2764/2635
f 1847/2763/2634 1841/2764/2635 1840/2765/2636
f 1840/2765/2636 1841/2764/2635 1834/2766/2637
f 1840/2765/2636 1834/2766/2637 1833/2767/2638
f 1833/2767/2638 1834/2766/2637 1827/2768/2639
f 1833/2767/2638 1827/2768/2639 1826/2769/2640
f 1826/2769/2640 1827/2768/2639 1820/2770/2641
f 1826/2769/2640 1820/2770/2641 1808/2771/2642
f 1808/2771/2642 1820/2770/2641 1807/2746/2618
f 1807/2746/2618 1820/2770/2641 1814/2747/2619
f 1808/2771/2642 1809/2772/2643 1826/2769/2640
f 1826/2769/2640 1809/2772/2643 1832/2773/2644
f 1826/2769/2640 1832/2773/2644 1833/2767/2638
f 1833/2767/2638 1832/2773/2644 1839/2774/2645
f 1833/2767/2638 1839/2774/2645 1840/2765/2636
f 1840/2765/2636 1839/2774/2645 1846/2775/2646
f 1840/2765/2636 1846/2775/2646 1847/2763/2634
f 1847/2763/2634 1846/2775/2646 1775/2761/2580
f 1809/2772/2643 1810/2776/2647 1832/2773/2644
f 1832/2773/2644 1810/2776/2647 1838/2777/2648
f 1832/2773/2644 1838/2777/2648 1839/2774/2645
f 1839/2774/2645 1838/2777/2648 1845/2778/2649
f 1839/2774/2645 1845/2778/2649 1846/2775/2646
f 1846/2775/2646 1845/2778/2649 1813/2779/2650
f 1846/2775/2646 1813/2779/2650 1775/2761/2580
f 1810/2776/2647 1811/2780/2651 1838/2777/2648
f 1838/2777/2648 1811/2780/2651 1844/2781/2652
f 1838/2777/2648 1844/2781/2652 1845/2778/2649
f 1845/2778/2649 1844/2781/2652 1813/2779/2650
f 1811/2780/2651 1812/2782/2653 1844/2781/2652
f 1844/2781/2652 1812/2782/2653 1813/2779/2650
f 1773/2758/2630 1772/2783/2654 1837/2756/2628
f 1837/2756/2628 1772/2783/2654 1831/2784/2655
f 1837/2756/2628 1831/2784/2655 1830/2754/2626
f 1830/2754/2626 1831/2784/2655 1824/2785/2656
f 1830/2754/2626 1824/2785/2656 1823/2752/2624
f 1823/2752/2624 1824/2785/2656 1817/2786/2657
f 1823/2752/2624 1817/2786/2657 1816/2750/2622
f 1816/2750/2622 1817/2786/2657 1806/2748/2620
f 1772/2783/2654 1771/2787/2658 1831/2784/2655
f 1831/2784/2655 1771/2787/2658 1825/2788/2659
f 1831/2784/2655 1825/2788/2659 1824/2785/2656
f 1824/2785/2656 1825/2788/2659 1818/2789/2660
f 1824/2785/2656 1818/2789/2660 1817/2786/2657
f 1817/2786/2657 1818/2789/2660 1768/2790/2599
f 1817/2786/2657 1768/2790/2599 1806/2748/2620
f 1771/2787/2658 1770/2791/2661 1825/2788/2659
f 1825/2788/2659 1770/2791/2661 1819/2792/2662
f 1825/2788/2659 1819/2792/2662 1818/2789/2660
f 1818/2789/2660 1819/2792/2662 1768/2790/2599
f 1770/2791/2661 1769/2793/2663 1819/2792/2662
f 1819/2792/2662 1769/2793/2663 1768/2790/2599
f 1815/2749/2621 1814/2747/2619 1821/2794/2664
f 1821/2794/2664 1814/2747/2619 1820/2770/2641
f 1821/2794/2664 1820/2770/2641 1827/2768/2639
f 1815/2749/2621 1821/2794/2664 1822/2751/2623
f 1822/2751/2623 1821/2794/2664 1828/2795/2665
f 1822/2751/2623 1828/2795/2665 1829/2753/2625
f 1829/2753/2625 1828/2795/2665 1835/2796/2666
f 1829/2753/2625 1835/2796/2666 1836/2755/2627
f 1836/2755/2627 1835/2796/2666 1842/2797/2667
f 1836/2755/2627 1842/2797/2667 1843/2757/2629
f 1843/2757/2629 1842/2797/2667 1849/2760/2632
f 1828/2795/2665 1821/2794/2664 1827/2768/2639
f 1835/2796/2666 1828/2795/2665 1834/2766/2637
f 1834/2766/2637 1828/2795/2665 1827/2768/2639
f 1842/2797/2667 1835/2796/2666 1841/2764/2635
f 1841/2764/2635 1835/2796/2666 1834/2766/2637
f 1849/2760/2632 1842/2797/2667 1848/2762/2633
f 1848/2762/2633 1842/2797/2667 1841/2764/2635
f 1813/2798/2650 1812/2799/2668 1862/2800/2669
f 1862/2800/2669 1812/2799/2668 1871/2801/2670
f 1862/2800/2669 1871/2801/2670 1861/2802/2671
f 1861/2802/2671 1871/2801/2670 1880/2803/2672
f 1861/2802/2671 1880/2803/2672 1860/2804/2673
f 1860/2804/2673 1880/2803/2672 1889/2805/2674
f 1860/2804/2673 1889/2805/2674 1859/2806/2675
f 1859/2806/2675 1889/2805/2674 1888/2807/2676
f 1859/2806/2675 1888/2807/2676 1858/2808/2677
f 1858/2808/2677 1888/2807/2676 1887/2809/2678
f 1858/2808/2677 1887/2809/2678 1886/2810/2679
f 1886/2810/2679 1887/2809/2678 1877/2811/2680
f 1886/2810/2679 1877/2811/2680 1876/2812/2681
f 1876/2812/2681 1877/2811/2680 1867/2813/2682
f 1876/2812/2681 1867/2813/2682 1866/2814/2683
f 1866/2814/2683 1867/2813/2682 1808/2815/2684
f 1866/2814/2683 1808/2815/2684 1807/2816/2685
f 1812/2799/2668 1811/2817/2686 1871/2801/2670
f 1871/2801/2670 1811/2817/2686 1870/2818/2687
f 1871/2801/2670 1870/2818/2687 1880/2803/2672
f 1880/2803/2672 1870/2818/2687 1879/2819/2688
f 1880/2803/2672 1879/2819/2688 1889/2805/2674
f 1889/2805/2674 1879/2819/2688 1888/2807/2676
f 1811/2817/2686 1810/2820/2689 1870/2818/2687
f 1870/2818/2687 1810/2820/2689 1869/2821/2690
f 1870/2818/2687 1869/2821/2690 1879/2819/2688
f 1879/2819/2688 1869/2821/2690 1878/2822/2691
f 1879/2819/2688 1878/2822/2691 1888/2807/2676
f 1888/2807/2676 1878/2822/2691 1887/2809/2678
f 1869/2821/2690 1810/2820/2689 1868/2823/2692
f 1868/2823/2692 1810/2820/2689 1809/2824/2693
f 1868/2823/2692 1809/2824/2693 1867/2813/2682
f 1867/2813/2682 1809/2824/2693 1808/2815/2684
f 1806/2825/2620 1863/2826/2694 1807/2816/2685
f 1807/2816/2685 1863/2826/2694 1864/2827/2695
f 1807/2816/2685 1864/2827/2695 1865/2828/2696
f 1865/2828/2696 1864/2827/2695 1874/2829/2697
f 1865/2828/2696 1874/2829/2697 1875/2830/2698
f 1875/2830/2698 1874/2829/2697 1884/2831/2699
f 1875/2830/2698 1884/2831/2699 1885/2832/2700
f 1885/2832/2700 1884/2831/2699 1856/2833/2701
f 1885/2832/2700 1856/2833/2701 1857/2834/2702
f 1806/2825/2620 1850/2835/2703 1863/2826/2694
f 1863/2826/2694 1850/2835/2703 1851/2836/2704
f 1863/2826/2694 1851/2836/2704 1872/2837/2705
f 1872/2837/2705 1851/2836/2704 1852/2838/2706
f 1872/2837/2705 1852/2838/2706 1881/2839/2707
f 1881/2839/2707 1852/2838/2706 1853/2840/2708
f 1881/2839/2707 1853/2840/2708 1854/2841/2709
f 1881/2839/2707 1854/2841/2709 1882/2842/2710
f 1882/2842/2710 1854/2841/2709 1855/2843/2711
f 1882/2842/2710 1855/2843/2711 1883/2844/2712
f 1883/2844/2712 1855/2843/2711 1884/2831/2699
f 1883/2844/2712 1884/2831/2699 1874/2829/2697
f 1855/2843/2711 1856/2833/2701 1884/2831/2699
f 1885/2832/2700 1857/2834/2702 1886/2810/2679
f 1886/2810/2679 1857/2834/2702 1858/2808/2677
f 1866/2814/2683 1807/2816/2685 1865/2828/2696
f 1864/2827/2695 1863/2826/2694 1873/2845/2713
f 1873/2845/2713 1863/2826/2694 1872/2837/2705
f 1873/2845/2713 1872/2837/2705 1882/2842/2710
f 1882/2842/2710 1872/2837/2705 1881/2839/2707
f 1876/2812/2681 1866/2814/2683 1875/2830/2698
f 1875/2830/2698 1866/2814/2683 1865/2828/2696
f 1878/2822/2691 1869/2821/2690 1868/2823/2692
f 1878/2822/2691 1868/2823/2692 1877/2811/2680
f 1877/2811/2680 1868/2823/2692 1867/2813/2682
f 1883/2844/2712 1874/2829/2697 1873/2845/2713
f 1873/2845/2713 1874/2829/2697 1864/2827/2695
f 1883/2844/2712 1873/2845/2713 1882/2842/2710
f 1886/2810/2679 1876/2812/2681 1885/2832/2700
f 1885/2832/2700 1876/2812/2681 1875/2830/2698
f 1887/2809/2678 1878/2822/2691 1877/2811/2680
f 1890/2846/2714 1891/2847/2715 1902/2848/2716
f 1902/2848/2716 1891/2847/2715 1907/2849/2717
f 1902/2848/2716 1907/2849/2717 1901/2850/2718
f 1901/2850/2718 1907/2849/2717 1912/2851/2719
f 1901/2850/2718 1912/2851/2719 1900/2852/2720
f 1900/2852/2720 1912/2851/2719 1917/2853/2721
f 1900/2852/2720 1917/2853/2721 1853/2854/2722
f 1853/2854/2722 1917/2853/2721 1854/2855/2723
f 1854/2855/2723 1917/2853/2721 1916/2856/2724
f 1854/2855/2723 1916/2856/2724 1855/2857/2725
f 1855/2857/2725 1916/2856/2724 1915/2858/2726
f 1855/2857/2725 1915/2858/2726 1856/2859/2727
f 1856/2859/2727 1915/2858/2726 1914/2860/2728
f 1856/2859/2727 1914/2860/2728 1857/2861/2729
f 1857/2861/2729 1914/2860/2728 1913/2862/2730
f 1857/2861/2729 1913/2862/2730 1858/2863/2731
f 1858/2863/2731 1913/2862/2730 1899/2864/2732
f 1858/2863/2731 1899/2864/2732 1859/2865/2675
f 1891/2847/2715 1892/2866/2733 1907/2849/2717
f 1907/2849/2717 1892/2866/2733 1906/2867/2734
f 1907/2849/2717 1906/2867/2734 1912/2851/2719
f 1912/2851/2719 1906/2867/2734 1911/2868/2735
f 1912/2851/2719 1911/2868/2735 1917/2853/2721
f 1917/2853/2721 1911/2868/2735 1916/2856/2724
f 1892/2866/2733 1893/2869/2736 1906/2867/2734
f 1906/2867/2734 1893/2869/2736 1905/2870/2737
f 1906/2867/2734 1905/2870/2737 1911/2868/2735
f 1911/2868/2735 1905/2870/2737 1910/2871/2738
f 1911/2868/2735 1910/2871/2738 1916/2856/2724
f 1916/2856/2724 1910/2871/2738 1915/2858/2726
f 1893/2869/2736 1894/2872/2739 1905/2870/2737
f 1905/2870/2737 1894/2872/2739 1904/2873/2740
f 1905/2870/2737 1904/2873/2740 1910/2871/2738
f 1910/2871/2738 1904/2873/2740 1909/2874/2741
f 1910/2871/2738 1909/2874/2741 1915/2858/2726
f 1915/2858/2726 1909/2874/2741 1914/2860/2728
f 1894/2872/2739 1895/2875/2742 1904/2873/2740
f 1904/2873/2740 1895/2875/2742 1903/2876/2743
f 1904/2873/2740 1903/2876/2743 1909/2874/2741
f 1909/2874/2741 1903/2876/2743 1908/2877/2744
f 1909/2874/2741 1908/2877/2744 1914/2860/2728
f 1914/2860/2728 1908/2877/2744 1913/2862/2730
f 1895/2875/2742 1896/2878/2745 1903/2876/2743
f 1903/2876/2743 1896/2878/2745 1897/2879/2746
f 1903/2876/2743 1897/2879/2746 1908/2877/2744
f 1908/2877/2744 1897/2879/2746 1898/2880/2747
f 1908/2877/2744 1898/2880/2747 1913/2862/2730
f 1913/2862/2730 1898/2880/2747 1899/2864/2732
f 1607/2881/2415 1896/2882/2745 1608/2883/2416
f 1608/2883/2416 1896/2882/2745 1895/2884/2742
f 1608/2883/2416 1895/2884/2742 1609/2885/2439
f 1609/2885/2439 1895/2884/2742 1894/2886/2739
f 1609/2885/2439 1894/2886/2739 1610/2887/2444
f 1610/2887/2444 1894/2886/2739 1893/2888/2736
f 1610/2887/2444 1893/2888/2736 1611/2889/2449
f 1611/2889/2449 1893/2888/2736 1892/2890/2733
f 1611/2889/2449 1892/2890/2733 1612/2891/2454
f 1612/2891/2454 1892/2890/2733 1891/2892/2715
f 1612/2891/2454 1891/2892/2715 1613/2893/2459
f 1613/2893/2459 1891/2892/2715 1890/2894/2714
f 1737/2895/2545 1749/2896/2547 1919/2897/2748
f 1919/2897/2748 1749/2896/2547 1748/2898/2549
f 1919/2897/2748 1748/2898/2549 1747/2899/2551
f 1747/2899/2551 1730/2900/2538 1919/2897/2748
f 1919/2897/2748 1730/2900/2538 1688/2901/2496
f 1919/2897/2748 1688/2901/2496 1704/2902/2498
f 1704/2902/2498 1703/2903/2500 1919/2897/2748
f 1919/2897/2748 1703/2903/2500 1702/2904/2502
f 1919/2897/2748 1702/2904/2502 1701/2905/2504
f 1701/2905/2504 1700/2906/2506 1919/2897/2748
f 1919/2897/2748 1700/2906/2506 1515/2907/2749
f 1515/2907/2749 1700/2906/2506 1656/2908/2466
f 1515/2907/2749 1656/2908/2466 1619/2909/2438
f 1515/2907/2749 1619/2909/2438 1516/2910/2750
f 1516/2910/2750 1619/2909/2438 1618/2911/2437
f 1516/2910/2750 1618/2911/2437 1918/2912/2751
f 1918/2912/2751 1618/2911/2437 1617/2913/2463
f 1918/2912/2751 1617/2913/2463 1616/2914/2462
f 1616/2914/2462 1615/2915/2461 1918/2912/2751
f 1918/2912/2751 1615/2915/2461 1614/2916/2460
f 1918/2912/2751 1614/2916/2460 1613/2917/2459
f 1613/2917/2459 1890/2918/2714 1918/2912/2751
f 1918/2912/2751 1890/2918/2714 1902/2919/2716
f 1918/2912/2751 1902/2919/2716 1901/2920/2718
f 1901/2920/2718 1900/2921/2720 1918/2912/2751
f 1918/2912/2751 1900/2921/2720 1853/2922/2752
f 1775/2923/2580 1813/2924/2650 1921/2925/2753
f 1921/2925/2753 1813/2924/2650 1920/2926/2754
f 1813/2927/2650 1862/2928/2755 1920/2929/2754
f 1920/2929/2754 1862/2928/2755 1927/2930/2756
f 1927/2930/2756 1862/2928/2755 1861/2931/2757
f 1927/2930/2756 1861/2931/2757 1926/2932/2758
f 1926/2932/2758 1861/2931/2757 1860/2933/2759
f 1926/2932/2758 1860/2933/2759 1859/2934/2675
f 1926/2932/2758 1859/2934/2675 1925/2935/2760
f 1925/2935/2760 1859/2934/2675 1899/2936/2732
f 1925/2935/2760 1899/2936/2732 1924/2937/2761
f 1924/2937/2761 1899/2936/2732 1898/2938/2747
f 1924/2937/2761 1898/2938/2747 1923/2939/2762
f 1923/2939/2762 1898/2938/2747 1897/2940/2746
f 1923/2939/2762 1897/2940/2746 1922/2941/2763
f 1922/2941/2763 1897/2940/2746 1896/2942/2745
f 1896/2943/2745 1607/2944/2415 1922/2945/2763
f 1922/2945/2763 1607/2944/2415 1928/2946/2764
f 1928/2947/2764 1607/2948/2415 1934/2949/2765
f 1934/2949/2765 1607/2948/2415 1630/2950/2417
f 1934/2949/2765 1630/2950/2417 1933/2951/2766
f 1933/2951/2766 1630/2950/2417 1629/2952/2419
f 1933/2951/2766 1629/2952/2419 1932/2953/2767
f 1932/2953/2767 1629/2952/2419 1628/2954/2421
f 1932/2953/2767 1628/2954/2421 1931/2955/2768
f 1931/2955/2768 1628/2954/2421 1627/2956/2423
f 1931/2955/2768 1627/2956/2423 1930/2957/2769
f 1930/2957/2769 1627/2956/2423 1626/2958/2425
f 1930/2957/2769 1626/2958/2425 1929/2959/2770
f 1929/2959/2770 1626/2958/2425 1625/2960/2427
f 1593/2961/2771 1935/2962/2772 1594/2963/2773
f 1594/2963/2773 1935/2962/2772 1936/2964/2774
f 1594/2963/2773 1936/2964/2774 1595/2965/2775
f 1595/2965/2775 1936/2964/2774 1937/2966/2776
f 1595/2965/2775 1937/2966/2776 1596/2967/2777
f 1596/2967/2777 1937/2966/2776 1938/2968/2778
f 1596/2967/2777 1938/2968/2778 1597/2969/2779
f 1597/2969/2779 1938/2968/2778 1939/2970/2780
f 1597/2969/2779 1939/2970/2780 1598/2971/2781
f 1598/2971/2781 1939/2970/2780 1940/2972/2782
f 1598/2971/2781 1940/2972/2782 1599/2973/2783
f 1599/2973/2783 1940/2972/2782 1941/2974/2784
f 1942/2975/2785 1943/2976/2786 1954/2977/2787
f 1954/2977/2787 1943/2976/2786 1953/2978/2788
f 1953/2978/2788 1943/2976/2786 1935/2979/2772
f 1935/2979/2772 1943/2976/2786 1936/2980/2774
f 1936/2980/2774 1943/2976/2786 1944/2981/2789
f 1936/2980/2774 1944/2981/2789 1937/2982/2776
f 1937/2982/2776 1944/2981/2789 1945/2983/2790
f 1937/2982/2776 1945/2983/2790 1938/2984/2778
f 1938/2984/2778 1945/2983/2790 1946/2985/2791
f 1938/2984/2778 1946/2985/2791 1947/2986/2792
f 1938/2984/2778 1947/2986/2792 1939/2987/2780
f 1939/2987/2780 1947/2986/2792 1948/2988/2793
f 1939/2987/2780 1948/2988/2793 1940/2989/2782
f 1940/2989/2782 1948/2988/2793 1949/2990/2794
f 1940/2989/2782 1949/2990/2794 1952/2991/2795
f 1952/2991/2795 1949/2990/2794 1951/2992/2796
f 1951/2992/2796 1949/2990/2794 1950/2993/2797
f 1952/2991/2795 1941/2994/2784 1940/2989/2782
f 1941/2995/2784 1955/2996/2798 1599/2997/2783
f 1599/2997/2783 1955/2996/2798 1600/2998/2799
f 1941/2999/2784 1952/3000/2795 1955/3001/2798
f 1955/3001/2798 1952/3000/2795 1967/3002/2800
f 1967/3002/2800 1952/3000/2795 1951/3003/2796
f 1967/3002/2800 1951/3003/2796 1950/3004/2797
f 1967/3002/2800 1950/3004/2797 1966/3005/2801
f 1966/3005/2801 1950/3004/2797 1956/3006/2802
f 1966/3005/2801 1956/3006/2802 1965/3007/2803
f 1965/3007/2803 1956/3006/2802 1957/3008/2804
f 1965/3007/2803 1957/3008/2804 1964/3009/2805
f 1964/3009/2805 1957/3008/2804 1958/3010/2806
f 1964/3009/2805 1958/3010/2806 1959/3011/2807
f 1964/3009/2805 1959/3011/2807 1963/3012/2808
f 1963/3012/2808 1959/3011/2807 1960/3013/2809
f 1963/3012/2808 1960/3013/2809 1962/3014/2810
f 1962/3014/2810 1960/3013/2809 1961/3015/2811
f 1981/3016/2812 1968/3017/2813 1980/3018/2814
f 1980/3018/2814 1968/3017/2813 1969/3019/2815
f 1980/3018/2814 1969/3019/2815 1979/3020/2816
f 1979/3020/2816 1969/3019/2815 1978/3021/2817
f 1978/3021/2817 1969/3019/2815 1970/3022/2818
f 1978/3021/2817 1970/3022/2818 1977/3023/2819
f 1977/3023/2819 1970/3022/2818 1976/3024/2820
f 1976/3024/2820 1970/3022/2818 1971/3025/2821
f 1976/3024/2820 1971/3025/2821 1975/3026/2822
f 1975/3026/2822 1971/3025/2821 1974/3027/2823
f 1974/3027/2823 1971/3025/2821 1972/3028/2824
f 1974/3027/2823 1972/3028/2824 1973/3029/2825
f 1968/3030/2813 1961/3031/2811 1993/3032/2826
f 1993/3032/2826 1961/3031/2811 1982/3033/2827
f 1993/3032/2826 1982/3033/2827 1992/3034/2828
f 1992/3034/2828 1982/3033/2827 1991/3035/2829
f 1992/3034/2828 1991/3035/2829 1969/3036/2830
f 1969/3036/2830 1991/3035/2829 1970/3037/2831
f 1970/3037/2831 1991/3035/2829 1990/3038/2832
f 1970/3037/2831 1990/3038/2832 1989/3039/2833
f 1989/3039/2833 1990/3038/2832 1984/3040/2834
f 1989/3039/2833 1984/3040/2834 1988/3041/2835
f 1988/3041/2835 1984/3040/2834 1985/3042/2836
f 1988/3041/2835 1985/3042/2836 1987/3043/2837
f 1987/3043/2837 1985/3042/2836 1986/3044/2838
f 1987/3043/2837 1986/3044/2838 1972/3045/2824
f 1982/3033/2827 1983/3046/2839 1991/3035/2829
f 1991/3035/2829 1983/3046/2839 1990/3038/2832
f 1983/3046/2839 1984/3040/2834 1990/3038/2832
f 1972/3045/2824 1971/3047/2840 1987/3043/2837
f 1987/3043/2837 1971/3047/2840 1988/3041/2835
f 1988/3041/2835 1971/3047/2840 1989/3039/2833
f 1989/3039/2833 1971/3047/2840 1970/3037/2831
f 1992/3034/2828 1969/3036/2830 1993/3032/2826
f 1993/3032/2826 1969/3036/2830 1968/3030/2813
f 1950/3048/2841 1949/3049/2842 1956/3050/2843
f 1956/3050/2843 1949/3049/2842 2004/3051/2844
f 1956/3050/2843 2004/3051/2844 1957/3052/2845
f 1957/3052/2845 2004/3051/2844 2011/3053/2846
f 1957/3052/2845 2011/3053/2846 1958/3054/2847
f 1958/3054/2847 2011/3053/2846 1959/3055/2848
f 1959/3055/2848 2011/3053/2846 2018/3056/2849
f 1959/3055/2848 2018/3056/2849 1960/3057/2850
f 1960/3057/2850 2018/3056/2849 1961/3058/2811
f 1961/3058/2811 2018/3056/2849 1982/3059/2851
f 1982/3059/2851 2018/3056/2849 2017/3060/2852
f 1982/3059/2851 2017/3060/2852 2016/3061/2853
f 2016/3061/2853 2017/3060/2852 2009/3062/2854
f 2016/3061/2853 2009/3062/2854 2008/3063/2855
f 2008/3063/2855 2009/3062/2854 2001/3064/2856
f 2008/3063/2855 2001/3064/2856 2000/3065/2857
f 2000/3065/2857 2001/3064/2856 1945/3066/2858
f 2000/3065/2857 1945/3066/2858 1944/3067/2859
f 1949/3049/2842 1948/3068/2860 2004/3051/2844
f 2004/3051/2844 1948/3068/2860 2003/3069/2861
f 2004/3051/2844 2003/3069/2861 2011/3053/2846
f 2011/3053/2846 2003/3069/2861 2010/3070/2862
f 2011/3053/2846 2010/3070/2862 2018/3056/2849
f 2018/3056/2849 2010/3070/2862 2017/3060/2852
f 1948/3068/2860 1947/3071/2863 2003/3069/2861
f 2003/3069/2861 1947/3071/2863 2002/3072/2864
f 2003/3069/2861 2002/3072/2864 2010/3070/2862
f 2010/3070/2862 2002/3072/2864 2009/3062/2854
f 2010/3070/2862 2009/3062/2854 2017/3060/2852
f 1947/3071/2863 1946/3073/2865 2002/3072/2864
f 2002/3072/2864 1946/3073/2865 2001/3064/2856
f 2002/3072/2864 2001/3064/2856 2009/3062/2854
f 1946/3073/2865 1945/3066/2858 2001/3064/2856
f 1943/3074/2866 1998/3075/2867 1944/3067/2859
f 1944/3067/2859 1998/3075/2867 1999/3076/2868
f 1944/3067/2859 1999/3076/2868 2000/3065/2857
f 2000/3065/2857 1999/3076/2868 2007/3077/2869
f 2000/3065/2857 2007/3077/2869 2008/3063/2855
f 2008/3063/2855 2007/3077/2869 2015/3078/2870
f 2008/3063/2855 2015/3078/2870 2016/3061/2853
f 2016/3061/2853 2015/3078/2870 1983/3079/2871
f 2016/3061/2853 1983/3079/2871 1982/3059/2851
f 1942/3080/2872 1994/3081/2873 1943/3074/2866
f 1943/3074/2866 1994/3081/2873 1998/3075/2867
f 1994/3081/2873 1995/3082/2874 1998/3075/2867
f 1998/3075/2867 1995/3082/2874 2005/3083/2875
f 1998/3075/2867 2005/3083/2875 2006/3084/2876
f 2006/3084/2876 2005/3083/2875 2013/3085/2877
f 2006/3084/2876 2013/3085/2877 2014/3086/2878
f 2014/3086/2878 2013/3085/2877 1984/3087/2879
f 2014/3086/2878 1984/3087/2879 2015/3078/2870
f 2015/3078/2870 1984/3087/2879 1983/3079/2871
f 1995/3082/2874 1996/3088/2880 2005/3083/2875
f 2005/3083/2875 1996/3088/2880 2012/3089/2881
f 2005/3083/2875 2012/3089/2881 2013/3085/2877
f 2013/3085/2877 2012/3089/2881 1985/3090/2882
f 2013/3085/2877 1985/3090/2882 1984/3087/2879
f 1996/3088/2880 1997/3091/2883 2012/3089/2881
f 2012/3089/2881 1997/3091/2883 1985/3090/2882
f 1997/3091/2883 1986/3092/2884 1985/3090/2882
f 2007/3077/2869 1999/3076/2868 2006/3084/2876
f 2006/3084/2876 1999/3076/2868 1998/3075/2867
f 2015/3078/2870 2007/3077/2869 2014/3086/2878
f 2014/3086/2878 2007/3077/2869 2006/3084/2876
f 1972/3093/2824 2020/3094/2885 1973/3095/2825
f 1973/3095/2825 2020/3094/2885 2021/3096/2886
f 1973/3095/2825 2021/3096/2886 2022/3097/2887
f 1972/3093/2824 2019/3098/2888 2020/3094/2885
f 1986/3099/2884 2029/3100/2889 1972/3101/2824
f 1972/3101/2824 2029/3100/2889 2030/3102/2890
f 1972/3101/2824 2030/3102/2890 2028/3103/2891
f 2028/3103/2891 2030/3102/2890 2027/3104/2892
f 2027/3104/2892 2030/3102/2890 2032/3105/2893
f 2027/3104/2892 2032/3105/2893 2026/3106/2894
f 2026/3106/2894 2032/3105/2893 2025/3107/2895
f 2025/3107/2895 2032/3105/2893 2024/3108/2896
f 2024/3108/2896 2032/3105/2893 2031/3109/2897
f 2024/3108/2896 2031/3109/2897 1995/3110/2898
f 1995/3110/2898 2031/3109/2897 1996/3111/2899
f 1996/3111/2899 2031/3109/2897 1997/3112/2900
f 1997/3112/2900 2031/3109/2897 2029/3100/2889
f 1997/3112/2900 2029/3100/2889 1986/3099/2884
f 1995/3110/2898 1994/3113/2901 2024/3108/2896
f 2024/3108/2896 1994/3113/2901 1942/3114/2902
f 2024/3108/2896 1942/3114/2902 2023/3115/2903
f 2028/3103/2891 2019/3116/2888 1972/3101/2824
f 2032/3105/2893 2030/3102/2890 2029/3100/2889
f 2031/3109/2897 2032/3105/2893 2029/3100/2889
f 2021/3117/2904 2043/3118/2905 2022/3119/2906
f 2022/3119/2906 2043/3118/2905 2044/3120/2907
f 2022/3119/2906 2044/3120/2907 2045/3121/2908
f 2045/3121/2908 2044/3120/2907 2051/3122/2909
f 2045/3121/2908 2051/3122/2909 2039/3123/2910
f 2039/3123/2910 2051/3122/2909 2038/3124/2911
f 2038/3124/2911 2051/3122/2909 2041/3125/2912
f 2038/3124/2911 2041/3125/2912 2037/3126/2913
f 2037/3126/2913 2041/3125/2912 2036/3127/2914
f 2036/3127/2914 2041/3125/2912 2052/3128/2915
f 2036/3127/2914 2052/3128/2915 2035/3129/2916
f 2035/3129/2916 2052/3128/2915 2053/3130/2917
f 2035/3129/2916 2053/3130/2917 2054/3131/2918
f 2054/3131/2918 2053/3130/2917 2048/3132/2919
f 2054/3131/2918 2048/3132/2919 2047/3133/2920
f 2047/3133/2920 2048/3132/2919 2020/3134/2921
f 2047/3133/2920 2020/3134/2921 2046/3135/2922
f 2046/3135/2922 2020/3134/2921 2057/3136/2923
f 2046/3135/2922 2057/3136/2923 2056/3137/2924
f 2056/3137/2924 2057/3136/2923 2034/3138/2925
f 2056/3137/2924 2034/3138/2925 2055/3139/2926
f 2055/3139/2926 2034/3138/2925 2054/3131/2918
f 2055/3139/2926 2054/3131/2918 2047/3133/2920
f 2043/3118/2905 2021/3117/2904 2042/3140/2927
f 2042/3140/2927 2021/3117/2904 2020/3134/2921
f 2042/3140/2927 2020/3134/2921 2048/3132/2919
f 2020/3134/2921 2019/3141/2928 2057/3136/2923
f 2057/3136/2923 2019/3141/2928 2028/3142/2929
f 2057/3136/2923 2028/3142/2929 2033/3143/2930
f 2033/3143/2930 2034/3138/2925 2057/3136/2923
f 2034/3138/2925 2035/3129/2916 2054/3131/2918
f 2039/3123/2910 2040/3144/2931 2045/3121/2908
f 2045/3121/2908 2040/3144/2931 2022/3119/2906
f 2043/3118/2905 2042/3140/2927 2049/3145/2932
f 2049/3145/2932 2042/3140/2927 2048/3132/2919
f 2049/3145/2932 2048/3132/2919 2053/3130/2917
f 2044/3120/2907 2043/3118/2905 2050/3146/2933
f 2050/3146/2933 2043/3118/2905 2049/3145/2932
f 2050/3146/2933 2049/3145/2932 2052/3128/2915
f 2052/3128/2915 2049/3145/2932 2053/3130/2917
f 2055/3139/2926 2047/3133/2920 2046/3135/2922
f 2056/3137/2924 2055/3139/2926 2046/3135/2922
f 2041/3125/2912 2051/3122/2909 2050/3146/2933
f 2050/3146/2933 2051/3122/2909 2044/3120/2907
f 2041/3125/2912 2050/3146/2933 2052/3128/2915
f 2068/3147/2934 2037/3148/2913 2075/3149/2935
f 2075/3149/2935 2037/3148/2913 2036/3150/2936
f 2075/3149/2935 2036/3150/2936 2074/3151/2937
f 2074/3151/2937 2036/3150/2936 2073/3152/2938
f 2074/3151/2937 2073/3152/2938 2081/3153/2939
f 2081/3153/2939 2073/3152/2938 2080/3154/2940
f 2081/3153/2939 2080/3154/2940 2088/3155/2941
f 2088/3155/2941 2080/3154/2940 2087/3156/2942
f 2088/3155/2941 2087/3156/2942 2095/3157/2943
f 2095/3157/2943 2087/3156/2942 2094/3158/2944
f 2095/3157/2943 2094/3158/2944 2061/3159/2945
f 2061/3159/2945 2094/3158/2944 2093/3160/2946
f 2061/3159/2945 2093/3160/2946 2060/3161/2947
f 2060/3161/2947 2093/3160/2946 2092/3162/2948
f 2060/3161/2947 2092/3162/2948 2059/3163/2949
f 2059/3163/2949 2092/3162/2948 2091/3164/2950
f 2059/3163/2949 2091/3164/2950 2058/3165/2951
f 2058/3165/2951 2091/3164/2950 2090/3166/2952
f 2058/3165/2951 2090/3166/2952 2024/3167/2953
f 2024/3167/2953 2090/3166/2952 2025/3168/2954
f 2025/3168/2954 2090/3166/2952 2083/3169/2955
f 2025/3168/2954 2083/3169/2955 2026/3170/2894
f 2026/3170/2894 2083/3169/2955 2076/3171/2956
f 2026/3170/2894 2076/3171/2956 2027/3172/2957
f 2027/3172/2957 2076/3171/2956 2069/3173/2958
f 2027/3172/2957 2069/3173/2958 2028/3174/2891
f 2028/3174/2891 2069/3173/2958 2033/3175/2959
f 2033/3175/2959 2069/3173/2958 2070/3176/2960
f 2033/3175/2959 2070/3176/2960 2034/3177/2961
f 2034/3177/2961 2070/3176/2960 2071/3178/2962
f 2034/3177/2961 2071/3178/2962 2072/3179/2963
f 2072/3179/2963 2071/3178/2962 2079/3180/2964
f 2072/3179/2963 2079/3180/2964 2080/3154/2940
f 2080/3154/2940 2079/3180/2964 2087/3156/2942
f 2036/3150/2936 2035/3181/2965 2073/3152/2938
f 2073/3152/2938 2035/3181/2965 2072/3179/2963
f 2073/3152/2938 2072/3179/2963 2080/3154/2940
f 2035/3181/2965 2034/3177/2961 2072/3179/2963
f 2024/3167/2953 2023/3182/2966 2058/3165/2951
f 2061/3159/2945 2062/3183/2967 2095/3157/2943
f 2095/3157/2943 2062/3183/2967 2096/3184/2968
f 2095/3157/2943 2096/3184/2968 2088/3155/2941
f 2088/3155/2941 2096/3184/2968 2089/3185/2969
f 2088/3155/2941 2089/3185/2969 2081/3153/2939
f 2081/3153/2939 2089/3185/2969 2082/3186/2970
f 2081/3153/2939 2082/3186/2970 2074/3151/2937
f 2074/3151/2937 2082/3186/2970 2075/3149/2935
f 2062/3183/2967 2063/3187/2971 2096/3184/2968
f 2096/3184/2968 2063/3187/2971 2064/3188/2972
f 2096/3184/2968 2064/3188/2972 2065/3189/2973
f 2065/3189/2973 2066/3190/2974 2096/3184/2968
f 2096/3184/2968 2066/3190/2974 2089/3185/2969
f 2066/3190/2974 2067/3191/2975 2089/3185/2969
f 2089/3185/2969 2067/3191/2975 2082/3186/2970
f 2067/3191/2975 2068/3147/2934 2082/3186/2970
f 2082/3186/2970 2068/3147/2934 2075/3149/2935
f 2070/3176/2960 2069/3173/2958 2077/3192/2976
f 2077/3192/2976 2069/3173/2958 2076/3171/2956
f 2077/3192/2976 2076/3171/2956 2084/3193/2977
f 2084/3193/2977 2076/3171/2956 2083/3169/2955
f 2084/3193/2977 2083/3169/2955 2091/3164/2950
f 2091/3164/2950 2083/3169/2955 2090/3166/2952
f 2071/3178/2962 2070/3176/2960 2078/3194/2978
f 2078/3194/2978 2070/3176/2960 2077/3192/2976
f 2078/3194/2978 2077/3192/2976 2085/3195/2979
f 2085/3195/2979 2077/3192/2976 2084/3193/2977
f 2085/3195/2979 2084/3193/2977 2092/3162/2948
f 2092/3162/2948 2084/3193/2977 2091/3164/2950
f 2071/3178/2962 2078/3194/2978 2079/3180/2964
f 2079/3180/2964 2078/3194/2978 2086/3196/2980
f 2079/3180/2964 2086/3196/2980 2087/3156/2942
f 2087/3156/2942 2086/3196/2980 2094/3158/2944
f 2086/3196/2980 2078/3194/2978 2085/3195/2979
f 2092/3162/2948 2093/3160/2946 2085/3195/2979
f 2085/3195/2979 2093/3160/2946 2086/3196/2980
f 2093/3160/2946 2094/3158/2944 2086/3196/2980
f 2097/3197/2981 2098/3198/2982 2107/3199/2983
f 2107/3199/2983 2098/3198/2982 2058/3200/2984
f 2107/3199/2983 2058/3200/2984 2106/3201/2985
f 2106/3201/2985 2058/3200/2984 2023/3202/2986
f 2098/3198/2982 2099/3203/2987 2058/3200/2984
f 2058/3200/2984 2099/3203/2987 2059/3204/2988
f 2059/3204/2988 2099/3203/2987 2100/3205/2989
f 2059/3204/2988 2100/3205/2989 2060/3206/2990
f 2060/3206/2990 2100/3205/2989 2101/3207/2991
f 2060/3206/2990 2101/3207/2991 2061/3208/2992
f 2061/3208/2992 2101/3207/2991 2102/3209/2993
f 2061/3208/2992 2102/3209/2993 2062/3210/2994
f 2062/3210/2994 2102/3209/2993 2103/3211/2995
f 2062/3210/2994 2103/3211/2995 2104/3212/2996
f 2104/3212/2996 2105/3213/2997 2062/3210/2994
f 2062/3210/2994 2105/3213/2997 2063/3214/2971
f 2097/3215/2981 1592/3216/2998 2098/3217/2982
f 2098/3217/2982 1592/3216/2998 1591/3218/2999
f 2098/3217/2982 1591/3218/2999 2099/3219/2987
f 2099/3219/2987 1591/3218/2999 1590/3220/3000
f 2099/3219/2987 1590/3220/3000 2100/3221/2989
f 2100/3221/2989 1590/3220/3000 1589/3222/3001
f 2100/3221/2989 1589/3222/3001 2101/3223/2991
f 2101/3223/2991 1589/3222/3001 1588/3224/3002
f 2101/3223/2991 1588/3224/3002 2102/3225/2993
f 2102/3225/2993 1588/3224/3002 1587/3226/3003
f 2102/3225/2993 1587/3226/3003 2103/3227/2995
f 2103/3227/2995 1587/3226/3003 1586/3228/3004
f 1586/3229/3004 1585/3230/3005 2103/3231/2995
f 2103/3231/2995 1585/3230/3005 2108/3232/3006
f 1593/3233/2771 1592/3234/2998 1935/3235/2772
f 1935/3235/2772 1592/3234/2998 2097/3236/2981
f 1935/3235/2772 2097/3236/2981 2107/3237/2983
f 1935/3235/2772 2107/3237/2983 1953/3238/2788
f 1953/3238/2788 2107/3237/2983 2106/3239/2985
f 1953/3238/2788 2106/3239/2985 1954/3240/2787
f 1954/3240/2787 2106/3239/2985 2023/3241/3007
f 1954/3240/2787 2023/3241/3007 1942/3242/2785
f 2108/3243/3006 1585/3244/3005 2114/3245/3008
f 2114/3245/3008 1585/3244/3005 1584/3246/3009
f 2114/3245/3008 1584/3246/3009 2113/3247/3010
f 2113/3247/3010 1584/3246/3009 1583/3248/3011
f 2113/3247/3010 1583/3248/3011 2112/3249/3012
f 2112/3249/3012 1583/3248/3011 1582/3250/3013
f 2112/3249/3012 1582/3250/3013 2111/3251/3014
f 2111/3251/3014 1582/3250/3013 1581/3252/3015
f 2111/3251/3014 1581/3252/3015 2110/3253/3016
f 2110/3253/3016 1581/3252/3015 1580/3254/3017
f 2110/3253/3016 1580/3254/3017 2109/3255/3018
f 2109/3255/3018 1580/3254/3017 1579/3256/3019
f 2115/3257/3020 2116/3258/3021 2128/3259/3022
f 2128/3259/3022 2116/3258/3021 2127/3260/3023
f 2127/3260/3023 2116/3258/3021 2117/3261/3024
f 2127/3260/3023 2117/3261/3024 2118/3262/3025
f 2127/3260/3023 2118/3262/3025 2126/3263/3026
f 2126/3263/3026 2118/3262/3025 2119/3264/3027
f 2126/3263/3026 2119/3264/3027 2120/3265/3028
f 2126/3263/3026 2120/3265/3028 2125/3266/3029
f 2125/3266/3029 2120/3265/3028 2121/3267/3030
f 2125/3266/3029 2121/3267/3030 2122/3268/3031
f 2123/3269/3032 2124/3270/3033 2122/3268/3031
f 2122/3268/3031 2124/3270/3033 2125/3266/3029
f 2138/3271/3034 2108/3272/3006 2149/3273/3035
f 2149/3273/3035 2108/3272/3006 2114/3274/3036
f 2149/3273/3035 2114/3274/3036 2148/3275/3037
f 2148/3275/3037 2114/3274/3036 2113/3276/3038
f 2148/3275/3037 2113/3276/3038 2147/3277/3039
f 2147/3277/3039 2113/3276/3038 2146/3278/3040
f 2147/3277/3039 2146/3278/3040 2154/3279/3041
f 2154/3279/3041 2146/3278/3040 2153/3280/3042
f 2154/3279/3041 2153/3280/3042 2161/3281/3043
f 2161/3281/3043 2153/3280/3042 2160/3282/3044
f 2161/3281/3043 2160/3282/3044 2167/3283/3045
f 2167/3283/3045 2160/3282/3044 2166/3284/3046
f 2167/3283/3045 2166/3284/3046 2176/3285/3047
f 2176/3285/3047 2166/3284/3046 2177/3286/3048
f 2176/3285/3047 2177/3286/3048 2173/3287/3049
f 2173/3287/3049 2177/3286/3048 2172/3288/3050
f 2173/3287/3049 2172/3288/3050 2183/3289/3051
f 2183/3289/3051 2172/3288/3050 2184/3290/3052
f 2183/3289/3051 2184/3290/3052 2126/3291/3053
f 2126/3291/3053 2184/3290/3052 2185/3292/3054
f 2126/3291/3053 2185/3292/3054 2127/3293/3055
f 2127/3293/3055 2185/3292/3054 2186/3294/3056
f 2127/3293/3055 2186/3294/3056 2187/3295/3057
f 2187/3295/3057 2186/3294/3056 2139/3296/3058
f 2187/3295/3057 2139/3296/3058 2128/3297/3022
f 2128/3297/3022 2139/3296/3058 2133/3298/3059
f 2133/3298/3059 2139/3296/3058 2180/3299/3060
f 2133/3298/3059 2180/3299/3060 2141/3300/3061
f 2141/3300/3061 2180/3299/3060 2179/3301/3062
f 2141/3300/3061 2179/3301/3062 2164/3302/3063
f 2164/3302/3063 2179/3301/3062 2178/3303/3064
f 2164/3302/3063 2178/3303/3064 2165/3304/3065
f 2165/3304/3065 2178/3303/3064 2177/3286/3048
f 2165/3304/3065 2177/3286/3048 2166/3284/3046
f 2113/3276/3038 2112/3305/3012 2146/3278/3040
f 2146/3278/3040 2112/3305/3012 2145/3306/3066
f 2146/3278/3040 2145/3306/3066 2153/3280/3042
f 2153/3280/3042 2145/3306/3066 2152/3307/3067
f 2153/3280/3042 2152/3307/3067 2160/3282/3044
f 2160/3282/3044 2152/3307/3067 2159/3308/3068
f 2160/3282/3044 2159/3308/3068 2166/3284/3046
f 2166/3284/3046 2159/3308/3068 2165/3304/3065
f 2112/3305/3012 2111/3309/3069 2145/3306/3066
f 2145/3306/3066 2111/3309/3069 2144/3310/3070
f 2145/3306/3066 2144/3310/3070 2152/3307/3067
f 2152/3307/3067 2144/3310/3070 2151/3311/3071
f 2152/3307/3067 2151/3311/3071 2159/3308/3068
f 2159/3308/3068 2151/3311/3071 2158/3312/3072
f 2159/3308/3068 2158/3312/3072 2165/3304/3065
f 2165/3304/3065 2158/3312/3072 2164/3302/3063
f 2111/3309/3069 2110/3313/3073 2144/3310/3070
f 2144/3310/3070 2110/3313/3073 2143/3314/3074
f 2144/3310/3070 2143/3314/3074 2151/3311/3071
f 2151/3311/3071 2143/3314/3074 2150/3315/3075
f 2151/3311/3071 2150/3315/3075 2158/3312/3072
f 2158/3312/3072 2150/3315/3075 2157/3316/3076
f 2158/3312/3072 2157/3316/3076 2164/3302/3063
f 2164/3302/3063 2157/3316/3076 2141/3300/3061
f 2110/3313/3073 2109/3317/3018 2143/3314/3074
f 2143/3314/3074 2109/3317/3018 2129/3318/3077
f 2143/3314/3074 2129/3318/3077 2130/3319/3078
f 2143/3314/3074 2130/3319/3078 2150/3315/3075
f 2150/3315/3075 2130/3319/3078 2131/3320/3079
f 2150/3315/3075 2131/3320/3079 2157/3316/3076
f 2157/3316/3076 2131/3320/3079 2132/3321/3080
f 2157/3316/3076 2132/3321/3080 2141/3300/3061
f 2141/3300/3061 2132/3321/3080 2133/3298/3059
f 2128/3297/3022 2127/3293/3055 2187/3295/3057
f 2126/3291/3053 2125/3322/3081 2183/3289/3051
f 2183/3289/3051 2125/3322/3081 2182/3323/3082
f 2183/3289/3051 2182/3323/3082 2173/3287/3049
f 2173/3287/3049 2182/3323/3082 2174/3324/3083
f 2173/3287/3049 2174/3324/3083 2176/3285/3047
f 2176/3285/3047 2174/3324/3083 2175/3325/3084
f 2176/3285/3047 2175/3325/3084 2167/3283/3045
f 2167/3283/3045 2175/3325/3084 2168/3326/3085
f 2167/3283/3045 2168/3326/3085 2161/3281/3043
f 2161/3281/3043 2168/3326/3085 2162/3327/3086
f 2161/3281/3043 2162/3327/3086 2154/3279/3041
f 2154/3279/3041 2162/3327/3086 2155/3328/3087
f 2154/3279/3041 2155/3328/3087 2147/3277/3039
f 2147/3277/3039 2155/3328/3087 2148/3275/3037
f 2182/3323/3082 2125/3322/3081 2181/3329/3088
f 2181/3329/3088 2125/3322/3081 2124/3330/3033
f 2181/3329/3088 2124/3330/3033 2140/3331/3089
f 2140/3331/3089 2124/3330/3033 2134/3332/3090
f 2140/3331/3089 2134/3332/3090 2142/3333/3091
f 2142/3333/3091 2134/3332/3090 2135/3334/3092
f 2142/3333/3091 2135/3334/3092 2169/3335/3093
f 2169/3335/3093 2135/3334/3092 2163/3336/3094
f 2169/3335/3093 2163/3336/3094 2162/3327/3086
f 2162/3327/3086 2163/3336/3094 2155/3328/3087
f 2135/3334/3092 2136/3337/3095 2163/3336/3094
f 2163/3336/3094 2136/3337/3095 2156/3338/3096
f 2163/3336/3094 2156/3338/3096 2155/3328/3087
f 2155/3328/3087 2156/3338/3096 2148/3275/3037
f 2136/3337/3095 2137/3339/3097 2156/3338/3096
f 2156/3338/3096 2137/3339/3097 2149/3273/3035
f 2156/3338/3096 2149/3273/3035 2148/3275/3037
f 2137/3339/3097 2138/3271/3034 2149/3273/3035
f 2169/3335/3093 2162/3327/3086 2168/3326/3085
f 2142/3333/3091 2169/3335/3093 2168/3326/3085
f 2142/3333/3091 2168/3326/3085 2175/3325/3084
f 2179/3301/3062 2180/3299/3060 2170/3340/3098
f 2170/3340/3098 2180/3299/3060 2139/3296/3058
f 2170/3340/3098 2139/3296/3058 2186/3294/3056
f 2178/3303/3064 2179/3301/3062 2171/3341/3099
f 2171/3341/3099 2179/3301/3062 2170/3340/3098
f 2171/3341/3099 2170/3340/3098 2185/3292/3054
f 2185/3292/3054 2170/3340/3098 2186/3294/3056
f 2177/3286/3048 2178/3303/3064 2172/3288/3050
f 2172/3288/3050 2178/3303/3064 2171/3341/3099
f 2172/3288/3050 2171/3341/3099 2184/3290/3052
f 2184/3290/3052 2171/3341/3099 2185/3292/3054
f 2142/3333/3091 2175/3325/3084 2140/3331/3089
f 2140/3331/3089 2175/3325/3084 2174/3324/3083
f 2140/3331/3089 2174/3324/3083 2181/3329/3088
f 2181/3329/3088 2174/3324/3083 2182/3323/3082
f 2193/3342/3100 1578/3343/3101 2192/3344/3102
f 2192/3344/3102 1578/3343/3101 1605/3345/3103
f 2192/3344/3102 1605/3345/3103 2191/3346/3104
f 2191/3346/3104 1605/3345/3103 1604/3347/3105
f 2191/3346/3104 1604/3347/3105 2190/3348/3106
f 2190/3348/3106 1604/3347/3105 1603/3349/3107
f 2190/3348/3106 1603/3349/3107 2189/3350/3108
f 2189/3350/3108 1603/3349/3107 1602/3351/3109
f 2189/3350/3108 1602/3351/3109 2188/3352/3110
f 2188/3352/3110 1602/3351/3109 1601/3353/3111
f 2188/3352/3110 1601/3353/3111 1955/3354/2798
f 1955/3354/2798 1601/3353/3111 1600/3355/2799
f 2194/3356/3112 2195/3357/3113 1962/3358/2810
f 1962/3358/2810 2195/3357/3113 2206/3359/3114
f 2206/3359/3114 2195/3357/3113 2196/3360/3115
f 2206/3359/3114 2196/3360/3115 2197/3361/3116
f 2206/3359/3114 2197/3361/3116 2205/3362/3117
f 2205/3362/3117 2197/3361/3116 2198/3363/3118
f 2205/3362/3117 2198/3363/3118 2199/3364/3119
f 2205/3362/3117 2199/3364/3119 2204/3365/3120
f 2204/3365/3120 2199/3364/3119 2200/3366/3121
f 2204/3365/3120 2200/3366/3121 2201/3367/3122
f 2202/3368/3123 2203/3369/3124 2201/3367/3122
f 2201/3367/3122 2203/3369/3124 2204/3365/3120
f 2211/3370/3125 2193/3371/3100 2222/3372/3126
f 2222/3372/3126 2193/3371/3100 2192/3373/3127
f 2222/3372/3126 2192/3373/3127 2221/3374/3128
f 2221/3374/3128 2192/3373/3127 2191/3375/3129
f 2221/3374/3128 2191/3375/3129 2220/3376/3130
f 2220/3376/3130 2191/3375/3129 2219/3377/3131
f 2220/3376/3130 2219/3377/3131 2227/3378/3132
f 2227/3378/3132 2219/3377/3131 2226/3379/3133
f 2227/3378/3132 2226/3379/3133 2234/3380/3134
f 2234/3380/3134 2226/3379/3133 2233/3381/3135
f 2234/3380/3134 2233/3381/3135 2240/3382/3136
f 2240/3382/3136 2233/3381/3135 2239/3383/3137
f 2240/3382/3136 2239/3383/3137 2249/3384/3138
f 2249/3384/3138 2239/3383/3137 2250/3385/3139
f 2249/3384/3138 2250/3385/3139 2246/3386/3140
f 2246/3386/3140 2250/3385/3139 2245/3387/3141
f 2246/3386/3140 2245/3387/3141 2256/3388/3142
f 2256/3388/3142 2245/3387/3141 2257/3389/3143
f 2256/3388/3142 2257/3389/3143 2205/3390/3144
f 2205/3390/3144 2257/3389/3143 2258/3391/3145
f 2205/3390/3144 2258/3391/3145 2206/3392/3146
f 2206/3392/3146 2258/3391/3145 2259/3393/3147
f 2206/3392/3146 2259/3393/3147 2260/3394/3148
f 2260/3394/3148 2259/3393/3147 2212/3395/3149
f 2260/3394/3148 2212/3395/3149 1962/3396/2810
f 1962/3396/2810 2212/3395/3149 1963/3397/3150
f 1963/3397/3150 2212/3395/3149 2253/3398/3151
f 1963/3397/3150 2253/3398/3151 2214/3399/3152
f 2214/3399/3152 2253/3398/3151 2252/3400/3153
f 2214/3399/3152 2252/3400/3153 2237/3401/3154
f 2237/3401/3154 2252/3400/3153 2251/3402/3155
f 2237/3401/3154 2251/3402/3155 2238/3403/3156
f 2238/3403/3156 2251/3402/3155 2250/3385/3139
f 2238/3403/3156 2250/3385/3139 2239/3383/3137
f 2191/3375/3129 2190/3404/3106 2219/3377/3131
f 2219/3377/3131 2190/3404/3106 2218/3405/3157
f 2219/3377/3131 2218/3405/3157 2226/3379/3133
f 2226/3379/3133 2218/3405/3157 2225/3406/3158
f 2226/3379/3133 2225/3406/3158 2233/3381/3135
f 2233/3381/3135 2225/3406/3158 2232/3407/3159
f 2233/3381/3135 2232/3407/3159 2239/3383/3137
f 2239/3383/3137 2232/3407/3159 2238/3403/3156
f 2190/3404/3106 2189/3408/3160 2218/3405/3157
f 2218/3405/3157 2189/3408/3160 2217/3409/3161
f 2218/3405/3157 2217/3409/3161 2225/3406/3158
f 2225/3406/3158 2217/3409/3161 2224/3410/3162
f 2225/3406/3158 2224/3410/3162 2232/3407/3159
f 2232/3407/3159 2224/3410/3162 2231/3411/3163
f 2232/3407/3159 2231/3411/3163 2238/3403/3156
f 2238/3403/3156 2231/3411/3163 2237/3401/3154
f 2189/3408/3160 2188/3412/3164 2217/3409/3161
f 2217/3409/3161 2188/3412/3164 2216/3413/3165
f 2217/3409/3161 2216/3413/3165 2224/3410/3162
f 2224/3410/3162 2216/3413/3165 2223/3414/3166
f 2224/3410/3162 2223/3414/3166 2231/3411/3163
f 2231/3411/3163 2223/3414/3166 2230/3415/3167
f 2231/3411/3163 2230/3415/3167 2237/3401/3154
f 2237/3401/3154 2230/3415/3167 2214/3399/3152
f 2188/3412/3164 1955/3416/2798 2216/3413/3165
f 2216/3413/3165 1955/3416/2798 1967/3417/3168
f 2216/3413/3165 1967/3417/3168 1966/3418/3169
f 2216/3413/3165 1966/3418/3169 2223/3414/3166
f 2223/3414/3166 1966/3418/3169 1965/3419/3170
f 2223/3414/3166 1965/3419/3170 2230/3415/3167
f 2230/3415/3167 1965/3419/3170 1964/3420/3171
f 2230/3415/3167 1964/3420/3171 2214/3399/3152
f 2214/3399/3152 1964/3420/3171 1963/3397/3150
f 1962/3396/2810 2206/3392/3146 2260/3394/3148
f 2205/3390/3144 2204/3421/3172 2256/3388/3142
f 2256/3388/3142 2204/3421/3172 2255/3422/3173
f 2256/3388/3142 2255/3422/3173 2246/3386/3140
f 2246/3386/3140 2255/3422/3173 2247/3423/3174
f 2246/3386/3140 2247/3423/3174 2249/3384/3138
f 2249/3384/3138 2247/3423/3174 2248/3424/3175
f 2249/3384/3138 2248/3424/3175 2240/3382/3136
f 2240/3382/3136 2248/3424/3175 2241/3425/3176
f 2240/3382/3136 2241/3425/3176 2234/3380/3134
f 2234/3380/3134 2241/3425/3176 2235/3426/3177
f 2234/3380/3134 2235/3426/3177 2227/3378/3132
f 2227/3378/3132 2235/3426/3177 2228/3427/3178
f 2227/3378/3132 2228/3427/3178 2220/3376/3130
f 2220/3376/3130 2228/3427/3178 2221/3374/3128
f 2255/3422/3173 2204/3421/3172 2254/3428/3179
f 2254/3428/3179 2204/3421/3172 2203/3429/3124
f 2254/3428/3179 2203/3429/3124 2213/3430/3180
f 2213/3430/3180 2203/3429/3124 2207/3431/3181
f 2213/3430/3180 2207/3431/3181 2215/3432/3182
f 2215/3432/3182 2207/3431/3181 2208/3433/3183
f 2215/3432/3182 2208/3433/3183 2242/3434/3184
f 2242/3434/3184 2208/3433/3183 2236/3435/3185
f 2242/3434/3184 2236/3435/3185 2235/3426/3177
f 2235/3426/3177 2236/3435/3185 2228/3427/3178
f 2208/3433/3183 2209/3436/3186 2236/3435/3185
f 2236/3435/3185 2209/3436/3186 2229/3437/3187
f 2236/3435/3185 2229/3437/3187 2228/3427/3178
f 2228/3427/3178 2229/3437/3187 2221/3374/3128
f 2209/3436/3186 2210/3438/3188 2229/3437/3187
f 2229/3437/3187 2210/3438/3188 2222/3372/3126
f 2229/3437/3187 2222/3372/3126 2221/3374/3128
f 2210/3438/3188 2211/3370/3125 2222/3372/3126
f 2242/3434/3184 2235/3426/3177 2241/3425/3176
f 2215/3432/3182 2242/3434/3184 2241/3425/3176
f 2215/3432/3182 2241/3425/3176 2248/3424/3175
f 2252/3400/3153 2253/3398/3151 2243/3439/3189
f 2243/3439/3189 2253/3398/3151 2212/3395/3149
f 2243/3439/3189 2212/3395/3149 2259/3393/3147
f 2251/3402/3155 2252/3400/3153 2244/3440/3190
f 2244/3440/3190 2252/3400/3153 2243/3439/3189
f 2244/3440/3190 2243/3439/3189 2258/3391/3145
f 2258/3391/3145 2243/3439/3189 2259/3393/3147
f 2250/3385/3139 2251/3402/3155 2245/3387/3141
f 2245/3387/3141 2251/3402/3155 2244/3440/3190
f 2245/3387/3141 2244/3440/3190 2257/3389/3143
f 2257/3389/3143 2244/3440/3190 2258/3391/3145
f 2215/3432/3182 2248/3424/3175 2213/3430/3180
f 2213/3430/3180 2248/3424/3175 2247/3423/3174
f 2213/3430/3180 2247/3423/3174 2254/3428/3179
f 2254/3428/3179 2247/3423/3174 2255/3422/3173
f 2133/3441/3191 2261/3442/3192 2128/3443/3022
f 2128/3443/3022 2261/3442/3192 2262/3444/3193
f 2128/3443/3022 2262/3444/3193 2207/3445/3194
f 2207/3445/3194 2262/3444/3193 2208/3446/3195
f 2208/3446/3195 2262/3444/3193 2264/3447/3196
f 2208/3446/3195 2264/3447/3196 2209/3448/3197
f 2209/3448/3197 2264/3447/3196 2210/3449/3198
f 2210/3449/3198 2264/3447/3196 2211/3450/3199
f 2211/3450/3199 2264/3447/3196 2263/3451/3200
f 2211/3450/3199 2263/3451/3200 2130/3452/3201
f 2130/3452/3201 2263/3451/3200 2131/3453/3202
f 2131/3453/3202 2263/3451/3200 2132/3454/3203
f 2132/3454/3203 2263/3451/3200 2261/3442/3192
f 2132/3454/3203 2261/3442/3192 2133/3441/3191
f 2130/3452/3201 2129/3455/3204 2211/3450/3199
f 2211/3450/3199 2129/3455/3204 2109/3456/3018
f 2211/3450/3199 2109/3456/3018 2193/3457/3100
f 2207/3445/3194 2203/3458/3124 2128/3443/3022
f 2264/3447/3196 2262/3444/3193 2261/3442/3192
f 2263/3451/3200 2264/3447/3196 2261/3442/3192
f 2105/3459/2997 2138/3460/3205 2063/3461/2971
f 2063/3461/2971 2138/3460/3205 2137/3462/3206
f 2063/3461/2971 2137/3462/3206 2064/3463/3207
f 2064/3463/3207 2137/3462/3206 2136/3464/3208
f 2064/3463/3207 2136/3464/3208 2065/3465/3209
f 2065/3465/3209 2136/3464/3208 2135/3466/3210
f 2065/3465/3209 2135/3466/3210 2066/3467/3211
f 2066/3467/3211 2135/3466/3210 2067/3468/2975
f 2067/3468/2975 2135/3466/3210 2134/3469/3212
f 2067/3468/2975 2134/3469/3212 2068/3470/3213
f 2068/3470/3213 2134/3469/3212 2124/3471/3033
f 2068/3470/3213 2124/3471/3033 2037/3472/2913
f 2105/3459/2997 2104/3473/2996 2138/3460/3205
f 2138/3460/3205 2104/3473/2996 2108/3474/3006
f 2108/3474/3006 2104/3473/2996 2103/3475/2995
f 2193/3476/3100 2109/3477/3018 1578/3478/3101
f 1578/3478/3101 2109/3477/3018 1579/3479/3019
f 2040/3480/2931 2039/3481/2910 2123/3482/3032
f 2123/3482/3032 2039/3481/2910 2038/3483/2911
f 2123/3482/3032 2038/3483/2911 2124/3484/3033
f 2124/3484/3033 2038/3483/2911 2037/3485/2913
f 2202/3486/3123 2115/3487/3020 2203/3488/3124
f 2203/3488/3124 2115/3487/3020 2128/3489/3022
f 1981/3490/2812 2194/3491/3112 1968/3492/2813
f 1968/3492/2813 2194/3491/3112 1962/3493/2810
f 1968/3492/2813 1962/3493/2810 1961/3494/2811
f 1108/3495/3214 1107/3496/3215 2266/3497/3216
f 2266/3497/3216 1107/3496/3215 2265/3498/3217
f 1107/3499/3218 1106/3500/3219 2265/3501/3220
f 2265/3501/3220 1106/3500/3219 1205/3502/3221
f 1198/3503/3222 1109/3504/3223 2266/3505/3224
f 2266/3505/3224 1109/3504/3223 1108/3506/3225
f 1198/3507/3226 2266/3508/3227 1199/3509/3228
f 1199/3509/3228 2266/3508/3227 2267/3510/3229
f 1199/3509/3228 2267/3510/3229 2268/3511/3230
f 2267/3512/3231 2266/3513/3232 2283/3514/3233
f 2283/3514/3233 2266/3513/3232 2265/3515/3234
f 2283/3514/3233 2265/3515/3234 2282/3516/3235
f 2282/3516/3235 2265/3515/3234 2269/3517/3236
f 2282/3516/3235 2269/3517/3236 2281/3518/3237
f 2281/3518/3237 2269/3517/3236 2280/3519/3238
f 2280/3519/3238 2269/3517/3236 2270/3520/3239
f 2280/3519/3238 2270/3520/3239 2279/3521/3240
f 2279/3521/3240 2270/3520/3239 2271/3522/3241
f 2279/3521/3240 2271/3522/3241 2278/3523/3242
f 2278/3523/3242 2271/3522/3241 2272/3524/3243
f 2278/3523/3242 2272/3524/3243 2277/3525/3244
f 2277/3525/3244 2272/3524/3243 2273/3526/3245
f 2277/3525/3244 2273/3526/3245 2276/3527/3246
f 2276/3527/3246 2273/3526/3245 2274/3528/3247
f 2276/3527/3246 2274/3528/3247 2275/3529/3248
f 2283/3514/3233 2284/3530/3249 2267/3512/3231
f 2267/3512/3231 2284/3530/3249 2295/3531/3250
f 2295/3531/3250 2284/3530/3249 2285/3532/3251
f 2295/3531/3250 2285/3532/3251 2294/3533/3252
f 2294/3533/3252 2285/3532/3251 2286/3534/3253
f 2294/3533/3252 2286/3534/3253 2293/3535/3254
f 2293/3535/3254 2286/3534/3253 2287/3536/3255
f 2293/3535/3254 2287/3536/3255 2292/3537/3256
f 2292/3537/3256 2287/3536/3255 2288/3538/3257
f 2292/3537/3256 2288/3538/3257 2291/3539/3258
f 2291/3539/3258 2288/3538/3257 2289/3540/3259
f 2291/3539/3258 2289/3540/3259 2290/3541/3260
f 1192/3542/3261 1207/3543/3262 1178/3544/3263
f 1178/3544/3263 1207/3543/3262 1206/3545/3264
f 1178/3544/3263 1206/3545/3264 1179/3546/3265
f 1179/3546/3265 1206/3545/3264 1180/3547/3266
f 1180/3547/3266 1206/3545/3264 1181/3548/3267
f 1181/3548/3267 1206/3545/3264 1182/3549/3268
f 1182/3549/3268 1206/3545/3264 1183/3550/3269
f 1183/3550/3269 1206/3545/3264 1184/3551/3270
f 1184/3551/3270 1206/3545/3264 1162/3552/3271
f 1162/3552/3271 1206/3545/3264 1163/3553/3272
f 1163/3553/3272 1206/3545/3264 2296/3554/3273
f 1163/3553/3272 2296/3554/3273 1164/3555/3274
f 1164/3555/3274 2296/3554/3273 1165/3556/3275
f 1165/3556/3275 2296/3554/3273 1422/3557/3276
f 1165/3556/3275 1422/3557/3276 1166/3558/3277
f 1166/3558/3277 1422/3557/3276 1167/3559/3278
f 1167/3559/3278 1422/3557/3276 1168/3560/3279
f 1168/3560/3279 1422/3557/3276 1176/3561/3280
f 1176/3561/3280 1422/3557/3276 1418/3562/3281
f 1176/3561/3280 1418/3562/3281 799/3563/3282
f 799/3563/3282 1418/3562/3281 1412/3564/3283
f 799/3563/3282 1412/3564/3283 800/3565/3284
f 800/3565/3284 1412/3564/3283 801/3566/3285
f 801/3566/3285 1412/3564/3283 802/3567/3286
f 802/3567/3286 1412/3564/3283 807/3568/3287
f 807/3568/3287 1412/3564/3283 1207/3543/3262
f 807/3568/3287 1207/3543/3262 812/3569/3288
f 812/3569/3288 1207/3543/3262 813/3570/3289
f 813/3570/3289 1207/3543/3262 814/3571/3290
f 814/3571/3290 1207/3543/3262 1192/3542/3261
f 1418/3562/3281 1417/3572/3291 1412/3564/3283
f 1412/3564/3283 1417/3572/3291 1416/3573/3292
f 1412/3564/3283 1416/3573/3292 1415/3574/3293
f 1415/3574/3293 1414/3575/3294 1412/3564/3283
f 1412/3564/3283 1414/3575/3294 1413/3576/3295
f 2296/3554/3273 2297/3577/3296 1422/3557/3276
f 1238/3578/3297 1395/3579/3298 1239/3580/3299
f 1239/3580/3299 1395/3579/3298 1240/3581/3300
f 1240/3581/3300 1395/3579/3298 1394/3582/3301
f 1240/3581/3300 1394/3582/3301 1241/3583/3302
f 1241/3583/3302 1394/3582/3301 1252/3584/3303
f 2298/3585/3304 2299/3586/3305 2297/3587/3306
f 2297/3587/3306 2299/3586/3305 2300/3588/3307
f 2297/3587/3306 2300/3588/3307 2301/3589/3308
f 2297/3587/3306 2301/3589/3308 1422/3590/3309
f 1422/3590/3309 2301/3589/3308 2302/3591/3310
f 1422/3590/3309 2302/3591/3310 2303/3592/3311
f 1422/3590/3309 2303/3592/3311 1419/3593/3312
f 1419/3593/3312 2303/3592/3311 2304/3594/3313
f 1419/3593/3312 2304/3594/3313 2305/3595/3314
f 1419/3593/3312 2305/3595/3314 1420/3596/3315
f 1420/3596/3315 2305/3595/3314 2306/3597/3316
f 1420/3596/3315 2306/3597/3316 2307/3598/3317
f 2307/3598/3317 2308/3599/3318 1420/3596/3315
f 1396/3600/3319 1395/3601/3320 1251/3602/3321
f 1251/3602/3321 1395/3601/3320 1238/3603/3322
f 1251/3604/3323 1250/3605/3324 1396/3606/3325
f 1396/3606/3325 1250/3605/3324 1249/3607/3326
f 1396/3606/3325 1249/3607/3326 1248/3608/3327
f 1396/3606/3325 1248/3608/3327 1397/3609/3328
f 1397/3609/3328 1248/3608/3327 1247/3610/3329
f 1397/3609/3328 1247/3610/3329 2319/3611/3330
f 2319/3611/3330 1247/3610/3329 2318/3612/3331
f 2318/3612/3331 1247/3610/3329 2317/3613/3332
f 2317/3613/3332 1247/3610/3329 2316/3614/3333
f 2316/3614/3333 1247/3610/3329 2315/3615/3334
f 2315/3615/3334 1247/3610/3329 2314/3616/3335
f 2314/3616/3335 1247/3610/3329 2309/3617/3336
f 2314/3616/3335 2309/3617/3336 2313/3618/3337
f 2313/3618/3337 2309/3617/3336 2312/3619/3338
f 2312/3619/3338 2309/3617/3336 2311/3620/3339
f 2311/3620/3339 2309/3617/3336 2310/3621/3340
f 2319/3611/3330 2320/3622/3341 1397/3609/3328
f 1397/3609/3328 2320/3622/3341 2321/3623/3342
f 1397/3609/3328 2321/3623/3342 2322/3624/3343
f 2322/3624/3343 2323/3625/3344 1397/3609/3328
f 1397/3609/3328 2323/3625/3344 2324/3626/3345
f 1397/3609/3328 2324/3626/3345 2325/3627/3346
f 2325/3627/3346 2326/3628/3347 1397/3609/3328
f 1088/3629/2110 1420/3630/2132 2333/3631/3348
f 2333/3631/3348 1420/3630/2132 2308/3632/3349
f 2333/3631/3348 2308/3632/3349 2334/3633/3350
f 2334/3633/3350 2308/3632/3349 2307/3634/3351
f 2334/3633/3350 2307/3634/3351 2335/3635/3352
f 2335/3635/3352 2307/3634/3351 2306/3636/3353
f 2335/3635/3352 2306/3636/3353 2336/3637/3354
f 2336/3637/3354 2306/3636/3353 2305/3638/3355
f 2336/3637/3354 2305/3638/3355 2337/3639/3356
f 2337/3639/3356 2305/3638/3355 2304/3640/3357
f 2337/3639/3356 2304/3640/3357 2303/3641/3358
f 2302/3642/3359 2338/3643/3360 2303/3641/3358
f 2303/3641/3358 2338/3643/3360 2332/3644/3361
f 2303/3641/3358 2332/3644/3361 2337/3639/3356
f 2337/3639/3356 2332/3644/3361 1093/3645/3362
f 2337/3639/3356 1093/3645/3362 2336/3637/3354
f 2336/3637/3354 1093/3645/3362 1092/3646/3363
f 2336/3637/3354 1092/3646/3363 2335/3635/3352
f 2335/3635/3352 1092/3646/3363 1091/3647/3364
f 2335/3635/3352 1091/3647/3364 2334/3633/3350
f 2334/3633/3350 1091/3647/3364 1090/3648/3365
f 2334/3633/3350 1090/3648/3365 2333/3631/3348
f 2333/3631/3348 1090/3648/3365 1089/3649/3366
f 2333/3631/3348 1089/3649/3366 1088/3629/2110
f 2338/3643/3360 2302/3642/3359 2339/3650/3367
f 2339/3650/3367 2302/3642/3359 2301/3651/3368
f 2339/3650/3367 2301/3651/3368 2340/3652/3369
f 2340/3652/3369 2301/3651/3368 2300/3653/3370
f 2340/3652/3369 2300/3653/3370 2341/3654/3371
f 2341/3654/3371 2300/3653/3370 2299/3655/3372
f 2341/3654/3371 2299/3655/3372 2342/3656/3373
f 2342/3656/3373 2299/3655/3372 2298/3657/3374
f 2342/3656/3373 2298/3657/3374 2297/3658/3296
f 2297/3658/3296 2296/3659/3273 2342/3656/3373
f 2342/3656/3373 2296/3659/3273 2327/3660/3375
f 2342/3656/3373 2327/3660/3375 2341/3654/3371
f 2341/3654/3371 2327/3660/3375 2328/3661/3376
f 2341/3654/3371 2328/3661/3376 2340/3652/3369
f 2340/3652/3369 2328/3661/3376 2329/3662/3377
f 2340/3652/3369 2329/3662/3377 2339/3650/3367
f 2339/3650/3367 2329/3662/3377 2330/3663/3378
f 2339/3650/3367 2330/3663/3378 2338/3643/3360
f 2338/3643/3360 2330/3663/3378 2331/3664/3379
f 2338/3643/3360 2331/3664/3379 2332/3644/3361
f 2332/3644/3361 1094/3665/3380 1093/3645/3362
f 785/3666/3381 791/3667/3382 2343/3668/3383
f 2343/3668/3383 791/3667/3382 2344/3669/3384
f 2344/3670/3385 791/3671/3386 2345/3672/3387
f 2345/3672/3387 791/3671/3386 790/3673/3388
f 2346/3674/3389 2347/3675/3390 794/3676/3391
f 794/3676/3391 2347/3675/3390 795/3677/3392
f 2348/3678/3393 2349/3679/3394 2346/3680/3395
f 2346/3680/3395 2349/3679/3394 2347/3681/3396
f 2347/3681/3396 2349/3679/3394 2357/3682/3397
f 2357/3682/3397 2349/3679/3394 2350/3683/3398
f 2357/3682/3397 2350/3683/3398 2351/3684/3399
f 2351/3684/3399 2352/3685/3400 2357/3682/3397
f 2357/3682/3397 2352/3685/3400 2353/3686/3401
f 2357/3682/3397 2353/3686/3401 2354/3687/3402
f 2355/3688/3403 2356/3689/3404 2354/3687/3402
f 2354/3687/3402 2356/3689/3404 2357/3682/3397
f 790/3690/3388 789/3691/3405 2345/3692/3387
f 2345/3692/3387 789/3691/3405 2364/3693/3406
f 2364/3693/3406 789/3691/3405 788/3694/3407
f 2364/3693/3406 788/3694/3407 787/3695/3408
f 2364/3693/3406 787/3695/3408 2363/3696/3409
f 2363/3696/3409 787/3695/3408 793/3697/3410
f 2363/3696/3409 793/3697/3410 2368/3698/3411
f 2368/3698/3411 793/3697/3410 2365/3699/3412
f 2368/3698/3411 2365/3699/3412 2366/3700/3413
f 2366/3700/3413 2365/3699/3412 797/3701/3414
f 2366/3700/3413 797/3701/3414 2358/3702/3415
f 2358/3702/3415 797/3701/3414 796/3703/3416
f 793/3697/3410 798/3704/3417 2365/3699/3412
f 2365/3699/3412 798/3704/3417 797/3701/3414
f 2358/3702/3415 2359/3705/3418 2366/3700/3413
f 2366/3700/3413 2359/3705/3418 2367/3706/3419
f 2366/3700/3413 2367/3706/3419 2368/3698/3411
f 2368/3698/3411 2367/3706/3419 2362/3707/3420
f 2368/3698/3411 2362/3707/3420 2363/3696/3409
f 2359/3705/3418 2360/3708/3421 2367/3706/3419
f 2367/3706/3419 2360/3708/3421 2361/3709/3422
f 2367/3706/3419 2361/3709/3422 2362/3707/3420
f 2347/3710/3423 2357/3711/3424 795/3712/3425
f 795/3712/3425 2357/3711/3424 2358/3713/3415
f 795/3712/3425 2358/3713/3415 796/3714/3416
f 2343/3715/3426 2344/3716/3427 1451/3717/3428
f 1451/3717/3428 2344/3716/3427 1342/3718/3429
f 1342/3718/3429 2344/3716/3427 2369/3719/3430
f 2370/3720/3431 2371/3721/3432 2348/3722/3433
f 2348/3722/3433 2371/3721/3432 2349/3723/3434
f 1501/3724/3435 1500/3725/3436 2370/3726/3437
f 2370/3726/3437 1500/3725/3436 2372/3727/3438
f 2370/3726/3437 2372/3727/3438 2373/3728/3439
f 2373/3728/3439 2371/3729/3440 2370/3726/3437
f 2382/3730/3441 2374/3731/3442 1402/3732/3443
f 1402/3732/3443 2374/3731/3442 2375/3733/3444
f 1402/3732/3443 2375/3733/3444 1403/3734/3445
f 1403/3734/3445 2375/3733/3444 2376/3735/3446
f 1403/3734/3445 2376/3735/3446 1404/3736/3447
f 1404/3736/3447 2376/3735/3446 2377/3737/3448
f 1404/3736/3447 2377/3737/3448 1257/3738/1836
f 1257/3738/1836 2377/3737/3448 1258/3739/1838
f 1402/3732/3443 1401/3740/3449 2382/3730/3441
f 2382/3730/3441 1401/3740/3449 2381/3741/3450
f 2381/3741/3450 1401/3740/3449 2380/3742/3451
f 2380/3742/3451 1401/3740/3449 1400/3743/3452
f 2380/3742/3451 1400/3743/3452 2379/3744/3453
f 2379/3744/3453 1400/3743/3452 2378/3745/3454
f 2378/3745/3454 1400/3743/3452 932/3746/1013
f 2378/3745/3454 932/3746/1013 931/3747/1016
f 948/3748/1033 947/3749/1036 1117/3750/3455
f 1117/3750/3455 947/3749/1036 974/3751/3456
f 1117/3750/3455 974/3751/3456 1118/3752/3457
f 1118/3752/3457 974/3751/3456 973/3753/3458
f 1118/3752/3457 973/3753/3458 1119/3754/3459
f 1119/3754/3459 973/3753/3458 972/3755/3460
f 1119/3754/3459 972/3755/3460 1120/3756/3461
f 1120/3756/3461 972/3755/3460 971/3757/3462
f 1120/3756/3461 971/3757/3462 1121/3758/3463
f 1121/3758/3463 971/3757/3462 970/3759/3464
f 1121/3758/3463 970/3759/3464 1122/3760/1940
f 1122/3760/1940 970/3759/3464 969/3761/1939
f 1246/3762/1824 1258/3763/3465 1247/3764/1825
f 1247/3764/1825 1258/3763/3465 2309/3765/3466
f 2309/3765/3466 1258/3763/3465 2377/3766/3467
f 2309/3765/3466 2377/3766/3467 2376/3767/3468
f 2309/3765/3466 2376/3767/3468 1055/3768/3469
f 1055/3768/3469 2376/3767/3468 2375/3769/3470
f 1055/3768/3469 2375/3769/3470 2374/3770/3471
f 2374/3770/3471 1056/3771/3472 1055/3768/3469
f 2378/3772/3473 931/3773/3474 1059/3774/3475
f 1059/3774/3475 931/3773/3474 930/3775/3476
f 1059/3774/3475 930/3775/3476 1060/3776/3477
f 1060/3776/3477 930/3775/3476 929/3777/3478
f 1060/3776/3477 929/3777/3478 1061/3778/3479
f 1061/3778/3479 929/3777/3478 928/3779/3480
f 1061/3778/3479 928/3779/3480 1062/3780/1705
f 1062/3780/1705 928/3779/3480 927/3781/1706
f 1059/3774/3475 1058/3782/3481 2378/3772/3473
f 2378/3772/3473 1058/3782/3481 2379/3783/3482
f 2379/3783/3482 1058/3782/3481 2380/3784/3483
f 2380/3784/3483 1058/3782/3481 1057/3785/3484
f 2380/3784/3483 1057/3785/3484 2381/3786/3485
f 2381/3786/3485 1057/3785/3484 2382/3787/3486
f 2382/3787/3486 1057/3785/3484 1056/3788/3472
f 2382/3787/3486 1056/3788/3472 2374/3789/3471
f 2384/3790/3487 1285/3791/3488 2383/3792/3489
f 2383/3792/3489 1285/3791/3488 1284/3793/3490
f 1285/3794/3491 2384/3795/3492 1286/3796/3493
f 1286/3796/3493 2384/3795/3492 2385/3797/3494
f 951/3798/1050 950/3799/1046 2393/3800/3495
f 2393/3800/3495 950/3799/1046 1022/3801/3496
f 2393/3800/3495 1022/3801/3496 2392/3802/3497
f 2392/3802/3497 1022/3801/3496 1021/3803/3498
f 2392/3802/3497 1021/3803/3498 2391/3804/3499
f 2391/3804/3499 1021/3803/3498 1020/3805/3500
f 2391/3804/3499 1020/3805/3500 2390/3806/3501
f 2390/3806/3501 1020/3805/3500 1019/3807/3502
f 2390/3806/3501 1019/3807/3502 2389/3808/3503
f 2389/3808/3503 1019/3807/3502 1018/3809/3504
f 2389/3808/3503 1018/3809/3504 2388/3810/3505
f 2388/3810/3505 1018/3809/3504 2387/3811/3506
f 2387/3811/3506 1018/3809/3504 1017/3812/3507
f 2387/3811/3506 1017/3812/3507 2386/3813/3508
f 2386/3814/3508 1017/3815/3507 1016/3816/3509
f 2394/3817/3510 2408/3818/3511 2387/3819/3512
f 2387/3819/3512 2408/3818/3511 2409/3820/3513
f 2387/3819/3512 2409/3820/3513 2410/3821/3514
f 2395/3822/3515 2405/3823/3516 2394/3817/3510
f 2394/3817/3510 2405/3823/3516 2406/3824/3517
f 2394/3817/3510 2406/3824/3517 2407/3825/3518
f 2395/3822/3515 2396/3826/3519 2405/3823/3516
f 2405/3823/3516 2396/3826/3519 2404/3827/3520
f 2404/3827/3520 2396/3826/3519 2397/3828/3521
f 2404/3827/3520 2397/3828/3521 1324/3829/3522
f 1324/3829/3522 2397/3828/3521 2398/3830/3523
f 1324/3829/3522 2398/3830/3523 2399/3831/3524
f 1324/3829/3522 2399/3831/3524 1321/3832/3525
f 1321/3832/3525 2399/3831/3524 2400/3833/3526
f 1321/3832/3525 2400/3833/3526 2401/3834/3527
f 2401/3834/3527 2402/3835/3528 1321/3832/3525
f 1321/3832/3525 2402/3835/3528 2403/3836/3529
f 1321/3832/3525 1320/3837/3530 1324/3829/3522
f 2407/3825/3518 2408/3818/3511 2394/3817/3510
f 2410/3821/3514 2388/3838/3531 2387/3819/3512
f 2417/3839/3532 1560/3840/3533 2416/3841/3534
f 2416/3841/3534 1560/3840/3533 1559/3842/3535
f 2416/3841/3534 1559/3842/3535 2415/3843/3536
f 2415/3843/3536 1559/3842/3535 1558/3844/3537
f 2415/3843/3536 1558/3844/3537 2414/3845/3538
f 2414/3845/3538 1558/3844/3537 1557/3846/3539
f 2414/3845/3538 1557/3846/3539 2413/3847/3540
f 2413/3847/3540 1557/3846/3539 1556/3848/3541
f 2413/3847/3540 1556/3848/3541 2412/3849/3542
f 2412/3849/3542 1556/3848/3541 1555/3850/3543
f 2412/3849/3542 1555/3850/3543 2411/3851/3544
f 2411/3851/3544 1555/3850/3543 1554/3852/3545
f 1554/3853/3545 1553/3854/3546 2411/3855/3544
f 2411/3855/3544 1553/3854/3546 2418/3856/3547
f 815/3857/844 822/3858/843 1553/3859/3548
f 1553/3859/3548 822/3858/843 2418/3860/3549
f 2417/3861/3532 2419/3862/3550 1560/3863/3533
f 1560/3863/3533 2419/3862/3550 1561/3864/3551
f 2421/3865/3552 2434/3866/3553 2420/3867/3554
f 2420/3867/3554 2434/3866/3553 2435/3868/3555
f 2420/3867/3554 2435/3868/3555 2436/3869/3556
f 2436/3869/3556 2435/3868/3555 2447/3870/3557
f 2436/3869/3556 2447/3870/3557 2448/3871/3558
f 2448/3871/3558 2447/3870/3557 2459/3872/3559
f 2448/3871/3558 2459/3872/3559 2460/3873/3560
f 2460/3873/3560 2459/3872/3559 2471/3874/3561
f 2460/3873/3560 2471/3874/3561 2472/3875/3562
f 2472/3875/3562 2471/3874/3561 2483/3876/3563
f 2472/3875/3562 2483/3876/3563 2484/3877/3564
f 2484/3877/3564 2483/3876/3563 2427/3878/3565
f 2484/3877/3564 2427/3878/3565 2485/3879/3566
f 2485/3879/3566 2427/3878/3565 2486/3880/3567
f 2485/3879/3566 2486/3880/3567 2474/3881/3568
f 2474/3881/3568 2486/3880/3567 2475/3882/3569
f 2474/3881/3568 2475/3882/3569 2463/3883/3570
f 2463/3883/3570 2475/3882/3569 2464/3884/3571
f 2463/3883/3570 2464/3884/3571 2452/3885/3572
f 2452/3885/3572 2464/3884/3571 2453/3886/3573
f 2452/3885/3572 2453/3886/3573 2441/3887/3574
f 2441/3887/3574 2453/3886/3573 2442/3888/3575
f 2441/3887/3574 2442/3888/3575 2433/3889/3576
f 2433/3889/3576 2442/3888/3575 2443/3890/3577
f 2433/3889/3576 2443/3890/3577 2444/3891/3578
f 2444/3891/3578 2443/3890/3577 2455/3892/3579
f 2444/3891/3578 2455/3892/3579 2431/3893/3580
f 2431/3893/3580 2455/3892/3579 2430/3894/3581
f 2430/3894/3581 2455/3892/3579 2466/3895/3582
f 2430/3894/3581 2466/3895/3582 2429/3896/3583
f 2429/3896/3583 2466/3895/3582 2477/3897/3584
f 2429/3896/3583 2477/3897/3584 2428/3898/3585
f 2428/3898/3585 2477/3897/3584 2488/3899/3586
f 2428/3898/3585 2488/3899/3586 2427/3878/3565
f 2427/3878/3565 2488/3899/3586 2487/3900/3587
f 2427/3878/3565 2487/3900/3587 2486/3880/3567
f 2486/3880/3567 2487/3900/3587 2475/3882/3569
f 2434/3866/3553 2421/3865/3552 2445/3901/3588
f 2445/3901/3588 2421/3865/3552 2422/3902/3589
f 2445/3901/3588 2422/3902/3589 2456/3903/3590
f 2456/3903/3590 2422/3902/3589 2423/3904/3591
f 2456/3903/3590 2423/3904/3591 2467/3905/3592
f 2467/3905/3592 2423/3904/3591 2424/3906/3593
f 2467/3905/3592 2424/3906/3593 2478/3907/3594
f 2478/3907/3594 2424/3906/3593 2425/3908/3595
f 2478/3907/3594 2425/3908/3595 2426/3909/3596
f 2427/3878/3565 2483/3876/3563 2426/3909/3596
f 2426/3909/3596 2483/3876/3563 2482/3910/3597
f 2426/3909/3596 2482/3910/3597 2481/3911/3598
f 2481/3911/3598 2482/3910/3597 2470/3912/3599
f 2481/3911/3598 2470/3912/3599 2469/3913/3600
f 2469/3913/3600 2470/3912/3599 2458/3914/3601
f 2469/3913/3600 2458/3914/3601 2457/3915/3602
f 2457/3915/3602 2458/3914/3601 2446/3916/3603
f 2457/3915/3602 2446/3916/3603 2445/3901/3588
f 2445/3901/3588 2446/3916/3603 2434/3866/3553
f 2431/3893/3580 2432/3917/3604 2444/3891/3578
f 2444/3891/3578 2432/3917/3604 2433/3889/3576
f 2420/3867/3554 2439/3918/3605 2433/3889/3576
f 2433/3889/3576 2439/3918/3605 2440/3919/3606
f 2433/3889/3576 2440/3919/3606 2441/3887/3574
f 2441/3887/3574 2440/3919/3606 2452/3885/3572
f 2447/3870/3557 2435/3868/3555 2446/3916/3603
f 2446/3916/3603 2435/3868/3555 2434/3866/3553
f 2436/3869/3556 2437/3920/3607 2420/3867/3554
f 2420/3867/3554 2437/3920/3607 2438/3921/3608
f 2420/3867/3554 2438/3921/3608 2439/3918/3605
f 2439/3918/3605 2438/3921/3608 2450/3922/3609
f 2439/3918/3605 2450/3922/3609 2451/3923/3610
f 2451/3923/3610 2450/3922/3609 2462/3924/3611
f 2451/3923/3610 2462/3924/3611 2463/3883/3570
f 2463/3883/3570 2462/3924/3611 2474/3881/3568
f 2436/3869/3556 2448/3871/3558 2437/3920/3607
f 2437/3920/3607 2448/3871/3558 2449/3925/3612
f 2437/3920/3607 2449/3925/3612 2438/3921/3608
f 2438/3921/3608 2449/3925/3612 2450/3922/3609
f 2452/3885/3572 2440/3919/3606 2451/3923/3610
f 2451/3923/3610 2440/3919/3606 2439/3918/3605
f 2443/3890/3577 2442/3888/3575 2454/3926/3613
f 2454/3926/3613 2442/3888/3575 2453/3886/3573
f 2454/3926/3613 2453/3886/3573 2465/3927/3614
f 2465/3927/3614 2453/3886/3573 2464/3884/3571
f 2465/3927/3614 2464/3884/3571 2476/3928/3615
f 2476/3928/3615 2464/3884/3571 2475/3882/3569
f 2476/3928/3615 2475/3882/3569 2487/3900/3587
f 2457/3915/3602 2445/3901/3588 2456/3903/3590
f 2459/3872/3559 2447/3870/3557 2458/3914/3601
f 2458/3914/3601 2447/3870/3557 2446/3916/3603
f 2448/3871/3558 2460/3873/3560 2449/3925/3612
f 2449/3925/3612 2460/3873/3560 2461/3929/3616
f 2449/3925/3612 2461/3929/3616 2450/3922/3609
f 2450/3922/3609 2461/3929/3616 2462/3924/3611
f 2463/3883/3570 2452/3885/3572 2451/3923/3610
f 2466/3895/3582 2455/3892/3579 2454/3926/3613
f 2454/3926/3613 2455/3892/3579 2443/3890/3577
f 2466/3895/3582 2454/3926/3613 2465/3927/3614
f 2457/3915/3602 2456/3903/3590 2468/3930/3617
f 2468/3930/3617 2456/3903/3590 2467/3905/3592
f 2468/3930/3617 2467/3905/3592 2479/3931/3618
f 2479/3931/3618 2467/3905/3592 2478/3907/3594
f 2479/3931/3618 2478/3907/3594 2426/3909/3596
f 2471/3874/3561 2459/3872/3559 2470/3912/3599
f 2470/3912/3599 2459/3872/3559 2458/3914/3601
f 2460/3873/3560 2472/3875/3562 2461/3929/3616
f 2461/3929/3616 2472/3875/3562 2473/3932/3619
f 2461/3929/3616 2473/3932/3619 2462/3924/3611
f 2462/3924/3611 2473/3932/3619 2474/3881/3568
f 2477/3897/3584 2466/3895/3582 2465/3927/3614
f 2477/3897/3584 2465/3927/3614 2476/3928/3615
f 2457/3915/3602 2468/3930/3617 2469/3913/3600
f 2469/3913/3600 2468/3930/3617 2480/3933/3620
f 2469/3913/3600 2480/3933/3620 2481/3911/3598
f 2481/3911/3598 2480/3933/3620 2426/3909/3596
f 2480/3933/3620 2468/3930/3617 2479/3931/3618
f 2483/3876/3563 2471/3874/3561 2482/3910/3597
f 2482/3910/3597 2471/3874/3561 2470/3912/3599
f 2485/3879/3566 2474/3881/3568 2473/3932/3619
f 2485/3879/3566 2473/3932/3619 2484/3877/3564
f 2484/3877/3564 2473/3932/3619 2472/3875/3562
f 2488/3899/3586 2477/3897/3584 2476/3928/3615
f 2488/3899/3586 2476/3928/3615 2487/3900/3587
f 2426/3909/3596 2480/3933/3620 2479/3931/3618
f 2420/3934/3554 2433/3935/3576 2490/3936/3621
f 2490/3936/3621 2433/3935/3576 2489/3937/3622
f 2492/3938/3623 2505/3939/3624 2491/3940/3625
f 2491/3940/3625 2505/3939/3624 2506/3941/3626
f 2491/3940/3625 2506/3941/3626 2507/3942/3627
f 2507/3942/3627 2506/3941/3626 2518/3943/3628
f 2507/3942/3627 2518/3943/3628 2519/3944/3629
f 2519/3944/3629 2518/3943/3628 2530/3945/3630
f 2519/3944/3629 2530/3945/3630 2531/3946/3631
f 2531/3946/3631 2530/3945/3630 2542/3947/3632
f 2531/3946/3631 2542/3947/3632 2543/3948/3633
f 2543/3948/3633 2542/3947/3632 2554/3949/3634
f 2543/3948/3633 2554/3949/3634 2555/3950/3635
f 2555/3950/3635 2554/3949/3634 2498/3951/3636
f 2555/3950/3635 2498/3951/3636 2556/3952/3637
f 2556/3952/3637 2498/3951/3636 2557/3953/3638
f 2556/3952/3637 2557/3953/3638 2545/3954/3639
f 2545/3954/3639 2557/3953/3638 2546/3955/3640
f 2545/3954/3639 2546/3955/3640 2534/3956/3641
f 2534/3956/3641 2546/3955/3640 2535/3957/3642
f 2534/3956/3641 2535/3957/3642 2523/3958/3643
f 2523/3958/3643 2535/3957/3642 2524/3959/3644
f 2523/3958/3643 2524/3959/3644 2512/3960/3645
f 2512/3960/3645 2524/3959/3644 2513/3961/3646
f 2512/3960/3645 2513/3961/3646 2504/3962/3647
f 2504/3962/3647 2513/3961/3646 2514/3963/3648
f 2504/3962/3647 2514/3963/3648 2515/3964/3649
f 2515/3964/3649 2514/3963/3648 2526/3965/3650
f 2515/3964/3649 2526/3965/3650 2502/3966/3651
f 2502/3966/3651 2526/3965/3650 2501/3967/3652
f 2501/3967/3652 2526/3965/3650 2537/3968/3653
f 2501/3967/3652 2537/3968/3653 2500/3969/3654
f 2500/3969/3654 2537/3968/3653 2548/3970/3655
f 2500/3969/3654 2548/3970/3655 2499/3971/3656
f 2499/3971/3656 2548/3970/3655 2559/3972/3657
f 2499/3971/3656 2559/3972/3657 2498/3951/3636
f 2498/3951/3636 2559/3972/3657 2558/3973/3658
f 2498/3951/3636 2558/3973/3658 2557/3953/3638
f 2557/3953/3638 2558/3973/3658 2546/3955/3640
f 2505/3939/3624 2492/3938/3623 2516/3974/3659
f 2516/3974/3659 2492/3938/3623 2493/3975/3660
f 2516/3974/3659 2493/3975/3660 2527/3976/3661
f 2527/3976/3661 2493/3975/3660 2494/3977/3662
f 2527/3976/3661 2494/3977/3662 2538/3978/3663
f 2538/3978/3663 2494/3977/3662 2495/3979/3664
f 2538/3978/3663 2495/3979/3664 2549/3980/3665
f 2549/3980/3665 2495/3979/3664 2496/3981/3666
f 2549/3980/3665 2496/3981/3666 2497/3982/3667
f 2498/3951/3636 2554/3949/3634 2497/3982/3667
f 2497/3982/3667 2554/3949/3634 2553/3983/3668
f 2497/3982/3667 2553/3983/3668 2552/3984/3669
f 2552/3984/3669 2553/3983/3668 2541/3985/3670
f 2552/3984/3669 2541/3985/3670 2540/3986/3671
f 2540/3986/3671 2541/3985/3670 2529/3987/3672
f 2540/3986/3671 2529/3987/3672 2528/3988/3673
f 2528/3988/3673 2529/3987/3672 2517/3989/3674
f 2528/3988/3673 2517/3989/3674 2516/3974/3659
f 2516/3974/3659 2517/3989/3674 2505/3939/3624
f 2502/3966/3651 2503/3990/3675 2515/3964/3649
f 2515/3964/3649 2503/3990/3675 2504/3962/3647
f 2491/3940/3625 2510/3991/3676 2504/3962/3647
f 2504/3962/3647 2510/3991/3676 2511/3992/3677
f 2504/3962/3647 2511/3992/3677 2512/3960/3645
f 2512/3960/3645 2511/3992/3677 2523/3958/3643
f 2518/3943/3628 2506/3941/3626 2517/3989/3674
f 2517/3989/3674 2506/3941/3626 2505/3939/3624
f 2507/3942/3627 2508/3993/3678 2491/3940/3625
f 2491/3940/3625 2508/3993/3678 2509/3994/3679
f 2491/3940/3625 2509/3994/3679 2510/3991/3676
f 2510/3991/3676 2509/3994/3679 2521/3995/3680
f 2510/3991/3676 2521/3995/3680 2522/3996/3681
f 2522/3996/3681 2521/3995/3680 2533/3997/3682
f 2522/3996/3681 2533/3997/3682 2534/3956/3641
f 2534/3956/3641 2533/3997/3682 2545/3954/3639
f 2507/3942/3627 2519/3944/3629 2508/3993/3678
f 2508/3993/3678 2519/3944/3629 2520/3998/3683
f 2508/3993/3678 2520/3998/3683 2509/3994/3679
f 2509/3994/3679 2520/3998/3683 2521/3995/3680
f 2523/3958/3643 2511/3992/3677 2522/3996/3681
f 2522/3996/3681 2511/3992/3677 2510/3991/3676
f 2514/3963/3648 2513/3961/3646 2525/3999/3684
f 2525/3999/3684 2513/3961/3646 2524/3959/3644
f 2525/3999/3684 2524/3959/3644 2536/4000/3685
f 2536/4000/3685 2524/3959/3644 2535/3957/3642
f 2536/4000/3685 2535/3957/3642 2547/4001/3686
f 2547/4001/3686 2535/3957/3642 2546/3955/3640
f 2547/4001/3686 2546/3955/3640 2558/3973/3658
f 2528/3988/3673 2516/3974/3659 2527/3976/3661
f 2530/3945/3630 2518/3943/3628 2529/3987/3672
f 2529/3987/3672 2518/3943/3628 2517/3989/3674
f 2519/3944/3629 2531/3946/3631 2520/3998/3683
f 2520/3998/3683 2531/3946/3631 2532/4002/3687
f 2520/3998/3683 2532/4002/3687 2521/3995/3680
f 2521/3995/3680 2532/4002/3687 2533/3997/3682
f 2534/3956/3641 2523/3958/3643 2522/3996/3681
f 2537/3968/3653 2526/3965/3650 2525/3999/3684
f 2525/3999/3684 2526/3965/3650 2514/3963/3648
f 2537/3968/3653 2525/3999/3684 2536/4000/3685
f 2528/3988/3673 2527/3976/3661 2539/4003/3688
f 2539/4003/3688 2527/3976/3661 2538/3978/3663
f 2539/4003/3688 2538/3978/3663 2550/4004/3689
f 2550/4004/3689 2538/3978/3663 2549/3980/3665
f 2550/4004/3689 2549/3980/3665 2497/3982/3667
f 2542/3947/3632 2530/3945/3630 2541/3985/3670
f 2541/3985/3670 2530/3945/3630 2529/3987/3672
f 2531/3946/3631 2543/3948/3633 2532/4002/3687
f 2532/4002/3687 2543/3948/3633 2544/4005/3690
f 2532/4002/3687 2544/4005/3690 2533/3997/3682
f 2533/3997/3682 2544/4005/3690 2545/3954/3639
f 2548/3970/3655 2537/3968/3653 2536/4000/3685
f 2548/3970/3655 2536/4000/3685 2547/4001/3686
f 2528/3988/3673 2539/4003/3688 2540/3986/3671
f 2540/3986/3671 2539/4003/3688 2551/4006/3691
f 2540/3986/3671 2551/4006/3691 2552/3984/3669
f 2552/3984/3669 2551/4006/3691 2497/3982/3667
f 2551/4006/3691 2539/4003/3688 2550/4004/3689
f 2554/3949/3634 2542/3947/3632 2553/3983/3668
f 2553/3983/3668 2542/3947/3632 2541/3985/3670
f 2556/3952/3637 2545/3954/3639 2544/4005/3690
f 2556/3952/3637 2544/4005/3690 2555/3950/3635
f 2555/3950/3635 2544/4005/3690 2543/3948/3633
f 2559/3972/3657 2548/3970/3655 2547/4001/3686
f 2559/3972/3657 2547/4001/3686 2558/3973/3658
f 2497/3982/3667 2551/4006/3691 2550/4004/3689
f 2498/4007/3636 2497/4008/3667 1011/4009/3692
f 1011/4009/3692 2497/4008/3667 1012/4010/3693
f 2426/4011/3596 2491/4012/3625 2427/4013/3565
f 2427/4013/3565 2491/4012/3625 2504/4014/3647
f 2504/4015/3694 2360/4016/3695 2427/4017/3696
f 2427/4017/3696 2360/4016/3695 2359/4018/3697
f 2427/4017/3696 2359/4018/3697 2428/4019/3698
f 2428/4019/3698 2359/4018/3697 2358/4020/3699
f 2428/4019/3698 2358/4020/3699 2429/4021/3700
f 2429/4021/3700 2358/4020/3699 2356/4022/3701
f 2429/4021/3700 2356/4022/3701 2430/4023/3702
f 2430/4023/3702 2356/4022/3701 2431/4024/3703
f 2431/4024/3703 2356/4022/3701 2432/4025/3704
f 2432/4025/3704 2356/4022/3701 2433/4026/3705
f 2360/4016/3695 2504/4015/3694 2361/4027/3706
f 2361/4027/3706 2504/4015/3694 2503/4028/3707
f 2361/4027/3706 2503/4028/3707 2502/4029/3708
f 2502/4029/3708 2501/4030/3709 2361/4027/3706
f 2361/4027/3706 2501/4030/3709 2500/4031/3710
f 2361/4027/3706 2500/4031/3710 1010/4032/3711
f 1010/4032/3711 2500/4031/3710 2499/4033/3712
f 1010/4032/3711 2499/4033/3712 2498/4034/3713
f 2498/4034/3713 1011/4035/3714 1010/4032/3711
f 2358/4020/3699 2357/4036/3715 2356/4022/3701
f 2490/4037/3716 2489/4038/3717 2587/4039/3718
f 2587/4039/3718 2489/4038/3717 2560/4040/3719
f 2587/4039/3718 2560/4040/3719 2586/4041/3720
f 2586/4041/3720 2560/4040/3719 2561/4042/3721
f 2586/4041/3720 2561/4042/3721 2585/4043/3722
f 2585/4043/3722 2561/4042/3721 2562/4044/3723
f 2585/4043/3722 2562/4044/3723 2584/4045/3724
f 2584/4045/3724 2562/4044/3723 2563/4046/3725
f 2584/4045/3724 2563/4046/3725 2583/4047/3726
f 2583/4047/3726 2563/4046/3725 2564/4048/3727
f 2583/4047/3726 2564/4048/3727 2566/4049/3728
f 2566/4049/3728 2564/4048/3727 2565/4050/3729
f 2566/4049/3728 2565/4050/3729 2372/4051/3730
f 2372/4051/3730 2565/4050/3729 2373/4052/3731
f 2583/4047/3726 2566/4049/3728 2582/4053/3732
f 2582/4053/3732 2566/4049/3728 2567/4054/3733
f 2582/4053/3732 2567/4054/3733 2581/4055/3734
f 2581/4055/3734 2567/4054/3733 2580/4056/3735
f 2580/4056/3735 2567/4054/3733 2579/4057/3736
f 2579/4057/3736 2567/4054/3733 2578/4058/3737
f 2578/4058/3737 2567/4054/3733 2577/4059/3738
f 2577/4059/3738 2567/4054/3733 2576/4060/3739
f 2576/4060/3739 2567/4054/3733 2575/4061/3740
f 2575/4061/3740 2567/4054/3733 2574/4062/3741
f 2574/4062/3741 2567/4054/3733 2573/4063/3742
f 2573/4063/3742 2567/4054/3733 2572/4064/3743
f 2572/4064/3743 2567/4054/3733 2571/4065/3744
f 2571/4065/3744 2567/4054/3733 2570/4066/3745
f 2570/4066/3745 2567/4054/3733 2569/4067/3746
f 2569/4067/3746 2567/4054/3733 2568/4068/3747
f 1572/4069/3748 1571/4070/3749 2582/4053/3732
f 2582/4053/3732 1571/4070/3749 2583/4047/3726
f 2582/4071/3750 2581/4072/3751 1483/4073/3752
f 1483/4073/3752 2581/4072/3751 1484/4074/3753
f 1484/4074/3753 2581/4072/3751 2580/4075/3754
f 1484/4074/3753 2580/4075/3754 1485/4076/3755
f 1485/4076/3755 2580/4075/3754 2579/4077/3756
f 1485/4076/3755 2579/4077/3756 1486/4078/3757
f 1486/4078/3757 2579/4077/3756 2578/4079/3758
f 1486/4078/3757 2578/4079/3758 1487/4080/3759
f 1487/4080/3759 2578/4079/3758 2577/4081/3760
f 1487/4080/3759 2577/4081/3760 1488/4082/3761
f 1488/4082/3761 2577/4081/3760 2576/4083/3762
f 1488/4082/3761 2576/4083/3762 1489/4084/3763
f 1489/4084/3763 2576/4083/3762 2575/4085/3764
f 1489/4084/3763 2575/4085/3764 1490/4086/3765
f 1490/4086/3765 2575/4085/3764 2574/4087/3766
f 1490/4086/3765 2574/4087/3766 1491/4088/3767
f 1572/4089/3768 2582/4090/3769 1482/4091/3770
f 1482/4091/3770 2582/4090/3769 1483/4092/3771
f 2627/4093/3772 2588/4094/3773 2634/4095/3774
f 2634/4095/3774 2588/4094/3773 2589/4096/3775
f 2634/4095/3774 2589/4096/3775 2633/4097/3776
f 2633/4097/3776 2589/4096/3775 2590/4098/3777
f 2633/4097/3776 2590/4098/3777 2632/4099/3778
f 2632/4099/3778 2590/4098/3777 2631/4100/3779
f 2632/4099/3778 2631/4100/3779 2637/4101/3780
f 2637/4101/3780 2631/4100/3779 2636/4102/3781
f 2637/4101/3780 2636/4102/3781 2642/4103/3782
f 2642/4103/3782 2636/4102/3781 2641/4104/3783
f 2642/4103/3782 2641/4104/3783 2647/4105/3784
f 2647/4105/3784 2641/4104/3783 2646/4106/3785
f 2647/4105/3784 2646/4106/3785 2652/4107/3786
f 2652/4107/3786 2646/4106/3785 2651/4108/3787
f 2652/4107/3786 2651/4108/3787 2657/4109/3788
f 2657/4109/3788 2651/4108/3787 2656/4110/3789
f 2657/4109/3788 2656/4110/3789 2661/4111/3790
f 2661/4111/3790 2656/4110/3789 2660/4112/3791
f 2661/4111/3790 2660/4112/3791 2670/4113/3792
f 2670/4113/3792 2660/4112/3791 2671/4114/3793
f 2670/4113/3792 2671/4114/3793 2665/4115/3794
f 2665/4115/3794 2671/4114/3793 2664/4116/3795
f 2665/4115/3794 2664/4116/3795 2675/4117/3796
f 2675/4117/3796 2664/4116/3795 2674/4118/3797
f 2675/4117/3796 2674/4118/3797 2680/4119/3798
f 2680/4119/3798 2674/4118/3797 2679/4120/3799
f 2680/4119/3798 2679/4120/3799 2685/4121/3800
f 2685/4121/3800 2679/4120/3799 2684/4122/3801
f 2685/4121/3800 2684/4122/3801 2690/4123/3802
f 2690/4123/3802 2684/4122/3801 2689/4124/3803
f 2690/4123/3802 2689/4124/3803 2695/4125/3804
f 2695/4125/3804 2689/4124/3803 2694/4126/3805
f 2695/4125/3804 2694/4126/3805 2700/4127/3806
f 2700/4127/3806 2694/4126/3805 2699/4128/3807
f 2700/4127/3806 2699/4128/3807 2705/4129/3808
f 2705/4129/3808 2699/4128/3807 2704/4130/3809
f 2705/4129/3808 2704/4130/3809 2710/4131/3810
f 2710/4131/3810 2704/4130/3809 2709/4132/3811
f 2710/4131/3810 2709/4132/3811 2610/4133/3812
f 2610/4133/3812 2709/4132/3811 2609/4134/3813
f 2609/4134/3813 2709/4132/3811 2708/4135/3814
f 2609/4134/3813 2708/4135/3814 2608/4136/3815
f 2608/4136/3815 2708/4135/3814 2607/4137/3816
f 2607/4137/3816 2708/4135/3814 2703/4138/3817
f 2607/4137/3816 2703/4138/3817 2606/4139/3818
f 2606/4139/3818 2703/4138/3817 2698/4140/3819
f 2606/4139/3818 2698/4140/3819 2605/4141/3820
f 2605/4141/3820 2698/4140/3819 2693/4142/3821
f 2605/4141/3820 2693/4142/3821 2604/4143/3822
f 2604/4143/3822 2693/4142/3821 2688/4144/3823
f 2604/4143/3822 2688/4144/3823 2603/4145/3824
f 2603/4145/3824 2688/4144/3823 2683/4146/3825
f 2603/4145/3824 2683/4146/3825 2602/4147/3826
f 2602/4147/3826 2683/4146/3825 2678/4148/3827
f 2602/4147/3826 2678/4148/3827 2601/4149/3828
f 2601/4149/3828 2678/4148/3827 2673/4150/3829
f 2601/4149/3828 2673/4150/3829 2600/4151/3830
f 2600/4151/3830 2673/4150/3829 2663/4152/3831
f 2600/4151/3830 2663/4152/3831 2599/4153/3832
f 2599/4153/3832 2663/4152/3831 2672/4154/3833
f 2599/4153/3832 2672/4154/3833 2629/4155/3834
f 2629/4155/3834 2672/4154/3833 2671/4114/3793
f 2629/4155/3834 2671/4114/3793 2660/4112/3791
f 2590/4098/3777 2591/4156/3835 2631/4100/3779
f 2631/4100/3779 2591/4156/3835 2630/4157/3836
f 2631/4100/3779 2630/4157/3836 2636/4102/3781
f 2636/4102/3781 2630/4157/3836 2635/4158/3837
f 2636/4102/3781 2635/4158/3837 2641/4104/3783
f 2641/4104/3783 2635/4158/3837 2640/4159/3838
f 2641/4104/3783 2640/4159/3838 2646/4106/3785
f 2646/4106/3785 2640/4159/3838 2645/4160/3839
f 2646/4106/3785 2645/4160/3839 2651/4108/3787
f 2651/4108/3787 2645/4160/3839 2650/4161/3840
f 2651/4108/3787 2650/4161/3840 2656/4110/3789
f 2656/4110/3789 2650/4161/3840 2655/4162/3841
f 2656/4110/3789 2655/4162/3841 2660/4112/3791
f 2660/4112/3791 2655/4162/3841 2629/4155/3834
f 2591/4156/3835 2592/4163/3842 2630/4157/3836
f 2630/4157/3836 2592/4163/3842 2593/4164/3843
f 2630/4157/3836 2593/4164/3843 2635/4158/3837
f 2635/4158/3837 2593/4164/3843 2594/4165/3844
f 2635/4158/3837 2594/4165/3844 2640/4159/3838
f 2640/4159/3838 2594/4165/3844 2595/4166/3845
f 2640/4159/3838 2595/4166/3845 2645/4160/3839
f 2645/4160/3839 2595/4166/3845 2596/4167/3846
f 2645/4160/3839 2596/4167/3846 2650/4161/3840
f 2650/4161/3840 2596/4167/3846 2597/4168/3847
f 2650/4161/3840 2597/4168/3847 2655/4162/3841
f 2655/4162/3841 2597/4168/3847 2598/4169/3848
f 2655/4162/3841 2598/4169/3848 2629/4155/3834
f 2629/4155/3834 2598/4169/3848 2599/4153/3832
f 2710/4131/3810 2610/4133/3812 2711/4170/3849
f 2711/4170/3849 2610/4133/3812 2611/4171/3850
f 2711/4170/3849 2611/4171/3850 2712/4172/3851
f 2712/4172/3851 2611/4171/3850 2612/4173/3852
f 2712/4172/3851 2612/4173/3852 2613/4174/3853
f 2712/4172/3851 2613/4174/3853 2707/4175/3854
f 2707/4175/3854 2613/4174/3853 2614/4176/3855
f 2707/4175/3854 2614/4176/3855 2702/4177/3856
f 2702/4177/3856 2614/4176/3855 2615/4178/3857
f 2702/4177/3856 2615/4178/3857 2697/4179/3858
f 2697/4179/3858 2615/4178/3857 2616/4180/3859
f 2697/4179/3858 2616/4180/3859 2692/4181/3860
f 2692/4181/3860 2616/4180/3859 2617/4182/3861
f 2692/4181/3860 2617/4182/3861 2687/4183/3862
f 2687/4183/3862 2617/4182/3861 2618/4184/3863
f 2687/4183/3862 2618/4184/3863 2682/4185/3864
f 2682/4185/3864 2618/4184/3863 2619/4186/3865
f 2682/4185/3864 2619/4186/3865 2677/4187/3866
f 2677/4187/3866 2619/4186/3865 2620/4188/3867
f 2677/4187/3866 2620/4188/3867 2667/4189/3868
f 2667/4189/3868 2620/4188/3867 2621/4190/3869
f 2667/4189/3868 2621/4190/3869 2668/4191/3870
f 2668/4191/3870 2621/4190/3869 2628/4192/3871
f 2668/4191/3870 2628/4192/3871 2662/4193/3872
f 2662/4193/3872 2628/4192/3871 2658/4194/3873
f 2662/4193/3872 2658/4194/3873 2657/4109/3788
f 2657/4109/3788 2658/4194/3873 2652/4107/3786
f 2621/4190/3869 2622/4195/3874 2628/4192/3871
f 2628/4192/3871 2622/4195/3874 2659/4196/3875
f 2628/4192/3871 2659/4196/3875 2658/4194/3873
f 2658/4194/3873 2659/4196/3875 2653/4197/3876
f 2658/4194/3873 2653/4197/3876 2652/4107/3786
f 2652/4107/3786 2653/4197/3876 2647/4105/3784
f 2622/4195/3874 2623/4198/3877 2659/4196/3875
f 2659/4196/3875 2623/4198/3877 2654/4199/3878
f 2659/4196/3875 2654/4199/3878 2653/4197/3876
f 2653/4197/3876 2654/4199/3878 2648/4200/3879
f 2653/4197/3876 2648/4200/3879 2647/4105/3784
f 2647/4105/3784 2648/4200/3879 2642/4103/3782
f 2623/4198/3877 2624/4201/3880 2654/4199/3878
f 2654/4199/3878 2624/4201/3880 2649/4202/3881
f 2654/4199/3878 2649/4202/3881 2648/4200/3879
f 2648/4200/3879 2649/4202/3881 2643/4203/3882
f 2648/4200/3879 2643/4203/3882 2642/4103/3782
f 2642/4103/3782 2643/4203/3882 2637/4101/3780
f 2624/4201/3880 2625/4204/3883 2649/4202/3881
f 2649/4202/3881 2625/4204/3883 2644/4205/3884
f 2649/4202/3881 2644/4205/3884 2643/4203/3882
f 2643/4203/3882 2644/4205/3884 2638/4206/3885
f 2643/4203/3882 2638/4206/3885 2637/4101/3780
f 2637/4101/3780 2638/4206/3885 2632/4099/3778
f 2625/4204/3883 2626/4207/3886 2644/4205/3884
f 2644/4205/3884 2626/4207/3886 2639/4208/3887
f 2644/4205/3884 2639/4208/3887 2638/4206/3885
f 2638/4206/3885 2639/4208/3887 2633/4097/3776
f 2638/4206/3885 2633/4097/3776 2632/4099/3778
f 2626/4207/3886 2627/4093/3772 2639/4208/3887
f 2639/4208/3887 2627/4093/3772 2634/4095/3774
f 2639/4208/3887 2634/4095/3774 2633/4097/3776
f 2662/4193/3872 2657/4109/3788 2661/4111/3790
f 2662/4193/3872 2661/4111/3790 2669/4209/3888
f 2669/4209/3888 2661/4111/3790 2670/4113/3792
f 2669/4209/3888 2670/4113/3792 2666/4210/3889
f 2666/4210/3889 2670/4113/3792 2665/4115/3794
f 2666/4210/3889 2665/4115/3794 2676/4211/3890
f 2676/4211/3890 2665/4115/3794 2675/4117/3796
f 2676/4211/3890 2675/4117/3796 2681/4212/3891
f 2681/4212/3891 2675/4117/3796 2680/4119/3798
f 2681/4212/3891 2680/4119/3798 2686/4213/3892
f 2686/4213/3892 2680/4119/3798 2685/4121/3800
f 2686/4213/3892 2685/4121/3800 2691/4214/3893
f 2691/4214/3893 2685/4121/3800 2690/4123/3802
f 2691/4214/3893 2690/4123/3802 2696/4215/3894
f 2696/4215/3894 2690/4123/3802 2695/4125/3804
f 2696/4215/3894 2695/4125/3804 2701/4216/3895
f 2701/4216/3895 2695/4125/3804 2700/4127/3806
f 2701/4216/3895 2700/4127/3806 2706/4217/3896
f 2706/4217/3896 2700/4127/3806 2705/4129/3808
f 2706/4217/3896 2705/4129/3808 2711/4170/3849
f 2711/4170/3849 2705/4129/3808 2710/4131/3810
f 2671/4114/3793 2672/4154/3833 2664/4116/3795
f 2664/4116/3795 2672/4154/3833 2663/4152/3831
f 2664/4116/3795 2663/4152/3831 2674/4118/3797
f 2674/4118/3797 2663/4152/3831 2673/4150/3829
f 2674/4118/3797 2673/4150/3829 2679/4120/3799
f 2679/4120/3799 2673/4150/3829 2678/4148/3827
f 2679/4120/3799 2678/4148/3827 2684/4122/3801
f 2684/4122/3801 2678/4148/3827 2683/4146/3825
f 2684/4122/3801 2683/4146/3825 2689/4124/3803
f 2689/4124/3803 2683/4146/3825 2688/4144/3823
f 2689/4124/3803 2688/4144/3823 2694/4126/3805
f 2694/4126/3805 2688/4144/3823 2693/4142/3821
f 2694/4126/3805 2693/4142/3821 2699/4128/3807
f 2699/4128/3807 2693/4142/3821 2698/4140/3819
f 2699/4128/3807 2698/4140/3819 2704/4130/3809
f 2704/4130/3809 2698/4140/3819 2703/4138/3817
f 2704/4130/3809 2703/4138/3817 2709/4132/3811
f 2709/4132/3811 2703/4138/3817 2708/4135/3814
f 2666/4210/3889 2667/4189/3868 2669/4209/3888
f 2669/4209/3888 2667/4189/3868 2668/4191/3870
f 2669/4209/3888 2668/4191/3870 2662/4193/3872
f 2667/4189/3868 2666/4210/3889 2677/4187/3866
f 2677/4187/3866 2666/4210/3889 2676/4211/3890
f 2677/4187/3866 2676/4211/3890 2682/4185/3864
f 2682/4185/3864 2676/4211/3890 2681/4212/3891
f 2682/4185/3864 2681/4212/3891 2687/4183/3862
f 2687/4183/3862 2681/4212/3891 2686/4213/3892
f 2687/4183/3862 2686/4213/3892 2692/4181/3860
f 2692/4181/3860 2686/4213/3892 2691/4214/3893
f 2692/4181/3860 2691/4214/3893 2697/4179/3858
f 2697/4179/3858 2691/4214/3893 2696/4215/3894
f 2697/4179/3858 2696/4215/3894 2702/4177/3856
f 2702/4177/3856 2696/4215/3894 2701/4216/3895
f 2702/4177/3856 2701/4216/3895 2707/4175/3854
f 2707/4175/3854 2701/4216/3895 2706/4217/3896
f 2707/4175/3854 2706/4217/3896 2712/4172/3851
f 2712/4172/3851 2706/4217/3896 2711/4170/3849
f 2722/4218/3897 2713/4219/3898 2729/4220/3899
f 2729/4220/3899 2713/4219/3898 2714/4221/3900
f 2729/4220/3899 2714/4221/3900 2730/4222/3901
f 2730/4222/3901 2714/4221/3900 2715/4223/3902
f 2730/4222/3901 2715/4223/3902 2716/4224/3903
f 2717/4225/3904 2592/4226/3842 2716/4224/3903
f 2716/4224/3903 2592/4226/3842 2732/4227/3905
f 2716/4224/3903 2732/4227/3905 2731/4228/3906
f 2731/4228/3906 2732/4227/3905 2727/4229/3907
f 2731/4228/3906 2727/4229/3907 2728/4230/3908
f 2728/4230/3908 2727/4229/3907 2741/4231/3909
f 2728/4230/3908 2741/4231/3909 2742/4232/3910
f 2742/4232/3910 2741/4231/3909 2718/4233/3911
f 2742/4232/3910 2718/4233/3911 2743/4234/3912
f 2743/4234/3912 2718/4233/3911 2719/4235/3913
f 2743/4234/3912 2719/4235/3913 2720/4236/3914
f 2591/4237/3915 2736/4238/3916 2592/4226/3842
f 2592/4226/3842 2736/4238/3916 2735/4239/3917
f 2592/4226/3842 2735/4239/3917 2734/4240/3918
f 2734/4240/3918 2735/4239/3917 2724/4241/3919
f 2734/4240/3918 2724/4241/3919 2725/4242/3920
f 2725/4242/3920 2724/4241/3919 2738/4243/3921
f 2725/4242/3920 2738/4243/3921 2739/4244/3922
f 2739/4244/3922 2738/4243/3921 2588/4245/3923
f 2739/4244/3922 2588/4245/3923 2740/4246/3924
f 2740/4246/3924 2588/4245/3923 2718/4233/3911
f 2740/4246/3924 2718/4233/3911 2741/4231/3909
f 2591/4237/3915 2590/4247/3925 2736/4238/3916
f 2736/4238/3916 2590/4247/3925 2723/4248/3926
f 2736/4238/3916 2723/4248/3926 2735/4239/3917
f 2735/4239/3917 2723/4248/3926 2724/4241/3919
f 2590/4247/3925 2589/4249/3927 2723/4248/3926
f 2723/4248/3926 2589/4249/3927 2737/4250/3928
f 2723/4248/3926 2737/4250/3928 2724/4241/3919
f 2724/4241/3919 2737/4250/3928 2738/4243/3921
f 2589/4249/3927 2588/4245/3923 2737/4250/3928
f 2737/4250/3928 2588/4245/3923 2738/4243/3921
f 2720/4236/3914 2721/4251/3929 2743/4234/3912
f 2743/4234/3912 2721/4251/3929 2729/4220/3899
f 2743/4234/3912 2729/4220/3899 2742/4232/3910
f 2742/4232/3910 2729/4220/3899 2728/4230/3908
f 2721/4251/3929 2722/4218/3897 2729/4220/3899
f 2725/4242/3920 2726/4252/3930 2733/4253/3931
f 2733/4253/3931 2726/4252/3930 2732/4227/3905
f 2733/4253/3931 2732/4227/3905 2592/4226/3842
f 2732/4227/3905 2726/4252/3930 2727/4229/3907
f 2727/4229/3907 2726/4252/3930 2740/4246/3924
f 2727/4229/3907 2740/4246/3924 2741/4231/3909
f 2740/4246/3924 2726/4252/3930 2739/4244/3922
f 2739/4244/3922 2726/4252/3930 2725/4242/3920
f 2731/4228/3906 2728/4230/3908 2730/4222/3901
f 2730/4222/3901 2728/4230/3908 2729/4220/3899
f 2716/4224/3903 2731/4228/3906 2730/4222/3901
f 2592/4226/3842 2734/4240/3918 2733/4253/3931
f 2733/4253/3931 2734/4240/3918 2725/4242/3920
f 2745/4254/3932 2749/4255/3933 2744/4256/3934
f 2744/4256/3934 2749/4255/3933 2750/4257/3935
f 2744/4256/3934 2750/4257/3935 2751/4258/3936
f 2751/4258/3936 2750/4257/3935 2757/4259/3937
f 2751/4258/3936 2757/4259/3937 2758/4260/3938
f 2758/4260/3938 2757/4259/3937 2764/4261/3939
f 2758/4260/3938 2764/4261/3939 2765/4262/3940
f 2765/4262/3940 2764/4261/3939 2612/4263/3941
f 2765/4262/3940 2612/4263/3941 2766/4264/3942
f 2766/4264/3942 2612/4263/3941 2611/4265/3943
f 2766/4264/3942 2611/4265/3943 2760/4266/3944
f 2760/4266/3944 2611/4265/3943 2610/4267/3945
f 2760/4266/3944 2610/4267/3945 2754/4268/3946
f 2754/4268/3946 2610/4267/3945 2609/4269/3947
f 2754/4268/3946 2609/4269/3947 2608/4270/3948
f 2749/4255/3933 2745/4254/3932 2755/4271/3949
f 2755/4271/3949 2745/4254/3932 2746/4272/3950
f 2755/4271/3949 2746/4272/3950 2761/4273/3951
f 2761/4273/3951 2746/4272/3950 2747/4274/3952
f 2761/4273/3951 2747/4274/3952 2748/4275/3953
f 2612/4263/3941 2763/4276/3954 2748/4275/3953
f 2748/4275/3953 2763/4276/3954 2762/4277/3955
f 2748/4275/3953 2762/4277/3955 2761/4273/3951
f 2761/4273/3951 2762/4277/3955 2755/4271/3949
f 2744/4256/3934 2752/4278/3956 2608/4270/3948
f 2608/4270/3948 2752/4278/3956 2753/4279/3957
f 2608/4270/3948 2753/4279/3957 2754/4268/3946
f 2754/4268/3946 2753/4279/3957 2760/4266/3944
f 2752/4278/3956 2744/4256/3934 2751/4258/3936
f 2750/4257/3935 2749/4255/3933 2756/4280/3958
f 2756/4280/3958 2749/4255/3933 2755/4271/3949
f 2756/4280/3958 2755/4271/3949 2762/4277/3955
f 2751/4258/3936 2758/4260/3938 2752/4278/3956
f 2752/4278/3956 2758/4260/3938 2759/4281/3959
f 2752/4278/3956 2759/4281/3959 2753/4279/3957
f 2753/4279/3957 2759/4281/3959 2760/4266/3944
f 2750/4257/3935 2756/4280/3958 2757/4259/3937
f 2757/4259/3937 2756/4280/3958 2763/4276/3954
f 2757/4259/3937 2763/4276/3954 2764/4261/3939
f 2764/4261/3939 2763/4276/3954 2612/4263/3941
f 2763/4276/3954 2756/4280/3958 2762/4277/3955
f 2766/4264/3942 2760/4266/3944 2759/4281/3959
f 2766/4264/3942 2759/4281/3959 2765/4262/3940
f 2765/4262/3940 2759/4281/3959 2758/4260/3938
f 2801/4282/3960 2767/4283/3961 2806/4284/3962
f 2806/4284/3962 2767/4283/3961 2768/4285/3963
f 2806/4284/3962 2768/4285/3963 2805/4286/3964
f 2805/4286/3964 2768/4285/3963 2769/4287/3965
f 2805/4286/3964 2769/4287/3965 2804/4288/3966
f 2804/4288/3966 2769/4287/3965 2803/4289/3967
f 2804/4288/3966 2803/4289/3967 2809/4290/3968
f 2809/4290/3968 2803/4289/3967 2808/4291/3969
f 2809/4290/3968 2808/4291/3969 2814/4292/3970
f 2814/4292/3970 2808/4291/3969 2813/4293/3971
f 2814/4292/3970 2813/4293/3971 2819/4294/3972
f 2819/4294/3972 2813/4293/3971 2818/4295/3973
f 2819/4294/3972 2818/4295/3973 2829/4296/3974
f 2829/4296/3974 2818/4295/3973 2830/4297/3975
f 2829/4296/3974 2830/4297/3975 2824/4298/3976
f 2824/4298/3976 2830/4297/3975 2823/4299/3977
f 2824/4298/3976 2823/4299/3977 2834/4300/3978
f 2834/4300/3978 2823/4299/3977 2833/4301/3979
f 2834/4300/3978 2833/4301/3979 2839/4302/3980
f 2839/4302/3980 2833/4301/3979 2838/4303/3981
f 2839/4302/3980 2838/4303/3981 2844/4304/3982
f 2844/4304/3982 2838/4303/3981 2843/4305/3983
f 2844/4304/3982 2843/4305/3983 2854/4306/3984
f 2854/4306/3984 2843/4305/3983 2855/4307/3985
f 2854/4306/3984 2855/4307/3985 2849/4308/3986
f 2849/4308/3986 2855/4307/3985 2848/4309/3987
f 2849/4308/3986 2848/4309/3987 2859/4310/3988
f 2859/4310/3988 2848/4309/3987 2858/4311/3989
f 2859/4310/3988 2858/4311/3989 2864/4312/3990
f 2864/4312/3990 2858/4311/3989 2863/4313/3991
f 2864/4312/3990 2863/4313/3991 2869/4314/3992
f 2869/4314/3992 2863/4313/3991 2868/4315/3993
f 2869/4314/3992 2868/4315/3993 2879/4316/3994
f 2879/4316/3994 2868/4315/3993 2880/4317/3995
f 2879/4316/3994 2880/4317/3995 2874/4318/3996
f 2874/4318/3996 2880/4317/3995 2873/4319/3997
f 2874/4318/3996 2873/4319/3997 2884/4320/3998
f 2884/4320/3998 2873/4319/3997 2883/4321/3999
f 2884/4320/3998 2883/4321/3999 2889/4322/4000
f 2889/4322/4000 2883/4321/3999 2888/4323/4001
f 2889/4322/4000 2888/4323/4001 2894/4324/4002
f 2894/4324/4002 2888/4323/4001 2893/4325/4003
f 2894/4324/4002 2893/4325/4003 2746/4326/3950
f 2746/4326/3950 2893/4325/4003 2747/4327/4004
f 2747/4327/4004 2893/4325/4003 2892/4328/4005
f 2747/4327/4004 2892/4328/4005 2748/4329/3953
f 2748/4329/3953 2892/4328/4005 2786/4330/4006
f 2786/4330/4006 2892/4328/4005 2887/4331/4007
f 2786/4330/4006 2887/4331/4007 2785/4332/4008
f 2785/4332/4008 2887/4331/4007 2882/4333/4009
f 2785/4332/4008 2882/4333/4009 2784/4334/4010
f 2784/4334/4010 2882/4333/4009 2872/4335/4011
f 2784/4334/4010 2872/4335/4011 2783/4336/4012
f 2783/4336/4012 2872/4335/4011 2881/4337/4013
f 2783/4336/4012 2881/4337/4013 2867/4338/4014
f 2867/4338/4014 2881/4337/4013 2880/4317/3995
f 2867/4338/4014 2880/4317/3995 2868/4315/3993
f 2769/4287/3965 2770/4339/4015 2803/4289/3967
f 2803/4289/3967 2770/4339/4015 2802/4340/4016
f 2803/4289/3967 2802/4340/4016 2808/4291/3969
f 2808/4291/3969 2802/4340/4016 2807/4341/4017
f 2808/4291/3969 2807/4341/4017 2813/4293/3971
f 2813/4293/3971 2807/4341/4017 2812/4342/4018
f 2813/4293/3971 2812/4342/4018 2818/4295/3973
f 2818/4295/3973 2812/4342/4018 2817/4343/4019
f 2818/4295/3973 2817/4343/4019 2830/4297/3975
f 2830/4297/3975 2817/4343/4019 2831/4344/4020
f 2830/4297/3975 2831/4344/4020 2823/4299/3977
f 2823/4299/3977 2831/4344/4020 2822/4345/4021
f 2823/4299/3977 2822/4345/4021 2833/4301/3979
f 2833/4301/3979 2822/4345/4021 2832/4346/4022
f 2833/4301/3979 2832/4346/4022 2838/4303/3981
f 2838/4303/3981 2832/4346/4022 2837/4347/4023
f 2838/4303/3981 2837/4347/4023 2843/4305/3983
f 2843/4305/3983 2837/4347/4023 2842/4348/4024
f 2843/4305/3983 2842/4348/4024 2855/4307/3985
f 2855/4307/3985 2842/4348/4024 2856/4349/4025
f 2855/4307/3985 2856/4349/4025 2848/4309/3987
f 2848/4309/3987 2856/4349/4025 2847/4350/4026
f 2848/4309/3987 2847/4350/4026 2858/4311/3989
f 2858/4311/3989 2847/4350/4026 2857/4351/4027
f 2858/4311/3989 2857/4351/4027 2863/4313/3991
f 2863/4313/3991 2857/4351/4027 2862/4352/4028
f 2863/4313/3991 2862/4352/4028 2868/4315/3993
f 2868/4315/3993 2862/4352/4028 2867/4338/4014
f 2770/4339/4015 2771/4353/4029 2802/4340/4016
f 2802/4340/4016 2771/4353/4029 2772/4354/4030
f 2802/4340/4016 2772/4354/4030 2807/4341/4017
f 2807/4341/4017 2772/4354/4030 2773/4355/4031
f 2807/4341/4017 2773/4355/4031 2812/4342/4018
f 2812/4342/4018 2773/4355/4031 2774/4356/4032
f 2812/4342/4018 2774/4356/4032 2817/4343/4019
f 2817/4343/4019 2774/4356/4032 2775/4357/4033
f 2817/4343/4019 2775/4357/4033 2831/4344/4020
f 2831/4344/4020 2775/4357/4033 2822/4345/4021
f 2775/4357/4033 2776/4358/4034 2822/4345/4021
f 2822/4345/4021 2776/4358/4034 2832/4346/4022
f 2776/4358/4034 2777/4359/4035 2832/4346/4022
f 2832/4346/4022 2777/4359/4035 2837/4347/4023
f 2777/4359/4035 2778/4360/4036 2837/4347/4023
f 2837/4347/4023 2778/4360/4036 2842/4348/4024
f 2778/4360/4036 2779/4361/4037 2842/4348/4024
f 2842/4348/4024 2779/4361/4037 2856/4349/4025
f 2856/4349/4025 2779/4361/4037 2847/4350/4026
f 2847/4350/4026 2779/4361/4037 2780/4362/4038
f 2847/4350/4026 2780/4362/4038 2857/4351/4027
f 2857/4351/4027 2780/4362/4038 2781/4363/4039
f 2857/4351/4027 2781/4363/4039 2862/4352/4028
f 2862/4352/4028 2781/4363/4039 2782/4364/4040
f 2862/4352/4028 2782/4364/4040 2867/4338/4014
f 2867/4338/4014 2782/4364/4040 2783/4336/4012
f 2894/4324/4002 2746/4326/3950 2895/4365/4041
f 2895/4365/4041 2746/4326/3950 2745/4366/4042
f 2895/4365/4041 2745/4366/4042 2896/4367/4043
f 2896/4367/4043 2745/4366/4042 2744/4368/3934
f 2896/4367/4043 2744/4368/3934 2787/4369/4044
f 2896/4367/4043 2787/4369/4044 2891/4370/4045
f 2891/4370/4045 2787/4369/4044 2788/4371/4046
f 2891/4370/4045 2788/4371/4046 2886/4372/4047
f 2886/4372/4047 2788/4371/4046 2789/4373/4048
f 2886/4372/4047 2789/4373/4048 2876/4374/4049
f 2876/4374/4049 2789/4373/4048 2790/4375/4050
f 2876/4374/4049 2790/4375/4050 2877/4376/4051
f 2877/4376/4051 2790/4375/4050 2871/4377/4052
f 2877/4376/4051 2871/4377/4052 2870/4378/4053
f 2870/4378/4053 2871/4377/4052 2865/4379/4054
f 2870/4378/4053 2865/4379/4054 2864/4312/3990
f 2864/4312/3990 2865/4379/4054 2859/4310/3988
f 2790/4375/4050 2791/4380/4055 2871/4377/4052
f 2871/4377/4052 2791/4380/4055 2866/4381/4056
f 2871/4377/4052 2866/4381/4056 2865/4379/4054
f 2865/4379/4054 2866/4381/4056 2860/4382/4057
f 2865/4379/4054 2860/4382/4057 2859/4310/3988
f 2859/4310/3988 2860/4382/4057 2849/4308/3986
f 2791/4380/4055 2792/4383/4058 2866/4381/4056
f 2866/4381/4056 2792/4383/4058 2861/4384/4059
f 2866/4381/4056 2861/4384/4059 2860/4382/4057
f 2860/4382/4057 2861/4384/4059 2850/4385/4060
f 2860/4382/4057 2850/4385/4060 2849/4308/3986
f 2849/4308/3986 2850/4385/4060 2854/4306/3984
f 2792/4383/4058 2793/4386/4061 2861/4384/4059
f 2861/4384/4059 2793/4386/4061 2851/4387/4062
f 2861/4384/4059 2851/4387/4062 2850/4385/4060
f 2850/4385/4060 2851/4387/4062 2853/4388/4063
f 2850/4385/4060 2853/4388/4063 2854/4306/3984
f 2854/4306/3984 2853/4388/4063 2844/4304/3982
f 2793/4386/4061 2794/4389/4064 2851/4387/4062
f 2851/4387/4062 2794/4389/4064 2852/4390/4065
f 2851/4387/4062 2852/4390/4065 2853/4388/4063
f 2853/4388/4063 2852/4390/4065 2845/4391/4066
f 2853/4388/4063 2845/4391/4066 2844/4304/3982
f 2844/4304/3982 2845/4391/4066 2839/4302/3980
f 2852/4390/4065 2794/4389/4064 2846/4392/4067
f 2846/4392/4067 2794/4389/4064 2795/4393/4068
f 2846/4392/4067 2795/4393/4068 2841/4394/4069
f 2841/4394/4069 2795/4393/4068 2796/4395/4070
f 2841/4394/4069 2796/4395/4070 2836/4396/4071
f 2836/4396/4071 2796/4395/4070 2797/4397/4072
f 2836/4396/4071 2797/4397/4072 2826/4398/4073
f 2826/4398/4073 2797/4397/4072 2798/4399/4074
f 2826/4398/4073 2798/4399/4074 2827/4400/4075
f 2827/4400/4075 2798/4399/4074 2821/4401/4076
f 2827/4400/4075 2821/4401/4076 2820/4402/4077
f 2820/4402/4077 2821/4401/4076 2815/4403/4078
f 2820/4402/4077 2815/4403/4078 2814/4292/3970
f 2814/4292/3970 2815/4403/4078 2809/4290/3968
f 2798/4399/4074 2799/4404/4079 2821/4401/4076
f 2821/4401/4076 2799/4404/4079 2816/4405/4080
f 2821/4401/4076 2816/4405/4080 2815/4403/4078
f 2815/4403/4078 2816/4405/4080 2810/4406/4081
f 2815/4403/4078 2810/4406/4081 2809/4290/3968
f 2809/4290/3968 2810/4406/4081 2804/4288/3966
f 2799/4404/4079 2800/4407/4082 2816/4405/4080
f 2816/4405/4080 2800/4407/4082 2811/4408/4083
f 2816/4405/4080 2811/4408/4083 2810/4406/4081
f 2810/4406/4081 2811/4408/4083 2805/4286/3964
f 2810/4406/4081 2805/4286/3964 2804/4288/3966
f 2800/4407/4082 2801/4282/3960 2811/4408/4083
f 2811/4408/4083 2801/4282/3960 2806/4284/3962
f 2811/4408/4083 2806/4284/3962 2805/4286/3964
f 2820/4402/4077 2814/4292/3970 2819/4294/3972
f 2820/4402/4077 2819/4294/3972 2828/4409/4084
f 2828/4409/4084 2819/4294/3972 2829/4296/3974
f 2828/4409/4084 2829/4296/3974 2825/4410/4085
f 2825/4410/4085 2829/4296/3974 2824/4298/3976
f 2825/4410/4085 2824/4298/3976 2835/4411/4086
f 2835/4411/4086 2824/4298/3976 2834/4300/3978
f 2835/4411/4086 2834/4300/3978 2840/4412/4087
f 2840/4412/4087 2834/4300/3978 2839/4302/3980
f 2840/4412/4087 2839/4302/3980 2845/4391/4066
f 2825/4410/4085 2826/4398/4073 2828/4409/4084
f 2828/4409/4084 2826/4398/4073 2827/4400/4075
f 2828/4409/4084 2827/4400/4075 2820/4402/4077
f 2826/4398/4073 2825/4410/4085 2836/4396/4071
f 2836/4396/4071 2825/4410/4085 2835/4411/4086
f 2836/4396/4071 2835/4411/4086 2841/4394/4069
f 2841/4394/4069 2835/4411/4086 2840/4412/4087
f 2841/4394/4069 2840/4412/4087 2846/4392/4067
f 2846/4392/4067 2840/4412/4087 2845/4391/4066
f 2846/4392/4067 2845/4391/4066 2852/4390/4065
f 2870/4378/4053 2864/4312/3990 2869/4314/3992
f 2870/4378/4053 2869/4314/3992 2878/4413/4088
f 2878/4413/4088 2869/4314/3992 2879/4316/3994
f 2878/4413/4088 2879/4316/3994 2875/4414/4089
f 2875/4414/4089 2879/4316/3994 2874/4318/3996
f 2875/4414/4089 2874/4318/3996 2885/4415/4090
f 2885/4415/4090 2874/4318/3996 2884/4320/3998
f 2885/4415/4090 2884/4320/3998 2890/4416/4091
f 2890/4416/4091 2884/4320/3998 2889/4322/4000
f 2890/4416/4091 2889/4322/4000 2895/4365/4041
f 2895/4365/4041 2889/4322/4000 2894/4324/4002
f 2880/4317/3995 2881/4337/4013 2873/4319/3997
f 2873/4319/3997 2881/4337/4013 2872/4335/4011
f 2873/4319/3997 2872/4335/4011 2883/4321/3999
f 2883/4321/3999 2872/4335/4011 2882/4333/4009
f 2883/4321/3999 2882/4333/4009 2888/4323/4001
f 2888/4323/4001 2882/4333/4009 2887/4331/4007
f 2888/4323/4001 2887/4331/4007 2893/4325/4003
f 2893/4325/4003 2887/4331/4007 2892/4328/4005
f 2875/4414/4089 2876/4374/4049 2878/4413/4088
f 2878/4413/4088 2876/4374/4049 2877/4376/4051
f 2878/4413/4088 2877/4376/4051 2870/4378/4053
f 2876/4374/4049 2875/4414/4089 2886/4372/4047
f 2886/4372/4047 2875/4414/4089 2885/4415/4090
f 2886/4372/4047 2885/4415/4090 2891/4370/4045
f 2891/4370/4045 2885/4415/4090 2890/4416/4091
f 2891/4370/4045 2890/4416/4091 2896/4367/4043
f 2896/4367/4043 2890/4416/4091 2895/4365/4041
f 2898/4417/4092 2771/4418/4093 2897/4419/4094
f 2897/4419/4094 2771/4418/4093 2911/4420/4095
f 2897/4419/4094 2911/4420/4095 2912/4421/4096
f 2912/4421/4096 2911/4420/4095 2919/4422/4097
f 2912/4421/4096 2919/4422/4097 2920/4423/4098
f 2920/4423/4098 2919/4422/4097 2927/4424/4099
f 2920/4423/4098 2927/4424/4099 2902/4425/4100
f 2902/4425/4100 2927/4424/4099 2901/4426/4101
f 2901/4426/4101 2927/4424/4099 2900/4427/4102
f 2900/4427/4102 2927/4424/4099 2899/4428/4103
f 2899/4428/4103 2927/4424/4099 2926/4429/4104
f 2899/4428/4103 2926/4429/4104 2925/4430/4105
f 2925/4430/4105 2926/4429/4104 2918/4431/4106
f 2925/4430/4105 2918/4431/4106 2917/4432/4107
f 2917/4432/4107 2918/4431/4106 2910/4433/4108
f 2917/4432/4107 2910/4433/4108 2909/4434/4109
f 2909/4434/4109 2910/4433/4108 2771/4418/4093
f 2909/4434/4109 2771/4418/4093 2908/4435/4110
f 2908/4435/4110 2771/4418/4093 2907/4436/4111
f 2908/4435/4110 2907/4436/4111 2915/4437/4112
f 2915/4437/4112 2907/4436/4111 2914/4438/4113
f 2915/4437/4112 2914/4438/4113 2922/4439/4114
f 2922/4439/4114 2914/4438/4113 2921/4440/4115
f 2922/4439/4114 2921/4440/4115 2899/4428/4103
f 2899/4428/4103 2921/4440/4115 2768/4441/4116
f 2899/4428/4103 2768/4441/4116 2767/4442/4117
f 2771/4418/4093 2770/4443/4118 2907/4436/4111
f 2907/4436/4111 2770/4443/4118 2914/4438/4113
f 2770/4443/4118 2769/4444/4119 2914/4438/4113
f 2914/4438/4113 2769/4444/4119 2921/4440/4115
f 2769/4444/4119 2768/4441/4116 2921/4440/4115
f 2902/4425/4100 2903/4445/4120 2920/4423/4098
f 2920/4423/4098 2903/4445/4120 2904/4446/4121
f 2920/4423/4098 2904/4446/4121 2905/4447/4122
f 2920/4423/4098 2905/4447/4122 2913/4448/4123
f 2913/4448/4123 2905/4447/4122 2906/4449/4124
f 2913/4448/4123 2906/4449/4124 2897/4419/4094
f 2911/4420/4095 2771/4418/4093 2910/4433/4108
f 2909/4434/4109 2908/4435/4110 2916/4450/4125
f 2916/4450/4125 2908/4435/4110 2915/4437/4112
f 2916/4450/4125 2915/4437/4112 2923/4451/4126
f 2923/4451/4126 2915/4437/4112 2922/4439/4114
f 2923/4451/4126 2922/4439/4114 2899/4428/4103
f 2913/4448/4123 2897/4419/4094 2912/4421/4096
f 2919/4422/4097 2911/4420/4095 2918/4431/4106
f 2918/4431/4106 2911/4420/4095 2910/4433/4108
f 2920/4423/4098 2913/4448/4123 2912/4421/4096
f 2909/4434/4109 2916/4450/4125 2917/4432/4107
f 2917/4432/4107 2916/4450/4125 2924/4452/4127
f 2917/4432/4107 2924/4452/4127 2925/4430/4105
f 2925/4430/4105 2924/4452/4127 2899/4428/4103
f 2924/4452/4127 2916/4450/4125 2923/4451/4126
f 2927/4424/4099 2919/4422/4097 2926/4429/4104
f 2926/4429/4104 2919/4422/4097 2918/4431/4106
f 2899/4428/4103 2924/4452/4127 2923/4451/4126
f 2588/4453/3923 2939/4454/4128 2718/4455/3911
f 2718/4455/3911 2939/4454/4128 2940/4456/4129
f 2718/4455/3911 2940/4456/4129 2941/4457/4130
f 2941/4457/4130 2940/4456/4129 2947/4458/4131
f 2941/4457/4130 2947/4458/4131 2934/4459/4132
f 2934/4459/4132 2947/4458/4131 2933/4460/4133
f 2933/4460/4133 2947/4458/4131 2953/4461/4134
f 2933/4460/4133 2953/4461/4134 2932/4462/4135
f 2932/4462/4135 2953/4461/4134 2952/4463/4136
f 2932/4462/4135 2952/4463/4136 2951/4464/4137
f 2951/4464/4137 2952/4463/4136 2945/4465/4138
f 2951/4464/4137 2945/4465/4138 2944/4466/4139
f 2944/4466/4139 2945/4465/4138 2938/4467/4140
f 2944/4466/4139 2938/4467/4140 2937/4468/4141
f 2937/4468/4141 2938/4467/4140 2588/4453/3923
f 2937/4468/4141 2588/4453/3923 2936/4469/4142
f 2936/4469/4142 2588/4453/3923 2928/4470/4143
f 2936/4469/4142 2928/4470/4143 2942/4471/4144
f 2942/4471/4144 2928/4470/4143 2929/4472/4145
f 2942/4471/4144 2929/4472/4145 2948/4473/4146
f 2948/4473/4146 2929/4472/4145 2930/4474/4147
f 2948/4473/4146 2930/4474/4147 2931/4475/4148
f 2932/4462/4135 2950/4476/4149 2931/4475/4148
f 2931/4475/4148 2950/4476/4149 2949/4477/4150
f 2931/4475/4148 2949/4477/4150 2948/4473/4146
f 2948/4473/4146 2949/4477/4150 2942/4471/4144
f 2934/4459/4132 2935/4478/4151 2941/4457/4130
f 2941/4457/4130 2935/4478/4151 2718/4455/3911
f 2939/4454/4128 2588/4453/3923 2938/4467/4140
f 2937/4468/4141 2936/4469/4142 2943/4479/4152
f 2943/4479/4152 2936/4469/4142 2942/4471/4144
f 2943/4479/4152 2942/4471/4144 2949/4477/4150
f 2938/4467/4140 2945/4465/4138 2939/4454/4128
f 2939/4454/4128 2945/4465/4138 2946/4480/4153
f 2939/4454/4128 2946/4480/4153 2940/4456/4129
f 2940/4456/4129 2946/4480/4153 2947/4458/4131
f 2937/4468/4141 2943/4479/4152 2944/4466/4139
f 2944/4466/4139 2943/4479/4152 2950/4476/4149
f 2944/4466/4139 2950/4476/4149 2951/4464/4137
f 2951/4464/4137 2950/4476/4149 2932/4462/4135
f 2950/4476/4149 2943/4479/4152 2949/4477/4150
f 2953/4461/4134 2947/4458/4131 2946/4480/4153
f 2953/4461/4134 2946/4480/4153 2952/4463/4136
f 2952/4463/4136 2946/4480/4153 2945/4465/4138
f 2588/4481/3923 2627/4482/4154 2928/4483/4143
f 2928/4483/4143 2627/4482/4154 2967/4484/4155
f 2928/4483/4143 2967/4484/4155 2968/4485/4156
f 2968/4485/4156 2967/4484/4155 2971/4486/4157
f 2968/4485/4156 2971/4486/4157 2972/4487/4158
f 2972/4487/4158 2971/4486/4157 2975/4488/4159
f 2972/4487/4158 2975/4488/4159 2964/4489/4160
f 2964/4489/4160 2975/4488/4159 2963/4490/4161
f 2963/4490/4161 2975/4488/4159 2978/4491/4162
f 2963/4490/4161 2978/4491/4162 2962/4492/4163
f 2962/4492/4163 2978/4491/4162 2981/4493/4164
f 2962/4492/4163 2981/4493/4164 2961/4494/4165
f 2961/4494/4165 2981/4493/4164 2984/4495/4166
f 2961/4494/4165 2984/4495/4166 2960/4496/4167
f 2960/4496/4167 2984/4495/4166 2987/4497/4168
f 2960/4496/4167 2987/4497/4168 2959/4498/4169
f 2959/4498/4169 2987/4497/4168 2990/4499/4170
f 2959/4498/4169 2990/4499/4170 2958/4500/4171
f 2958/4500/4171 2990/4499/4170 2993/4501/4172
f 2958/4500/4171 2993/4501/4172 2957/4502/4173
f 2957/4502/4173 2993/4501/4172 2996/4503/4174
f 2957/4502/4173 2996/4503/4174 2956/4504/4175
f 2956/4504/4175 2996/4503/4174 2955/4505/4176
f 2955/4505/4176 2996/4503/4174 2995/4506/4177
f 2955/4505/4176 2995/4506/4177 2954/4507/4178
f 2954/4507/4178 2995/4506/4177 2994/4508/4179
f 2954/4507/4178 2994/4508/4179 2613/4509/4180
f 2613/4509/4180 2994/4508/4179 2614/4510/4181
f 2614/4510/4181 2994/4508/4179 2991/4511/4182
f 2614/4510/4181 2991/4511/4182 2615/4512/4183
f 2615/4512/4183 2991/4511/4182 2616/4513/4184
f 2616/4513/4184 2991/4511/4182 2988/4514/4185
f 2616/4513/4184 2988/4514/4185 2617/4515/4186
f 2617/4515/4186 2988/4514/4185 2985/4516/4187
f 2617/4515/4186 2985/4516/4187 2618/4517/4188
f 2618/4517/4188 2985/4516/4187 2619/4518/4189
f 2619/4518/4189 2985/4516/4187 2982/4519/4190
f 2619/4518/4189 2982/4519/4190 2620/4520/4191
f 2620/4520/4191 2982/4519/4190 2979/4521/4192
f 2620/4520/4191 2979/4521/4192 2621/4522/4193
f 2621/4522/4193 2979/4521/4192 2976/4523/4194
f 2621/4522/4193 2976/4523/4194 2622/4524/4195
f 2622/4524/4195 2976/4523/4194 2623/4525/4196
f 2623/4525/4196 2976/4523/4194 2973/4526/4197
f 2623/4525/4196 2973/4526/4197 2624/4527/4198
f 2624/4527/4198 2973/4526/4197 2970/4528/4199
f 2624/4527/4198 2970/4528/4199 2625/4529/4200
f 2625/4529/4200 2970/4528/4199 2626/4530/4201
f 2626/4530/4201 2970/4528/4199 2967/4484/4155
f 2626/4530/4201 2967/4484/4155 2627/4482/4154
f 2613/4509/4180 2612/4531/3941 2954/4507/4178
f 2956/4504/4175 1919/4532/2748 2957/4502/4173
f 2964/4489/4160 2965/4533/4202 2972/4487/4158
f 2972/4487/4158 2965/4533/4202 2969/4534/4203
f 2972/4487/4158 2969/4534/4203 2968/4485/4156
f 2968/4485/4156 2969/4534/4203 2929/4535/4145
f 2968/4485/4156 2929/4535/4145 2928/4483/4143
f 2965/4533/4202 2966/4536/4204 2969/4534/4203
f 2969/4534/4203 2966/4536/4204 2930/4537/4147
f 2969/4534/4203 2930/4537/4147 2929/4535/4145
f 2966/4536/4204 2931/4538/4148 2930/4537/4147
f 2967/4484/4155 2970/4528/4199 2971/4486/4157
f 2971/4486/4157 2970/4528/4199 2974/4539/4205
f 2971/4486/4157 2974/4539/4205 2975/4488/4159
f 2975/4488/4159 2974/4539/4205 2978/4491/4162
f 2970/4528/4199 2973/4526/4197 2974/4539/4205
f 2974/4539/4205 2973/4526/4197 2977/4540/4206
f 2974/4539/4205 2977/4540/4206 2978/4491/4162
f 2978/4491/4162 2977/4540/4206 2981/4493/4164
f 2973/4526/4197 2976/4523/4194 2977/4540/4206
f 2977/4540/4206 2976/4523/4194 2980/4541/4207
f 2977/4540/4206 2980/4541/4207 2981/4493/4164
f 2981/4493/4164 2980/4541/4207 2984/4495/4166
f 2976/4523/4194 2979/4521/4192 2980/4541/4207
f 2980/4541/4207 2979/4521/4192 2983/4542/4208
f 2980/4541/4207 2983/4542/4208 2984/4495/4166
f 2984/4495/4166 2983/4542/4208 2987/4497/4168
f 2979/4521/4192 2982/4519/4190 2983/4542/4208
f 2983/4542/4208 2982/4519/4190 2986/4543/4209
f 2983/4542/4208 2986/4543/4209 2987/4497/4168
f 2987/4497/4168 2986/4543/4209 2990/4499/4170
f 2982/4519/4190 2985/4516/4187 2986/4543/4209
f 2986/4543/4209 2985/4516/4187 2989/4544/4210
f 2986/4543/4209 2989/4544/4210 2990/4499/4170
f 2990/4499/4170 2989/4544/4210 2993/4501/4172
f 2985/4516/4187 2988/4514/4185 2989/4544/4210
f 2989/4544/4210 2988/4514/4185 2992/4545/4211
f 2989/4544/4210 2992/4545/4211 2993/4501/4172
f 2993/4501/4172 2992/4545/4211 2996/4503/4174
f 2988/4514/4185 2991/4511/4182 2992/4545/4211
f 2992/4545/4211 2991/4511/4182 2995/4506/4177
f 2992/4545/4211 2995/4506/4177 2996/4503/4174
f 2994/4508/4179 2995/4506/4177 2991/4511/4182
f 1767/4546/4212 3001/4547/4213 1768/4548/2599
f 1768/4548/2599 3001/4547/4213 3002/4549/4214
f 1768/4548/2599 3002/4549/4214 1806/4550/2620
f 1806/4550/2620 3002/4549/4214 3003/4551/4215
f 1806/4550/2620 3003/4551/4215 1850/4552/4216
f 1850/4552/4216 3003/4551/4215 1851/4553/4217
f 1851/4553/4217 3003/4551/4215 1852/4554/4218
f 1852/4554/4218 3003/4551/4215 1853/4555/4219
f 1853/4555/4219 3003/4551/4215 3004/4556/4220
f 1853/4555/4219 3004/4556/4220 1918/4557/2751
f 1918/4557/2751 3004/4556/4220 3005/4558/4221
f 1918/4557/2751 3005/4558/4221 2999/4559/4222
f 2999/4559/4222 3005/4558/4221 2998/4560/4223
f 2998/4560/4223 3005/4558/4221 3011/4561/4224
f 2998/4560/4223 3011/4561/4224 2997/4562/4225
f 2997/4562/4225 3011/4561/4224 3017/4563/4226
f 2997/4562/4225 3017/4563/4226 2748/4564/3953
f 2748/4564/3953 3017/4563/4226 3016/4565/4227
f 2748/4564/3953 3016/4565/4227 3015/4566/4228
f 3015/4566/4228 3016/4565/4227 3009/4567/4229
f 3015/4566/4228 3009/4567/4229 3008/4568/4230
f 3008/4568/4230 3009/4567/4229 3002/4549/4214
f 3008/4568/4230 3002/4549/4214 3001/4547/4213
f 1767/4546/4212 1766/4569/4231 3001/4547/4213
f 3001/4547/4213 1766/4569/4231 1765/4570/4232
f 3001/4547/4213 1765/4570/4232 3000/4571/4233
f 3000/4571/4233 1765/4570/4232 1919/4572/2748
f 3000/4571/4233 1919/4572/2748 2956/4573/4175
f 1765/4570/4232 1737/4574/2545 1919/4572/2748
f 3000/4571/4233 2956/4573/4175 3006/4575/4234
f 3006/4575/4234 2956/4573/4175 2955/4576/4176
f 3006/4575/4234 2955/4576/4176 3012/4577/4235
f 3012/4577/4235 2955/4576/4176 2954/4578/4178
f 3012/4577/4235 2954/4578/4178 2612/4579/3941
f 2748/4564/3953 3014/4580/4236 2612/4579/3941
f 2612/4579/3941 3014/4580/4236 3013/4581/4237
f 2612/4579/3941 3013/4581/4237 3012/4577/4235
f 3012/4577/4235 3013/4581/4237 3006/4575/4234
f 3001/4547/4213 3000/4571/4233 3007/4582/4238
f 3007/4582/4238 3000/4571/4233 3006/4575/4234
f 3007/4582/4238 3006/4575/4234 3013/4581/4237
f 3002/4549/4214 3009/4567/4229 3003/4551/4215
f 3003/4551/4215 3009/4567/4229 3010/4583/4239
f 3003/4551/4215 3010/4583/4239 3004/4556/4220
f 3004/4556/4220 3010/4583/4239 3011/4561/4224
f 3004/4556/4220 3011/4561/4224 3005/4558/4221
f 3001/4547/4213 3007/4582/4238 3008/4568/4230
f 3008/4568/4230 3007/4582/4238 3014/4580/4236
f 3008/4568/4230 3014/4580/4236 3015/4566/4228
f 3015/4566/4228 3014/4580/4236 2748/4564/3953
f 3014/4580/4236 3007/4582/4238 3013/4581/4237
f 3017/4563/4226 3011/4561/4224 3010/4583/4239
f 3017/4563/4226 3010/4583/4239 3016/4565/4227
f 3016/4565/4227 3010/4583/4239 3009/4567/4229
f 2748/4584/3953 2786/4585/4240 2997/4586/4225
f 2997/4586/4225 2786/4585/4240 3032/4587/4241
f 2997/4586/4225 3032/4587/4241 3033/4588/4242
f 3033/4588/4242 3032/4587/4241 3036/4589/4243
f 3033/4588/4242 3036/4589/4243 3037/4590/4244
f 3037/4590/4244 3036/4589/4243 3040/4591/4245
f 3037/4590/4244 3040/4591/4245 3029/4592/4246
f 3029/4592/4246 3040/4591/4245 3028/4593/4247
f 3028/4593/4247 3040/4591/4245 3043/4594/4248
f 3028/4593/4247 3043/4594/4248 3027/4595/4249
f 3027/4595/4249 3043/4594/4248 3046/4596/4250
f 3027/4595/4249 3046/4596/4250 3026/4597/4251
f 3026/4597/4251 3046/4596/4250 3049/4598/4252
f 3026/4597/4251 3049/4598/4252 3025/4599/4253
f 3025/4599/4253 3049/4598/4252 3052/4600/4254
f 3025/4599/4253 3052/4600/4254 3024/4601/4255
f 3024/4601/4255 3052/4600/4254 3055/4602/4256
f 3024/4601/4255 3055/4602/4256 3023/4603/4257
f 3023/4603/4257 3055/4602/4256 3058/4604/4258
f 3023/4603/4257 3058/4604/4258 3022/4605/4259
f 3022/4605/4259 3058/4604/4258 3061/4606/4260
f 3022/4605/4259 3061/4606/4260 3020/4607/4261
f 3020/4607/4261 3061/4606/4260 3019/4608/4262
f 3019/4608/4262 3061/4606/4260 3060/4609/4263
f 3019/4608/4262 3060/4609/4263 3018/4610/4264
f 3018/4610/4264 3060/4609/4263 3059/4611/4265
f 3018/4610/4264 3059/4611/4265 2772/4612/4266
f 2772/4612/4266 3059/4611/4265 2773/4613/4267
f 2773/4613/4267 3059/4611/4265 3056/4614/4268
f 2773/4613/4267 3056/4614/4268 2774/4615/4269
f 2774/4615/4269 3056/4614/4268 2775/4616/4270
f 2775/4616/4270 3056/4614/4268 3053/4617/4271
f 2775/4616/4270 3053/4617/4271 2776/4618/4272
f 2776/4618/4272 3053/4617/4271 3050/4619/4273
f 2776/4618/4272 3050/4619/4273 2777/4620/4274
f 2777/4620/4274 3050/4619/4273 2778/4621/4275
f 2778/4621/4275 3050/4619/4273 3047/4622/4276
f 2778/4621/4275 3047/4622/4276 2779/4623/4277
f 2779/4623/4277 3047/4622/4276 3044/4624/4278
f 2779/4623/4277 3044/4624/4278 2780/4625/4279
f 2780/4625/4279 3044/4624/4278 3041/4626/4280
f 2780/4625/4279 3041/4626/4280 2781/4627/4281
f 2781/4627/4281 3041/4626/4280 2782/4628/4282
f 2782/4628/4282 3041/4626/4280 3038/4629/4283
f 2782/4628/4282 3038/4629/4283 2783/4630/4284
f 2783/4630/4284 3038/4629/4283 3035/4631/4285
f 2783/4630/4284 3035/4631/4285 2784/4632/4286
f 2784/4632/4286 3035/4631/4285 2785/4633/4287
f 2785/4633/4287 3035/4631/4285 3032/4587/4241
f 2785/4633/4287 3032/4587/4241 2786/4585/4240
f 2772/4612/4266 2771/4634/4093 3018/4610/4264
f 3020/4607/4261 3021/4635/4288 3022/4605/4259
f 3029/4592/4246 3030/4636/4289 3037/4590/4244
f 3037/4590/4244 3030/4636/4289 3034/4637/4290
f 3037/4590/4244 3034/4637/4290 3033/4588/4242
f 3033/4588/4242 3034/4637/4290 2998/4638/4223
f 3033/4588/4242 2998/4638/4223 2997/4586/4225
f 3030/4636/4289 3031/4639/4291 3034/4637/4290
f 3034/4637/4290 3031/4639/4291 2999/4640/4222
f 3034/4637/4290 2999/4640/4222 2998/4638/4223
f 3031/4639/4291 1918/4641/2751 2999/4640/4222
f 3032/4587/4241 3035/4631/4285 3036/4589/4243
f 3036/4589/4243 3035/4631/4285 3039/4642/4292
f 3036/4589/4243 3039/4642/4292 3040/4591/4245
f 3040/4591/4245 3039/4642/4292 3043/4594/4248
f 3035/4631/4285 3038/4629/4283 3039/4642/4292
f 3039/4642/4292 3038/4629/4283 3042/4643/4293
f 3039/4642/4292 3042/4643/4293 3043/4594/4248
f 3043/4594/4248 3042/4643/4293 3046/4596/4250
f 3038/4629/4283 3041/4626/4280 3042/4643/4293
f 3042/4643/4293 3041/4626/4280 3045/4644/4294
f 3042/4643/4293 3045/4644/4294 3046/4596/4250
f 3046/4596/4250 3045/4644/4294 3049/4598/4252
f 3041/4626/4280 3044/4624/4278 3045/4644/4294
f 3045/4644/4294 3044/4624/4278 3048/4645/4295
f 3045/4644/4294 3048/4645/4295 3049/4598/4252
f 3049/4598/4252 3048/4645/4295 3052/4600/4254
f 3044/4624/4278 3047/4622/4276 3048/4645/4295
f 3048/4645/4295 3047/4622/4276 3051/4646/4296
f 3048/4645/4295 3051/4646/4296 3052/4600/4254
f 3052/4600/4254 3051/4646/4296 3055/4602/4256
f 3047/4622/4276 3050/4619/4273 3051/4646/4296
f 3051/4646/4296 3050/4619/4273 3054/4647/4297
f 3051/4646/4296 3054/4647/4297 3055/4602/4256
f 3055/4602/4256 3054/4647/4297 3058/4604/4258
f 3050/4619/4273 3053/4617/4271 3054/4647/4297
f 3054/4647/4297 3053/4617/4271 3057/4648/4298
f 3054/4647/4297 3057/4648/4298 3058/4604/4258
f 3058/4604/4258 3057/4648/4298 3061/4606/4260
f 3053/4617/4271 3056/4614/4268 3057/4648/4298
f 3057/4648/4298 3056/4614/4268 3060/4609/4263
f 3057/4648/4298 3060/4609/4263 3061/4606/4260
f 3059/4611/4265 3060/4609/4263 3056/4614/4268
f 2898/4649/4092 3069/4650/4299 2771/4651/4093
f 2771/4651/4093 3069/4650/4299 3070/4652/4300
f 2771/4651/4093 3070/4652/4300 3071/4653/4301
f 3071/4653/4301 3070/4652/4300 3077/4654/4302
f 3071/4653/4301 3077/4654/4302 3019/4655/4262
f 3019/4655/4262 3077/4654/4302 3020/4656/4261
f 3020/4656/4261 3077/4654/4302 3083/4657/4303
f 3020/4656/4261 3083/4657/4303 3021/4658/4288
f 3021/4658/4288 3083/4657/4303 3082/4659/4304
f 3021/4658/4288 3082/4659/4304 3081/4660/4305
f 3081/4660/4305 3082/4659/4304 3075/4661/4306
f 3081/4660/4305 3075/4661/4306 3074/4662/4307
f 3074/4662/4307 3075/4661/4306 3068/4663/4308
f 3074/4662/4307 3068/4663/4308 3067/4664/4309
f 3067/4664/4309 3068/4663/4308 2898/4649/4092
f 3067/4664/4309 2898/4649/4092 3066/4665/4310
f 3066/4665/4310 2898/4649/4092 3062/4666/4311
f 3066/4665/4310 3062/4666/4311 3072/4667/4312
f 3072/4667/4312 3062/4666/4311 3063/4668/4313
f 3072/4667/4312 3063/4668/4313 3078/4669/4314
f 3078/4669/4314 3063/4668/4313 3064/4670/4315
f 3078/4669/4314 3064/4670/4315 3065/4671/4316
f 3021/4658/4288 3080/4672/4317 3065/4671/4316
f 3065/4671/4316 3080/4672/4317 3079/4673/4318
f 3065/4671/4316 3079/4673/4318 3078/4669/4314
f 3078/4669/4314 3079/4673/4318 3072/4667/4312
f 3019/4655/4262 3018/4674/4264 3071/4653/4301
f 3071/4653/4301 3018/4674/4264 2771/4651/4093
f 3069/4650/4299 2898/4649/4092 3068/4663/4308
f 3067/4664/4309 3066/4665/4310 3073/4675/4319
f 3073/4675/4319 3066/4665/4310 3072/4667/4312
f 3073/4675/4319 3072/4667/4312 3079/4673/4318
f 3068/4663/4308 3075/4661/4306 3069/4650/4299
f 3069/4650/4299 3075/4661/4306 3076/4676/4320
f 3069/4650/4299 3076/4676/4320 3070/4652/4300
f 3070/4652/4300 3076/4676/4320 3077/4654/4302
f 3067/4664/4309 3073/4675/4319 3074/4662/4307
f 3074/4662/4307 3073/4675/4319 3080/4672/4317
f 3074/4662/4307 3080/4672/4317 3081/4660/4305
f 3081/4660/4305 3080/4672/4317 3021/4658/4288
f 3080/4672/4317 3073/4675/4319 3079/4673/4318
f 3083/4657/4303 3077/4654/4302 3076/4676/4320
f 3083/4657/4303 3076/4676/4320 3082/4659/4304
f 3082/4659/4304 3076/4676/4320 3075/4661/4306
f 3062/4677/4311 2898/4678/4092 3099/4679/4321
f 3099/4679/4321 2898/4678/4092 2897/4680/4322
f 3099/4679/4321 2897/4680/4322 3084/4681/4323
f 3099/4679/4321 3084/4681/4323 3102/4682/4324
f 3102/4682/4324 3084/4681/4323 3085/4683/4325
f 3102/4682/4324 3085/4683/4325 3105/4684/4326
f 3105/4684/4326 3085/4683/4325 3086/4685/4327
f 3105/4684/4326 3086/4685/4327 3108/4686/4328
f 3108/4686/4328 3086/4685/4327 3087/4687/4329
f 3108/4686/4328 3087/4687/4329 3111/4688/4330
f 3111/4688/4330 3087/4687/4329 3088/4689/4331
f 3111/4688/4330 3088/4689/4331 3090/4690/4332
f 3090/4690/4332 3088/4689/4331 3089/4691/4333
f 3090/4690/4332 3091/4692/4334 3111/4688/4330
f 3111/4688/4330 3091/4692/4334 3112/4693/4335
f 3111/4688/4330 3112/4693/4335 3108/4686/4328
f 3108/4686/4328 3112/4693/4335 3109/4694/4336
f 3108/4686/4328 3109/4694/4336 3105/4684/4326
f 3105/4684/4326 3109/4694/4336 3106/4695/4337
f 3105/4684/4326 3106/4695/4337 3102/4682/4324
f 3102/4682/4324 3106/4695/4337 3103/4696/4338
f 3102/4682/4324 3103/4696/4338 3099/4679/4321
f 3099/4679/4321 3103/4696/4338 3100/4697/4339
f 3099/4679/4321 3100/4697/4339 3062/4677/4311
f 3062/4677/4311 3100/4697/4339 3063/4698/4313
f 3063/4698/4313 3100/4697/4339 3101/4699/4340
f 3063/4698/4313 3101/4699/4340 3064/4700/4315
f 3064/4700/4315 3101/4699/4340 3098/4701/4341
f 3064/4700/4315 3098/4701/4341 3065/4702/4316
f 3091/4692/4334 3092/4703/4342 3112/4693/4335
f 3112/4693/4335 3092/4703/4342 3113/4704/4343
f 3112/4693/4335 3113/4704/4343 3109/4694/4336
f 3109/4694/4336 3113/4704/4343 3110/4705/4344
f 3109/4694/4336 3110/4705/4344 3106/4695/4337
f 3106/4695/4337 3110/4705/4344 3107/4706/4345
f 3106/4695/4337 3107/4706/4345 3103/4696/4338
f 3103/4696/4338 3107/4706/4345 3104/4707/4346
f 3103/4696/4338 3104/4707/4346 3100/4697/4339
f 3100/4697/4339 3104/4707/4346 3101/4699/4340
f 3092/4703/4342 3093/4708/4347 3113/4704/4343
f 3113/4704/4343 3093/4708/4347 3094/4709/4348
f 3113/4704/4343 3094/4709/4348 3110/4705/4344
f 3110/4705/4344 3094/4709/4348 3095/4710/4349
f 3110/4705/4344 3095/4710/4349 3107/4706/4345
f 3107/4706/4345 3095/4710/4349 3096/4711/4350
f 3107/4706/4345 3096/4711/4350 3104/4707/4346
f 3104/4707/4346 3096/4711/4350 3097/4712/4351
f 3104/4707/4346 3097/4712/4351 3101/4699/4340
f 3101/4699/4340 3097/4712/4351 3098/4701/4341
f 2897/4713/4322 2906/4714/4352 3084/4715/4323
f 3084/4715/4323 2906/4714/4352 3085/4716/4325
f 3085/4716/4325 2906/4714/4352 2905/4717/4353
f 3085/4716/4325 2905/4717/4353 3086/4718/4327
f 3086/4718/4327 2905/4717/4353 3087/4719/4329
f 3087/4719/4329 2905/4717/4353 2904/4720/4354
f 3087/4719/4329 2904/4720/4354 3088/4721/4331
f 3088/4721/4331 2904/4720/4354 2903/4722/4355
f 3088/4721/4331 2903/4722/4355 3089/4723/4333
f 946/4724/1043 945/4725/4356 949/4726/1044
f 949/4726/1044 945/4725/4356 1023/4727/4357
f 1023/4727/4357 945/4725/4356 944/4728/4358
f 1023/4727/4357 944/4728/4358 1024/4729/4359
f 1024/4729/4359 944/4728/4358 943/4730/4360
f 1024/4729/4359 943/4730/4360 1025/4731/4361
f 1025/4731/4361 943/4730/4360 942/4732/4362
f 1025/4731/4361 942/4732/4362 1026/4733/4363
f 1026/4733/4363 942/4732/4362 941/4734/4364
f 1026/4733/4363 941/4734/4364 1027/4735/4365
f 1027/4735/4365 941/4734/4364 940/4736/4366
f 1027/4735/4365 940/4736/4366 3114/4737/4367
f 3115/4738/4368 1028/4739/4369 3114/4737/4367
f 3114/4737/4367 1028/4739/4369 1027/4735/4365
f 940/4740/4370 939/4741/4371 3114/4742/4372
f 3114/4742/4372 939/4741/4371 3116/4743/4373
f 3116/4744/4373 939/4745/4371 3127/4746/4374
f 3127/4746/4374 939/4745/4371 938/4747/4375
f 3127/4746/4374 938/4747/4375 3126/4748/4376
f 3126/4748/4376 938/4747/4375 3125/4749/4377
f 3125/4749/4377 938/4747/4375 937/4750/4378
f 3125/4749/4377 937/4750/4378 3124/4751/4379
f 3124/4751/4379 937/4750/4378 3123/4752/4380
f 3123/4752/4380 937/4750/4378 936/4753/4381
f 3123/4752/4380 936/4753/4381 3122/4754/4382
f 3122/4754/4382 936/4753/4381 3121/4755/4383
f 3121/4755/4383 936/4753/4381 935/4756/4384
f 3121/4755/4383 935/4756/4384 3120/4757/4385
f 3120/4757/4385 935/4756/4384 3119/4758/4386
f 3119/4758/4386 935/4756/4384 934/4759/4387
f 3119/4758/4386 934/4759/4387 3118/4760/4388
f 3118/4760/4388 934/4759/4387 3117/4761/4389
f 3117/4761/4389 934/4759/4387 933/4762/2076
f 3117/4761/4389 933/4762/2076 1399/4763/2072
f 1393/4764/2060 1256/4765/4390 1262/4766/2059
f 1262/4766/2059 1256/4765/4390 1255/4767/4391
f 2369/4768/4392 3128/4769/4393 1342/4770/4394
f 1342/4770/4394 3128/4769/4393 1338/4771/4395
f 994/4772/4396 1369/4773/4397 991/4774/4398
f 991/4774/4398 1369/4773/4397 1001/4775/4399
f 1571/4776/2348 1570/4777/2361 2583/4778/4400
f 2583/4778/4400 1570/4777/2361 3129/4779/4401
f 2583/4778/4400 3129/4779/4401 2584/4780/4402
f 2584/4780/4402 3129/4779/4401 3130/4781/4403
f 2584/4780/4402 3130/4781/4403 2585/4782/4404
f 2585/4782/4404 3130/4781/4403 3131/4783/4405
f 2585/4782/4404 3131/4783/4405 2586/4784/4406
f 2586/4784/4406 3131/4783/4405 3132/4785/4407
f 2586/4784/4406 3132/4785/4407 2587/4786/4408
f 2587/4786/4408 3132/4785/4407 3133/4787/4409
f 2587/4786/4408 3133/4787/4409 2420/4788/4410
f 2420/4788/4410 3133/4787/4409 3134/4789/4411
f 2420/4788/4410 2490/4790/4412 2587/4786/4408
f 2426/4791/4413 3138/4792/4414 2491/4793/4415
f 2491/4793/4415 3138/4792/4414 3139/4794/4416
f 2491/4793/4415 3139/4794/4416 2492/4795/4417
f 2492/4795/4417 3139/4794/4416 2493/4796/4418
f 2493/4796/4418 3139/4794/4416 2494/4797/4419
f 2494/4797/4419 3139/4794/4416 2495/4798/4420
f 2495/4798/4420 3139/4794/4416 1013/4799/4421
f 2495/4798/4420 1013/4799/4421 2496/4800/4422
f 2496/4800/4422 1013/4799/4421 2497/4801/4423
f 2497/4801/4423 1013/4799/4421 1012/4802/4424
f 3138/4792/4414 2426/4791/4413 3137/4803/4425
f 3137/4803/4425 2426/4791/4413 2425/4804/4426
f 3137/4803/4425 2425/4804/4426 3136/4805/4427
f 3136/4805/4427 2425/4804/4426 2424/4806/4428
f 3136/4805/4427 2424/4806/4428 3134/4807/4411
f 3134/4807/4411 2424/4806/4428 2423/4808/4429
f 3134/4807/4411 2423/4808/4429 2422/4809/4430
f 2422/4809/4430 2421/4810/4431 3134/4807/4411
f 3134/4807/4411 2421/4810/4431 2420/4811/4410
f 3134/4807/4411 3135/4812/4432 3136/4805/4427
f 3133/4813/4433 1569/4814/4434 3134/4815/4435
f 3134/4815/4435 1569/4814/4434 1606/4816/4436
f 3134/4815/4435 1606/4816/4436 3135/4817/4437
f 3133/4813/4433 3132/4818/4438 1569/4814/4434
f 1569/4814/4434 3132/4818/4438 1570/4819/4439
f 1570/4819/4439 3132/4818/4438 3131/4820/4440
f 1570/4819/4439 3131/4820/4440 3130/4821/4441
f 3130/4821/4441 3129/4822/4442 1570/4819/4439
f 2356/4823/3701 2355/4824/4443 2433/4825/3705
f 2433/4825/3705 2355/4824/4443 2560/4826/4444
f 2433/4825/3705 2560/4826/4444 2489/4827/4445
f 2560/4826/4444 2355/4824/4443 2561/4828/4446
f 2561/4828/4446 2355/4824/4443 2354/4829/4447
f 2561/4828/4446 2354/4829/4447 2562/4830/4448
f 2562/4830/4448 2354/4829/4447 2353/4831/4449
f 2562/4830/4448 2353/4831/4449 2563/4832/4450
f 2563/4832/4450 2353/4831/4449 2352/4833/4451
f 2563/4832/4450 2352/4833/4451 2564/4834/4452
f 2564/4834/4452 2352/4833/4451 2351/4835/4453
f 2564/4834/4452 2351/4835/4453 2565/4836/4454
f 2565/4836/4454 2351/4835/4453 2350/4837/4455
f 3145/4838/4456 1567/4839/4457 3144/4840/4458
f 3144/4840/4458 1567/4839/4457 1566/4841/4459
f 3144/4840/4458 1566/4841/4459 3143/4842/4460
f 3143/4842/4460 1566/4841/4459 1565/4843/4461
f 3143/4842/4460 1565/4843/4461 3142/4844/4462
f 3142/4844/4462 1565/4843/4461 1564/4845/4463
f 3142/4844/4462 1564/4845/4463 3141/4846/4464
f 3141/4846/4464 1564/4845/4463 1563/4847/4465
f 3141/4846/4464 1563/4847/4465 3140/4848/4466
f 3140/4848/4466 1563/4847/4465 1562/4849/4467
f 3140/4848/4466 1562/4849/4467 2419/4850/3550
f 2419/4850/3550 1562/4849/4467 1561/4851/3551
f 1147/4852/4468 1265/4853/4469 1148/4854/4470
f 1148/4854/4470 1265/4853/4469 1280/4855/4471
f 1148/4854/4470 1280/4855/4471 1149/4856/4472
f 1149/4856/4472 1280/4855/4471 1279/4857/4473
f 1149/4856/4472 1279/4857/4473 1150/4858/4474
f 1150/4858/4474 1279/4857/4473 1278/4859/4475
f 1150/4858/4474 1278/4859/4475 1151/4860/4476
f 1151/4860/4476 1278/4859/4475 1277/4861/4477
f 1151/4860/4476 1277/4861/4477 1152/4862/4478
f 1152/4862/4478 1277/4861/4477 1276/4863/4479
f 1152/4862/4478 1276/4863/4479 1153/4864/4480
f 1153/4864/4480 1276/4863/4479 1275/4865/4481
f 1275/4866/4481 1274/4867/4482 1153/4868/4480
f 1153/4868/4480 1274/4867/4482 1154/4869/4483
f 1154/4870/4483 1274/4871/4482 1155/4872/4484
f 1155/4872/4484 1274/4871/4482 1273/4873/4485
f 1155/4872/4484 1273/4873/4485 1156/4874/4486
f 1156/4874/4486 1273/4873/4485 1272/4875/4487
f 1156/4874/4486 1272/4875/4487 1157/4876/4488
f 1157/4876/4488 1272/4875/4487 1271/4877/4489
f 1157/4876/4488 1271/4877/4489 1158/4878/4490
f 1158/4878/4490 1271/4877/4489 1270/4879/4491
f 1158/4878/4490 1270/4879/4491 1159/4880/4492
f 1159/4880/4492 1270/4879/4491 1269/4881/4493
f 1159/4880/4492 1269/4881/4493 1160/4882/4494
f 1160/4882/4494 1269/4881/4493 1268/4883/4495
f 1268/4884/4495 1267/4885/4496 1160/4886/4494
f 1160/4886/4494 1267/4885/4496 1161/4887/4497
f 841/4888/870 846/4889/869 1146/4890/4498
f 1146/4890/4498 846/4889/869 1266/4891/4499
f 1147/4892/4468 1146/4893/4500 1265/4894/4469
f 1265/4894/4469 1146/4893/4500 1266/4895/4501
f 831/4896/860 838/4897/859 1267/4898/4502
f 1267/4898/4502 838/4897/859 1161/4899/4503
f 825/4900/854 830/4901/853 3146/4902/4504
f 3146/4902/4504 830/4901/853 1568/4903/4505
f 3145/4904/4456 3146/4905/4506 1567/4906/4457
f 1567/4906/4457 3146/4905/4506 1568/4907/4507
f 1451/4908/4508 1342/4909/4509 1351/4910/4510
f 1351/4910/4510 1342/4909/4509 1341/4911/4511
f 1138/4912/4512 2410/4913/4513 1139/4914/4514
f 1139/4914/4514 2410/4913/4513 2409/4915/4515
f 1139/4914/4514 2409/4915/4515 1140/4916/4516
f 1140/4916/4516 2409/4915/4515 2408/4917/4517
f 1140/4916/4516 2408/4917/4517 1141/4918/4518
f 1141/4918/4518 2408/4917/4517 2407/4919/4519
f 1141/4918/4518 2407/4919/4519 1142/4920/4520
f 1142/4920/4520 2407/4919/4519 2406/4921/4521
f 1142/4920/4520 2406/4921/4521 1143/4922/4522
f 1143/4922/4522 2406/4921/4521 2405/4923/4523
f 1143/4922/4522 2405/4923/4523 1144/4924/4524
f 1144/4924/4524 2405/4923/4523 2404/4925/4525
f 1324/4926/4526 1145/4927/4527 2404/4928/4525
f 2404/4928/4525 1145/4927/4527 1144/4929/4524
f 952/4930/4528 1137/4931/4529 953/4932/4530
f 953/4932/4530 1137/4931/4529 1136/4933/4531
f 953/4932/4530 1136/4933/4531 954/4934/4532
f 954/4934/4532 1136/4933/4531 1135/4935/4533
f 954/4934/4532 1135/4935/4533 955/4936/4534
f 955/4936/4534 1135/4935/4533 1134/4937/4535
f 955/4936/4534 1134/4937/4535 956/4938/4536
f 956/4938/4536 1134/4937/4535 1133/4939/4537
f 956/4938/4536 1133/4939/4537 957/4940/4538
f 957/4940/4538 1133/4939/4537 1132/4941/4539
f 957/4940/4538 1132/4941/4539 958/4942/1961
f 958/4942/1961 1132/4941/4539 1131/4943/1960
f 952/4944/4528 951/4945/4540 1137/4946/4529
f 1137/4946/4529 951/4945/4540 1138/4947/4512
f 1138/4947/4512 951/4945/4540 2393/4948/4541
f 1138/4947/4512 2393/4948/4541 2392/4949/4542
f 2392/4949/4542 2391/4950/4543 1138/4947/4512
f 1138/4947/4512 2391/4950/4543 2410/4951/4513
f 2410/4951/4513 2391/4950/4543 2390/4952/4544
f 2410/4951/4513 2390/4952/4544 2389/4953/4545
f 2389/4953/4545 2388/4954/4546 2410/4951/4513
f 3160/4955/4547 3147/4956/4548 3159/4957/4549
f 3159/4957/4549 3147/4956/4548 3148/4958/4550
f 3159/4957/4549 3148/4958/4550 3158/4959/4551
f 3158/4959/4551 3148/4958/4550 3149/4960/4552
f 3158/4959/4551 3149/4960/4552 3157/4961/4553
f 3157/4961/4553 3149/4960/4552 3150/4962/4554
f 3157/4961/4553 3150/4962/4554 3156/4963/4555
f 3156/4963/4555 3150/4962/4554 3151/4964/4556
f 3156/4963/4555 3151/4964/4556 3155/4965/4557
f 3155/4965/4557 3151/4964/4556 3152/4966/4558
f 3155/4965/4557 3152/4966/4558 3154/4967/4559
f 3154/4967/4559 3152/4966/4558 3153/4968/4560
f 3153/4969/4560 3161/4970/4561 3154/4971/4559
f 3154/4971/4559 3161/4970/4561 3162/4972/4562
f 3162/4973/4562 3161/4974/4561 3174/4975/4563
f 3174/4975/4563 3161/4974/4561 3163/4976/4564
f 3174/4975/4563 3163/4976/4564 3173/4977/4565
f 3173/4977/4565 3163/4976/4564 3164/4978/4566
f 3173/4977/4565 3164/4978/4566 3172/4979/4567
f 3172/4979/4567 3164/4978/4566 3165/4980/4568
f 3172/4979/4567 3165/4980/4568 3171/4981/4569
f 3171/4981/4569 3165/4980/4568 3166/4982/4570
f 3171/4981/4569 3166/4982/4570 3170/4983/4571
f 3170/4983/4571 3166/4982/4570 3167/4984/4572
f 3170/4983/4571 3167/4984/4572 3169/4985/4573
f 3169/4985/4573 3167/4984/4572 3168/4986/4574
f 3168/4987/4574 3175/4988/4575 3169/4989/4573
f 3169/4989/4573 3175/4988/4575 3176/4990/4576
f 3176/4991/4576 3175/4992/4575 3188/4993/4577
f 3188/4993/4577 3175/4992/4575 3177/4994/4578
f 3188/4993/4577 3177/4994/4578 3187/4995/4579
f 3187/4995/4579 3177/4994/4578 3178/4996/4580
f 3187/4995/4579 3178/4996/4580 3186/4997/4581
f 3186/4997/4581 3178/4996/4580 3179/4998/4582
f 3186/4997/4581 3179/4998/4582 3185/4999/4583
f 3185/4999/4583 3179/4998/4582 3180/5000/4584
f 3185/4999/4583 3180/5000/4584 3184/5001/4585
f 3184/5001/4585 3180/5000/4584 3181/5002/4586
f 3184/5001/4585 3181/5002/4586 3183/5003/4587
f 3183/5003/4587 3181/5002/4586 3182/5004/4588
f 3182/5005/4588 3189/5006/4589 3183/5007/4587
f 3183/5007/4587 3189/5006/4589 3190/5008/4590
f 3190/5009/4590 3189/5010/4589 3202/5011/4591
f 3202/5011/4591 3189/5010/4589 3191/5012/4592
f 3202/5011/4591 3191/5012/4592 3201/5013/4593
f 3201/5013/4593 3191/5012/4592 3192/5014/4594
f 3201/5013/4593 3192/5014/4594 3200/5015/4595
f 3200/5015/4595 3192/5014/4594 3193/5016/4596
f 3200/5015/4595 3193/5016/4596 3199/5017/4597
f 3199/5017/4597 3193/5016/4596 3194/5018/4598
f 3199/5017/4597 3194/5018/4598 3198/5019/4599
f 3198/5019/4599 3194/5018/4598 3195/5020/4600
f 3198/5019/4599 3195/5020/4600 3197/5021/4601
f 3197/5021/4601 3195/5020/4600 3196/5022/4602
f 3160/5023/4547 3197/5024/4601 3147/5025/4548
f 3147/5025/4548 3197/5024/4601 3196/5026/4602
f 1028/5027/4369 3115/5028/4368 1029/5029/4603
f 1030/5030/4604 1029/5031/4605 3116/5032/4606
f 3116/5032/4606 1029/5031/4605 3115/5033/4607
f 3116/5032/4606 3115/5033/4607 3114/5034/4608
f 3116/5032/4606 3127/5035/4609 1030/5030/4604
f 1030/5030/4604 3127/5035/4609 3126/5036/4610
f 1016/5037/4611 1015/5038/4612 2386/5039/4613
f 2386/5039/4613 1015/5038/4612 2394/5040/4614
f 2386/5039/4613 2394/5040/4614 2387/5041/4615
f 2373/5042/4616 2565/5043/4454 2371/5044/4617
f 2371/5044/4617 2565/5043/4454 2350/5045/4455
f 2371/5044/4617 2350/5045/4455 2349/5046/4618
f 2361/5047/3422 1010/5048/4619 2362/5049/3420
f 2362/5049/3420 1010/5048/4619 1009/5050/4620
f 1545/5051/4621 1480/5052/4622 1546/5053/4623
f 1546/5053/4623 1480/5052/4622 827/5054/4624
f 1546/5053/4623 827/5054/4624 826/5055/4625
f 1545/5051/4621 1544/5056/4626 1480/5052/4622
f 1480/5052/4622 1544/5056/4626 1543/5057/4627
f 1480/5052/4622 1543/5057/4627 1542/5058/4628
f 1542/5058/4628 1541/5059/4629 1480/5052/4622
f 1479/5060/4630 819/5061/4631 1480/5052/4622
f 1480/5052/4622 819/5061/4631 824/5062/4632
f 1480/5052/4622 824/5062/4632 827/5054/4624
f 3203/5063/4633 2418/5064/4634 1479/5060/4630
f 1479/5060/4630 2418/5064/4634 822/5065/4635
f 1479/5060/4630 822/5065/4635 821/5066/4636
f 3204/5067/4637 2385/5068/4638 3203/5063/4633
f 3203/5063/4633 2385/5068/4638 2417/5069/4639
f 3203/5063/4633 2417/5069/4639 2416/5070/4640
f 3204/5067/4637 3205/5071/4641 2385/5068/4638
f 2385/5068/4638 3205/5071/4641 3206/5072/4642
f 2385/5068/4638 3206/5072/4642 3207/5073/4643
f 3207/5073/4643 3208/5074/4644 2385/5068/4638
f 2385/5068/4638 2384/5075/4645 2417/5069/4639
f 2417/5069/4639 2384/5075/4645 2419/5076/4646
f 2419/5076/4646 2384/5075/4645 3209/5077/4647
f 2419/5076/4646 3209/5077/4647 3210/5078/4648
f 2384/5075/4645 2383/5079/4649 3209/5077/4647
f 3210/5078/4648 3211/5080/4650 2419/5076/4646
f 2419/5076/4646 3211/5080/4650 3140/5081/4651
f 3140/5081/4651 3211/5080/4650 3212/5082/4652
f 3140/5081/4651 3212/5082/4652 3213/5083/4653
f 3140/5081/4651 3213/5083/4653 3141/5084/4654
f 3141/5084/4654 3213/5083/4653 3214/5085/4655
f 3141/5084/4654 3214/5085/4655 3142/5086/4656
f 3142/5086/4656 3214/5085/4655 3215/5087/4657
f 3142/5086/4656 3215/5087/4657 3143/5088/4658
f 3143/5088/4658 3215/5087/4657 1606/5089/4659
f 3143/5088/4658 1606/5089/4659 3144/5090/4660
f 3144/5090/4660 1606/5089/4659 3145/5091/4661
f 3145/5091/4661 1606/5089/4659 3146/5092/4662
f 3146/5092/4662 1606/5089/4659 1546/5053/4623
f 3146/5092/4662 1546/5053/4623 825/5093/4663
f 825/5093/4663 1546/5053/4623 826/5055/4625
f 3215/5087/4657 3216/5094/4664 1606/5089/4659
f 1606/5089/4659 3216/5094/4664 3217/5095/4665
f 1606/5089/4659 3217/5095/4665 3218/5096/4666
f 3218/5096/4666 3219/5097/4667 1606/5089/4659
f 1606/5089/4659 3219/5097/4667 3220/5098/4668
f 1606/5089/4659 3220/5098/4668 3136/5099/4669
f 3136/5099/4669 3135/5100/4670 1606/5089/4659
f 2416/5070/4640 2415/5101/4671 3203/5063/4633
f 3203/5063/4633 2415/5101/4671 2414/5102/4672
f 3203/5063/4633 2414/5102/4672 2413/5103/4673
f 2413/5103/4673 2412/5104/4674 3203/5063/4633
f 3203/5063/4633 2412/5104/4674 2411/5105/4675
f 3203/5063/4633 2411/5105/4675 2418/5064/4634
f 821/5066/4636 820/5106/4676 1479/5060/4630
f 1479/5060/4630 820/5106/4676 819/5061/4631
f 3138/5107/4677 3228/5108/4678 3139/5109/4679
f 3139/5109/4679 3228/5108/4678 3226/5110/4680
f 3139/5109/4679 3226/5110/4680 3227/5111/4681
f 3228/5108/4678 3138/5107/4677 3229/5112/4682
f 3229/5112/4682 3138/5107/4677 3137/5113/4683
f 3229/5112/4682 3137/5113/4683 3221/5114/4684
f 3221/5114/4684 3137/5113/4683 3136/5115/4669
f 3221/5114/4684 3136/5115/4669 3220/5116/4685
f 3221/5114/4684 3222/5117/4686 3229/5112/4682
f 3229/5112/4682 3222/5117/4686 3223/5118/4687
f 3229/5112/4682 3223/5118/4687 3224/5119/4688
f 3229/5112/4682 3224/5119/4688 3228/5108/4678
f 3228/5108/4678 3224/5119/4688 3225/5120/4689
f 3228/5108/4678 3225/5120/4689 3226/5110/4680
f 3230/5121/4690 3231/5122/4691 3233/5123/4692
f 3233/5123/4692 3231/5122/4691 3232/5124/4693
f 3232/5125/4694 3231/5126/4695 3235/5127/4696
f 3235/5127/4696 3231/5126/4695 3234/5128/4697
f 1384/5129/4698 1428/5130/4699 1385/5131/4700
f 1385/5131/4700 1428/5130/4699 1427/5132/4701
f 1385/5131/4700 1427/5132/4701 1386/5133/4702
f 1386/5133/4702 1427/5132/4701 1426/5134/4703
f 1386/5133/4702 1426/5134/4703 1387/5135/4704
f 1387/5135/4704 1426/5134/4703 1425/5136/4705
f 1387/5135/4704 1425/5136/4705 1388/5137/4706
f 1388/5137/4706 1425/5136/4705 1424/5138/4707
f 1388/5137/4706 1424/5138/4707 1389/5139/4708
f 1389/5139/4708 1424/5138/4707 1423/5140/4709
f 1389/5139/4708 1423/5140/4709 1366/5141/2019
f 1366/5141/2019 1423/5140/4709 1367/5142/2020
f 1377/5143/2375 1435/5144/2374 1378/5145/4710
f 1378/5145/4710 1435/5144/2374 1434/5146/4711
f 1378/5145/4710 1434/5146/4711 1379/5147/4712
f 1379/5147/4712 1434/5146/4711 1433/5148/4713
f 1379/5147/4712 1433/5148/4713 1380/5149/4714
f 1380/5149/4714 1433/5148/4713 1432/5150/4715
f 1380/5149/4714 1432/5150/4715 1381/5151/4716
f 1381/5151/4716 1432/5150/4715 1431/5152/4717
f 1381/5151/4716 1431/5152/4717 1382/5153/4718
f 1382/5153/4718 1431/5152/4717 1430/5154/4719
f 1382/5153/4718 1430/5154/4719 1383/5155/4720
f 1383/5155/4720 1430/5154/4719 1429/5156/4721
f 1384/5157/4698 1383/5158/4720 1428/5159/4699
f 1428/5159/4699 1383/5158/4720 1429/5160/4721
f 1338/5161/4722 3128/5162/4723 1339/5163/4724
f 1339/5163/4724 3128/5162/4723 3236/5164/4725
f 1339/5163/4724 3236/5164/4725 3237/5165/4726
f 3237/5165/4726 3238/5166/4727 1339/5163/4724
f 1339/5163/4724 3238/5166/4727 3239/5167/4728
f 1339/5163/4724 3239/5167/4728 3240/5168/4729
f 3240/5168/4729 3241/5169/4730 1339/5163/4724
f 1339/5163/4724 3241/5169/4730 1368/5170/4731
f 1339/5163/4724 1368/5170/4731 1358/5171/2018
f 1358/5171/2018 1368/5170/4731 1359/5172/2017
f 3242/5173/4732 3254/5174/4733 1201/5175/1765
f 1201/5175/1765 3254/5174/4733 3255/5176/4734
f 1201/5175/1765 3255/5176/4734 3256/5177/4735
f 3256/5177/4735 3255/5176/4734 3261/5178/4736
f 3256/5177/4735 3261/5178/4736 3262/5179/4737
f 3262/5179/4737 3261/5178/4736 3267/5180/4738
f 3262/5179/4737 3267/5180/4738 3268/5181/4739
f 3268/5181/4739 3267/5180/4738 3273/5182/4740
f 3268/5181/4739 3273/5182/4740 3250/5183/4741
f 3250/5183/4741 3273/5182/4740 3249/5184/4742
f 3249/5184/4742 3273/5182/4740 3278/5185/4743
f 3249/5184/4742 3278/5185/4743 3248/5186/4744
f 3248/5186/4744 3278/5185/4743 3277/5187/4745
f 3248/5186/4744 3277/5187/4745 3276/5188/4746
f 3276/5188/4746 3277/5187/4745 3271/5189/4747
f 3276/5188/4746 3271/5189/4747 3270/5190/4748
f 3270/5190/4748 3271/5189/4747 3265/5191/4749
f 3270/5190/4748 3265/5191/4749 3264/5192/4750
f 3264/5192/4750 3265/5191/4749 3259/5193/4751
f 3264/5192/4750 3259/5193/4751 3243/5194/4752
f 3243/5194/4752 3259/5193/4751 3242/5173/4732
f 3242/5173/4732 3259/5193/4751 3254/5174/4733
f 3243/5194/4752 3244/5195/4753 3264/5192/4750
f 3264/5192/4750 3244/5195/4753 3269/5196/4754
f 3264/5192/4750 3269/5196/4754 3270/5190/4748
f 3270/5190/4748 3269/5196/4754 3275/5197/4755
f 3270/5190/4748 3275/5197/4755 3276/5188/4746
f 3276/5188/4746 3275/5197/4755 3247/5198/4756
f 3276/5188/4746 3247/5198/4756 3248/5186/4744
f 3244/5195/4753 3245/5199/4757 3269/5196/4754
f 3269/5196/4754 3245/5199/4757 3274/5200/4758
f 3269/5196/4754 3274/5200/4758 3275/5197/4755
f 3275/5197/4755 3274/5200/4758 3247/5198/4756
f 3245/5199/4757 3246/5201/4759 3274/5200/4758
f 3274/5200/4758 3246/5201/4759 3247/5198/4756
f 3250/5183/4741 3251/5202/4760 3268/5181/4739
f 3268/5181/4739 3251/5202/4760 3263/5203/4761
f 3268/5181/4739 3263/5203/4761 3262/5179/4737
f 3262/5179/4737 3263/5203/4761 3257/5204/4762
f 3262/5179/4737 3257/5204/4762 3256/5177/4735
f 3256/5177/4735 3257/5204/4762 1202/5205/1766
f 3256/5177/4735 1202/5205/1766 1201/5175/1765
f 3251/5202/4760 3252/5206/4763 3263/5203/4761
f 3263/5203/4761 3252/5206/4763 3258/5207/4764
f 3263/5203/4761 3258/5207/4764 3257/5204/4762
f 3257/5204/4762 3258/5207/4764 1202/5205/1766
f 3252/5206/4763 3253/5208/4765 3258/5207/4764
f 3258/5207/4764 3253/5208/4765 1202/5205/1766
f 3255/5176/4734 3254/5174/4733 3260/5209/4766
f 3260/5209/4766 3254/5174/4733 3259/5193/4751
f 3260/5209/4766 3259/5193/4751 3265/5191/4749
f 3255/5176/4734 3260/5209/4766 3261/5178/4736
f 3261/5178/4736 3260/5209/4766 3266/5210/4767
f 3261/5178/4736 3266/5210/4767 3267/5180/4738
f 3267/5180/4738 3266/5210/4767 3272/5211/4768
f 3267/5180/4738 3272/5211/4768 3273/5182/4740
f 3273/5182/4740 3272/5211/4768 3278/5185/4743
f 3266/5210/4767 3260/5209/4766 3265/5191/4749
f 3272/5211/4768 3266/5210/4767 3271/5189/4747
f 3271/5189/4747 3266/5210/4767 3265/5191/4749
f 3278/5185/4743 3272/5211/4768 3277/5187/4745
f 3277/5187/4745 3272/5211/4768 3271/5189/4747
f 3248/5212/4744 3247/5213/4756 3280/5214/4769
f 3280/5214/4769 3247/5213/4756 3279/5215/4770
f 3293/5216/4771 2281/5217/4772 3292/5218/4773
f 3292/5218/4773 2281/5217/4772 2280/5219/4774
f 3292/5218/4773 2280/5219/4774 3291/5220/4775
f 3291/5220/4775 2280/5219/4774 2279/5221/4776
f 3291/5220/4775 2279/5221/4776 3290/5222/4777
f 3290/5222/4777 2279/5221/4776 2278/5223/4778
f 3290/5222/4777 2278/5223/4778 3289/5224/4779
f 3289/5224/4779 2278/5223/4778 2277/5225/4780
f 3289/5224/4779 2277/5225/4780 3288/5226/4781
f 3288/5226/4781 2277/5225/4780 2276/5227/4782
f 3288/5226/4781 2276/5227/4782 3287/5228/4783
f 3287/5228/4783 2276/5227/4782 2275/5229/4784
f 3287/5228/4783 2275/5229/4784 3286/5230/4785
f 3286/5230/4785 2275/5229/4784 2274/5231/4786
f 3286/5230/4785 2274/5231/4786 3285/5232/4787
f 3285/5232/4787 2274/5231/4786 2273/5233/4788
f 3285/5232/4787 2273/5233/4788 3284/5234/4789
f 3284/5234/4789 2273/5233/4788 2272/5235/4790
f 3284/5234/4789 2272/5235/4790 3283/5236/4791
f 3283/5236/4791 2272/5235/4790 2271/5237/4792
f 3283/5236/4791 2271/5237/4792 3282/5238/4793
f 3282/5238/4793 2271/5237/4792 2270/5239/4794
f 3282/5238/4793 2270/5239/4794 3281/5240/4795
f 3281/5240/4795 2270/5239/4794 2269/5241/4796
f 2282/5242/4797 2281/5243/4772 3300/5244/4798
f 3300/5244/4798 2281/5243/4772 3293/5245/4771
f 3300/5244/4798 3293/5245/4771 3299/5246/4799
f 3299/5246/4799 3293/5245/4771 3298/5247/4800
f 3298/5247/4800 3293/5245/4771 3297/5248/4801
f 3297/5248/4801 3293/5245/4771 3296/5249/4802
f 3296/5249/4802 3293/5245/4771 3295/5250/4803
f 3295/5250/4803 3293/5245/4771 3294/5251/4804
f 3292/5252/4805 3291/5253/4806 3293/5254/4807
f 3293/5254/4807 3291/5253/4806 3290/5255/4808
f 3293/5254/4807 3290/5255/4808 3289/5256/4809
f 3289/5256/4809 3288/5257/4810 3293/5254/4807
f 3293/5254/4807 3288/5257/4810 3287/5258/4811
f 3293/5254/4807 3287/5258/4811 3294/5259/4812
f 3294/5259/4812 3287/5258/4811 3281/5260/4813
f 3294/5259/4812 3281/5260/4813 1204/5261/4814
f 3287/5258/4811 3286/5262/4815 3281/5260/4813
f 3281/5260/4813 3286/5262/4815 3285/5263/4816
f 3281/5260/4813 3285/5263/4816 3284/5264/4817
f 3284/5264/4817 3283/5265/4818 3281/5260/4813
f 3281/5260/4813 3283/5265/4818 3282/5266/4819
f 3301/5267/4820 3302/5268/4821 2268/5269/4822
f 2268/5269/4822 3302/5268/4821 3303/5270/4823
f 2268/5269/4822 3303/5270/4823 3304/5271/4824
f 3304/5271/4824 3305/5272/4825 2268/5269/4822
f 2268/5269/4822 3305/5272/4825 3306/5273/4826
f 2268/5269/4822 3306/5273/4826 1199/5274/4827
f 1199/5274/4827 3306/5273/4826 3312/5275/4828
f 1199/5274/4827 3312/5275/4828 3313/5276/4829
f 3306/5273/4826 3307/5277/4830 3312/5275/4828
f 3312/5275/4828 3307/5277/4830 3308/5278/4831
f 3312/5275/4828 3308/5278/4831 3309/5279/4832
f 3309/5279/4832 3310/5280/4833 3312/5275/4828
f 3312/5275/4828 3310/5280/4833 3311/5281/4834
f 2284/5282/4835 3312/5283/4836 2285/5284/4837
f 2285/5284/4837 3312/5283/4836 3311/5285/4838
f 2285/5284/4837 3311/5285/4838 2286/5286/4839
f 2286/5286/4839 3311/5285/4838 3310/5287/4840
f 2286/5286/4839 3310/5287/4840 2287/5288/4841
f 2287/5288/4841 3310/5287/4840 3309/5289/4842
f 2287/5288/4841 3309/5289/4842 2288/5290/4843
f 2288/5290/4843 3309/5289/4842 3308/5291/4844
f 2288/5290/4843 3308/5291/4844 2289/5292/4845
f 2289/5292/4845 3308/5291/4844 3307/5293/4846
f 2289/5292/4845 3307/5293/4846 2290/5294/4847
f 2290/5294/4847 3307/5293/4846 3306/5295/4848
f 2290/5294/4847 3306/5295/4848 2291/5296/4849
f 2291/5296/4849 3306/5295/4848 3305/5297/4850
f 2291/5296/4849 3305/5297/4850 2292/5298/4851
f 2292/5298/4851 3305/5297/4850 3304/5299/4852
f 2292/5298/4851 3304/5299/4852 2293/5300/4853
f 2293/5300/4853 3304/5299/4852 3303/5301/4854
f 2293/5300/4853 3303/5301/4854 2294/5302/4855
f 2294/5302/4855 3303/5301/4854 3302/5303/4856
f 2294/5302/4855 3302/5303/4856 2295/5304/4857
f 2295/5304/4857 3302/5303/4856 3301/5305/4858
f 2295/5304/4857 3301/5305/4858 2267/5306/3229
f 2267/5306/3229 3301/5305/4858 2268/5307/3230
f 3314/5308/4859 3320/5309/4860 3313/5310/4861
f 3313/5310/4861 3320/5309/4860 3321/5311/4862
f 3313/5310/4861 3321/5311/4862 3322/5312/4863
f 3322/5312/4863 3321/5311/4862 3326/5313/4864
f 3322/5312/4863 3326/5313/4864 3327/5314/4865
f 3327/5314/4865 3326/5313/4864 3331/5315/4866
f 3327/5314/4865 3331/5315/4866 3297/5316/4867
f 3297/5316/4867 3331/5315/4866 3298/5317/4868
f 3298/5317/4868 3331/5315/4866 3335/5318/4869
f 3298/5317/4868 3335/5318/4869 3299/5319/4870
f 3299/5319/4870 3335/5318/4869 3339/5320/4871
f 3299/5319/4870 3339/5320/4871 3300/5321/4872
f 3300/5321/4872 3339/5320/4871 3338/5322/4873
f 3300/5321/4872 3338/5322/4873 3337/5323/4874
f 3337/5323/4874 3338/5322/4873 3333/5324/4875
f 3337/5323/4874 3333/5324/4875 3332/5325/4876
f 3332/5325/4876 3333/5324/4875 3328/5326/4877
f 3332/5325/4876 3328/5326/4877 3316/5327/4878
f 3316/5327/4878 3328/5326/4877 3315/5328/4879
f 3315/5328/4879 3328/5326/4877 3324/5329/4880
f 3315/5328/4879 3324/5329/4880 3314/5308/4859
f 3314/5308/4859 3324/5329/4880 3320/5309/4860
f 3316/5327/4878 3317/5330/4881 3332/5325/4876
f 3332/5325/4876 3317/5330/4881 3336/5331/4882
f 3332/5325/4876 3336/5331/4882 3337/5323/4874
f 3337/5323/4874 3336/5331/4882 3319/5332/4883
f 3337/5323/4874 3319/5332/4883 3300/5321/4872
f 3317/5330/4881 3318/5333/4884 3336/5331/4882
f 3336/5331/4882 3318/5333/4884 3319/5332/4883
f 3297/5316/4867 3296/5334/4885 3327/5314/4865
f 3327/5314/4865 3296/5334/4885 3323/5335/4886
f 3327/5314/4865 3323/5335/4886 3322/5312/4863
f 3322/5312/4863 3323/5335/4886 3294/5336/4887
f 3322/5312/4863 3294/5336/4887 3313/5310/4861
f 3296/5334/4885 3295/5337/4888 3323/5335/4886
f 3323/5335/4886 3295/5337/4888 3294/5336/4887
f 3321/5311/4862 3320/5309/4860 3325/5338/4889
f 3325/5338/4889 3320/5309/4860 3324/5329/4880
f 3325/5338/4889 3324/5329/4880 3329/5339/4890
f 3329/5339/4890 3324/5329/4880 3328/5326/4877
f 3329/5339/4890 3328/5326/4877 3333/5324/4875
f 3321/5311/4862 3325/5338/4889 3326/5313/4864
f 3326/5313/4864 3325/5338/4889 3330/5340/4891
f 3326/5313/4864 3330/5340/4891 3331/5315/4866
f 3331/5315/4866 3330/5340/4891 3335/5318/4869
f 3330/5340/4891 3325/5338/4889 3329/5339/4890
f 3330/5340/4891 3329/5339/4890 3334/5341/4892
f 3334/5341/4892 3329/5339/4890 3333/5324/4875
f 3334/5341/4892 3333/5324/4875 3338/5322/4873
f 3339/5320/4871 3335/5318/4869 3334/5341/4892
f 3334/5341/4892 3335/5318/4869 3330/5340/4891
f 3339/5320/4871 3334/5341/4892 3338/5322/4873
f 1205/5342/4893 1204/5343/4894 2265/5344/4895
f 2265/5344/4895 1204/5343/4894 2269/5345/4796
f 2269/5345/4796 1204/5343/4894 3281/5346/4795
f 2284/5347/4835 3319/5348/4896 3312/5349/4836
f 3312/5349/4836 3319/5348/4896 3318/5350/4897
f 3312/5349/4836 3318/5350/4897 3317/5351/4898
f 2284/5347/4835 2283/5352/4899 3319/5348/4896
f 3317/5351/4898 3316/5353/4900 3312/5349/4836
f 3312/5349/4836 3316/5353/4900 3315/5354/4901
f 3312/5349/4836 3315/5354/4901 3314/5355/4902
f 3314/5355/4902 3313/5356/4903 3312/5349/4836
f 3319/5357/4883 2283/5358/4904 3300/5359/4872
f 3300/5359/4872 2283/5358/4904 2282/5360/4905
f 3234/5361/4906 3340/5362/4907 3235/5363/4908
f 3235/5363/4908 3340/5362/4907 3341/5364/4909
f 1201/5365/4910 1200/5366/4911 3242/5367/4912
f 3242/5367/4912 1200/5366/4911 3243/5368/4913
f 3243/5368/4913 1200/5366/4911 3244/5369/4914
f 3244/5369/4914 1200/5366/4911 3245/5370/4915
f 3245/5370/4915 1200/5366/4911 3246/5371/4916
f 3246/5371/4916 1200/5366/4911 3247/5372/4917
f 3247/5372/4917 1200/5366/4911 3233/5373/4918
f 3247/5372/4917 3233/5373/4918 3279/5374/4919
f 3279/5374/4919 3233/5373/4918 3232/5375/4920
f 3279/5374/4919 3232/5375/4920 3341/5376/4921
f 3341/5376/4921 3232/5375/4920 3235/5377/4922
f 3233/5378/4923 3294/5379/4924 3230/5380/4925
f 3230/5380/4925 3294/5379/4924 1204/5381/4926
f 3230/5380/4925 1204/5381/4926 1203/5382/4927
f 1200/5383/4928 1199/5384/4929 3233/5378/4923
f 3233/5378/4923 1199/5384/4929 3313/5385/4930
f 3233/5378/4923 3313/5385/4930 3294/5379/4924
f 1202/5386/4931 3253/5387/4932 1203/5388/4933
f 1203/5388/4933 3253/5387/4932 3252/5389/4934
f 1203/5388/4933 3252/5389/4934 3251/5390/4935
f 3251/5390/4935 3250/5391/4936 1203/5388/4933
f 1203/5388/4933 3250/5391/4936 3249/5392/4937
f 1203/5388/4933 3249/5392/4937 3248/5393/4938
f 1203/5388/4933 3248/5393/4938 3230/5394/4939
f 3230/5394/4939 3248/5393/4938 3280/5395/4940
f 3230/5394/4939 3280/5395/4940 3231/5396/4941
f 3231/5396/4941 3280/5395/4940 3340/5397/4942
f 3231/5396/4941 3340/5397/4942 3234/5398/4943
f 3169/5399/4944 3176/5400/4945 3279/5401/4946
f 3279/5401/4946 3176/5400/4945 3188/5402/4947
f 3279/5401/4946 3188/5402/4947 3187/5403/4948
f 3187/5403/4948 3186/5404/4949 3279/5401/4946
f 3279/5401/4946 3186/5404/4949 3185/5405/4950
f 3279/5401/4946 3185/5405/4950 3184/5406/4951
f 3184/5406/4951 3183/5407/4952 3279/5401/4946
f 3279/5401/4946 3183/5407/4952 3280/5408/4953
f 3280/5408/4953 3183/5407/4952 3190/5409/4954
f 3280/5408/4953 3190/5409/4954 3202/5410/4955
f 3202/5410/4955 3201/5411/4956 3280/5408/4953
f 3280/5408/4953 3201/5411/4956 3200/5412/4957
f 3280/5408/4953 3200/5412/4957 3199/5413/4958
f 3199/5413/4958 3198/5414/4959 3280/5408/4953
f 3280/5408/4953 3198/5414/4959 3197/5415/4960
f 3280/5408/4953 3197/5415/4960 3160/5416/4961
f 3280/5408/4953 3160/5416/4961 3340/5417/4962
f 3340/5417/4962 3160/5416/4961 3159/5418/4963
f 3340/5417/4962 3159/5418/4963 3158/5419/4964
f 3158/5419/4964 3157/5420/4965 3340/5417/4962
f 3340/5417/4962 3157/5420/4965 3156/5421/4966
f 3340/5417/4962 3156/5421/4966 3155/5422/4967
f 3155/5422/4967 3154/5423/4968 3340/5417/4962
f 3340/5417/4962 3154/5423/4968 3162/5424/4969
f 3340/5417/4962 3162/5424/4969 3341/5425/4970
f 3341/5425/4970 3162/5424/4969 3174/5426/4971
f 3341/5425/4970 3174/5426/4971 3173/5427/4972
f 3173/5427/4972 3172/5428/4973 3341/5425/4970
f 3341/5425/4970 3172/5428/4973 3171/5429/4974
f 3341/5425/4970 3171/5429/4974 3170/5430/4975
f 3170/5430/4975 3169/5399/4944 3341/5425/4970
f 3341/5425/4970 3169/5399/4944 3279/5401/4946
f 3342/5431/4976 3343/5432/4977 1072/5433/4978
f 1072/5433/4978 3343/5432/4977 3344/5434/4979
f 1072/5433/4978 3344/5434/4979 3345/5435/4980
f 3345/5435/4980 3346/5436/4981 1072/5433/4978
f 1072/5433/4978 3346/5436/4981 3347/5437/4982
f 1072/5433/4978 3347/5437/4982 1073/5438/4983
f 1073/5438/4983 3347/5437/4982 3348/5439/4984
f 1073/5438/4983 3348/5439/4984 1220/5440/4985
f 1220/5440/4985 3348/5439/4984 1221/5441/4986
f 1479/5442/4987 3356/5443/4988 3203/5444/4989
f 3203/5444/4989 3356/5443/4988 3357/5445/4990
f 3203/5444/4989 3357/5445/4990 3358/5446/4991
f 1478/5447/4992 3377/5448/4993 1479/5442/4987
f 1479/5442/4987 3377/5448/4993 3350/5449/4994
f 1479/5442/4987 3350/5449/4994 3351/5450/4995
f 3349/5451/4996 3342/5452/4997 1478/5447/4992
f 1478/5447/4992 3342/5452/4997 1336/5453/4998
f 1478/5447/4992 1336/5453/4998 3374/5454/4999
f 3374/5454/4999 1336/5453/4998 3373/5455/5000
f 3373/5455/5000 1336/5453/4998 3372/5456/5001
f 3372/5456/5001 1336/5453/4998 3371/5457/5002
f 3371/5457/5002 1336/5453/4998 3370/5458/5003
f 3370/5458/5003 1336/5453/4998 3369/5459/5004
f 3369/5459/5004 1336/5453/4998 3368/5460/5005
f 3368/5460/5005 1336/5453/4998 3367/5461/5006
f 3367/5461/5006 1336/5453/4998 3366/5462/5007
f 3366/5462/5007 1336/5453/4998 3365/5463/5008
f 3365/5463/5008 1336/5453/4998 3203/5444/4989
f 3365/5463/5008 3203/5444/4989 3364/5464/5009
f 3364/5464/5009 3203/5444/4989 3363/5465/5010
f 3363/5465/5010 3203/5444/4989 3362/5466/5011
f 3362/5466/5011 3203/5444/4989 3361/5467/5012
f 3361/5467/5012 3203/5444/4989 3360/5468/5013
f 3360/5468/5013 3203/5444/4989 3359/5469/5014
f 3359/5469/5014 3203/5444/4989 3358/5446/4991
f 1072/5470/5015 1071/5471/5016 3342/5452/4997
f 3342/5452/4997 1071/5471/5016 1336/5453/4998
f 3351/5450/4995 3352/5472/5017 1479/5442/4987
f 1479/5442/4987 3352/5472/5017 3353/5473/5018
f 1479/5442/4987 3353/5473/5018 3354/5474/5019
f 3354/5474/5019 3355/5475/5020 1479/5442/4987
f 1479/5442/4987 3355/5475/5020 3356/5443/4988
f 3374/5454/4999 3375/5476/5021 1478/5447/4992
f 1478/5447/4992 3375/5476/5021 3376/5477/5022
f 1478/5447/4992 3376/5477/5022 3377/5448/4993
f 1335/5478/5023 3378/5479/5024 1336/5480/4998
f 1336/5480/4998 3378/5479/5024 3379/5481/5025
f 1336/5480/4998 3379/5481/5025 3380/5482/5026
f 3380/5482/5026 3379/5481/5025 3396/5483/5027
f 3380/5482/5026 3396/5483/5027 3397/5484/5028
f 3397/5484/5028 3396/5483/5027 3413/5485/5029
f 3397/5484/5028 3413/5485/5029 3414/5486/5030
f 3414/5486/5030 3413/5485/5029 3430/5487/5031
f 3414/5486/5030 3430/5487/5031 3431/5488/5032
f 3431/5488/5032 3430/5487/5031 1289/5489/5033
f 3431/5488/5032 1289/5489/5033 3432/5490/5034
f 3432/5490/5034 1289/5489/5033 3433/5491/5035
f 3432/5490/5034 3433/5491/5035 3416/5492/5036
f 3416/5492/5036 3433/5491/5035 3417/5493/5037
f 3416/5492/5036 3417/5493/5037 3400/5494/5038
f 3400/5494/5038 3417/5493/5037 3401/5495/5039
f 3400/5494/5038 3401/5495/5039 3384/5496/5040
f 3384/5496/5040 3401/5495/5039 3385/5497/5041
f 3384/5496/5040 3385/5497/5041 1336/5480/4998
f 1336/5480/4998 3385/5497/5041 3386/5498/5042
f 1336/5480/4998 3386/5498/5042 3203/5499/4989
f 3203/5499/4989 3386/5498/5042 3387/5500/5043
f 3203/5499/4989 3387/5500/5043 3388/5501/5044
f 3388/5501/5044 3387/5500/5043 3404/5502/5045
f 3388/5501/5044 3404/5502/5045 3405/5503/5046
f 3405/5503/5046 3404/5502/5045 3421/5504/5047
f 3405/5503/5046 3421/5504/5047 3422/5505/5048
f 3422/5505/5048 3421/5504/5047 3438/5506/5049
f 3422/5505/5048 3438/5506/5049 3439/5507/5050
f 3439/5507/5050 3438/5506/5049 3449/5508/5051
f 3439/5507/5050 3449/5508/5051 3450/5509/5052
f 3450/5509/5052 3449/5508/5051 2385/5510/3494
f 3450/5509/5052 2385/5510/3494 3451/5511/5053
f 3451/5511/5053 2385/5510/3494 3208/5512/5054
f 3451/5511/5053 3208/5512/5054 3441/5513/5055
f 3441/5513/5055 3208/5512/5054 3207/5514/5056
f 3441/5513/5055 3207/5514/5056 3425/5515/5057
f 3425/5515/5057 3207/5514/5056 3206/5516/5058
f 3425/5515/5057 3206/5516/5058 3409/5517/5059
f 3409/5517/5059 3206/5516/5058 3205/5518/5060
f 3409/5517/5059 3205/5518/5060 3393/5519/5061
f 3393/5519/5061 3205/5518/5060 3204/5520/5062
f 3393/5519/5061 3204/5520/5062 3203/5499/4989
f 1335/5478/5023 1334/5521/5063 3378/5479/5024
f 3378/5479/5024 1334/5521/5063 3394/5522/5064
f 3378/5479/5024 3394/5522/5064 3395/5523/5065
f 3395/5523/5065 3394/5522/5064 3411/5524/5066
f 3395/5523/5065 3411/5524/5066 3412/5525/5067
f 3412/5525/5067 3411/5524/5066 3428/5526/5068
f 3412/5525/5067 3428/5526/5068 3429/5527/5069
f 3429/5527/5069 3428/5526/5068 1289/5489/5033
f 3429/5527/5069 1289/5489/5033 3430/5487/5031
f 1334/5521/5063 1333/5528/5070 3394/5522/5064
f 3394/5522/5064 1333/5528/5070 3410/5529/5071
f 3394/5522/5064 3410/5529/5071 3411/5524/5066
f 3411/5524/5066 3410/5529/5071 3427/5530/5072
f 3411/5524/5066 3427/5530/5072 3428/5526/5068
f 3428/5526/5068 3427/5530/5072 1331/5531/5073
f 3428/5526/5068 1331/5531/5073 1289/5489/5033
f 1333/5528/5070 1332/5532/5074 3410/5529/5071
f 3410/5529/5071 1332/5532/5074 3426/5533/5075
f 3410/5529/5071 3426/5533/5075 3427/5530/5072
f 3427/5530/5072 3426/5533/5075 1331/5531/5073
f 1332/5532/5074 1331/5531/5073 3426/5533/5075
f 1288/5534/5076 3442/5535/5077 1289/5489/5033
f 1289/5489/5033 3442/5535/5077 3443/5536/5078
f 1289/5489/5033 3443/5536/5078 3433/5491/5035
f 3433/5491/5035 3443/5536/5078 3444/5537/5079
f 3433/5491/5035 3444/5537/5079 3434/5538/5080
f 3434/5538/5080 3444/5537/5079 3445/5539/5081
f 3434/5538/5080 3445/5539/5081 3435/5540/5082
f 3435/5540/5082 3445/5539/5081 3446/5541/5083
f 3435/5540/5082 3446/5541/5083 3436/5542/5084
f 3436/5542/5084 3446/5541/5083 3447/5543/5085
f 3436/5542/5084 3447/5543/5085 3437/5544/5086
f 3437/5544/5086 3447/5543/5085 3448/5545/5087
f 3437/5544/5086 3448/5545/5087 3438/5506/5049
f 3438/5506/5049 3448/5545/5087 3449/5508/5051
f 1288/5534/5076 1287/5546/5088 3442/5535/5077
f 3442/5535/5077 1287/5546/5088 3443/5536/5078
f 1286/5547/3493 2385/5510/3494 1287/5546/5088
f 1287/5546/5088 2385/5510/3494 3446/5541/5083
f 1287/5546/5088 3446/5541/5083 3445/5539/5081
f 3396/5483/5027 3379/5481/5025 3395/5523/5065
f 3395/5523/5065 3379/5481/5025 3378/5479/5024
f 3380/5482/5026 3381/5548/5089 1336/5480/4998
f 1336/5480/4998 3381/5548/5089 3382/5549/5090
f 1336/5480/4998 3382/5549/5090 3383/5550/5091
f 3383/5550/5091 3382/5549/5090 3399/5551/5092
f 3383/5550/5091 3399/5551/5092 3400/5494/5038
f 3400/5494/5038 3399/5551/5092 3416/5492/5036
f 3380/5482/5026 3397/5484/5028 3381/5548/5089
f 3381/5548/5089 3397/5484/5028 3398/5552/5093
f 3381/5548/5089 3398/5552/5093 3382/5549/5090
f 3382/5549/5090 3398/5552/5093 3399/5551/5092
f 3384/5496/5040 1336/5480/4998 3383/5550/5091
f 3400/5494/5038 3384/5496/5040 3383/5550/5091
f 3386/5498/5042 3385/5497/5041 3402/5553/5094
f 3402/5553/5094 3385/5497/5041 3401/5495/5039
f 3402/5553/5094 3401/5495/5039 3418/5554/5095
f 3418/5554/5095 3401/5495/5039 3417/5493/5037
f 3418/5554/5095 3417/5493/5037 3434/5538/5080
f 3434/5538/5080 3417/5493/5037 3433/5491/5035
f 3387/5500/5043 3386/5498/5042 3403/5555/5096
f 3403/5555/5096 3386/5498/5042 3402/5553/5094
f 3403/5555/5096 3402/5553/5094 3419/5556/5097
f 3419/5556/5097 3402/5553/5094 3418/5554/5095
f 3419/5556/5097 3418/5554/5095 3435/5540/5082
f 3435/5540/5082 3418/5554/5095 3434/5538/5080
f 3388/5501/5044 3389/5557/5098 3203/5499/4989
f 3203/5499/4989 3389/5557/5098 3390/5558/5099
f 3203/5499/4989 3390/5558/5099 3391/5559/5100
f 3391/5559/5100 3390/5558/5099 3407/5560/5101
f 3391/5559/5100 3407/5560/5101 3408/5561/5102
f 3408/5561/5102 3407/5560/5101 3424/5562/5103
f 3408/5561/5102 3424/5562/5103 3425/5515/5057
f 3425/5515/5057 3424/5562/5103 3441/5513/5055
f 3388/5501/5044 3405/5503/5046 3389/5557/5098
f 3389/5557/5098 3405/5503/5046 3406/5563/5104
f 3389/5557/5098 3406/5563/5104 3390/5558/5099
f 3390/5558/5099 3406/5563/5104 3407/5560/5101
f 3393/5519/5061 3203/5499/4989 3392/5564/5105
f 3392/5564/5105 3203/5499/4989 3391/5559/5100
f 3392/5564/5105 3391/5559/5100 3408/5561/5102
f 3409/5517/5059 3393/5519/5061 3392/5564/5105
f 3409/5517/5059 3392/5564/5105 3408/5561/5102
f 3413/5485/5029 3396/5483/5027 3412/5525/5067
f 3412/5525/5067 3396/5483/5027 3395/5523/5065
f 3397/5484/5028 3414/5486/5030 3398/5552/5093
f 3398/5552/5093 3414/5486/5030 3415/5565/5106
f 3398/5552/5093 3415/5565/5106 3399/5551/5092
f 3399/5551/5092 3415/5565/5106 3416/5492/5036
f 3387/5500/5043 3403/5555/5096 3404/5502/5045
f 3404/5502/5045 3403/5555/5096 3420/5566/5107
f 3404/5502/5045 3420/5566/5107 3421/5504/5047
f 3421/5504/5047 3420/5566/5107 3437/5544/5086
f 3421/5504/5047 3437/5544/5086 3438/5506/5049
f 3420/5566/5107 3403/5555/5096 3419/5556/5097
f 3405/5503/5046 3422/5505/5048 3406/5563/5104
f 3406/5563/5104 3422/5505/5048 3423/5567/5108
f 3406/5563/5104 3423/5567/5108 3407/5560/5101
f 3407/5560/5101 3423/5567/5108 3424/5562/5103
f 3425/5515/5057 3409/5517/5059 3408/5561/5102
f 3430/5487/5031 3413/5485/5029 3429/5527/5069
f 3429/5527/5069 3413/5485/5029 3412/5525/5067
f 3432/5490/5034 3416/5492/5036 3415/5565/5106
f 3432/5490/5034 3415/5565/5106 3431/5488/5032
f 3431/5488/5032 3415/5565/5106 3414/5486/5030
f 3435/5540/5082 3436/5542/5084 3419/5556/5097
f 3419/5556/5097 3436/5542/5084 3420/5566/5107
f 3436/5542/5084 3437/5544/5086 3420/5566/5107
f 3422/5505/5048 3439/5507/5050 3423/5567/5108
f 3423/5567/5108 3439/5507/5050 3440/5568/5109
f 3423/5567/5108 3440/5568/5109 3424/5562/5103
f 3424/5562/5103 3440/5568/5109 3441/5513/5055
f 3451/5511/5053 3441/5513/5055 3440/5568/5109
f 3451/5511/5053 3440/5568/5109 3450/5509/5052
f 3450/5509/5052 3440/5568/5109 3439/5507/5050
f 3444/5537/5079 3443/5536/5078 1287/5546/5088
f 1287/5546/5088 3445/5539/5081 3444/5537/5079
f 3448/5545/5087 3447/5543/5085 2385/5510/3494
f 2385/5510/3494 3447/5543/5085 3446/5541/5083
f 2385/5510/3494 3449/5508/5051 3448/5545/5087
f 1289/5569/5110 1331/5570/5111 1290/5571/5112
f 1290/5571/5112 1331/5570/5111 1301/5572/5113
f 1290/5571/5112 1301/5572/5113 1300/5573/5114
f 1300/5573/5114 3452/5574/5115 1290/5571/5112
f 1290/5571/5112 3452/5574/5115 3453/5575/5116
f 1220/5576/5117 1219/5577/5118 1073/5578/5119
f 1073/5578/5119 1219/5577/5118 1074/5579/5120
f 1576/5580/5121 1575/5581/5122 3467/5582/5123
f 3467/5582/5123 1575/5581/5122 3454/5583/5124
f 3467/5582/5123 3454/5583/5124 3466/5584/5125
f 3466/5584/5125 3454/5583/5124 3455/5585/5126
f 3466/5584/5125 3455/5585/5126 3465/5586/5127
f 3465/5586/5127 3455/5585/5126 3456/5587/5128
f 3465/5586/5127 3456/5587/5128 3464/5588/5129
f 3464/5588/5129 3456/5587/5128 3457/5589/5130
f 3464/5588/5129 3457/5589/5130 3463/5590/5131
f 3463/5590/5131 3457/5589/5130 3458/5591/5132
f 3463/5590/5131 3458/5591/5132 3462/5592/5133
f 3462/5592/5133 3458/5591/5132 3459/5593/5134
f 3462/5592/5133 3459/5593/5134 3461/5594/5135
f 3461/5594/5135 3459/5593/5134 3460/5595/5136
f 1576/5596/5137 3467/5597/5138 1577/5598/5139
f 1577/5598/5139 3467/5597/5138 3466/5599/5140
f 1577/5598/5139 3466/5599/5140 3465/5600/5141
f 3465/5600/5141 3464/5601/5142 1577/5598/5139
f 1577/5598/5139 3464/5601/5142 3463/5602/5143
f 1577/5598/5139 3463/5602/5143 3462/5603/5144
f 3462/5603/5144 3461/5604/5145 1577/5598/5139
f 1577/5605/5146 3461/5606/5147 1502/5607/5148
f 1502/5607/5148 3461/5606/5147 3469/5608/5149
f 1502/5607/5148 3469/5608/5149 1443/5609/5150
f 1443/5609/5150 3469/5608/5149 1444/5610/5151
f 3460/5611/5152 3468/5612/5153 3461/5606/5147
f 3461/5606/5147 3468/5612/5153 3469/5608/5149
f 1448/5613/5154 1447/5614/5155 3481/5615/5156
f 3481/5615/5156 1447/5614/5155 3470/5616/5157
f 3481/5615/5156 3470/5616/5157 3480/5617/5158
f 3480/5617/5158 3470/5616/5157 3471/5618/5159
f 3480/5617/5158 3471/5618/5159 3479/5619/5160
f 3479/5619/5160 3471/5618/5159 3472/5620/5161
f 3479/5619/5160 3472/5620/5161 3478/5621/5162
f 3478/5621/5162 3472/5620/5161 3473/5622/5163
f 3478/5621/5162 3473/5622/5163 3477/5623/5164
f 3477/5623/5164 3473/5622/5163 3474/5624/5165
f 3477/5623/5164 3474/5624/5165 3476/5625/5166
f 3476/5625/5166 3474/5624/5165 3475/5626/5167
f 3476/5625/5166 3475/5626/5167 1344/5627/5168
f 1344/5627/5168 3475/5626/5167 1345/5628/5169
f 1448/5629/5170 3481/5630/5171 1343/5631/5172
f 1343/5631/5172 3481/5630/5171 3480/5632/5173
f 1343/5631/5172 3480/5632/5173 3479/5633/5174
f 3479/5633/5174 3478/5634/5175 1343/5631/5172
f 1343/5631/5172 3478/5634/5175 3477/5635/5176
f 1343/5631/5172 3477/5635/5176 3476/5636/5177
f 3476/5636/5177 1344/5637/5178 1343/5631/5172
f 3468/5638/5179 3460/5639/5180 3493/5640/5181
f 3493/5640/5181 3460/5639/5180 3459/5641/5182
f 3493/5640/5181 3459/5641/5182 3492/5642/5183
f 3492/5642/5183 3459/5641/5182 3458/5643/5184
f 3492/5642/5183 3458/5643/5184 3491/5644/5185
f 3491/5644/5185 3458/5643/5184 3457/5645/5186
f 3491/5644/5185 3457/5645/5186 3495/5646/5187
f 3495/5646/5187 3457/5645/5186 3494/5647/5188
f 3494/5647/5188 3457/5645/5186 3456/5648/5189
f 3494/5647/5188 3456/5648/5189 3455/5649/5190
f 3455/5649/5190 3454/5650/5191 3494/5647/5188
f 3494/5647/5188 3454/5650/5191 1575/5651/5192
f 3494/5647/5188 1575/5651/5192 3497/5652/5193
f 3497/5652/5193 1575/5651/5192 1574/5653/5194
f 3497/5652/5193 1574/5653/5194 3482/5654/5195
f 3482/5654/5195 3483/5655/5196 3497/5652/5193
f 3497/5652/5193 3483/5655/5196 3484/5656/5197
f 3497/5652/5193 3484/5656/5197 3485/5657/5198
f 3486/5658/5199 3474/5659/5200 3485/5657/5198
f 3485/5657/5198 3474/5659/5200 3473/5660/5201
f 3485/5657/5198 3473/5660/5201 3497/5652/5193
f 3497/5652/5193 3473/5660/5201 3496/5661/5202
f 3496/5661/5202 3473/5660/5201 3472/5662/5203
f 3496/5661/5202 3472/5662/5203 3471/5663/5204
f 3474/5659/5200 3486/5658/5199 3475/5664/5205
f 3475/5664/5205 3486/5658/5199 3487/5665/5206
f 3475/5664/5205 3487/5665/5206 1345/5666/5207
f 1345/5666/5207 3487/5665/5206 1346/5667/5208
f 3471/5663/5204 3470/5668/5209 3496/5661/5202
f 3496/5661/5202 3470/5668/5209 1447/5669/5210
f 3496/5661/5202 1447/5669/5210 1446/5670/5211
f 3496/5661/5202 1446/5670/5211 3495/5646/5187
f 3495/5646/5187 1446/5670/5211 3488/5671/5212
f 3495/5646/5187 3488/5671/5212 3489/5672/5213
f 3489/5672/5213 3490/5673/5214 3495/5646/5187
f 3495/5646/5187 3490/5673/5214 3491/5644/5185
f 3469/5674/5215 3468/5675/5216 3503/5676/5217
f 3503/5676/5217 3468/5675/5216 3493/5677/5218
f 3503/5676/5217 3493/5677/5218 3502/5678/5219
f 3502/5678/5219 3493/5677/5218 3492/5679/5220
f 3502/5678/5219 3492/5679/5220 3501/5680/5221
f 3501/5680/5221 3492/5679/5220 3491/5681/5222
f 3501/5680/5221 3491/5681/5222 3500/5682/5223
f 3500/5682/5223 3491/5681/5222 3490/5683/5224
f 3500/5682/5223 3490/5683/5224 3499/5684/5225
f 3499/5684/5225 3490/5683/5224 3489/5685/5226
f 3499/5684/5225 3489/5685/5226 3498/5686/5227
f 3498/5686/5227 3489/5685/5226 3488/5687/5228
f 3498/5686/5227 3488/5687/5228 1445/5688/5229
f 1445/5688/5229 3488/5687/5228 1446/5689/5230
f 3469/5690/5231 3503/5691/5232 1444/5692/5233
f 1444/5692/5233 3503/5691/5232 3502/5693/5234
f 1444/5692/5233 3502/5693/5234 3501/5694/5235
f 3501/5694/5235 3500/5695/5236 1444/5692/5233
f 1444/5692/5233 3500/5695/5236 3499/5696/5237
f 1444/5692/5233 3499/5696/5237 3498/5697/5238
f 3498/5697/5238 1445/5698/5239 1444/5692/5233
f 1347/5699/5240 1346/5700/5241 3509/5701/5242
f 3509/5701/5242 1346/5700/5241 3487/5702/5243
f 3509/5701/5242 3487/5702/5243 3508/5703/5244
f 3508/5703/5244 3487/5702/5243 3486/5704/5245
f 3508/5703/5244 3486/5704/5245 3507/5705/5246
f 3507/5705/5246 3486/5704/5245 3485/5706/5247
f 3507/5705/5246 3485/5706/5247 3506/5707/5248
f 3506/5707/5248 3485/5706/5247 3484/5708/5249
f 3506/5707/5248 3484/5708/5249 3505/5709/5250
f 3505/5709/5250 3484/5708/5249 3483/5710/5251
f 3505/5709/5250 3483/5710/5251 3504/5711/5252
f 3504/5711/5252 3483/5710/5251 3482/5712/5253
f 3504/5711/5252 3482/5712/5253 1573/5713/5254
f 1573/5713/5254 3482/5712/5253 1574/5714/5255
f 1347/5715/5256 3509/5716/5257 1348/5717/5258
f 1348/5717/5258 3509/5716/5257 3508/5718/5259
f 1348/5717/5258 3508/5718/5259 3507/5719/5260
f 3507/5719/5260 3506/5720/5261 1348/5717/5258
f 1348/5717/5258 3506/5720/5261 3505/5721/5262
f 1348/5717/5258 3505/5721/5262 3504/5722/5263
f 3504/5722/5263 1573/5723/5264 1348/5717/5258
f 3511/5724/5265 3515/5725/5266 3510/5726/5267
f 3510/5726/5267 3515/5725/5266 3516/5727/5268
f 3510/5726/5267 3516/5727/5268 3517/5728/5269
f 3517/5728/5269 3516/5727/5268 3523/5729/5270
f 3517/5728/5269 3523/5729/5270 3524/5730/5271
f 3524/5730/5271 3523/5729/5270 3530/5731/5272
f 3524/5730/5271 3530/5731/5272 3531/5732/5273
f 3531/5732/5273 3530/5731/5272 3093/5733/4347
f 3531/5732/5273 3093/5733/4347 3532/5734/5274
f 3532/5734/5274 3093/5733/4347 3092/5735/4342
f 3532/5734/5274 3092/5735/4342 3526/5736/5275
f 3526/5736/5275 3092/5735/4342 3091/5737/4334
f 3526/5736/5275 3091/5737/4334 3520/5738/5276
f 3520/5738/5276 3091/5737/4334 3090/5739/4332
f 3520/5738/5276 3090/5739/4332 3089/5740/4333
f 3515/5725/5266 3511/5724/5265 3521/5741/5277
f 3521/5741/5277 3511/5724/5265 3512/5742/5278
f 3521/5741/5277 3512/5742/5278 3527/5743/5279
f 3527/5743/5279 3512/5742/5278 3513/5744/5280
f 3527/5743/5279 3513/5744/5280 3514/5745/5281
f 3093/5733/4347 3529/5746/5282 3514/5745/5281
f 3514/5745/5281 3529/5746/5282 3528/5747/5283
f 3514/5745/5281 3528/5747/5283 3527/5743/5279
f 3527/5743/5279 3528/5747/5283 3521/5741/5277
f 3510/5726/5267 3518/5748/5284 3089/5740/4333
f 3089/5740/4333 3518/5748/5284 3519/5749/5285
f 3089/5740/4333 3519/5749/5285 3520/5738/5276
f 3520/5738/5276 3519/5749/5285 3526/5736/5275
f 3518/5748/5284 3510/5726/5267 3517/5728/5269
f 3516/5727/5268 3515/5725/5266 3522/5750/5286
f 3522/5750/5286 3515/5725/5266 3521/5741/5277
f 3522/5750/5286 3521/5741/5277 3528/5747/5283
f 3517/5728/5269 3524/5730/5271 3518/5748/5284
f 3518/5748/5284 3524/5730/5271 3525/5751/5287
f 3518/5748/5284 3525/5751/5287 3519/5749/5285
f 3519/5749/5285 3525/5751/5287 3526/5736/5275
f 3516/5727/5268 3522/5750/5286 3523/5729/5270
f 3523/5729/5270 3522/5750/5286 3529/5746/5282
f 3523/5729/5270 3529/5746/5282 3530/5731/5272
f 3530/5731/5272 3529/5746/5282 3093/5733/4347
f 3529/5746/5282 3522/5750/5286 3528/5747/5283
f 3532/5734/5274 3526/5736/5275 3525/5751/5287
f 3532/5734/5274 3525/5751/5287 3531/5732/5273
f 3531/5732/5273 3525/5751/5287 3524/5730/5271
f 3542/5752/5288 2719/5753/5289 3545/5754/5290
f 3545/5754/5290 2719/5753/5289 2718/5755/3911
f 3545/5754/5290 2718/5755/3911 2935/5756/4151
f 3545/5754/5290 2935/5756/4151 3544/5757/5291
f 3544/5757/5291 2935/5756/4151 2934/5758/4132
f 3544/5757/5291 2934/5758/4132 3543/5759/5292
f 3543/5759/5292 2934/5758/4132 2933/5760/4133
f 3543/5759/5292 2933/5760/4133 3533/5761/5293
f 3533/5761/5293 2933/5760/4133 2932/5762/4135
f 3543/5759/5292 3533/5761/5293 3546/5763/5294
f 3546/5763/5294 3533/5761/5293 3534/5764/5295
f 3546/5763/5294 3534/5764/5295 3549/5765/5296
f 3549/5765/5296 3534/5764/5295 3535/5766/5297
f 3549/5765/5296 3535/5766/5297 3552/5767/5298
f 3552/5767/5298 3535/5766/5297 3536/5768/5299
f 3552/5767/5298 3536/5768/5299 3555/5769/5300
f 3555/5769/5300 3536/5768/5299 3537/5770/5301
f 3555/5769/5300 3537/5770/5301 3513/5771/5280
f 3513/5771/5280 3537/5770/5301 3514/5772/5281
f 3513/5771/5280 3512/5773/5278 3555/5769/5300
f 3555/5769/5300 3512/5773/5278 3556/5774/5302
f 3555/5769/5300 3556/5774/5302 3552/5767/5298
f 3552/5767/5298 3556/5774/5302 3553/5775/5303
f 3552/5767/5298 3553/5775/5303 3549/5765/5296
f 3549/5765/5296 3553/5775/5303 3550/5776/5304
f 3549/5765/5296 3550/5776/5304 3546/5763/5294
f 3546/5763/5294 3550/5776/5304 3547/5777/5305
f 3546/5763/5294 3547/5777/5305 3543/5759/5292
f 3543/5759/5292 3547/5777/5305 3544/5757/5291
f 3512/5773/5278 3511/5778/5265 3556/5774/5302
f 3556/5774/5302 3511/5778/5265 3557/5779/5306
f 3556/5774/5302 3557/5779/5306 3553/5775/5303
f 3553/5775/5303 3557/5779/5306 3554/5780/5307
f 3553/5775/5303 3554/5780/5307 3550/5776/5304
f 3550/5776/5304 3554/5780/5307 3551/5781/5308
f 3550/5776/5304 3551/5781/5308 3547/5777/5305
f 3547/5777/5305 3551/5781/5308 3548/5782/5309
f 3547/5777/5305 3548/5782/5309 3544/5757/5291
f 3544/5757/5291 3548/5782/5309 3545/5754/5290
f 3510/5783/5267 3538/5784/5310 3511/5778/5265
f 3511/5778/5265 3538/5784/5310 3557/5779/5306
f 3538/5784/5310 3539/5785/5311 3557/5779/5306
f 3557/5779/5306 3539/5785/5311 3554/5780/5307
f 3539/5785/5311 3540/5786/5312 3554/5780/5307
f 3554/5780/5307 3540/5786/5312 3551/5781/5308
f 3540/5786/5312 3541/5787/5313 3551/5781/5308
f 3551/5781/5308 3541/5787/5313 3548/5782/5309
f 3541/5787/5313 3542/5752/5288 3548/5782/5309
f 3548/5782/5309 3542/5752/5288 3545/5754/5290
f 3510/5788/5267 2713/5789/5314 3538/5790/5310
f 3538/5790/5310 2713/5789/5314 2722/5791/5315
f 3538/5790/5310 2722/5791/5315 3539/5792/5311
f 3539/5792/5311 2722/5791/5315 2721/5793/5316
f 3539/5792/5311 2721/5793/5316 3540/5794/5312
f 3540/5794/5312 2721/5793/5316 2720/5795/5317
f 3540/5794/5312 2720/5795/5317 3541/5796/5313
f 3541/5796/5313 2720/5795/5317 3542/5797/5288
f 3542/5797/5288 2720/5795/5317 2719/5798/5289
f 2716/5799/5318 2715/5800/5319 2717/5801/5320
f 2717/5801/5320 2715/5800/5319 2901/5802/5321
f 2717/5801/5320 2901/5802/5321 2899/5803/5322
f 2899/5803/5322 2901/5802/5321 2900/5804/5323
f 2901/5802/5321 2715/5800/5319 2902/5805/5324
f 2902/5805/5324 2715/5800/5319 2714/5806/5325
f 2902/5805/5324 2714/5806/5325 2903/5807/4355
f 2903/5807/4355 2714/5806/5325 2713/5808/5314
f 2903/5807/4355 2713/5808/5314 3089/5809/4333
f 3089/5809/4333 2713/5808/5314 3510/5810/5267
f 2202/5811/5326 2932/5812/4135 2115/5813/5327
f 2115/5813/5327 2932/5812/4135 2931/5814/4148
f 2115/5813/5327 2931/5814/4148 2116/5815/5328
f 2116/5815/5328 2931/5814/4148 2117/5816/5329
f 2117/5816/5329 2931/5814/4148 2118/5817/5330
f 2118/5817/5330 2931/5814/4148 2119/5818/5331
f 2119/5818/5331 2931/5814/4148 2120/5819/5332
f 2120/5819/5332 2931/5814/4148 2121/5820/5333
f 2121/5820/5333 2931/5814/4148 2122/5821/5334
f 2122/5821/5334 2931/5814/4148 2123/5822/5335
f 2123/5822/5335 2931/5814/4148 1504/5823/5336
f 2123/5822/5335 1504/5823/5336 2040/5824/5337
f 2040/5824/5337 1504/5823/5336 2022/5825/5338
f 2022/5825/5338 1504/5823/5336 1503/5826/5339
f 2022/5825/5338 1503/5826/5339 1973/5827/5340
f 1973/5827/5340 1503/5826/5339 1974/5828/5341
f 1974/5828/5341 1503/5826/5339 1975/5829/5342
f 1975/5829/5342 1503/5826/5339 1976/5830/5343
f 1976/5830/5343 1503/5826/5339 1977/5831/5344
f 1977/5831/5344 1503/5826/5339 1978/5832/5345
f 1978/5832/5345 1503/5826/5339 1979/5833/5346
f 1979/5833/5346 1503/5826/5339 1980/5834/5347
f 1980/5834/5347 1503/5826/5339 1981/5835/5348
f 1981/5835/5348 1503/5826/5339 2194/5836/5349
f 2194/5836/5349 1503/5826/5339 2932/5812/4135
f 2194/5836/5349 2932/5812/4135 2195/5837/5350
f 2195/5837/5350 2932/5812/4135 2196/5838/5351
f 2196/5838/5351 2932/5812/4135 2197/5839/5352
f 2197/5839/5352 2932/5812/4135 2198/5840/5353
f 2198/5840/5353 2932/5812/4135 2199/5841/5354
f 2199/5841/5354 2932/5812/4135 2200/5842/5355
f 2200/5842/5355 2932/5812/4135 2201/5843/5356
f 2201/5843/5356 2932/5812/4135 2202/5811/5326
f 1504/5844/5336 2931/5845/4148 1505/5846/5357
f 1505/5846/5357 2931/5845/4148 2966/5847/4204
f 1505/5846/5357 2966/5847/4204 1506/5848/5358
f 1506/5848/5358 2966/5847/4204 2965/5849/4202
f 1506/5848/5358 2965/5849/4202 1507/5850/5359
f 1507/5850/5359 2965/5849/4202 2964/5851/4160
f 1507/5850/5359 2964/5851/4160 1508/5852/5360
f 1508/5852/5360 2964/5851/4160 2963/5853/4161
f 1508/5852/5360 2963/5853/4161 1509/5854/5361
f 1509/5854/5361 2963/5853/4161 2962/5855/4163
f 1509/5854/5361 2962/5855/4163 1510/5856/5362
f 1510/5856/5362 2962/5855/4163 2961/5857/4165
f 1510/5856/5362 2961/5857/4165 1511/5858/5363
f 1511/5858/5363 2961/5857/4165 2960/5859/4167
f 1511/5858/5363 2960/5859/4167 1512/5860/5364
f 1512/5860/5364 2960/5859/4167 2959/5861/4169
f 1512/5860/5364 2959/5861/4169 1513/5862/5365
f 1513/5862/5365 2959/5861/4169 2958/5863/4171
f 1513/5862/5365 2958/5863/4171 1514/5864/5366
f 1514/5864/5366 2958/5863/4171 2957/5865/4173
f 1514/5864/5366 2957/5865/4173 1515/5866/2749
f 1515/5866/2749 2957/5865/4173 1919/5867/2748
f 1778/5868/5367 3559/5869/5368 1743/5870/2570
f 1743/5870/2570 3559/5869/5368 3560/5871/5369
f 1743/5870/2570 3560/5871/5369 1744/5872/2571
f 1744/5872/2571 3560/5871/5369 3561/5873/5370
f 1744/5872/2571 3561/5873/5370 1745/5874/2572
f 1745/5874/2572 3561/5873/5370 3562/5875/5371
f 1745/5874/2572 3562/5875/5371 1746/5876/2557
f 1746/5876/2557 3562/5875/5371 3563/5877/5372
f 1746/5876/2557 3563/5877/5372 1736/5878/2544
f 1778/5868/5367 1777/5879/5373 3559/5869/5368
f 3559/5869/5368 1777/5879/5373 3558/5880/5374
f 3558/5880/5374 1777/5879/5373 1776/5881/5375
f 3558/5880/5374 1776/5881/5375 1921/5882/2753
f 1921/5882/2753 1776/5881/5375 1775/5883/2580
f 2383/5884/5376 1284/5885/5377 3209/5886/5378
f 3209/5886/5378 1284/5885/5377 1283/5887/5379
f 3219/5888/5380 3569/5889/5381 3220/5890/5382
f 3220/5890/5382 3569/5889/5381 3574/5891/5383
f 3220/5890/5382 3574/5891/5383 3221/5892/5384
f 3221/5892/5384 3574/5891/5383 3222/5893/5385
f 3222/5893/5385 3574/5891/5383 3223/5894/5386
f 3223/5894/5386 3574/5891/5383 3224/5895/5387
f 3224/5895/5387 3574/5891/5383 3573/5896/5388
f 3224/5895/5387 3573/5896/5388 3572/5897/5389
f 3572/5897/5389 3573/5896/5388 3571/5898/5390
f 3572/5897/5389 3571/5898/5390 2396/5899/5391
f 2396/5899/5391 3571/5898/5390 2397/5900/5392
f 2397/5900/5392 3571/5898/5390 3577/5901/5393
f 2397/5900/5392 3577/5901/5393 2398/5902/5394
f 2398/5902/5394 3577/5901/5393 3580/5903/5395
f 2398/5902/5394 3580/5903/5395 2399/5904/5396
f 2399/5904/5396 3580/5903/5395 3583/5905/5397
f 2399/5904/5396 3583/5905/5397 2400/5906/5398
f 2400/5906/5398 3583/5905/5397 3586/5907/5399
f 2400/5906/5398 3586/5907/5399 2401/5908/5400
f 2401/5908/5400 3586/5907/5399 3589/5909/5401
f 2401/5908/5400 3589/5909/5401 2402/5910/5402
f 2402/5910/5402 3589/5909/5401 3592/5911/5403
f 2402/5910/5402 3592/5911/5403 2403/5912/5404
f 2403/5912/5404 3592/5911/5403 3595/5913/5405
f 2403/5912/5404 3595/5913/5405 3568/5914/5406
f 3568/5914/5406 3595/5913/5405 3567/5915/5407
f 3567/5915/5407 3595/5913/5405 3598/5916/5408
f 3567/5915/5407 3598/5916/5408 3566/5917/5409
f 3566/5917/5409 3598/5916/5408 3601/5918/5410
f 3566/5917/5409 3601/5918/5410 3565/5919/5411
f 3565/5919/5411 3601/5918/5410 3564/5920/5412
f 3564/5920/5412 3601/5918/5410 1283/5921/5379
f 1283/5921/5379 3601/5918/5410 3600/5922/5413
f 1283/5921/5379 3600/5922/5413 3599/5923/5414
f 3599/5923/5414 3600/5922/5413 3596/5924/5415
f 3599/5923/5414 3596/5924/5415 3211/5925/5416
f 3211/5925/5416 3596/5924/5415 3212/5926/5417
f 3212/5926/5417 3596/5924/5415 3593/5927/5418
f 3212/5926/5417 3593/5927/5418 3213/5928/5419
f 3213/5928/5419 3593/5927/5418 3590/5929/5420
f 3213/5928/5419 3590/5929/5420 3214/5930/5421
f 3214/5930/5421 3590/5929/5420 3587/5931/5422
f 3214/5930/5421 3587/5931/5422 3215/5932/5423
f 3215/5932/5423 3587/5931/5422 3584/5933/5424
f 3215/5932/5423 3584/5933/5424 3216/5934/5425
f 3216/5934/5425 3584/5933/5424 3581/5935/5426
f 3216/5934/5425 3581/5935/5426 3217/5936/5427
f 3217/5936/5427 3581/5935/5426 3578/5937/5428
f 3217/5936/5427 3578/5937/5428 3218/5938/5429
f 3218/5938/5429 3578/5937/5428 3575/5939/5430
f 3218/5938/5429 3575/5939/5430 3219/5888/5380
f 3219/5888/5380 3575/5939/5430 3569/5889/5381
f 3211/5925/5416 3210/5940/5431 3599/5923/5414
f 3599/5923/5414 3210/5940/5431 1283/5921/5379
f 3210/5940/5431 3209/5941/5378 1283/5921/5379
f 2396/5899/5391 2395/5942/5432 3572/5897/5389
f 3572/5897/5389 2395/5942/5432 3224/5895/5387
f 2395/5942/5432 2394/5943/5433 3224/5895/5387
f 3573/5896/5388 3574/5891/5383 3570/5944/5434
f 3570/5944/5434 3574/5891/5383 3569/5889/5381
f 3570/5944/5434 3569/5889/5381 3576/5945/5435
f 3576/5945/5435 3569/5889/5381 3575/5939/5430
f 3576/5945/5435 3575/5939/5430 3579/5946/5436
f 3579/5946/5436 3575/5939/5430 3578/5937/5428
f 3579/5946/5436 3578/5937/5428 3582/5947/5437
f 3582/5947/5437 3578/5937/5428 3581/5935/5426
f 3582/5947/5437 3581/5935/5426 3585/5948/5438
f 3585/5948/5438 3581/5935/5426 3584/5933/5424
f 3585/5948/5438 3584/5933/5424 3588/5949/5439
f 3588/5949/5439 3584/5933/5424 3587/5931/5422
f 3588/5949/5439 3587/5931/5422 3591/5950/5440
f 3591/5950/5440 3587/5931/5422 3590/5929/5420
f 3591/5950/5440 3590/5929/5420 3594/5951/5441
f 3594/5951/5441 3590/5929/5420 3593/5927/5418
f 3594/5951/5441 3593/5927/5418 3597/5952/5442
f 3597/5952/5442 3593/5927/5418 3596/5924/5415
f 3597/5952/5442 3596/5924/5415 3600/5922/5413
f 3577/5901/5393 3571/5898/5390 3570/5944/5434
f 3570/5944/5434 3571/5898/5390 3573/5896/5388
f 3577/5901/5393 3570/5944/5434 3576/5945/5435
f 3580/5903/5395 3577/5901/5393 3576/5945/5435
f 3580/5903/5395 3576/5945/5435 3579/5946/5436
f 3583/5905/5397 3580/5903/5395 3579/5946/5436
f 3583/5905/5397 3579/5946/5436 3582/5947/5437
f 3586/5907/5399 3583/5905/5397 3582/5947/5437
f 3586/5907/5399 3582/5947/5437 3585/5948/5438
f 3589/5909/5401 3586/5907/5399 3585/5948/5438
f 3589/5909/5401 3585/5948/5438 3588/5949/5439
f 3592/5911/5403 3589/5909/5401 3588/5949/5439
f 3592/5911/5403 3588/5949/5439 3591/5950/5440
f 3595/5913/5405 3592/5911/5403 3591/5950/5440
f 3595/5913/5405 3591/5950/5440 3594/5951/5441
f 3598/5916/5408 3595/5913/5405 3594/5951/5441
f 3598/5916/5408 3594/5951/5441 3597/5952/5442
f 3601/5918/5410 3598/5916/5408 3597/5952/5442
f 3601/5918/5410 3597/5952/5442 3600/5922/5413
f 3224/5953/5387 2394/5954/5433 3225/5955/5443
f 3225/5955/5443 2394/5954/5433 3226/5956/5444
f 3226/5956/5444 2394/5954/5433 3227/5957/5445
f 3227/5957/5445 2394/5954/5433 1015/5958/5446
f 3227/5957/5445 1015/5958/5446 1014/5959/5447
f 1321/5960/3525 2403/5961/3529 1322/5962/5448
f 1322/5962/5448 2403/5961/3529 3603/5963/5449
f 1322/5962/5448 3603/5963/5449 1323/5964/5450
f 1323/5964/5450 3603/5963/5449 1282/5965/5451
f 1282/5965/5451 3603/5963/5449 3602/5966/5452
f 1282/5965/5451 3602/5966/5452 3566/5967/5453
f 3566/5967/5453 3602/5966/5452 3567/5968/5454
f 3567/5968/5454 3602/5966/5452 3568/5969/5455
f 3568/5969/5455 3602/5966/5452 2403/5961/3529
f 2403/5961/3529 3602/5966/5452 3603/5963/5449
f 3566/5967/5453 3565/5970/5456 1282/5965/5451
f 1282/5965/5451 3565/5970/5456 3564/5971/5457
f 1282/5965/5451 3564/5971/5457 1283/5972/5458
f 1013/5973/5459 3139/5974/4679 1014/5975/5460
f 1014/5975/5460 3139/5974/4679 3227/5976/4681
f 3346/5977/5461 3609/5978/5462 3347/5979/5463
f 3347/5979/5463 3609/5978/5462 3610/5980/5464
f 3347/5979/5463 3610/5980/5464 3608/5981/5465
f 3608/5981/5465 3610/5980/5464 3607/5982/5466
f 3607/5982/5466 3610/5980/5464 3606/5983/5467
f 3606/5983/5467 3610/5980/5464 3612/5984/5468
f 3606/5983/5467 3612/5984/5468 3605/5985/5469
f 3605/5985/5469 3612/5984/5468 3614/5986/5470
f 3605/5985/5469 3614/5986/5470 3604/5987/5471
f 3604/5987/5471 3614/5986/5470 3616/5988/5472
f 3604/5987/5471 3616/5988/5472 3349/5989/4996
f 3349/5989/4996 3616/5988/5472 3615/5990/5473
f 3349/5989/4996 3615/5990/5473 3342/5991/4997
f 3342/5991/4997 3615/5990/5473 3343/5992/5474
f 3343/5992/5474 3615/5990/5473 3344/5993/5475
f 3344/5993/5475 3615/5990/5473 3613/5994/5476
f 3344/5993/5475 3613/5994/5476 3345/5995/5477
f 3345/5995/5477 3613/5994/5476 3611/5996/5478
f 3345/5995/5477 3611/5996/5478 3346/5977/5461
f 3346/5977/5461 3611/5996/5478 3609/5978/5462
f 3612/5984/5468 3610/5980/5464 3609/5978/5462
f 3612/5984/5468 3609/5978/5462 3611/5996/5478
f 3614/5986/5470 3612/5984/5468 3611/5996/5478
f 3614/5986/5470 3611/5996/5478 3613/5994/5476
f 3616/5988/5472 3614/5986/5470 3613/5994/5476
f 3616/5988/5472 3613/5994/5476 3615/5990/5473
f 3617/5997/5479 3618/5998/5480 3623/5999/5481
f 3623/5999/5481 3618/5998/5480 3625/6000/5482
f 3623/5999/5481 3625/6000/5482 3622/6001/5483
f 3622/6001/5483 3625/6000/5482 3629/6002/5484
f 3622/6001/5483 3629/6002/5484 3349/6003/4996
f 3349/6003/4996 3629/6002/5484 3604/6004/5471
f 3604/6004/5471 3629/6002/5484 3628/6005/5485
f 3604/6004/5471 3628/6005/5485 3605/6006/5469
f 3605/6006/5469 3628/6005/5485 3627/6007/5486
f 3605/6006/5469 3627/6007/5486 3606/6008/5467
f 3606/6008/5467 3627/6007/5486 3626/6009/5487
f 3606/6008/5467 3626/6009/5487 3607/6010/5466
f 3607/6010/5466 3626/6009/5487 3621/6011/5488
f 3607/6010/5466 3621/6011/5488 3608/6012/5465
f 3618/5998/5480 3619/6013/5489 3625/6000/5482
f 3625/6000/5482 3619/6013/5489 3624/6014/5490
f 3625/6000/5482 3624/6014/5490 3629/6002/5484
f 3629/6002/5484 3624/6014/5490 3628/6005/5485
f 3619/6013/5489 3620/6015/5491 3624/6014/5490
f 3624/6014/5490 3620/6015/5491 3628/6005/5485
f 3621/6011/5488 3626/6009/5487 3620/6015/5491
f 3620/6015/5491 3626/6009/5487 3627/6007/5486
f 3620/6015/5491 3627/6007/5486 3628/6005/5485
f 3351/6016/4995 3350/6017/4994 3641/6018/5492
f 3641/6018/5492 3350/6017/4994 3630/6019/5493
f 3641/6018/5492 3630/6019/5493 3642/6020/5494
f 3642/6020/5494 3630/6019/5493 3631/6021/5495
f 3642/6020/5494 3631/6021/5495 3643/6022/5496
f 3643/6022/5496 3631/6021/5495 3632/6023/5497
f 3643/6022/5496 3632/6023/5497 3644/6024/5498
f 3644/6024/5498 3632/6023/5497 3633/6025/5499
f 3644/6024/5498 3633/6025/5499 3645/6026/5500
f 3645/6026/5500 3633/6025/5499 3634/6027/5501
f 3645/6026/5500 3634/6027/5501 1929/6028/2770
f 1929/6028/2770 3635/6029/5502 3645/6026/5500
f 3645/6026/5500 3635/6029/5502 3636/6030/5503
f 3645/6026/5500 3636/6030/5503 3644/6024/5498
f 3644/6024/5498 3636/6030/5503 3637/6031/5504
f 3644/6024/5498 3637/6031/5504 3643/6022/5496
f 3643/6022/5496 3637/6031/5504 3638/6032/5505
f 3643/6022/5496 3638/6032/5505 3642/6020/5494
f 3642/6020/5494 3638/6032/5505 3639/6033/5506
f 3642/6020/5494 3639/6033/5506 3641/6018/5492
f 3641/6018/5492 3639/6033/5506 3640/6034/5507
f 3641/6018/5492 3640/6034/5507 3351/6016/4995
f 3656/6035/5508 3646/6036/5509 3661/6037/5510
f 3661/6037/5510 3646/6036/5509 3647/6038/5511
f 3661/6037/5510 3647/6038/5511 3648/6039/5512
f 3661/6037/5510 3648/6039/5512 3660/6040/5513
f 3660/6040/5513 3648/6039/5512 3649/6041/5514
f 3660/6040/5513 3649/6041/5514 3659/6042/5515
f 3659/6042/5515 3649/6041/5514 3650/6043/5516
f 3659/6042/5515 3650/6043/5516 3658/6044/5517
f 3658/6044/5517 3650/6043/5516 3651/6045/5518
f 3658/6044/5517 3651/6045/5518 3657/6046/5519
f 3657/6046/5519 3651/6045/5518 3357/6047/4990
f 3657/6046/5519 3357/6047/4990 3356/6048/4988
f 3657/6046/5519 3356/6048/4988 3662/6049/5520
f 3662/6049/5520 3356/6048/4988 3355/6050/5020
f 3662/6049/5520 3355/6050/5020 3667/6051/5521
f 3667/6051/5521 3355/6050/5020 3354/6052/5019
f 3667/6051/5521 3354/6052/5019 3672/6053/5522
f 3672/6053/5522 3354/6052/5019 3353/6054/5018
f 3672/6053/5522 3353/6054/5018 3677/6055/5523
f 3677/6055/5523 3353/6054/5018 3352/6056/5017
f 3677/6055/5523 3352/6056/5017 3682/6057/5524
f 3682/6057/5524 3352/6056/5017 3351/6058/4995
f 3682/6057/5524 3351/6058/4995 3640/6059/5507
f 3640/6059/5507 3639/6060/5506 3682/6057/5524
f 3682/6057/5524 3639/6060/5506 3683/6061/5525
f 3682/6057/5524 3683/6061/5525 3677/6055/5523
f 3677/6055/5523 3683/6061/5525 3678/6062/5526
f 3677/6055/5523 3678/6062/5526 3672/6053/5522
f 3672/6053/5522 3678/6062/5526 3673/6063/5527
f 3672/6053/5522 3673/6063/5527 3667/6051/5521
f 3667/6051/5521 3673/6063/5527 3668/6064/5528
f 3667/6051/5521 3668/6064/5528 3662/6049/5520
f 3662/6049/5520 3668/6064/5528 3663/6065/5529
f 3662/6049/5520 3663/6065/5529 3657/6046/5519
f 3657/6046/5519 3663/6065/5529 3658/6044/5517
f 3639/6060/5506 3638/6066/5505 3683/6061/5525
f 3683/6061/5525 3638/6066/5505 3684/6067/5530
f 3683/6061/5525 3684/6067/5530 3678/6062/5526
f 3678/6062/5526 3684/6067/5530 3679/6068/5531
f 3678/6062/5526 3679/6068/5531 3673/6063/5527
f 3673/6063/5527 3679/6068/5531 3674/6069/5532
f 3673/6063/5527 3674/6069/5532 3668/6064/5528
f 3668/6064/5528 3674/6069/5532 3669/6070/5533
f 3668/6064/5528 3669/6070/5533 3663/6065/5529
f 3663/6065/5529 3669/6070/5533 3664/6071/5534
f 3663/6065/5529 3664/6071/5534 3658/6044/5517
f 3658/6044/5517 3664/6071/5534 3659/6042/5515
f 3638/6066/5505 3637/6072/5504 3684/6067/5530
f 3684/6067/5530 3637/6072/5504 3685/6073/5535
f 3684/6067/5530 3685/6073/5535 3679/6068/5531
f 3679/6068/5531 3685/6073/5535 3680/6074/5536
f 3679/6068/5531 3680/6074/5536 3674/6069/5532
f 3674/6069/5532 3680/6074/5536 3675/6075/5537
f 3674/6069/5532 3675/6075/5537 3669/6070/5533
f 3669/6070/5533 3675/6075/5537 3670/6076/5538
f 3669/6070/5533 3670/6076/5538 3664/6071/5534
f 3664/6071/5534 3670/6076/5538 3665/6077/5539
f 3664/6071/5534 3665/6077/5539 3659/6042/5515
f 3659/6042/5515 3665/6077/5539 3660/6040/5513
f 3637/6072/5504 3636/6078/5503 3685/6073/5535
f 3685/6073/5535 3636/6078/5503 3686/6079/5540
f 3685/6073/5535 3686/6079/5540 3680/6074/5536
f 3680/6074/5536 3686/6079/5540 3681/6080/5541
f 3680/6074/5536 3681/6080/5541 3675/6075/5537
f 3675/6075/5537 3681/6080/5541 3676/6081/5542
f 3675/6075/5537 3676/6081/5542 3670/6076/5538
f 3670/6076/5538 3676/6081/5542 3671/6082/5543
f 3670/6076/5538 3671/6082/5543 3665/6077/5539
f 3665/6077/5539 3671/6082/5543 3666/6083/5544
f 3665/6077/5539 3666/6083/5544 3660/6040/5513
f 3660/6040/5513 3666/6083/5544 3661/6037/5510
f 3636/6078/5503 3635/6084/5502 3686/6079/5540
f 3686/6079/5540 3635/6084/5502 3652/6085/5545
f 3686/6079/5540 3652/6085/5545 3681/6080/5541
f 3681/6080/5541 3652/6085/5545 3653/6086/5546
f 3681/6080/5541 3653/6086/5546 3676/6081/5542
f 3676/6081/5542 3653/6086/5546 3654/6087/5547
f 3676/6081/5542 3654/6087/5547 3671/6082/5543
f 3671/6082/5543 3654/6087/5547 3655/6088/5548
f 3671/6082/5543 3655/6088/5548 3666/6083/5544
f 3666/6083/5544 3655/6088/5548 3656/6035/5508
f 3666/6083/5544 3656/6035/5508 3661/6037/5510
f 3646/6089/5509 3563/6090/5372 3647/6091/5511
f 3647/6091/5511 3563/6090/5372 3687/6092/5549
f 3647/6091/5511 3687/6092/5549 3648/6093/5512
f 3648/6093/5512 3687/6092/5549 3688/6094/5550
f 3648/6093/5512 3688/6094/5550 3649/6095/5514
f 3649/6095/5514 3688/6094/5550 3689/6096/5551
f 3649/6095/5514 3689/6096/5551 3650/6097/5516
f 3650/6097/5516 3689/6096/5551 3690/6098/5552
f 3650/6097/5516 3690/6098/5552 3651/6099/5518
f 3651/6099/5518 3690/6098/5552 3691/6100/5553
f 3651/6099/5518 3691/6100/5553 3357/6101/4990
f 3357/6101/4990 3691/6100/5553 3358/6102/4991
f 3558/6103/5374 1921/6104/2753 3701/6105/5554
f 3701/6105/5554 1921/6104/2753 3692/6106/5555
f 3701/6105/5554 3692/6106/5555 3693/6107/5556
f 3701/6105/5554 3693/6107/5556 3700/6108/5557
f 3700/6108/5557 3693/6107/5556 3694/6109/5558
f 3700/6108/5557 3694/6109/5558 3699/6110/5559
f 3699/6110/5559 3694/6109/5558 3695/6111/5560
f 3699/6110/5559 3695/6111/5560 3698/6112/5561
f 3698/6112/5561 3695/6111/5560 3696/6113/5562
f 3698/6112/5561 3696/6113/5562 3697/6114/5563
f 3697/6114/5563 3696/6113/5562 3364/6115/5009
f 3697/6114/5563 3364/6115/5009 3363/6116/5010
f 3697/6114/5563 3363/6116/5010 3702/6117/5564
f 3702/6117/5564 3363/6116/5010 3362/6118/5011
f 3702/6117/5564 3362/6118/5011 3707/6119/5565
f 3707/6119/5565 3362/6118/5011 3361/6120/5012
f 3707/6119/5565 3361/6120/5012 3712/6121/5566
f 3712/6121/5566 3361/6120/5012 3360/6122/5013
f 3712/6121/5566 3360/6122/5013 3717/6123/5567
f 3717/6123/5567 3360/6122/5013 3359/6124/5014
f 3717/6123/5567 3359/6124/5014 3722/6125/5568
f 3722/6125/5568 3359/6124/5014 3358/6126/4991
f 3722/6125/5568 3358/6126/4991 3691/6127/5553
f 3691/6127/5553 3690/6128/5552 3722/6125/5568
f 3722/6125/5568 3690/6128/5552 3723/6129/5569
f 3722/6125/5568 3723/6129/5569 3717/6123/5567
f 3717/6123/5567 3723/6129/5569 3718/6130/5570
f 3717/6123/5567 3718/6130/5570 3712/6121/5566
f 3712/6121/5566 3718/6130/5570 3713/6131/5571
f 3712/6121/5566 3713/6131/5571 3707/6119/5565
f 3707/6119/5565 3713/6131/5571 3708/6132/5572
f 3707/6119/5565 3708/6132/5572 3702/6117/5564
f 3702/6117/5564 3708/6132/5572 3703/6133/5573
f 3702/6117/5564 3703/6133/5573 3697/6114/5563
f 3697/6114/5563 3703/6133/5573 3698/6112/5561
f 3690/6128/5552 3689/6134/5551 3723/6129/5569
f 3723/6129/5569 3689/6134/5551 3724/6135/5574
f 3723/6129/5569 3724/6135/5574 3718/6130/5570
f 3718/6130/5570 3724/6135/5574 3719/6136/5575
f 3718/6130/5570 3719/6136/5575 3713/6131/5571
f 3713/6131/5571 3719/6136/5575 3714/6137/5576
f 3713/6131/5571 3714/6137/5576 3708/6132/5572
f 3708/6132/5572 3714/6137/5576 3709/6138/5577
f 3708/6132/5572 3709/6138/5577 3703/6133/5573
f 3703/6133/5573 3709/6138/5577 3704/6139/5578
f 3703/6133/5573 3704/6139/5578 3698/6112/5561
f 3698/6112/5561 3704/6139/5578 3699/6110/5559
f 3689/6134/5551 3688/6140/5550 3724/6135/5574
f 3724/6135/5574 3688/6140/5550 3725/6141/5579
f 3724/6135/5574 3725/6141/5579 3719/6136/5575
f 3719/6136/5575 3725/6141/5579 3720/6142/5580
f 3719/6136/5575 3720/6142/5580 3714/6137/5576
f 3714/6137/5576 3720/6142/5580 3715/6143/5581
f 3714/6137/5576 3715/6143/5581 3709/6138/5577
f 3709/6138/5577 3715/6143/5581 3710/6144/5582
f 3709/6138/5577 3710/6144/5582 3704/6139/5578
f 3704/6139/5578 3710/6144/5582 3705/6145/5583
f 3704/6139/5578 3705/6145/5583 3699/6110/5559
f 3699/6110/5559 3705/6145/5583 3700/6108/5557
f 3688/6140/5550 3687/6146/5549 3725/6141/5579
f 3725/6141/5579 3687/6146/5549 3726/6147/5584
f 3725/6141/5579 3726/6147/5584 3720/6142/5580
f 3720/6142/5580 3726/6147/5584 3721/6148/5585
f 3720/6142/5580 3721/6148/5585 3715/6143/5581
f 3715/6143/5581 3721/6148/5585 3716/6149/5586
f 3715/6143/5581 3716/6149/5586 3710/6144/5582
f 3710/6144/5582 3716/6149/5586 3711/6150/5587
f 3710/6144/5582 3711/6150/5587 3705/6145/5583
f 3705/6145/5583 3711/6150/5587 3706/6151/5588
f 3705/6145/5583 3706/6151/5588 3700/6108/5557
f 3700/6108/5557 3706/6151/5588 3701/6105/5554
f 3687/6146/5549 3563/6152/5372 3726/6147/5584
f 3726/6147/5584 3563/6152/5372 3562/6153/5371
f 3726/6147/5584 3562/6153/5371 3721/6148/5585
f 3721/6148/5585 3562/6153/5371 3561/6154/5370
f 3721/6148/5585 3561/6154/5370 3716/6149/5586
f 3716/6149/5586 3561/6154/5370 3560/6155/5369
f 3716/6149/5586 3560/6155/5369 3711/6150/5587
f 3711/6150/5587 3560/6155/5369 3559/6156/5368
f 3711/6150/5587 3559/6156/5368 3706/6151/5588
f 3706/6151/5588 3559/6156/5368 3558/6103/5374
f 3706/6151/5588 3558/6103/5374 3701/6105/5554
f 1921/6157/2753 1920/6158/2754 3732/6159/5589
f 3732/6159/5589 1920/6158/2754 3727/6160/5590
f 3732/6159/5589 3727/6160/5590 3733/6161/5591
f 3733/6161/5591 3727/6160/5590 3728/6162/5592
f 3733/6161/5591 3728/6162/5592 3734/6163/5593
f 3734/6163/5593 3728/6162/5592 3729/6164/5594
f 3734/6163/5593 3729/6164/5594 3735/6165/5595
f 3735/6165/5595 3729/6164/5594 3730/6166/5596
f 3735/6165/5595 3730/6166/5596 3736/6167/5597
f 3736/6167/5597 3730/6166/5596 3731/6168/5598
f 3736/6167/5597 3731/6168/5598 3365/6169/5008
f 3365/6169/5008 3364/6170/5009 3736/6167/5597
f 3736/6167/5597 3364/6170/5009 3696/6171/5562
f 3736/6167/5597 3696/6171/5562 3735/6165/5595
f 3735/6165/5595 3696/6171/5562 3695/6172/5560
f 3735/6165/5595 3695/6172/5560 3734/6163/5593
f 3734/6163/5593 3695/6172/5560 3694/6173/5558
f 3734/6163/5593 3694/6173/5558 3733/6161/5591
f 3733/6161/5591 3694/6173/5558 3693/6174/5556
f 3733/6161/5591 3693/6174/5556 3732/6159/5589
f 3732/6159/5589 3693/6174/5556 3692/6175/5555
f 3732/6159/5589 3692/6175/5555 1921/6157/2753
f 1923/6176/2762 1922/6177/2763 3746/6178/5599
f 3746/6178/5599 1922/6177/2763 3737/6179/5600
f 3746/6178/5599 3737/6179/5600 3738/6180/5601
f 3746/6178/5599 3738/6180/5601 3745/6181/5602
f 3745/6181/5602 3738/6180/5601 3739/6182/5603
f 3745/6181/5602 3739/6182/5603 3744/6183/5604
f 3744/6183/5604 3739/6182/5603 3740/6184/5605
f 3744/6183/5604 3740/6184/5605 3743/6185/5606
f 3743/6185/5606 3740/6184/5605 3741/6186/5607
f 3743/6185/5606 3741/6186/5607 3742/6187/5608
f 3742/6187/5608 3741/6186/5607 3371/6188/5002
f 3742/6187/5608 3371/6188/5002 3370/6189/5003
f 3742/6187/5608 3370/6189/5003 3747/6190/5609
f 3747/6190/5609 3370/6189/5003 3369/6191/5004
f 3747/6190/5609 3369/6191/5004 3752/6192/5610
f 3752/6192/5610 3369/6191/5004 3368/6193/5005
f 3752/6192/5610 3368/6193/5005 3757/6194/5611
f 3757/6194/5611 3368/6193/5005 3367/6195/5006
f 3757/6194/5611 3367/6195/5006 3762/6196/5612
f 3762/6196/5612 3367/6195/5006 3366/6197/5007
f 3762/6196/5612 3366/6197/5007 3767/6198/5613
f 3767/6198/5613 3366/6197/5007 3365/6199/5008
f 3767/6198/5613 3365/6199/5008 3731/6200/5598
f 3731/6200/5598 3730/6201/5596 3767/6198/5613
f 3767/6198/5613 3730/6201/5596 3768/6202/5614
f 3767/6198/5613 3768/6202/5614 3762/6196/5612
f 3762/6196/5612 3768/6202/5614 3763/6203/5615
f 3762/6196/5612 3763/6203/5615 3757/6194/5611
f 3757/6194/5611 3763/6203/5615 3758/6204/5616
f 3757/6194/5611 3758/6204/5616 3752/6192/5610
f 3752/6192/5610 3758/6204/5616 3753/6205/5617
f 3752/6192/5610 3753/6205/5617 3747/6190/5609
f 3747/6190/5609 3753/6205/5617 3748/6206/5618
f 3747/6190/5609 3748/6206/5618 3742/6187/5608
f 3742/6187/5608 3748/6206/5618 3743/6185/5606
f 3730/6201/5596 3729/6207/5594 3768/6202/5614
f 3768/6202/5614 3729/6207/5594 3769/6208/5619
f 3768/6202/5614 3769/6208/5619 3763/6203/5615
f 3763/6203/5615 3769/6208/5619 3764/6209/5620
f 3763/6203/5615 3764/6209/5620 3758/6204/5616
f 3758/6204/5616 3764/6209/5620 3759/6210/5621
f 3758/6204/5616 3759/6210/5621 3753/6205/5617
f 3753/6205/5617 3759/6210/5621 3754/6211/5622
f 3753/6205/5617 3754/6211/5622 3748/6206/5618
f 3748/6206/5618 3754/6211/5622 3749/6212/5623
f 3748/6206/5618 3749/6212/5623 3743/6185/5606
f 3743/6185/5606 3749/6212/5623 3744/6183/5604
f 3729/6207/5594 3728/6213/5592 3769/6208/5619
f 3769/6208/5619 3728/6213/5592 3770/6214/5624
f 3769/6208/5619 3770/6214/5624 3764/6209/5620
f 3764/6209/5620 3770/6214/5624 3765/6215/5625
f 3764/6209/5620 3765/6215/5625 3759/6210/5621
f 3759/6210/5621 3765/6215/5625 3760/6216/5626
f 3759/6210/5621 3760/6216/5626 3754/6211/5622
f 3754/6211/5622 3760/6216/5626 3755/6217/5627
f 3754/6211/5622 3755/6217/5627 3749/6212/5623
f 3749/6212/5623 3755/6217/5627 3750/6218/5628
f 3749/6212/5623 3750/6218/5628 3744/6183/5604
f 3744/6183/5604 3750/6218/5628 3745/6181/5602
f 3728/6213/5592 3727/6219/5590 3770/6214/5624
f 3770/6214/5624 3727/6219/5590 3771/6220/5629
f 3770/6214/5624 3771/6220/5629 3765/6215/5625
f 3765/6215/5625 3771/6220/5629 3766/6221/5630
f 3765/6215/5625 3766/6221/5630 3760/6216/5626
f 3760/6216/5626 3766/6221/5630 3761/6222/5631
f 3760/6216/5626 3761/6222/5631 3755/6217/5627
f 3755/6217/5627 3761/6222/5631 3756/6223/5632
f 3755/6217/5627 3756/6223/5632 3750/6218/5628
f 3750/6218/5628 3756/6223/5632 3751/6224/5633
f 3750/6218/5628 3751/6224/5633 3745/6181/5602
f 3745/6181/5602 3751/6224/5633 3746/6178/5599
f 3727/6219/5590 1920/6225/2754 3771/6220/5629
f 3771/6220/5629 1920/6225/2754 1927/6226/2756
f 3771/6220/5629 1927/6226/2756 3766/6221/5630
f 3766/6221/5630 1927/6226/2756 1926/6227/2758
f 3766/6221/5630 1926/6227/2758 3761/6222/5631
f 3761/6222/5631 1926/6227/2758 1925/6228/2760
f 3761/6222/5631 1925/6228/2760 3756/6223/5632
f 3756/6223/5632 1925/6228/2760 1924/6229/2761
f 3756/6223/5632 1924/6229/2761 3751/6224/5633
f 3751/6224/5633 1924/6229/2761 1923/6176/2762
f 3751/6224/5633 1923/6176/2762 3746/6178/5599
f 1922/6230/2763 1928/6231/2764 3737/6232/5600
f 3737/6232/5600 1928/6231/2764 3772/6233/5634
f 3737/6232/5600 3772/6233/5634 3738/6234/5601
f 3738/6234/5601 3772/6233/5634 3773/6235/5635
f 3738/6234/5601 3773/6235/5635 3739/6236/5603
f 3739/6236/5603 3773/6235/5635 3774/6237/5636
f 3739/6236/5603 3774/6237/5636 3740/6238/5605
f 3740/6238/5605 3774/6237/5636 3775/6239/5637
f 3740/6238/5605 3775/6239/5637 3741/6240/5607
f 3741/6240/5607 3775/6239/5637 3776/6241/5638
f 3741/6240/5607 3776/6241/5638 3371/6242/5002
f 3371/6242/5002 3776/6241/5638 3372/6243/5001
f 3373/6244/5000 3372/6245/5001 3781/6246/5639
f 3781/6246/5639 3372/6245/5001 3776/6247/5638
f 3781/6246/5639 3776/6247/5638 3775/6248/5637
f 3781/6246/5639 3775/6248/5637 3780/6249/5640
f 3780/6249/5640 3775/6248/5637 3774/6250/5636
f 3780/6249/5640 3774/6250/5636 3779/6251/5641
f 3779/6251/5641 3774/6250/5636 3773/6252/5635
f 3779/6251/5641 3773/6252/5635 3778/6253/5642
f 3778/6253/5642 3773/6252/5635 3772/6254/5634
f 3778/6253/5642 3772/6254/5634 3777/6255/5643
f 3777/6255/5643 3772/6254/5634 1928/6256/2764
f 3777/6255/5643 1928/6256/2764 1934/6257/2765
f 3777/6255/5643 1934/6257/2765 3782/6258/5644
f 3782/6258/5644 1934/6257/2765 1933/6259/2766
f 3782/6258/5644 1933/6259/2766 3787/6260/5645
f 3787/6260/5645 1933/6259/2766 1932/6261/2767
f 3787/6260/5645 1932/6261/2767 3792/6262/5646
f 3792/6262/5646 1932/6261/2767 1931/6263/2768
f 3792/6262/5646 1931/6263/2768 3797/6264/5647
f 3797/6264/5647 1931/6263/2768 1930/6265/2769
f 3797/6264/5647 1930/6265/2769 3802/6266/5648
f 3802/6266/5648 1930/6265/2769 1929/6267/2770
f 3802/6266/5648 1929/6267/2770 3634/6268/5501
f 3634/6268/5501 3633/6269/5499 3802/6266/5648
f 3802/6266/5648 3633/6269/5499 3803/6270/5649
f 3802/6266/5648 3803/6270/5649 3797/6264/5647
f 3797/6264/5647 3803/6270/5649 3798/6271/5650
f 3797/6264/5647 3798/6271/5650 3792/6262/5646
f 3792/6262/5646 3798/6271/5650 3793/6272/5651
f 3792/6262/5646 3793/6272/5651 3787/6260/5645
f 3787/6260/5645 3793/6272/5651 3788/6273/5652
f 3787/6260/5645 3788/6273/5652 3782/6258/5644
f 3782/6258/5644 3788/6273/5652 3783/6274/5653
f 3782/6258/5644 3783/6274/5653 3777/6255/5643
f 3777/6255/5643 3783/6274/5653 3778/6253/5642
f 3633/6269/5499 3632/6275/5497 3803/6270/5649
f 3803/6270/5649 3632/6275/5497 3804/6276/5654
f 3803/6270/5649 3804/6276/5654 3798/6271/5650
f 3798/6271/5650 3804/6276/5654 3799/6277/5655
f 3798/6271/5650 3799/6277/5655 3793/6272/5651
f 3793/6272/5651 3799/6277/5655 3794/6278/5656
f 3793/6272/5651 3794/6278/5656 3788/6273/5652
f 3788/6273/5652 3794/6278/5656 3789/6279/5657
f 3788/6273/5652 3789/6279/5657 3783/6274/5653
f 3783/6274/5653 3789/6279/5657 3784/6280/5658
f 3783/6274/5653 3784/6280/5658 3778/6253/5642
f 3778/6253/5642 3784/6280/5658 3779/6251/5641
f 3632/6275/5497 3631/6281/5495 3804/6276/5654
f 3804/6276/5654 3631/6281/5495 3805/6282/5659
f 3804/6276/5654 3805/6282/5659 3799/6277/5655
f 3799/6277/5655 3805/6282/5659 3800/6283/5660
f 3799/6277/5655 3800/6283/5660 3794/6278/5656
f 3794/6278/5656 3800/6283/5660 3795/6284/5661
f 3794/6278/5656 3795/6284/5661 3789/6279/5657
f 3789/6279/5657 3795/6284/5661 3790/6285/5662
f 3789/6279/5657 3790/6285/5662 3784/6280/5658
f 3784/6280/5658 3790/6285/5662 3785/6286/5663
f 3784/6280/5658 3785/6286/5663 3779/6251/5641
f 3779/6251/5641 3785/6286/5663 3780/6249/5640
f 3631/6281/5495 3630/6287/5493 3805/6282/5659
f 3805/6282/5659 3630/6287/5493 3806/6288/5664
f 3805/6282/5659 3806/6288/5664 3800/6283/5660
f 3800/6283/5660 3806/6288/5664 3801/6289/5665
f 3800/6283/5660 3801/6289/5665 3795/6284/5661
f 3795/6284/5661 3801/6289/5665 3796/6290/5666
f 3795/6284/5661 3796/6290/5666 3790/6285/5662
f 3790/6285/5662 3796/6290/5666 3791/6291/5667
f 3790/6285/5662 3791/6291/5667 3785/6286/5663
f 3785/6286/5663 3791/6291/5667 3786/6292/5668
f 3785/6286/5663 3786/6292/5668 3780/6249/5640
f 3780/6249/5640 3786/6292/5668 3781/6246/5639
f 3630/6287/5493 3350/6293/4994 3806/6288/5664
f 3806/6288/5664 3350/6293/4994 3377/6294/4993
f 3806/6288/5664 3377/6294/4993 3801/6289/5665
f 3801/6289/5665 3377/6294/4993 3376/6295/5022
f 3801/6289/5665 3376/6295/5022 3796/6290/5666
f 3796/6290/5666 3376/6295/5022 3375/6296/5021
f 3796/6290/5666 3375/6296/5021 3791/6291/5667
f 3791/6291/5667 3375/6296/5021 3374/6297/4999
f 3791/6291/5667 3374/6297/4999 3786/6292/5668
f 3786/6292/5668 3374/6297/4999 3373/6244/5000
f 3786/6292/5668 3373/6244/5000 3781/6246/5639
f 1694/6298/2533 1736/6299/2544 3646/6300/5509
f 3646/6300/5509 1736/6299/2544 3563/6301/5372
f 3635/6302/5502 1662/6303/2486 3652/6304/5545
f 3652/6304/5545 1662/6303/2486 1699/6305/2512
f 3652/6304/5545 1699/6305/2512 3653/6306/5546
f 3653/6306/5546 1699/6305/2512 1698/6307/2537
f 3653/6306/5546 1698/6307/2537 3654/6308/5547
f 3654/6308/5547 1698/6307/2537 1697/6309/2536
f 3654/6308/5547 1697/6309/2536 3655/6310/5548
f 3655/6310/5548 1697/6309/2536 1696/6311/2535
f 3655/6310/5548 1696/6311/2535 3656/6312/5508
f 3656/6312/5508 1696/6311/2535 1695/6313/2534
f 3656/6312/5508 1695/6313/2534 3646/6314/5509
f 3646/6314/5509 1695/6313/2534 1694/6315/2533
f 1625/6316/2427 1662/6317/2486 1929/6318/2770
f 1929/6318/2770 1662/6317/2486 3635/6319/5502
f 1104/6320/5669 1103/6321/5670 2296/6322/5671
f 2296/6322/5671 1103/6321/5670 2327/6323/5672
f 2327/6323/5672 1103/6321/5670 1102/6324/5673
f 2327/6323/5672 1102/6324/5673 1101/6325/5674
f 2327/6323/5672 1101/6325/5674 2328/6326/5675
f 2328/6326/5675 1101/6325/5674 1100/6327/5676
f 2328/6326/5675 1100/6327/5676 2329/6328/5677
f 2329/6328/5677 1100/6327/5676 1099/6329/5678
f 2329/6328/5677 1099/6329/5678 1098/6330/5679
f 2329/6328/5677 1098/6330/5679 2330/6331/5680
f 2330/6331/5680 1098/6330/5679 1097/6332/5681
f 2330/6331/5680 1097/6332/5681 2331/6333/5682
f 2331/6333/5682 1097/6332/5681 1096/6334/5683
f 2331/6333/5682 1096/6334/5683 2332/6335/3361
f 2332/6335/3361 1096/6334/5683 1095/6336/5684
f 2332/6337/3361 1095/6338/5684 1094/6339/3380
f 1048/6340/5685 1047/6341/5686 3807/6342/5687
f 3807/6342/5687 1047/6341/5686 3812/6343/5688
f 3812/6343/5688 1047/6341/5686 1046/6344/5689
f 3812/6343/5688 1046/6344/5689 3811/6345/5690
f 3811/6345/5690 1046/6344/5689 1045/6346/5691
f 3811/6345/5690 1045/6346/5691 3810/6347/5692
f 3810/6347/5692 1045/6346/5691 1044/6348/5693
f 3810/6347/5692 1044/6348/5693 1043/6349/5694
f 3810/6347/5692 1043/6349/5694 3809/6350/5695
f 3809/6350/5695 1043/6349/5694 1042/6351/5696
f 3809/6350/5695 1042/6351/5696 3808/6352/5697
f 3808/6352/5697 1042/6351/5696 1041/6353/5698
f 3808/6352/5697 1041/6353/5698 1040/6354/5699
f 1039/6355/5700 1398/6356/5701 1040/6354/5699
f 1040/6354/5699 1398/6356/5701 3808/6352/5697
f 1048/6357/5685 3807/6358/5687 1049/6359/5702
f 1397/6360/2069 2326/6361/5703 1398/6362/2070
f 1398/6362/2070 2326/6361/5703 3808/6363/5704
f 3808/6363/5704 2326/6361/5703 2325/6364/5705
f 3808/6363/5704 2325/6364/5705 3809/6365/5706
f 3809/6365/5706 2325/6364/5705 2324/6366/5707
f 3809/6365/5706 2324/6366/5707 3810/6367/5708
f 3810/6367/5708 2324/6366/5707 2323/6368/5709
f 3810/6367/5708 2323/6368/5709 2322/6369/5710
f 3810/6367/5708 2322/6369/5710 3811/6370/5711
f 3811/6370/5711 2322/6369/5710 2321/6371/5712
f 3811/6370/5711 2321/6371/5712 3812/6372/5713
f 3812/6372/5713 2321/6371/5712 2320/6373/5714
f 3812/6372/5713 2320/6373/5714 2319/6374/5715
f 3812/6372/5713 2319/6374/5715 3807/6375/5687
f 3807/6375/5687 2319/6374/5715 2318/6376/5716
f 3807/6375/5687 2318/6376/5716 2317/6377/5717
f 3807/6375/5687 2317/6377/5717 1050/6378/5718
f 1050/6378/5718 2317/6377/5717 2316/6379/5719
f 1050/6378/5718 2316/6379/5719 2315/6380/5720
f 1050/6378/5718 2315/6380/5720 1051/6381/5721
f 1051/6381/5721 2315/6380/5720 2314/6382/5722
f 1051/6381/5721 2314/6382/5722 1052/6383/5723
f 1052/6383/5723 2314/6382/5722 2313/6384/5724
f 1052/6383/5723 2313/6384/5724 2312/6385/5725
f 1052/6383/5723 2312/6385/5725 1053/6386/5726
f 1053/6386/5726 2312/6385/5725 2311/6387/5727
f 1053/6386/5726 2311/6387/5727 1054/6388/5728
f 1054/6388/5728 2311/6387/5727 2310/6389/5729
f 1054/6388/5728 2310/6389/5729 1055/6390/3469
f 1055/6390/3469 2310/6389/5729 2309/6391/3466
f 1050/6378/5718 1049/6392/5702 3807/6375/5687
f 2296/6393/5671 1206/6394/5730 1104/6395/5669
f 1104/6395/5669 1206/6394/5730 1105/6396/5731
f 1398/6397/5701 1039/6398/5700 1399/6399/5732
f 1399/6399/5732 1039/6398/5700 1038/6400/5733
f 1399/6399/5732 1038/6400/5733 3117/6401/5734
f 3117/6401/5734 1038/6400/5733 3118/6402/5735
f 1309/6403/5736 1294/6404/5737 3817/6405/5738
f 3817/6405/5738 1294/6404/5737 1293/6406/5739
f 3817/6405/5738 1293/6406/5739 3816/6407/5740
f 3816/6407/5740 1293/6406/5739 3813/6408/5741
f 3816/6407/5740 3813/6408/5741 3814/6409/5742
f 3816/6407/5740 3814/6409/5742 3818/6410/5743
f 3818/6410/5743 3814/6409/5742 3815/6411/5744
f 3818/6410/5743 3815/6411/5744 3820/6412/5745
f 3820/6412/5745 3815/6411/5744 3453/6413/5746
f 3820/6412/5745 3453/6413/5746 3822/6414/5747
f 3822/6414/5747 3453/6413/5746 3452/6415/5748
f 3822/6414/5747 3452/6415/5748 1299/6416/1901
f 1299/6416/1901 3452/6415/5748 1300/6417/1902
f 3822/6414/5747 1299/6416/1901 3823/6418/5749
f 3823/6418/5749 1299/6416/1901 1312/6419/5750
f 3823/6418/5749 1312/6419/5750 3821/6420/5751
f 3821/6420/5751 1312/6419/5750 1311/6421/5752
f 3821/6420/5751 1311/6421/5752 3819/6422/5753
f 3819/6422/5753 1311/6421/5752 1310/6423/5754
f 3819/6422/5753 1310/6423/5754 3817/6405/5738
f 3817/6405/5738 1310/6423/5754 1309/6403/5736
f 3819/6422/5753 3817/6405/5738 3816/6407/5740
f 3821/6420/5751 3819/6422/5753 3818/6410/5743
f 3818/6410/5743 3819/6422/5753 3816/6407/5740
f 3823/6418/5749 3821/6420/5751 3820/6412/5745
f 3820/6412/5745 3821/6420/5751 3818/6410/5743
f 3822/6414/5747 3823/6418/5749 3820/6412/5745
f 1293/6424/5755 1292/6425/5756 3813/6426/5757
f 3813/6426/5757 1292/6425/5756 3814/6427/5758
f 3814/6427/5758 1292/6425/5756 1291/6428/5759
f 3814/6427/5758 1291/6428/5759 3815/6429/5760
f 3815/6429/5760 1291/6428/5759 1290/6430/5112
f 3815/6429/5760 1290/6430/5112 3453/6431/5116
f 3347/6432/5761 3608/6433/5762 3348/6434/5763
f 3348/6434/5763 3608/6433/5762 3824/6435/5764
f 3348/6434/5763 3824/6435/5764 3825/6436/5765
f 3621/6437/5766 3619/6438/5767 3608/6433/5762
f 3608/6433/5762 3619/6438/5767 3618/6439/5768
f 3608/6433/5762 3618/6439/5768 3617/6440/5769
f 3621/6437/5766 3620/6441/5770 3619/6438/5767
f 3617/6440/5769 3824/6435/5764 3608/6433/5762
f 3825/6436/5765 3826/6442/5771 3348/6434/5763
f 3348/6434/5763 3826/6442/5771 3827/6443/5772
f 2364/6444/5773 2362/6445/5774 2345/6446/5775
f 2345/6446/5775 2362/6445/5774 2369/6447/5776
f 2345/6446/5775 2369/6447/5776 2344/6448/5777
f 2364/6444/5773 2363/6449/5778 2362/6445/5774
f 2362/6445/5774 1009/6450/5779 2369/6447/5776
f 2369/6447/5776 1009/6450/5779 1008/6451/5780
f 2369/6447/5776 1008/6451/5780 3236/6452/5781
f 3236/6452/5781 3128/6453/5782 2369/6447/5776
f 1491/6454/5783 2574/6455/5784 1492/6456/5785
f 1492/6456/5785 2574/6455/5784 2573/6457/5786
f 1492/6456/5785 2573/6457/5786 1493/6458/5787
f 1493/6458/5787 2573/6457/5786 2572/6459/5788
f 1493/6458/5787 2572/6459/5788 1494/6460/5789
f 1494/6460/5789 2572/6459/5788 2571/6461/5790
f 1494/6460/5789 2571/6461/5790 1495/6462/5791
f 1495/6462/5791 2571/6461/5790 2570/6463/5792
f 1495/6462/5791 2570/6463/5792 1496/6464/5793
f 1496/6464/5793 2570/6463/5792 2569/6465/5794
f 1496/6464/5793 2569/6465/5794 1497/6466/5795
f 1497/6466/5795 2569/6465/5794 2568/6467/5796
f 1497/6466/5795 2568/6467/5796 1498/6468/5797
f 1498/6468/5797 2568/6467/5796 2567/6469/5798
f 2567/6470/5798 2566/6471/5799 1498/6472/5797
f 1498/6472/5797 2566/6471/5799 1499/6473/5800
f 1500/6474/5801 1499/6475/5802 2372/6476/5803
f 2372/6476/5803 1499/6475/5802 2566/6477/5804
f 1086/6478/5805 3828/6479/5806 1087/6480/2101
f 1087/6480/2101 3828/6479/5806 3829/6481/5807
f 1087/6480/2101 3829/6481/5807 1452/6482/5808
f 1452/6482/5808 3829/6481/5807 1453/6483/5809
f 1453/6483/5809 3829/6481/5807 3831/6484/5810
f 1453/6483/5809 3831/6484/5810 1454/6485/5811
f 1454/6485/5811 3831/6484/5810 3833/6486/5812
f 1454/6485/5811 3833/6486/5812 1455/6487/5813
f 1455/6487/5813 3833/6486/5812 3835/6488/5814
f 1455/6487/5813 3835/6488/5814 1456/6489/5815
f 1456/6489/5815 3835/6488/5814 3837/6490/5816
f 1456/6489/5815 3837/6490/5816 1195/6491/5817
f 1195/6491/5817 3837/6490/5816 1196/6492/5818
f 1196/6492/5818 3837/6490/5816 3836/6493/5819
f 1196/6492/5818 3836/6493/5819 1082/6494/5820
f 1082/6494/5820 3836/6493/5819 1083/6495/5821
f 1083/6495/5821 3836/6493/5819 3834/6496/5822
f 1083/6495/5821 3834/6496/5822 1084/6497/5823
f 1084/6497/5823 3834/6496/5822 3832/6498/5824
f 1084/6497/5823 3832/6498/5824 1085/6499/5825
f 1085/6499/5825 3832/6498/5824 3830/6500/5826
f 1085/6499/5825 3830/6500/5826 1086/6478/5805
f 1086/6478/5805 3830/6500/5826 3828/6479/5806
f 1082/6494/5820 1081/6501/5827 1196/6492/5818
f 1196/6492/5818 1081/6501/5827 1210/6502/5828
f 1210/6502/5828 1081/6501/5827 1211/6503/5829
f 1211/6503/5829 1081/6501/5827 1212/6504/5830
f 1452/6482/5808 1421/6505/2099 1087/6480/2101
f 3831/6484/5810 3829/6481/5807 3828/6479/5806
f 3831/6484/5810 3828/6479/5806 3830/6500/5826
f 3833/6486/5812 3831/6484/5810 3830/6500/5826
f 3833/6486/5812 3830/6500/5826 3832/6498/5824
f 3835/6488/5814 3833/6486/5812 3832/6498/5824
f 3835/6488/5814 3832/6498/5824 3834/6496/5822
f 3837/6490/5816 3835/6488/5814 3834/6496/5822
f 3837/6490/5816 3834/6496/5822 3836/6493/5819
f 1213/6506/5831 1080/6507/5832 1214/6508/5833
f 1214/6508/5833 1080/6507/5832 1079/6509/5834
f 1214/6508/5833 1079/6509/5834 1215/6510/5835
f 1215/6510/5835 1079/6509/5834 1078/6511/5836
f 1215/6510/5835 1078/6511/5836 1216/6512/5837
f 1216/6512/5837 1078/6511/5836 1077/6513/5838
f 1216/6512/5837 1077/6513/5838 1217/6514/5839
f 1217/6514/5839 1077/6513/5838 1076/6515/5840
f 1217/6514/5839 1076/6515/5840 1218/6516/5841
f 1218/6516/5841 1076/6515/5840 1075/6517/5842
f 1218/6516/5841 1075/6517/5842 1219/6518/5118
f 1219/6518/5118 1075/6517/5842 1074/6519/5120
f 1081/6520/5827 1080/6521/5832 1212/6522/5830
f 1212/6522/5830 1080/6521/5832 1213/6523/5831
f 3348/6524/5843 3827/6525/5844 1221/6526/5845
f 1221/6526/5845 3827/6525/5844 1222/6527/5846
f 1068/6528/5847 3838/6529/5848 1069/6530/2139
f 1069/6530/2139 3838/6529/5848 3839/6531/5849
f 1069/6530/2139 3839/6531/5849 1313/6532/2138
f 1313/6532/2138 3839/6531/5849 1314/6533/5850
f 1314/6533/5850 3839/6531/5849 1315/6534/5851
f 1315/6534/5851 3839/6531/5849 3841/6535/5852
f 1315/6534/5851 3841/6535/5852 1316/6536/5853
f 1316/6536/5853 3841/6535/5852 3843/6537/5854
f 1316/6536/5853 3843/6537/5854 1317/6538/5855
f 1317/6538/5855 3843/6537/5854 3845/6539/5856
f 1317/6538/5855 3845/6539/5856 1318/6540/5857
f 1318/6540/5857 3845/6539/5856 3847/6541/5858
f 1318/6540/5857 3847/6541/5858 1129/6542/1678
f 1129/6542/1678 3847/6541/5858 3846/6543/5859
f 1129/6542/1678 3846/6543/5859 1063/6544/1682
f 1063/6544/1682 3846/6543/5859 1064/6545/5860
f 1064/6545/5860 3846/6543/5859 1065/6546/5861
f 1065/6546/5861 3846/6543/5859 3844/6547/5862
f 1065/6546/5861 3844/6547/5862 1066/6548/5863
f 1066/6548/5863 3844/6547/5862 3842/6549/5864
f 1066/6548/5863 3842/6549/5864 1067/6550/5865
f 1067/6550/5865 3842/6549/5864 3840/6551/5866
f 1067/6550/5865 3840/6551/5866 1068/6528/5847
f 1068/6528/5847 3840/6551/5866 3838/6529/5848
f 3841/6535/5852 3839/6531/5849 3838/6529/5848
f 3841/6535/5852 3838/6529/5848 3840/6551/5866
f 3843/6537/5854 3841/6535/5852 3840/6551/5866
f 3843/6537/5854 3840/6551/5866 3842/6549/5864
f 3845/6539/5856 3843/6537/5854 3842/6549/5864
f 3845/6539/5856 3842/6549/5864 3844/6547/5862
f 3847/6541/5858 3845/6539/5856 3844/6547/5862
f 3847/6541/5858 3844/6547/5862 3846/6543/5859
f 3118/6552/5735 1038/6553/5733 3119/6554/5867
f 3119/6554/5867 1038/6553/5733 1037/6555/5868
f 3119/6554/5867 1037/6555/5868 3120/6556/5869
f 3120/6556/5869 1037/6555/5868 1036/6557/5870
f 3120/6556/5869 1036/6557/5870 3121/6558/5871
f 3121/6558/5871 1036/6557/5870 1035/6559/5872
f 3121/6558/5871 1035/6559/5872 3122/6560/5873
f 3122/6560/5873 1035/6559/5872 1034/6561/5874
f 3122/6560/5873 1034/6561/5874 1033/6562/5875
f 3122/6560/5873 1033/6562/5875 3123/6563/5876
f 3123/6563/5876 1033/6562/5875 1032/6564/5877
f 3123/6563/5876 1032/6564/5877 3124/6565/5878
f 3124/6565/5878 1032/6564/5877 1031/6566/5879
f 3124/6565/5878 1031/6566/5879 3125/6567/5880
f 3125/6567/5880 1031/6566/5879 1030/6568/4604
f 3125/6567/5880 1030/6568/4604 3126/6569/4610
f 3241/6570/5881 3848/6571/5882 1368/6572/2024
f 1368/6572/2024 3848/6571/5882 3849/6573/5883
f 1368/6572/2024 3849/6573/5883 1002/6574/2026
f 1002/6574/2026 3849/6573/5883 1003/6575/5884
f 1003/6575/5884 3849/6573/5883 1004/6576/5885
f 1004/6576/5885 3849/6573/5883 3851/6577/5886
f 1004/6576/5885 3851/6577/5886 1005/6578/5887
f 1005/6578/5887 3851/6577/5886 3853/6579/5888
f 1005/6578/5887 3853/6579/5888 1006/6580/5889
f 1006/6580/5889 3853/6579/5888 3855/6581/5890
f 1006/6580/5889 3855/6581/5890 1007/6582/5891
f 1007/6582/5891 3855/6581/5890 3857/6583/5892
f 1007/6582/5891 3857/6583/5892 1008/6584/5780
f 1008/6584/5780 3857/6583/5892 3856/6585/5893
f 1008/6584/5780 3856/6585/5893 3236/6586/5781
f 3236/6586/5781 3856/6585/5893 3237/6587/5894
f 3237/6587/5894 3856/6585/5893 3238/6588/5895
f 3238/6588/5895 3856/6585/5893 3854/6589/5896
f 3238/6588/5895 3854/6589/5896 3239/6590/5897
f 3239/6590/5897 3854/6589/5896 3852/6591/5898
f 3239/6590/5897 3852/6591/5898 3240/6592/5899
f 3240/6592/5899 3852/6591/5898 3850/6593/5900
f 3240/6592/5899 3850/6593/5900 3241/6570/5881
f 3241/6570/5881 3850/6593/5900 3848/6571/5882
f 3851/6577/5886 3849/6573/5883 3848/6571/5882
f 3851/6577/5886 3848/6571/5882 3850/6593/5900
f 3853/6579/5888 3851/6577/5886 3850/6593/5900
f 3853/6579/5888 3850/6593/5900 3852/6591/5898
f 3855/6581/5890 3853/6579/5888 3852/6591/5898
f 3855/6581/5890 3852/6591/5898 3854/6589/5896
f 3857/6583/5892 3855/6581/5890 3854/6589/5896
f 3857/6583/5892 3854/6589/5896 3856/6585/5893
f 2343/6594/5901 794/6595/5902 785/6596/5903
f 785/6596/5903 794/6595/5902 792/6597/5904
f 785/6596/5903 792/6597/5904 786/6598/5905
f 1451/6599/5906 1449/6600/5907 2343/6594/5901
f 2343/6594/5901 1449/6600/5907 2346/6601/5908
f 2343/6594/5901 2346/6601/5908 794/6595/5902
f 1449/6600/5907 1501/6602/5909 2346/6601/5908
f 2346/6601/5908 1501/6602/5909 2348/6603/5910
f 2348/6603/5910 1501/6602/5909 2370/6604/5911
f 3858/6605/5912 3859/6606/5913 3495/6607/5914
f 3495/6607/5914 3859/6606/5913 3496/6608/5915
f 3495/6609/5916 3494/6610/5917 3858/6611/5918
f 3858/6611/5918 3494/6610/5917 3860/6612/5919
f 3861/6613/5920 3860/6614/5921 3497/6615/5922
f 3497/6615/5922 3860/6614/5921 3494/6616/5923
f 3859/6617/5924 3861/6618/5925 3496/6619/5926
f 3496/6619/5926 3861/6618/5925 3497/6620/5927
f 3862/6621/5928 3863/6622/5929 1227/6623/5930
f 1227/6623/5930 3863/6622/5929 1228/6624/5931
f 1460/6625/5932 1234/6626/5933 1461/6627/5934
f 1461/6627/5934 1234/6626/5933 1233/6628/5935
f 1461/6627/5934 1233/6628/5935 1462/6629/5936
f 1462/6629/5936 1233/6628/5935 1232/6630/5937
f 1462/6629/5936 1232/6630/5937 1463/6631/5938
f 1463/6631/5938 1232/6630/5937 1231/6632/5939
f 1231/6633/5939 1230/6634/5940 1463/6635/5938
f 1463/6635/5938 1230/6634/5940 1229/6636/5941
f 1463/6635/5938 1229/6636/5941 1464/6637/5942
f 1464/6637/5942 1229/6636/5941 1228/6638/5943
f 1464/6637/5942 1228/6638/5943 3863/6639/5944
f 3863/6639/5944 3864/6640/5945 1464/6637/5942
f 1464/6637/5942 3864/6640/5945 1465/6641/5946
f 1465/6641/5946 3864/6640/5945 3865/6642/5947
f 1465/6641/5946 3865/6642/5947 1466/6643/5948
f 1466/6643/5948 3865/6642/5947 3866/6644/5949
f 3623/6645/5481 1476/6646/5950 3617/6647/5479
f 3617/6647/5479 1476/6646/5950 1475/6648/5951
f 3617/6647/5479 1475/6648/5951 3824/6649/5952
f 3824/6649/5952 1475/6648/5951 3825/6650/5953
f 3825/6650/5953 1475/6648/5951 1474/6651/5954
f 3825/6650/5953 1474/6651/5954 3826/6652/5955
f 3826/6652/5955 1474/6651/5954 1222/6653/5956
f 3826/6652/5955 1222/6653/5956 3827/6654/5957
f 1476/6646/5950 3623/6645/5481 1477/6655/5958
f 1477/6655/5958 3623/6645/5481 3622/6656/5483
f 1477/6655/5958 3622/6656/5483 1478/6657/4992
f 1478/6657/4992 3622/6656/5483 3349/6658/4996
f 1474/6651/5954 1473/6659/5959 1222/6653/5956
f 1222/6653/5956 1473/6659/5959 1223/6660/5960
f 1223/6660/5960 1473/6659/5959 1472/6661/5961
f 1223/6660/5960 1472/6661/5961 1224/6662/5962
f 1224/6662/5962 1472/6661/5961 1471/6663/5963
f 1224/6662/5962 1471/6663/5963 1225/6664/5964
f 1225/6664/5964 1471/6663/5963 1470/6665/5965
f 1225/6664/5964 1470/6665/5965 1226/6666/5966
f 1226/6666/5966 1470/6665/5965 1469/6667/5967
f 1226/6666/5966 1469/6667/5967 1227/6668/5968
f 1227/6668/5968 1469/6667/5967 1468/6669/5969
f 1227/6668/5968 1468/6669/5969 3862/6670/5970
f 3862/6670/5970 1468/6669/5969 3869/6671/5971
f 3869/6671/5971 1468/6669/5969 3868/6672/5972
f 3868/6672/5972 1468/6669/5969 1467/6673/5973
f 3868/6672/5972 1467/6673/5973 3867/6674/5974
f 3862/6675/5975 3869/6676/5976 3863/6677/5977
f 3863/6677/5977 3869/6676/5976 3864/6678/5978
f 3864/6678/5978 3869/6676/5976 3865/6679/5979
f 3865/6679/5979 3869/6676/5976 3868/6680/5980
f 3865/6679/5979 3868/6680/5980 3866/6681/5981
f 3866/6681/5981 3868/6680/5980 3867/6682/5982
f 1209/6683/1780 1208/6684/1778 1457/6685/5983
f 1457/6685/5983 1208/6684/1778 1237/6686/5984
f 1457/6685/5983 1237/6686/5984 1236/6687/5985
f 1235/6688/5986 1459/6689/5987 1236/6687/5985
f 1236/6687/5985 1459/6689/5987 1458/6690/5988
f 1236/6687/5985 1458/6690/5988 1457/6685/5983
f 1235/6691/5986 1234/6692/5933 1459/6693/5987
f 1459/6693/5987 1234/6692/5933 1460/6694/5932
f 1516/6695/2750 1918/6696/2751 1517/6697/5989
f 1517/6697/5989 1918/6696/2751 3031/6698/4291
f 1517/6697/5989 3031/6698/4291 1518/6699/5990
f 1518/6699/5990 3031/6698/4291 3030/6700/4289
f 1518/6699/5990 3030/6700/4289 1519/6701/5991
f 1519/6701/5991 3030/6700/4289 3029/6702/4246
f 1519/6701/5991 3029/6702/4246 1520/6703/5992
f 1520/6703/5992 3029/6702/4246 3028/6704/4247
f 1520/6703/5992 3028/6704/4247 1521/6705/5993
f 1521/6705/5993 3028/6704/4247 3027/6706/4249
f 1521/6705/5993 3027/6706/4249 1522/6707/5994
f 1522/6707/5994 3027/6706/4249 3026/6708/4251
f 1522/6707/5994 3026/6708/4251 1523/6709/5995
f 1523/6709/5995 3026/6708/4251 3025/6710/4253
f 1523/6709/5995 3025/6710/4253 1524/6711/5996
f 1524/6711/5996 3025/6710/4253 3024/6712/4255
f 1524/6711/5996 3024/6712/4255 1525/6713/5997
f 1525/6713/5997 3024/6712/4255 3023/6714/4257
f 1525/6713/5997 3023/6714/4257 1526/6715/5998
f 1526/6715/5998 3023/6714/4257 3022/6716/4259
f 1526/6715/5998 3022/6716/4259 1527/6717/5999
f 1527/6717/5999 3022/6716/4259 3021/6718/4288
f 3148/6719/6000 3147/6720/6001 3021/6721/4288
f 3021/6721/4288 3147/6720/6001 3196/6722/6002
f 3021/6721/4288 3196/6722/6002 1527/6723/5999
f 1527/6723/5999 3196/6722/6002 3195/6724/6003
f 1527/6723/5999 3195/6724/6003 3194/6725/6004
f 3194/6725/6004 3193/6726/6005 1527/6723/5999
f 1527/6723/5999 3193/6726/6005 3192/6727/6006
f 1527/6723/5999 3192/6727/6006 3191/6728/6007
f 3191/6728/6007 3189/6729/6008 1527/6723/5999
f 1527/6723/5999 3189/6729/6008 1528/6730/6009
f 1528/6730/6009 3189/6729/6008 3182/6731/6010
f 1528/6730/6009 3182/6731/6010 3181/6732/6011
f 3181/6732/6011 3180/6733/6012 1528/6730/6009
f 1528/6730/6009 3180/6733/6012 3179/6734/6013
f 1528/6730/6009 3179/6734/6013 3178/6735/6014
f 3178/6735/6014 3177/6736/6015 1528/6730/6009
f 1528/6730/6009 3177/6736/6015 3175/6737/6016
f 1528/6730/6009 3175/6737/6016 3065/6738/4316
f 3065/6738/4316 3175/6737/6016 3168/6739/6017
f 3065/6738/4316 3168/6739/6017 3167/6740/6018
f 3167/6740/6018 3166/6741/6019 3065/6738/4316
f 3065/6738/4316 3166/6741/6019 3165/6742/6020
f 3065/6738/4316 3165/6742/6020 3164/6743/6021
f 3164/6743/6021 3163/6744/6022 3065/6738/4316
f 3065/6738/4316 3163/6744/6022 3161/6745/6023
f 3065/6738/4316 3161/6745/6023 3153/6746/6024
f 3065/6738/4316 3153/6746/6024 3021/6721/4288
f 3021/6721/4288 3153/6746/6024 3152/6747/6025
f 3021/6721/4288 3152/6747/6025 3151/6748/6026
f 3151/6748/6026 3150/6749/6027 3021/6721/4288
f 3021/6721/4288 3150/6749/6027 3149/6750/6028
f 3021/6721/4288 3149/6750/6028 3148/6719/6000
f 1528/6751/6009 3065/6752/4316 1529/6753/6029
f 1529/6753/6029 3065/6752/4316 3098/6754/4341
f 1529/6753/6029 3098/6754/4341 1530/6755/6030
f 1530/6755/6030 3098/6754/4341 3097/6756/4351
f 1530/6755/6030 3097/6756/4351 1531/6757/6031
f 1531/6757/6031 3097/6756/4351 3096/6758/4350
f 1531/6757/6031 3096/6758/4350 1532/6759/6032
f 1532/6759/6032 3096/6758/4350 3095/6760/4349
f 1532/6759/6032 3095/6760/4349 1533/6761/6033
f 1533/6761/6033 3095/6760/4349 3094/6762/4348
f 1533/6761/6033 3094/6762/4348 1534/6763/6034
f 1534/6763/6034 3094/6762/4348 3093/6764/4347
f 3093/6765/4347 3514/6766/5281 1534/6767/6034
f 1534/6767/6034 3514/6766/5281 1535/6768/6035
f 24/6769/6036 446/6770/6037 1/6771/6038
f 1/6771/6038 446/6770/6037 445/6772/6039
f 1/6771/6038 445/6772/6039 2/6773/6040
f 2/6773/6040 445/6772/6039 444/6774/6041
f 2/6773/6040 444/6774/6041 3/6775/6042
f 3/6775/6042 444/6774/6041 443/6776/6043
f 3/6775/6042 443/6776/6043 4/6777/6044
f 4/6777/6044 443/6776/6043 442/6778/6045
f 4/6777/6044 442/6778/6045 406/6779/6046
f 406/6779/6046 442/6778/6045 688/6780/6047
f 406/6779/6046 688/6780/6047 407/6781/6048
f 407/6781/6048 688/6780/6047 687/6782/6049
f 407/6781/6048 687/6782/6049 408/6783/6050
f 408/6783/6050 687/6782/6049 686/6784/6051
f 408/6783/6050 686/6784/6051 385/6785/6052
f 385/6785/6052 686/6784/6051 685/6786/6053
f 385/6785/6052 685/6786/6053 386/6787/6054
f 386/6787/6054 685/6786/6053 684/6788/6055
f 386/6787/6054 684/6788/6055 387/6789/6056
f 387/6789/6056 684/6788/6055 683/6790/6057
f 387/6789/6056 683/6790/6057 388/6791/6058
f 388/6791/6058 683/6790/6057 682/6792/6059
f 388/6791/6058 682/6792/6059 389/6793/6060
f 389/6793/6060 682/6792/6059 681/6794/6061
f 389/6793/6060 681/6794/6061 390/6795/6062
f 390/6795/6062 681/6794/6061 680/6796/6063
f 390/6795/6062 680/6796/6063 391/6797/6064
f 391/6797/6064 680/6796/6063 679/6798/6065
f 391/6797/6064 679/6798/6065 2608/6799/3948
f 2608/6799/3948 679/6798/6065 295/6800/6066
f 2608/6799/3948 295/6800/6066 2744/6801/3934
f 2744/6801/3934 295/6800/6066 294/6802/6067
f 2744/6801/3934 294/6802/6067 293/6803/6068
f 446/6770/6037 24/6769/6036 447/6804/6069
f 447/6804/6069 24/6769/6036 23/6805/6070
f 447/6804/6069 23/6805/6070 448/6806/6071
f 448/6806/6071 23/6805/6070 22/6807/6072
f 448/6806/6071 22/6807/6072 634/6808/6073
f 634/6808/6073 22/6807/6072 196/6809/6074
f 634/6808/6073 196/6809/6074 635/6810/6075
f 635/6810/6075 196/6809/6074 195/6811/6076
f 635/6810/6075 195/6811/6076 636/6812/6077
f 636/6812/6077 195/6811/6076 194/6813/6078
f 636/6812/6077 194/6813/6078 637/6814/6079
f 637/6814/6079 194/6813/6078 193/6815/6080
f 637/6814/6079 193/6815/6080 638/6816/6081
f 638/6816/6081 193/6815/6080 216/6817/6082
f 638/6816/6081 216/6817/6082 639/6818/6083
f 639/6818/6083 216/6817/6082 215/6819/6084
f 639/6818/6083 215/6819/6084 640/6820/6085
f 640/6820/6085 215/6819/6084 214/6821/6086
f 640/6820/6085 214/6821/6086 490/6822/6087
f 490/6822/6087 214/6821/6086 580/6823/6088
f 490/6822/6087 580/6823/6088 491/6824/6089
f 491/6824/6089 580/6823/6088 579/6825/6090
f 491/6824/6089 579/6825/6090 492/6826/6091
f 492/6826/6091 579/6825/6090 578/6827/6092
f 492/6826/6091 578/6827/6092 493/6828/6093
f 493/6828/6093 578/6827/6092 577/6829/6094
f 493/6828/6093 577/6829/6094 494/6830/6095
f 494/6830/6095 577/6829/6094 600/6831/6096
f 494/6830/6095 600/6831/6096 495/6832/6097
f 495/6832/6097 600/6831/6096 599/6833/6098
f 495/6832/6097 599/6833/6098 496/6834/6099
f 496/6834/6099 599/6833/6098 598/6835/6100
f 496/6834/6099 598/6835/6100 497/6836/6101
f 497/6836/6101 598/6835/6100 597/6837/6102
f 497/6836/6101 597/6837/6102 498/6838/6103
f 498/6838/6103 597/6837/6102 596/6839/6104
f 498/6838/6103 596/6839/6104 499/6840/6105
f 499/6840/6105 596/6839/6104 595/6841/6106
f 499/6840/6105 595/6841/6106 3859/6842/6107
f 3859/6842/6107 595/6841/6106 547/6843/6108
f 3859/6842/6107 547/6843/6108 546/6844/6109
f 22/6807/6072 21/6845/6110 196/6809/6074
f 196/6809/6074 21/6845/6110 197/6846/6111
f 197/6846/6111 21/6845/6110 20/6847/6112
f 197/6846/6111 20/6847/6112 198/6848/6113
f 198/6848/6113 20/6847/6112 19/6849/6114
f 198/6848/6113 19/6849/6114 199/6850/6115
f 199/6850/6115 19/6849/6114 200/6851/6116
f 200/6851/6116 19/6849/6114 18/6852/6117
f 200/6851/6116 18/6852/6117 201/6853/6118
f 201/6853/6118 18/6852/6117 17/6854/6119
f 201/6853/6118 17/6854/6119 202/6855/6120
f 202/6855/6120 17/6854/6119 16/6856/6121
f 202/6855/6120 16/6856/6121 358/6857/6122
f 358/6857/6122 16/6856/6121 359/6858/6123
f 359/6858/6123 16/6856/6121 15/6859/6124
f 359/6858/6123 15/6859/6124 360/6860/6125
f 360/6860/6125 15/6859/6124 14/6861/6126
f 360/6860/6125 14/6861/6126 337/6862/6127
f 337/6862/6127 14/6861/6126 13/6863/6128
f 337/6862/6127 13/6863/6128 338/6864/6129
f 338/6864/6129 13/6863/6128 12/6865/6130
f 338/6864/6129 12/6865/6130 339/6866/6131
f 339/6866/6131 12/6865/6130 11/6867/6132
f 339/6866/6131 11/6867/6132 340/6868/6133
f 340/6868/6133 11/6867/6132 10/6869/6134
f 340/6868/6133 10/6869/6134 742/6870/6135
f 742/6870/6135 10/6869/6134 400/6871/6136
f 742/6870/6135 400/6871/6136 743/6872/6137
f 743/6872/6137 400/6871/6136 399/6873/6138
f 743/6872/6137 399/6873/6138 744/6874/6139
f 744/6874/6139 399/6873/6138 398/6875/6140
f 744/6874/6139 398/6875/6140 721/6876/6141
f 721/6876/6141 398/6875/6140 397/6877/6142
f 721/6876/6141 397/6877/6142 722/6878/6143
f 722/6878/6143 397/6877/6142 396/6879/6144
f 722/6878/6143 396/6879/6144 723/6880/6145
f 723/6880/6145 396/6879/6144 395/6881/6146
f 723/6880/6145 395/6881/6146 724/6882/6147
f 724/6882/6147 395/6881/6146 394/6883/6148
f 724/6882/6147 394/6883/6148 725/6884/6149
f 725/6884/6149 394/6883/6148 393/6885/6150
f 725/6884/6149 393/6885/6150 726/6886/6151
f 726/6886/6151 393/6885/6150 392/6887/6152
f 726/6886/6151 392/6887/6152 727/6888/6153
f 727/6888/6153 392/6887/6152 391/6797/6064
f 727/6888/6153 391/6797/6064 2608/6799/3948
f 400/6871/6136 10/6869/6134 401/6889/6154
f 401/6889/6154 10/6869/6134 9/6890/6155
f 401/6889/6154 9/6890/6155 402/6891/6156
f 402/6891/6156 9/6890/6155 8/6892/6157
f 402/6891/6156 8/6892/6157 403/6893/6158
f 403/6893/6158 8/6892/6157 7/6894/6159
f 403/6893/6158 7/6894/6159 6/6895/6160
f 403/6893/6158 6/6895/6160 404/6896/6161
f 404/6896/6161 6/6895/6160 5/6897/6162
f 404/6896/6161 5/6897/6162 405/6898/6163
f 405/6898/6163 5/6897/6162 4/6777/6044
f 405/6898/6163 4/6777/6044 406/6779/6046
f 72/6899/6164 242/6900/6165 49/6901/6166
f 49/6901/6166 242/6900/6165 241/6902/6167
f 49/6901/6166 241/6902/6167 2767/6903/4117
f 2767/6903/4117 241/6902/6167 97/6904/6168
f 2767/6903/4117 97/6904/6168 3859/6842/6107
f 3859/6842/6107 97/6904/6168 120/6905/6169
f 3859/6842/6107 120/6905/6169 119/6906/6170
f 242/6900/6165 72/6899/6164 243/6907/6171
f 243/6907/6171 72/6899/6164 71/6908/6172
f 243/6907/6171 71/6908/6172 244/6909/6173
f 244/6909/6173 71/6908/6172 70/6910/6174
f 244/6909/6173 70/6910/6174 69/6911/6175
f 244/6909/6173 69/6911/6175 245/6912/6176
f 245/6912/6176 69/6911/6175 68/6913/6177
f 245/6912/6176 68/6913/6177 246/6914/6178
f 246/6914/6178 68/6913/6177 67/6915/6179
f 246/6914/6178 67/6915/6179 247/6916/6180
f 247/6916/6180 67/6915/6179 248/6917/6181
f 248/6917/6181 67/6915/6179 66/6918/6182
f 248/6917/6181 66/6918/6182 249/6919/6183
f 249/6919/6183 66/6918/6182 65/6920/6184
f 249/6919/6183 65/6920/6184 250/6921/6185
f 250/6921/6185 65/6920/6184 64/6922/6186
f 250/6921/6185 64/6922/6186 454/6923/6187
f 454/6923/6187 64/6922/6186 455/6924/6188
f 455/6924/6188 64/6922/6186 63/6925/6189
f 455/6924/6188 63/6925/6189 456/6926/6190
f 456/6926/6190 63/6925/6189 62/6927/6191
f 456/6926/6190 62/6927/6191 433/6928/6192
f 433/6928/6192 62/6927/6191 61/6929/6193
f 433/6928/6192 61/6929/6193 434/6930/6194
f 434/6930/6194 61/6929/6193 60/6931/6195
f 434/6930/6194 60/6931/6195 435/6932/6196
f 435/6932/6196 60/6931/6195 59/6933/6197
f 435/6932/6196 59/6933/6197 436/6934/6198
f 436/6934/6198 59/6933/6197 58/6935/6199
f 436/6934/6198 58/6935/6199 694/6936/6200
f 694/6936/6200 58/6935/6199 304/6937/6201
f 694/6936/6200 304/6937/6201 695/6938/6202
f 695/6938/6202 304/6937/6201 303/6939/6203
f 695/6938/6202 303/6939/6203 696/6940/6204
f 696/6940/6204 303/6939/6203 302/6941/6205
f 696/6940/6204 302/6941/6205 673/6942/6206
f 673/6942/6206 302/6941/6205 301/6943/6207
f 673/6942/6206 301/6943/6207 674/6944/6208
f 674/6944/6208 301/6943/6207 300/6945/6209
f 674/6944/6208 300/6945/6209 675/6946/6210
f 675/6946/6210 300/6945/6209 299/6947/6211
f 675/6946/6210 299/6947/6211 676/6948/6212
f 676/6948/6212 299/6947/6211 298/6949/6213
f 676/6948/6212 298/6949/6213 677/6950/6214
f 677/6950/6214 298/6949/6213 297/6951/6215
f 677/6950/6214 297/6951/6215 678/6952/6216
f 678/6952/6216 297/6951/6215 296/6953/6217
f 678/6952/6216 296/6953/6217 679/6798/6065
f 679/6798/6065 296/6953/6217 295/6800/6066
f 304/6937/6201 58/6935/6199 305/6954/6218
f 305/6954/6218 58/6935/6199 57/6955/6219
f 305/6954/6218 57/6955/6219 306/6956/6220
f 306/6956/6220 57/6955/6219 56/6957/6221
f 306/6956/6220 56/6957/6221 307/6958/6222
f 307/6958/6222 56/6957/6221 55/6959/6223
f 307/6958/6222 55/6959/6223 54/6960/6224
f 307/6958/6222 54/6960/6224 308/6961/6225
f 308/6961/6225 54/6960/6224 53/6962/6226
f 308/6961/6225 53/6962/6226 309/6963/6227
f 309/6963/6227 53/6962/6226 52/6964/6228
f 309/6963/6227 52/6964/6228 310/6965/6229
f 310/6965/6229 52/6964/6228 311/6966/6230
f 311/6966/6230 52/6964/6228 51/6967/6231
f 311/6966/6230 51/6967/6231 312/6968/6232
f 312/6968/6232 51/6967/6231 50/6969/6233
f 312/6968/6232 50/6969/6233 289/6970/6234
f 289/6970/6234 50/6969/6233 49/6901/6166
f 289/6970/6234 49/6901/6166 2767/6903/4117
f 119/6906/6170 118/6971/6235 3859/6842/6107
f 3859/6842/6107 118/6971/6235 117/6972/6236
f 3859/6842/6107 117/6972/6236 116/6973/6237
f 116/6973/6237 115/6974/6238 3859/6842/6107
f 3859/6842/6107 115/6974/6238 114/6975/6239
f 3859/6842/6107 114/6975/6239 500/6976/6240
f 500/6976/6240 114/6975/6239 501/6977/6241
f 501/6977/6241 114/6975/6239 113/6978/6242
f 501/6977/6241 113/6978/6242 502/6979/6243
f 502/6979/6243 113/6978/6242 112/6980/6244
f 502/6979/6243 112/6980/6244 503/6981/6245
f 503/6981/6245 112/6980/6244 111/6982/6246
f 503/6981/6245 111/6982/6246 504/6983/6247
f 504/6983/6247 111/6982/6246 110/6984/6248
f 504/6983/6247 110/6984/6248 481/6985/6249
f 481/6985/6249 110/6984/6248 109/6986/6250
f 481/6985/6249 109/6986/6250 482/6987/6251
f 482/6987/6251 109/6986/6250 108/6988/6252
f 482/6987/6251 108/6988/6252 483/6989/6253
f 483/6989/6253 108/6988/6252 107/6990/6254
f 483/6989/6253 107/6990/6254 484/6991/6255
f 484/6991/6255 107/6990/6254 106/6992/6256
f 484/6991/6255 106/6992/6256 646/6993/6257
f 646/6993/6257 106/6992/6256 256/6994/6258
f 646/6993/6257 256/6994/6258 647/6995/6259
f 647/6995/6259 256/6994/6258 255/6996/6260
f 647/6995/6259 255/6996/6260 648/6997/6261
f 648/6997/6261 255/6996/6260 254/6998/6262
f 648/6997/6261 254/6998/6262 625/6999/6263
f 625/6999/6263 254/6998/6262 253/7000/6264
f 625/6999/6263 253/7000/6264 626/7001/6265
f 626/7001/6265 253/7000/6264 252/7002/6266
f 626/7001/6265 252/7002/6266 627/7003/6267
f 627/7003/6267 252/7002/6266 251/7004/6268
f 627/7003/6267 251/7004/6268 628/7005/6269
f 628/7005/6269 251/7004/6268 250/6921/6185
f 628/7005/6269 250/6921/6185 454/6923/6187
f 256/6994/6258 106/6992/6256 257/7006/6270
f 257/7006/6270 106/6992/6256 105/7007/6271
f 257/7006/6270 105/7007/6271 258/7008/6272
f 258/7008/6272 105/7007/6271 104/7009/6273
f 258/7008/6272 104/7009/6273 259/7010/6274
f 259/7010/6274 104/7009/6273 103/7011/6275
f 259/7010/6274 103/7011/6275 102/7012/6276
f 259/7010/6274 102/7012/6276 260/7013/6277
f 260/7013/6277 102/7012/6276 101/7014/6278
f 260/7013/6277 101/7014/6278 261/7015/6279
f 261/7015/6279 101/7014/6278 100/7016/6280
f 261/7015/6279 100/7016/6280 262/7017/6281
f 262/7017/6281 100/7016/6280 263/7018/6282
f 263/7018/6282 100/7016/6280 99/7019/6283
f 263/7018/6282 99/7019/6283 264/7020/6284
f 264/7020/6284 99/7019/6283 98/7021/6285
f 264/7020/6284 98/7021/6285 241/6902/6167
f 241/6902/6167 98/7021/6285 97/6904/6168
f 168/7022/6286 206/7023/6287 145/7024/6288
f 145/7024/6288 206/7023/6287 205/7025/6289
f 145/7024/6288 205/7025/6289 146/7026/6290
f 146/7026/6290 205/7025/6289 204/7027/6291
f 146/7026/6290 204/7027/6291 147/7028/6292
f 147/7028/6292 204/7027/6291 203/7029/6293
f 147/7028/6292 203/7029/6293 148/7030/6294
f 148/7030/6294 203/7029/6293 202/6855/6120
f 148/7030/6294 202/6855/6120 358/6857/6122
f 206/7023/6287 168/7022/6286 207/7031/6295
f 207/7031/6295 168/7022/6286 167/7032/6296
f 207/7031/6295 167/7032/6296 208/7033/6297
f 208/7033/6297 167/7032/6296 166/7034/6298
f 208/7033/6297 166/7034/6298 586/7035/6299
f 586/7035/6299 166/7034/6298 532/7036/6300
f 586/7035/6299 532/7036/6300 587/7037/6301
f 587/7037/6301 532/7036/6300 531/7038/6302
f 587/7037/6301 531/7038/6302 588/7039/6303
f 588/7039/6303 531/7038/6302 530/7040/6304
f 588/7039/6303 530/7040/6304 589/7041/6305
f 589/7041/6305 530/7040/6304 529/7042/6306
f 589/7041/6305 529/7042/6306 590/7043/6307
f 590/7043/6307 529/7042/6306 552/7044/6308
f 590/7043/6307 552/7044/6308 591/7045/6309
f 591/7045/6309 552/7044/6308 551/7046/6310
f 591/7045/6309 551/7046/6310 592/7047/6311
f 592/7047/6311 551/7046/6310 550/7048/6312
f 592/7047/6311 550/7048/6312 593/7049/6313
f 593/7049/6313 550/7048/6312 549/7050/6314
f 593/7049/6313 549/7050/6314 594/7051/6315
f 594/7051/6315 549/7050/6314 548/7052/6316
f 594/7051/6315 548/7052/6316 595/6841/6106
f 595/6841/6106 548/7052/6316 547/6843/6108
f 166/7034/6298 165/7053/6317 532/7036/6300
f 532/7036/6300 165/7053/6317 533/7054/6318
f 533/7054/6318 165/7053/6317 164/7055/6319
f 533/7054/6318 164/7055/6319 534/7056/6320
f 534/7056/6320 164/7055/6319 163/7057/6321
f 534/7056/6320 163/7057/6321 535/7058/6322
f 535/7058/6322 163/7057/6321 536/7059/6323
f 536/7059/6323 163/7057/6321 162/7060/6324
f 536/7059/6323 162/7060/6324 537/7061/6325
f 537/7061/6325 162/7060/6324 161/7062/6326
f 537/7061/6325 161/7062/6326 538/7063/6327
f 538/7063/6327 161/7062/6326 160/7064/6328
f 538/7063/6327 160/7064/6328 159/7065/6329
f 538/7063/6327 159/7065/6329 539/7066/6330
f 539/7066/6330 159/7065/6329 158/7067/6331
f 539/7066/6330 158/7067/6331 540/7068/6332
f 540/7068/6332 158/7067/6331 157/7069/6333
f 540/7068/6332 157/7069/6333 541/7070/6334
f 541/7070/6334 157/7069/6333 3861/7071/6335
f 541/7070/6334 3861/7071/6335 542/7072/6336
f 542/7072/6336 3861/7071/6335 543/7073/6337
f 543/7073/6337 3861/7071/6335 544/7074/6338
f 544/7074/6338 3861/7071/6335 545/7075/6339
f 545/7075/6339 3861/7071/6335 546/6844/6109
f 546/6844/6109 3861/7071/6335 3859/6842/6107
f 156/7076/6340 349/7077/6341 157/7069/6333
f 157/7069/6333 349/7077/6341 2592/7078/3842
f 157/7069/6333 2592/7078/3842 3861/7071/6335
f 3861/7071/6335 2592/7078/3842 2717/7079/3904
f 3861/7071/6335 2717/7079/3904 3860/7080/6342
f 3860/7080/6342 2717/7079/3904 3858/7081/6343
f 3858/7081/6343 2717/7079/3904 2899/7082/4103
f 3858/7081/6343 2899/7082/4103 3859/6842/6107
f 3859/6842/6107 2899/7082/4103 2767/6903/4117
f 349/7077/6341 156/7076/6340 350/7083/6344
f 350/7083/6344 156/7076/6340 155/7084/6345
f 350/7083/6344 155/7084/6345 351/7085/6346
f 351/7085/6346 155/7084/6345 154/7086/6347
f 351/7085/6346 154/7086/6347 352/7087/6348
f 352/7087/6348 154/7086/6347 353/7088/6349
f 353/7088/6349 154/7086/6347 153/7089/6350
f 353/7088/6349 153/7089/6350 354/7090/6351
f 354/7090/6351 153/7089/6350 152/7091/6352
f 354/7090/6351 152/7091/6352 355/7092/6353
f 355/7092/6353 152/7091/6352 151/7093/6354
f 355/7092/6353 151/7093/6354 150/7094/6355
f 355/7092/6353 150/7094/6355 356/7095/6356
f 356/7095/6356 150/7094/6355 149/7096/6357
f 356/7095/6356 149/7096/6357 357/7097/6358
f 357/7097/6358 149/7096/6357 148/7030/6294
f 357/7097/6358 148/7030/6294 358/6857/6122
f 214/6821/6086 213/7098/6359 580/6823/6088
f 580/6823/6088 213/7098/6359 581/7099/6360
f 581/7099/6360 213/7098/6359 212/7100/6361
f 581/7099/6360 212/7100/6361 582/7101/6362
f 582/7101/6362 212/7100/6361 211/7102/6363
f 582/7101/6362 211/7102/6363 583/7103/6364
f 583/7103/6364 211/7102/6363 584/7104/6365
f 584/7104/6365 211/7102/6363 210/7105/6366
f 584/7104/6365 210/7105/6366 585/7106/6367
f 585/7106/6367 210/7105/6366 209/7107/6368
f 585/7106/6367 209/7107/6368 586/7035/6299
f 586/7035/6299 209/7107/6368 208/7033/6297
f 293/6803/6068 292/7108/6369 2744/6801/3934
f 2744/6801/3934 292/7108/6369 291/7109/6370
f 2744/6801/3934 291/7109/6370 290/7110/6371
f 2744/6801/3934 290/7110/6371 2767/6903/4117
f 2767/6903/4117 290/7110/6371 289/6970/6234
f 2592/7078/3842 349/7077/6341 733/7111/6372
f 733/7111/6372 349/7077/6341 348/7112/6373
f 733/7111/6372 348/7112/6373 734/7113/6374
f 734/7113/6374 348/7112/6373 347/7114/6375
f 734/7113/6374 347/7114/6375 735/7115/6376
f 735/7115/6376 347/7114/6375 346/7116/6377
f 735/7115/6376 346/7116/6377 736/7117/6378
f 736/7117/6378 346/7116/6377 737/7118/6379
f 737/7118/6379 346/7116/6377 345/7119/6380
f 737/7118/6379 345/7119/6380 738/7120/6381
f 738/7120/6381 345/7119/6380 344/7121/6382
f 738/7120/6381 344/7121/6382 739/7122/6383
f 739/7122/6383 344/7121/6382 343/7123/6384
f 739/7122/6383 343/7123/6384 342/7124/6385
f 739/7122/6383 342/7124/6385 740/7125/6386
f 740/7125/6386 342/7124/6385 341/7126/6387
f 740/7125/6386 341/7126/6387 741/7127/6388
f 741/7127/6388 341/7126/6387 340/6868/6133
f 741/7127/6388 340/6868/6133 742/6870/6135
f 454/6923/6187 453/7128/6389 628/7005/6269
f 628/7005/6269 453/7128/6389 629/7129/6390
f 629/7129/6390 453/7128/6389 452/7130/6391
f 629/7129/6390 452/7130/6391 630/7131/6392
f 630/7131/6392 452/7130/6391 451/7132/6393
f 630/7131/6392 451/7132/6393 631/7133/6394
f 631/7133/6394 451/7132/6393 632/7134/6395
f 632/7134/6395 451/7132/6393 450/7135/6396
f 632/7134/6395 450/7135/6396 633/7136/6397
f 633/7136/6397 450/7135/6396 449/7137/6398
f 633/7136/6397 449/7137/6398 634/6808/6073
f 634/6808/6073 449/7137/6398 448/6806/6071
f 688/6780/6047 442/6778/6045 689/7138/6399
f 689/7138/6399 442/6778/6045 441/7139/6400
f 689/7138/6399 441/7139/6400 690/7140/6401
f 690/7140/6401 441/7139/6400 440/7141/6402
f 690/7140/6401 440/7141/6402 691/7142/6403
f 691/7142/6403 440/7141/6402 439/7143/6404
f 691/7142/6403 439/7143/6404 438/7144/6405
f 691/7142/6403 438/7144/6405 692/7145/6406
f 692/7145/6406 438/7144/6405 437/7146/6407
f 692/7145/6406 437/7146/6407 693/7147/6408
f 693/7147/6408 437/7146/6407 436/6934/6198
f 693/7147/6408 436/6934/6198 694/6936/6200
f 500/6976/6240 499/6840/6105 3859/6842/6107
f 640/6820/6085 490/6822/6087 641/7148/6409
f 641/7148/6409 490/6822/6087 489/7149/6410
f 641/7148/6409 489/7149/6410 642/7150/6411
f 642/7150/6411 489/7149/6410 488/7151/6412
f 642/7150/6411 488/7151/6412 643/7152/6413
f 643/7152/6413 488/7151/6412 487/7153/6414
f 643/7152/6413 487/7153/6414 486/7154/6415
f 643/7152/6413 486/7154/6415 644/7155/6416
f 644/7155/6416 486/7154/6415 485/7156/6417
f 644/7155/6416 485/7156/6417 645/7157/6418
f 645/7157/6418 485/7156/6417 484/6991/6255
f 645/7157/6418 484/6991/6255 646/6993/6257
f 733/7111/6372 732/7158/6419 2592/7078/3842
f 2592/7078/3842 732/7158/6419 731/7159/6420
f 2592/7078/3842 731/7159/6420 730/7160/6421
f 2592/7078/3842 730/7160/6421 2608/6799/3948
f 2608/6799/3948 730/7160/6421 729/7161/6422
f 2608/6799/3948 729/7161/6422 728/7162/6423
f 728/7162/6423 727/6888/6153 2608/6799/3948
f 2767/6903/4117 2801/7163/3960 2744/6801/3934
f 2744/6801/3934 2801/7163/3960 2800/7164/4082
f 2744/6801/3934 2800/7164/4082 2799/7165/4079
f 2799/7165/4079 2798/7166/4074 2744/6801/3934
f 2744/6801/3934 2798/7166/4074 2797/7167/4072
f 2744/6801/3934 2797/7167/4072 2796/7168/4070
f 2796/7168/4070 2795/7169/4068 2744/6801/3934
f 2744/6801/3934 2795/7169/4068 2794/7170/4064
f 2744/6801/3934 2794/7170/4064 2793/7171/4061
f 2744/6801/3934 2793/7171/4061 2787/7172/4044
f 2787/7172/4044 2793/7171/4061 2792/7173/4058
f 2787/7172/4044 2792/7173/4058 2791/7174/4055
f 2791/7174/4055 2790/7175/4050 2787/7172/4044
f 2787/7172/4044 2790/7175/4050 2789/7176/4048
f 2787/7172/4044 2789/7176/4048 2788/7177/4046
f 2607/7178/3816 2601/7179/3828 2608/6799/3948
f 2608/6799/3948 2601/7179/3828 2600/7180/3830
f 2608/6799/3948 2600/7180/3830 2599/7181/3832
f 2606/7182/3818 2604/7183/3822 2607/7178/3816
f 2607/7178/3816 2604/7183/3822 2603/7184/3824
f 2607/7178/3816 2603/7184/3824 2602/7185/3826
f 2606/7182/3818 2605/7186/3820 2604/7183/3822
f 2602/7185/3826 2601/7179/3828 2607/7178/3816
f 2599/7181/3832 2598/7187/3848 2608/6799/3948
f 2608/6799/3948 2598/7187/3848 2597/7188/3847
f 2608/6799/3948 2597/7188/3847 2596/7189/3846
f 2596/7189/3846 2595/7190/3845 2608/6799/3948
f 2608/6799/3948 2595/7190/3845 2594/7191/3844
f 2608/6799/3948 2594/7191/3844 2593/7192/3843
f 2593/7192/3843 2592/7078/3842 2608/6799/3948
f 3866/7193/5949 3867/7194/5974 1466/7195/5948
f 1466/7195/5948 3867/7194/5974 1467/7196/5973
f 1535/7197/6035 3514/7198/5281 1536/7199/6424
f 1536/7199/6424 3514/7198/5281 3537/7200/5301
f 1536/7199/6424 3537/7200/5301 1537/7201/6425
f 1537/7201/6425 3537/7200/5301 3536/7202/5299
f 1537/7201/6425 3536/7202/5299 1538/7203/6426
f 1538/7203/6426 3536/7202/5299 3535/7204/5297
f 1538/7203/6426 3535/7204/5297 1539/7205/6427
f 1539/7205/6427 3535/7204/5297 3534/7206/5295
f 1539/7205/6427 3534/7206/5295 1540/7207/6428
f 1540/7207/6428 3534/7206/5295 3533/7208/5293
f 1540/7207/6428 3533/7208/5293 1503/7209/5339
f 1503/7209/5339 3533/7208/5293 2932/7210/4135
# 3869 vertices
# 7210 texture params
# 6428 normals
# 7830 facets

# 1 groups
